COD_MUNICIPIO,TRAZADO_PLANTA,ZONA,id
00000,Recta,Carretera,1
00000,Curva señalizada,Carretera,2
00000,Recta,Carretera,3
00000,Recta,Carretera,4
00000,Curva señalizada,Carretera,5
00000,Recta,Carretera,6
00000,No aplica,Calle,7
00000,No aplica,Calle,8
00000,Curva sin señalizar,Carretera,9
00000,Curva sin señalizar,Carretera,10
00000,Recta,Carretera,11
00000,Curva sin señalizar,Carretera,12
00000,Recta,Carretera,13
00000,Recta,Carretera,14
00000,Curva sin señalizar,Carretera,15
00000,Curva señalizada,Carretera,16
00000,Curva señalizada,Carretera,17
03005,Recta,Carretera,18
03005,Recta,Carretera,19
03005,Recta,Carretera,20
03005,Recta,Carretera,21
03005,Curva señalizada,Carretera,22
03005,Recta,Carretera,23
03005,Curva señalizada,Carretera,24
03005,Recta,Carretera,25
03005,Curva sin señalizar,Carretera,26
03005,Recta,Carretera,27
03005,Recta,Carretera,28
03005,Recta,Carretera,29
03005,Recta,Carretera,30
03005,No aplica,Calle,31
03005,Curva señalizada,Carretera,32
03005,Recta,Carretera,33
00000,Curva señalizada,Carretera,34
00000,Curva señalizada,Carretera,35
00000,Curva señalizada,Carretera,36
00000,Curva señalizada,Carretera,37
00000,Curva señalizada,Carretera,38
00000,Curva señalizada,Carretera,39
00000,Curva sin señalizar,Carretera,40
00000,Curva señalizada,Carretera,41
03009,No aplica,Calle,42
03009,No aplica,Calle,43
03009,No aplica,Calle,44
03009,Curva señalizada,Carretera,45
03009,No aplica,Calle,46
03009,No aplica,Calle,47
03009,No aplica,Calle,48
03009,No aplica,Calle,49
03009,No aplica,Calle,50
03009,No aplica,Calle,51
03009,No aplica,Calle,52
03009,No aplica,Calle,53
03009,No aplica,Calle,54
03009,No aplica,Calle,55
03009,No aplica,Calle,56
03009,No aplica,Calle,57
03009,No aplica,Calle,58
03009,No aplica,Calle,59
03009,No aplica,Calle,60
03009,No aplica,Calle,61
03009,No aplica,Calle,62
03009,No aplica,Calle,63
03009,No aplica,Calle,64
03009,No aplica,Calle,65
03009,No aplica,Calle,66
03009,No aplica,Calle,67
03009,No aplica,Calle,68
03009,No aplica,Calle,69
03009,No aplica,Calle,70
03009,No aplica,Calle,71
03009,No aplica,Calle,72
03009,Curva señalizada,Carretera,73
03009,No aplica,Calle,74
03009,No aplica,Calle,75
03009,No aplica,Calle,76
03009,No aplica,Calle,77
03009,No aplica,Calle,78
03009,No aplica,Calle,79
03009,No aplica,Calle,80
03009,No aplica,Calle,81
03009,No aplica,Calle,82
03009,No aplica,Calle,83
03009,Recta,Carretera,84
03009,No aplica,Calle,85
03009,No aplica,Calle,86
03009,No aplica,Calle,87
03009,No aplica,Calle,88
03009,No aplica,Calle,89
03009,No aplica,Calle,90
03009,No aplica,Calle,91
03009,No aplica,Calle,92
03009,Recta,Carretera,93
03009,Curva sin señalizar,Carretera,94
03009,No aplica,Calle,95
03009,No aplica,Calle,96
03009,No aplica,Calle,97
03009,No aplica,Calle,98
03009,No aplica,Calle,99
03009,No aplica,Calle,100
03009,Recta,Carretera,101
03009,No aplica,Calle,102
03009,No aplica,Calle,103
03009,No aplica,Calle,104
03009,No aplica,Calle,105
03009,No aplica,Calle,106
03009,Curva señalizada,Carretera,107
03009,Curva señalizada,Carretera,108
03009,No aplica,Calle,109
03009,No aplica,Calle,110
03009,No aplica,Calle,111
03009,No aplica,Calle,112
03009,No aplica,Calle,113
03009,No aplica,Calle,114
03009,No aplica,Calle,115
03009,No aplica,Calle,116
03009,No aplica,Calle,117
03009,No aplica,Calle,118
03009,No aplica,Calle,119
03009,No aplica,Calle,120
03009,No aplica,Calle,121
03009,No aplica,Calle,122
03009,No aplica,Calle,123
03009,No aplica,Calle,124
03009,No aplica,Calle,125
03009,No aplica,Calle,126
03009,No aplica,Calle,127
03009,No aplica,Calle,128
03009,No aplica,Calle,129
03009,No aplica,Calle,130
03009,No aplica,Calle,131
03009,No aplica,Calle,132
03009,No aplica,Calle,133
03009,No aplica,Calle,134
03009,No aplica,Calle,135
03009,No aplica,Calle,136
03009,Curva señalizada,Carretera,137
03009,No aplica,Calle,138
03009,Curva sin señalizar,Carretera,139
03009,No aplica,Calle,140
03009,No aplica,Calle,141
03009,No aplica,Calle,142
03009,No aplica,Calle,143
03009,No aplica,Calle,144
03009,No aplica,Calle,145
03009,No aplica,Calle,146
03009,No aplica,Calle,147
03009,No aplica,Calle,148
03009,No aplica,Calle,149
03009,No aplica,Calle,150
03009,No aplica,Calle,151
03009,No aplica,Calle,152
03011,Recta,Carretera,153
03011,Recta,Carretera,154
03011,Curva señalizada,Carretera,155
03011,No aplica,Calle,156
03011,No aplica,Calle,157
03011,No aplica,Calle,158
03011,No aplica,Calle,159
03011,Recta,Carretera,160
03011,Recta,Carretera,161
03011,Recta,Carretera,162
03011,No aplica,Calle,163
03011,Recta,Carretera,164
03011,Recta,Carretera,165
03011,Recta,Carretera,166
03011,No aplica,Calle,167
03011,No aplica,Calle,168
03011,No aplica,Calle,169
03011,Recta,Carretera,170
03011,No aplica,Calle,171
03011,No aplica,Calle,172
03011,No aplica,Calle,173
03011,Recta,Carretera,174
03011,No aplica,Calle,175
03011,No aplica,Calle,176
03011,No aplica,Calle,177
03011,No aplica,Calle,178
03011,No aplica,Calle,179
03011,No aplica,Calle,180
03011,Recta,Carretera,181
03011,Recta,Carretera,182
03011,No aplica,Calle,183
03011,No aplica,Calle,184
03011,No aplica,Calle,185
03011,No aplica,Calle,186
03011,No aplica,Calle,187
03011,Recta,Carretera,188
03011,Recta,Carretera,189
03011,Recta,Carretera,190
03011,No aplica,Calle,191
03011,Curva señalizada,Carretera,192
03011,Recta,Carretera,193
03011,Curva señalizada,Carretera,194
03011,No aplica,Calle,195
03011,Recta,Carretera,196
03011,No aplica,Calle,197
03011,No aplica,Calle,198
03011,No aplica,Calle,199
03011,Recta,Carretera,200
03011,No aplica,Calle,201
00000,Curva señalizada,Carretera,202
00000,Recta,Carretera,203
00000,Recta,Carretera,204
00000,Recta,Carretera,205
00000,Curva señalizada,Carretera,206
00000,Recta,Carretera,207
00000,Curva sin señalizar,Carretera,208
03014,Curva señalizada,Carretera,209
03014,Recta,Carretera,210
03014,Recta,Carretera,211
03014,Recta,Carretera,212
03014,Curva señalizada,Carretera,213
03014,Recta,Carretera,214
03014,Recta,Carretera,215
03014,Recta,Carretera,216
03014,Curva sin señalizar,Carretera,217
03014,Curva sin señalizar,Carretera,218
03014,Recta,Carretera,219
03014,Recta,Carretera,220
03014,Recta,Carretera,221
03014,Recta,Carretera,222
03014,No aplica,Calle,223
03014,No aplica,Calle,224
03014,Recta,Carretera,225
03014,No aplica,Calle,226
03014,No aplica,Calle,227
03014,Curva señalizada,Carretera,228
03014,Curva señalizada,Carretera,229
03014,Recta,Carretera,230
03014,Curva sin señalizar,Carretera,231
03014,Recta,Carretera,232
03014,Recta,Carretera,233
03014,Curva señalizada,Carretera,234
03014,Curva sin señalizar,Carretera,235
03014,Recta,Carretera,236
03014,Curva señalizada,Carretera,237
03014,Curva señalizada,Carretera,238
03014,Curva sin señalizar,Carretera,239
03014,Recta,Carretera,240
03014,Recta,Carretera,241
03014,Curva sin señalizar,Carretera,242
03014,Recta,Carretera,243
03014,Recta,Carretera,244
03014,No aplica,Calle,245
03014,Recta,Carretera,246
03014,Recta,Carretera,247
03014,Recta,Carretera,248
03014,Recta,Carretera,249
03014,No aplica,Calle,250
03014,Recta,Carretera,251
03014,No aplica,Calle,252
03014,Recta,Carretera,253
03014,No aplica,Calle,254
03014,No aplica,Calle,255
03014,No aplica,Calle,256
03014,No aplica,Calle,257
03014,Curva sin señalizar,Carretera,258
03014,No aplica,Calle,259
03014,No aplica,Calle,260
03014,No aplica,Calle,261
03014,No aplica,Calle,262
03014,Recta,Carretera,263
03014,Curva sin señalizar,Carretera,264
03014,Recta,Carretera,265
03014,Recta,Carretera,266
03014,No aplica,Calle,267
03014,No aplica,Calle,268
03014,No aplica,Calle,269
03014,No aplica,Calle,270
03014,No aplica,Calle,271
03014,Recta,Carretera,272
03014,Curva sin señalizar,Carretera,273
03014,Recta,Carretera,274
03014,No aplica,Calle,275
03014,Recta,Carretera,276
03014,No aplica,Calle,277
03014,No aplica,Calle,278
03014,No aplica,Calle,279
03014,Curva señalizada,Carretera,280
03014,Recta,Carretera,281
03014,Curva sin señalizar,Carretera,282
03014,No aplica,Calle,283
03014,No aplica,Calle,284
03014,Recta,Carretera,285
03014,No aplica,Calle,286
03014,No aplica,Calle,287
03014,Recta,Carretera,288
03014,Recta,Carretera,289
03014,No aplica,Calle,290
03014,No aplica,Calle,291
03014,No aplica,Calle,292
03014,No aplica,Calle,293
03014,No aplica,Calle,294
03014,No aplica,Calle,295
03014,Recta,Carretera,296
03014,Curva señalizada,Carretera,297
03014,Curva señalizada,Carretera,298
03014,No aplica,Calle,299
03014,Recta,Carretera,300
03014,Recta,Carretera,301
03014,Recta,Carretera,302
03014,Recta,Carretera,303
03014,Recta,Carretera,304
03014,No aplica,Calle,305
03014,No aplica,Calle,306
03014,No aplica,Calle,307
03014,No aplica,Calle,308
03014,Recta,Carretera,309
03014,Recta,Carretera,310
03014,No aplica,Calle,311
03014,No aplica,Calle,312
03014,Recta,Carretera,313
03014,Recta,Carretera,314
03014,No aplica,Calle,315
03014,Recta,Carretera,316
03014,Curva señalizada,Carretera,317
03014,No aplica,Calle,318
03014,No aplica,Calle,319
03014,Recta,Carretera,320
03014,Recta,Carretera,321
03014,Recta,Carretera,322
03014,Curva señalizada,Carretera,323
03014,Recta,Carretera,324
03014,Recta,Carretera,325
03014,Recta,Autopista o autovía urbana,326
03014,Curva sin señalizar,Carretera,327
03014,Curva sin señalizar,Carretera,328
03014,Recta,Carretera,329
03014,Recta,Carretera,330
03014,Curva señalizada,Carretera,331
03014,Recta,Carretera,332
03014,Recta,Carretera,333
03014,No aplica,Calle,334
03014,Curva señalizada,Carretera,335
03014,Recta,Carretera,336
03014,Recta,Carretera,337
03015,Recta,Carretera,338
03015,Recta,Carretera,339
03015,Recta,Carretera,340
03015,Recta,Carretera,341
03015,Recta,Carretera,342
03015,Recta,Carretera,343
03015,Recta,Carretera,344
03015,Recta,Carretera,345
03015,No aplica,Calle,346
03015,Curva señalizada,Carretera,347
03015,Recta,Carretera,348
03015,Recta,Carretera,349
03015,Curva señalizada,Carretera,350
03015,Curva señalizada,Carretera,351
03015,Recta,Carretera,352
03015,No aplica,Calle,353
03015,Recta,Carretera,354
03015,Recta,Carretera,355
03015,Recta,Carretera,356
03015,Recta,Carretera,357
03015,Curva sin señalizar,Travesía,358
03018,Curva señalizada,Carretera,359
03018,Curva sin señalizar,Carretera,360
03018,No aplica,Calle,361
03018,No aplica,Calle,362
03018,No aplica,Calle,363
03018,No aplica,Calle,364
03018,Curva señalizada,Carretera,365
03018,Recta,Carretera,366
03018,Recta,Carretera,367
03018,Curva señalizada,Carretera,368
03018,No aplica,Calle,369
03018,No aplica,Calle,370
03018,Recta,Carretera,371
03018,Curva señalizada,Carretera,372
03018,Recta,Carretera,373
03018,No aplica,Calle,374
03018,Curva sin señalizar,Travesía,375
03018,No aplica,Calle,376
03018,No aplica,Calle,377
03018,Curva señalizada,Carretera,378
03018,Recta,Carretera,379
03018,No aplica,Calle,380
03018,Recta,Carretera,381
03018,Recta,Carretera,382
03018,Recta,Carretera,383
03019,Curva señalizada,Carretera,384
03019,Recta,Carretera,385
03019,Curva señalizada,Carretera,386
03019,Curva sin señalizar,Carretera,387
03019,Recta,Carretera,388
03019,Recta,Carretera,389
03019,Curva señalizada,Carretera,390
03019,Curva señalizada,Carretera,391
03019,Recta,Carretera,392
03019,Recta,Carretera,393
03019,Curva señalizada,Carretera,394
00000,Curva señalizada,Carretera,395
03021,Curva señalizada,Carretera,396
03021,Curva señalizada,Carretera,397
03021,Curva señalizada,Carretera,398
03021,Curva señalizada,Carretera,399
00000,Curva señalizada,Carretera,400
00000,Recta,Carretera,401
00000,No aplica,Calle,402
03024,Recta,Carretera,403
03024,Curva señalizada,Carretera,404
03024,Curva señalizada,Carretera,405
03024,Curva sin señalizar,Carretera,406
03024,Curva señalizada,Carretera,407
00000,No aplica,Calle,408
00000,Recta,Carretera,409
00000,No aplica,Calle,410
00000,Curva señalizada,Carretera,411
00000,Curva señalizada,Carretera,412
00000,Recta,Carretera,413
00000,No aplica,Calle,414
00000,Curva sin señalizar,Carretera,415
00000,Curva sin señalizar,Carretera,416
00000,Recta,Travesía,417
03031,No aplica,Calle,418
03031,No aplica,Calle,419
03031,No aplica,Calle,420
03031,No aplica,Calle,421
03031,No aplica,Calle,422
03031,No aplica,Calle,423
03031,No aplica,Calle,424
03031,No aplica,Calle,425
03031,No aplica,Calle,426
03031,No aplica,Calle,427
03031,No aplica,Calle,428
03031,No aplica,Calle,429
03031,No aplica,Calle,430
03031,No aplica,Calle,431
03031,No aplica,Calle,432
03031,No aplica,Calle,433
03031,No aplica,Calle,434
03031,No aplica,Calle,435
03031,No aplica,Calle,436
03031,No aplica,Calle,437
03031,No aplica,Calle,438
03031,No aplica,Calle,439
03031,No aplica,Calle,440
03031,No aplica,Calle,441
03031,No aplica,Calle,442
03031,No aplica,Calle,443
03031,No aplica,Calle,444
03031,No aplica,Calle,445
03031,No aplica,Calle,446
03031,No aplica,Calle,447
03031,No aplica,Calle,448
03031,No aplica,Calle,449
03031,No aplica,Calle,450
03031,No aplica,Calle,451
03031,Recta,Carretera,452
03031,No aplica,Calle,453
03031,Recta,Carretera,454
03031,No aplica,Calle,455
03031,No aplica,Calle,456
03031,No aplica,Calle,457
03031,No aplica,Calle,458
03031,No aplica,Calle,459
03031,No aplica,Calle,460
03031,Curva señalizada,Carretera,461
03031,No aplica,Calle,462
03031,No aplica,Calle,463
03031,No aplica,Calle,464
03031,No aplica,Calle,465
03031,No aplica,Calle,466
03031,No aplica,Calle,467
03031,No aplica,Calle,468
03031,No aplica,Calle,469
03031,Curva señalizada,Carretera,470
03031,No aplica,Calle,471
03031,No aplica,Calle,472
03031,No aplica,Calle,473
03031,No aplica,Calle,474
03031,No aplica,Calle,475
03031,No aplica,Calle,476
03031,No aplica,Calle,477
03031,No aplica,Calle,478
03031,No aplica,Calle,479
03031,Recta,Carretera,480
03031,No aplica,Calle,481
03031,No aplica,Calle,482
03031,No aplica,Calle,483
03031,No aplica,Calle,484
03031,No aplica,Calle,485
03031,No aplica,Calle,486
03031,No aplica,Calle,487
03031,No aplica,Calle,488
03031,No aplica,Calle,489
03031,No aplica,Calle,490
03031,No aplica,Calle,491
03031,No aplica,Calle,492
03031,No aplica,Calle,493
03031,No aplica,Calle,494
03031,No aplica,Calle,495
03031,No aplica,Calle,496
03031,No aplica,Calle,497
03031,No aplica,Calle,498
03031,No aplica,Calle,499
03031,No aplica,Calle,500
03031,No aplica,Calle,501
03031,No aplica,Calle,502
03031,No aplica,Calle,503
03031,No aplica,Calle,504
03031,No aplica,Calle,505
03031,No aplica,Calle,506
03031,No aplica,Calle,507
03031,No aplica,Calle,508
03031,No aplica,Calle,509
03031,No aplica,Calle,510
03031,No aplica,Calle,511
03031,No aplica,Calle,512
03031,No aplica,Calle,513
03031,No aplica,Calle,514
03031,No aplica,Calle,515
03031,No aplica,Calle,516
03031,No aplica,Calle,517
03031,No aplica,Calle,518
03031,No aplica,Calle,519
03031,No aplica,Calle,520
03031,No aplica,Calle,521
03031,No aplica,Calle,522
03031,No aplica,Calle,523
03031,No aplica,Calle,524
03031,No aplica,Calle,525
03031,No aplica,Calle,526
03031,No aplica,Calle,527
03031,No aplica,Calle,528
03031,No aplica,Calle,529
03031,No aplica,Calle,530
03031,No aplica,Calle,531
03031,No aplica,Calle,532
03031,No aplica,Calle,533
03031,No aplica,Calle,534
03031,No aplica,Calle,535
03031,No aplica,Calle,536
03031,Recta,Carretera,537
03031,No aplica,Calle,538
03031,No aplica,Calle,539
03031,No aplica,Calle,540
03031,No aplica,Calle,541
03031,No aplica,Calle,542
03031,No aplica,Calle,543
03031,No aplica,Calle,544
03031,No aplica,Calle,545
03031,No aplica,Calle,546
03031,No aplica,Calle,547
03031,No aplica,Calle,548
03031,No aplica,Calle,549
03031,No aplica,Calle,550
03031,No aplica,Calle,551
03031,No aplica,Calle,552
03031,No aplica,Calle,553
03031,No aplica,Calle,554
03031,No aplica,Calle,555
03031,No aplica,Calle,556
03031,No aplica,Calle,557
03031,No aplica,Calle,558
03031,No aplica,Calle,559
03031,No aplica,Calle,560
03031,No aplica,Calle,561
03031,No aplica,Calle,562
03031,No aplica,Calle,563
03031,No aplica,Calle,564
03031,No aplica,Calle,565
03031,No aplica,Calle,566
03031,No aplica,Calle,567
03031,No aplica,Calle,568
03031,No aplica,Calle,569
03031,No aplica,Calle,570
03031,No aplica,Calle,571
03031,No aplica,Calle,572
03031,No aplica,Calle,573
03031,No aplica,Calle,574
03031,No aplica,Calle,575
03031,No aplica,Calle,576
03031,No aplica,Calle,577
03031,No aplica,Calle,578
03031,No aplica,Calle,579
03031,No aplica,Calle,580
03031,No aplica,Calle,581
03031,No aplica,Calle,582
03031,No aplica,Calle,583
03031,No aplica,Calle,584
03031,No aplica,Calle,585
03031,No aplica,Calle,586
03031,No aplica,Calle,587
03031,No aplica,Calle,588
03031,No aplica,Calle,589
03031,No aplica,Calle,590
03031,No aplica,Calle,591
03031,No aplica,Calle,592
03031,No aplica,Calle,593
03031,No aplica,Calle,594
03031,No aplica,Calle,595
03031,No aplica,Calle,596
03031,No aplica,Calle,597
03031,No aplica,Calle,598
03031,No aplica,Calle,599
03031,Curva señalizada,Carretera,600
03031,No aplica,Calle,601
03031,No aplica,Calle,602
03031,No aplica,Calle,603
03031,No aplica,Calle,604
03031,No aplica,Calle,605
03031,No aplica,Calle,606
03031,No aplica,Calle,607
03031,No aplica,Calle,608
03031,No aplica,Calle,609
03031,No aplica,Calle,610
03031,No aplica,Calle,611
03031,No aplica,Calle,612
03031,No aplica,Calle,613
03031,No aplica,Calle,614
03031,No aplica,Calle,615
03031,Curva señalizada,Carretera,616
03031,No aplica,Calle,617
03031,No aplica,Calle,618
03031,No aplica,Calle,619
03031,No aplica,Calle,620
03031,No aplica,Calle,621
03031,No aplica,Calle,622
03031,No aplica,Calle,623
03031,No aplica,Calle,624
03031,No aplica,Calle,625
03031,No aplica,Calle,626
03031,No aplica,Calle,627
03031,No aplica,Calle,628
03031,No aplica,Calle,629
03031,No aplica,Calle,630
03031,Recta,Carretera,631
03031,No aplica,Calle,632
03031,No aplica,Calle,633
03031,No aplica,Calle,634
03031,No aplica,Calle,635
03031,No aplica,Calle,636
03031,No aplica,Calle,637
03031,No aplica,Calle,638
03031,No aplica,Calle,639
03031,No aplica,Calle,640
03031,No aplica,Calle,641
03031,No aplica,Calle,642
03031,No aplica,Calle,643
03031,No aplica,Calle,644
03031,No aplica,Calle,645
03031,No aplica,Calle,646
03031,No aplica,Calle,647
03031,No aplica,Calle,648
03031,No aplica,Calle,649
03031,No aplica,Calle,650
03031,No aplica,Calle,651
03031,No aplica,Calle,652
03031,No aplica,Calle,653
03031,No aplica,Calle,654
03031,No aplica,Calle,655
03031,No aplica,Calle,656
03031,No aplica,Calle,657
03031,No aplica,Calle,658
03031,No aplica,Calle,659
03031,No aplica,Calle,660
03031,No aplica,Calle,661
03031,No aplica,Calle,662
03031,No aplica,Calle,663
03031,No aplica,Calle,664
03031,No aplica,Calle,665
03031,No aplica,Calle,666
03031,No aplica,Calle,667
03031,No aplica,Calle,668
03031,No aplica,Calle,669
03031,No aplica,Calle,670
03031,Recta,Carretera,671
03031,No aplica,Calle,672
03031,No aplica,Calle,673
03031,No aplica,Calle,674
03031,No aplica,Calle,675
03031,No aplica,Calle,676
03031,No aplica,Calle,677
03031,No aplica,Calle,678
03031,No aplica,Calle,679
03031,No aplica,Calle,680
03031,No aplica,Calle,681
03031,No aplica,Calle,682
03031,No aplica,Calle,683
03031,No aplica,Calle,684
03031,Recta,Carretera,685
03031,Recta,Carretera,686
03031,No aplica,Calle,687
03031,No aplica,Calle,688
03031,No aplica,Calle,689
03031,No aplica,Calle,690
03031,No aplica,Calle,691
03031,No aplica,Calle,692
03031,No aplica,Calle,693
03031,No aplica,Calle,694
03031,No aplica,Calle,695
03031,No aplica,Calle,696
03031,No aplica,Calle,697
03031,No aplica,Calle,698
03031,No aplica,Calle,699
03031,No aplica,Calle,700
03031,No aplica,Calle,701
03031,No aplica,Calle,702
03031,No aplica,Calle,703
03031,No aplica,Calle,704
03031,No aplica,Calle,705
03031,No aplica,Calle,706
03031,No aplica,Calle,707
03031,No aplica,Calle,708
03031,No aplica,Calle,709
03031,No aplica,Calle,710
03031,No aplica,Calle,711
03031,No aplica,Calle,712
03031,No aplica,Calle,713
03031,No aplica,Calle,714
03031,No aplica,Calle,715
03031,No aplica,Calle,716
03031,No aplica,Calle,717
03031,No aplica,Calle,718
03031,No aplica,Calle,719
03031,No aplica,Calle,720
03031,No aplica,Calle,721
00000,Curva señalizada,Carretera,722
00000,Recta,Carretera,723
00000,Curva señalizada,Carretera,724
00000,Recta,Carretera,725
00000,Recta,Travesía,726
00000,No aplica,Calle,727
00000,No aplica,Calle,728
00000,No aplica,Calle,729
00000,No aplica,Calle,730
00000,Recta,Carretera,731
00000,Curva sin señalizar,Carretera,732
00000,Recta,Carretera,733
00000,Curva señalizada,Carretera,734
00000,Curva señalizada,Carretera,735
00000,Curva señalizada,Carretera,736
03041,No aplica,Calle,737
03041,No aplica,Calle,738
03041,Recta,Carretera,739
03041,Curva señalizada,Carretera,740
03128,Recta,Carretera,741
03041,No aplica,Calle,742
03041,No aplica,Calle,743
03041,No aplica,Calle,744
03041,Recta,Carretera,745
03041,No aplica,Calle,746
03041,Curva señalizada,Carretera,747
03041,Recta,Carretera,748
03041,Curva señalizada,Carretera,749
03041,Curva señalizada,Carretera,750
00000,No aplica,Calle,751
00000,No aplica,Calle,752
00000,No aplica,Calle,753
00000,Curva señalizada,Carretera,754
00000,Recta,Carretera,755
00000,Recta,Carretera,756
00000,Curva señalizada,Carretera,757
00000,Recta,Carretera,758
03044,Curva señalizada,Carretera,759
03044,Recta,Carretera,760
03044,Curva señalizada,Carretera,761
03044,Recta,Carretera,762
00000,Curva señalizada,Carretera,763
00000,Curva señalizada,Carretera,764
00000,Curva señalizada,Carretera,765
00000,Curva sin señalizar,Carretera,766
00000,No aplica,Calle,767
03047,Recta,Carretera,768
03047,Recta,Carretera,769
03047,Recta,Carretera,770
03047,Recta,Carretera,771
03047,Curva señalizada,Carretera,772
03047,Recta,Carretera,773
03047,Recta,Carretera,774
03047,Recta,Carretera,775
03047,No aplica,Calle,776
03047,Recta,Carretera,777
03047,Recta,Carretera,778
03047,Curva señalizada,Carretera,779
03047,No aplica,Calle,780
03048,Recta,Carretera,781
03048,Recta,Carretera,782
03048,Se desconoce,Carretera,783
03048,Curva sin señalizar,Carretera,784
03049,Recta,Carretera,785
03049,Curva sin señalizar,Carretera,786
03049,Recta,Carretera,787
03049,Recta,Carretera,788
03049,Recta,Carretera,789
03049,Se desconoce,Carretera,790
03049,Recta,Carretera,791
03049,Recta,Carretera,792
03049,Recta,Carretera,793
03049,Recta,Carretera,794
03049,Recta,Carretera,795
03049,Recta,Carretera,796
03049,Recta,Carretera,797
03049,Curva sin señalizar,Carretera,798
03049,Recta,Carretera,799
03049,Recta,Carretera,800
03049,Recta,Carretera,801
03049,Recta,Carretera,802
03049,Recta,Carretera,803
03050,No aplica,Calle,804
03050,No aplica,Calle,805
03050,No aplica,Calle,806
03050,Curva sin señalizar,Carretera,807
03050,No aplica,Calle,808
03050,Curva señalizada,Carretera,809
03050,No aplica,Calle,810
03050,Curva señalizada,Carretera,811
03050,No aplica,Calle,812
03050,No aplica,Calle,813
03050,No aplica,Calle,814
03050,Curva señalizada,Carretera,815
03050,No aplica,Calle,816
03050,No aplica,Calle,817
03050,Curva sin señalizar,Carretera,818
03050,Recta,Carretera,819
03050,Recta,Carretera,820
03050,No aplica,Calle,821
03050,Curva señalizada,Carretera,822
03050,Recta,Carretera,823
03050,Curva sin señalizar,Carretera,824
03050,Recta,Carretera,825
03050,Curva sin señalizar,Carretera,826
03050,No aplica,Calle,827
03050,Recta,Carretera,828
03050,No aplica,Calle,829
03050,Recta,Carretera,830
03050,Recta,Carretera,831
03050,Curva señalizada,Carretera,832
03050,No aplica,Calle,833
03050,Curva sin señalizar,Carretera,834
03050,Recta,Carretera,835
03050,No aplica,Calle,836
03050,No aplica,Calle,837
03050,No aplica,Calle,838
03050,No aplica,Calle,839
03050,No aplica,Calle,840
03050,No aplica,Calle,841
03050,No aplica,Calle,842
03050,Curva señalizada,Carretera,843
03050,Curva señalizada,Carretera,844
03050,No aplica,Calle,845
03050,Recta,Carretera,846
03053,No aplica,Calle,847
03053,Curva señalizada,Carretera,848
03053,No aplica,Calle,849
03053,No aplica,Calle,850
03053,No aplica,Calle,851
03053,No aplica,Calle,852
03053,No aplica,Calle,853
03053,No aplica,Calle,854
03053,No aplica,Calle,855
03053,No aplica,Calle,856
03053,No aplica,Calle,857
03053,No aplica,Calle,858
03053,No aplica,Calle,859
03053,Recta,Carretera,860
03053,Recta,Carretera,861
03053,No aplica,Calle,862
03053,Curva señalizada,Carretera,863
03053,No aplica,Calle,864
00000,Curva sin señalizar,Carretera,865
00000,Curva señalizada,Carretera,866
00000,Curva señalizada,Carretera,867
00000,Curva señalizada,Carretera,868
03055,Recta,Carretera,869
03055,No aplica,Calle,870
03055,No aplica,Calle,871
03055,No aplica,Calle,872
03055,Recta,Carretera,873
03055,Recta,Carretera,874
03055,Recta,Carretera,875
03055,No aplica,Calle,876
03055,No aplica,Calle,877
03055,No aplica,Calle,878
03055,Recta,Carretera,879
03055,No aplica,Calle,880
03055,Curva sin señalizar,Carretera,881
03055,Recta,Carretera,882
03056,Curva señalizada,Carretera,883
03056,Curva señalizada,Carretera,884
03056,No aplica,Calle,885
03056,No aplica,Calle,886
03056,No aplica,Calle,887
03056,Recta,Carretera,888
03056,Curva señalizada,Carretera,889
03056,No aplica,Calle,890
03056,Curva señalizada,Carretera,891
03056,No aplica,Calle,892
03056,No aplica,Calle,893
03056,Curva sin señalizar,Carretera,894
03056,No aplica,Calle,895
03056,No aplica,Calle,896
03056,No aplica,Calle,897
03056,Recta,Carretera,898
03056,Recta,Carretera,899
03056,Recta,Carretera,900
03056,No aplica,Calle,901
03056,No aplica,Calle,902
03056,Curva señalizada,Carretera,903
03056,Curva señalizada,Carretera,904
03056,No aplica,Calle,905
03056,Curva señalizada,Carretera,906
03056,Recta,Carretera,907
03056,No aplica,Calle,908
03056,Recta,Carretera,909
03056,Recta,Carretera,910
00000,Curva sin señalizar,Carretera,911
03058,Recta,Carretera,912
03058,Curva señalizada,Carretera,913
03058,Recta,Carretera,914
03058,Recta,Carretera,915
03058,No aplica,Calle,916
03058,Recta,Carretera,917
03058,No aplica,Calle,918
03058,No aplica,Calle,919
03058,No aplica,Calle,920
03058,No aplica,Calle,921
03058,No aplica,Calle,922
03058,No aplica,Calle,923
03058,No aplica,Calle,924
03058,No aplica,Calle,925
03058,No aplica,Calle,926
03058,No aplica,Calle,927
03058,Curva señalizada,Carretera,928
03058,No aplica,Calle,929
03058,No aplica,Calle,930
03058,Recta,Carretera,931
03058,No aplica,Calle,932
03058,No aplica,Calle,933
03058,No aplica,Calle,934
03058,No aplica,Calle,935
03058,Recta,Carretera,936
03058,Recta,Carretera,937
03058,No aplica,Calle,938
03058,Recta,Carretera,939
03058,No aplica,Calle,940
03058,No aplica,Calle,941
03058,No aplica,Calle,942
03059,Recta,Carretera,943
03059,Recta,Carretera,944
03059,Curva señalizada,Carretera,945
03059,Recta,Carretera,946
03059,Recta,Carretera,947
03059,Recta,Carretera,948
03059,Curva señalizada,Carretera,949
03059,Recta,Carretera,950
03059,Recta,Carretera,951
03059,Curva sin señalizar,Carretera,952
03059,Recta,Carretera,953
03059,Recta,Carretera,954
03059,Curva señalizada,Carretera,955
03059,Recta,Carretera,956
03059,Curva señalizada,Carretera,957
03059,Recta,Carretera,958
03059,Curva señalizada,Carretera,959
03059,Recta,Carretera,960
03059,Recta,Carretera,961
03059,Recta,Carretera,962
03059,Recta,Carretera,963
03059,Curva señalizada,Carretera,964
03059,Recta,Carretera,965
03059,Recta,Carretera,966
03059,Recta,Carretera,967
03059,Recta,Carretera,968
03059,Recta,Carretera,969
03059,Curva señalizada,Carretera,970
03059,Recta,Carretera,971
03059,Recta,Carretera,972
03059,No aplica,Calle,973
03059,No aplica,Calle,974
03059,No aplica,Calle,975
03059,No aplica,Calle,976
03059,No aplica,Calle,977
03059,No aplica,Calle,978
03059,No aplica,Calle,979
03059,No aplica,Calle,980
03059,No aplica,Calle,981
03059,No aplica,Calle,982
03059,No aplica,Calle,983
03059,No aplica,Calle,984
03059,No aplica,Calle,985
03059,Curva señalizada,Carretera,986
03059,No aplica,Calle,987
03059,No aplica,Calle,988
03059,No aplica,Calle,989
03059,No aplica,Calle,990
03059,No aplica,Calle,991
03059,No aplica,Calle,992
03059,No aplica,Calle,993
03059,Recta,Carretera,994
03059,Curva señalizada,Carretera,995
03059,Recta,Carretera,996
00000,No aplica,Calle,997
00000,Curva sin señalizar,Carretera,998
00000,Recta,Carretera,999
00000,Recta,Carretera,1000
00000,Recta,Carretera,1001
00000,Recta,Carretera,1002
03063,No aplica,Calle,1003
03063,Curva señalizada,Carretera,1004
03063,Curva señalizada,Carretera,1005
03063,Se desconoce,Carretera,1006
03063,No aplica,Calle,1007
03063,No aplica,Calle,1008
03063,No aplica,Calle,1009
03063,No aplica,Calle,1010
03063,Curva sin señalizar,Carretera,1011
03063,No aplica,Calle,1012
03063,No aplica,Calle,1013
03063,No aplica,Calle,1014
03063,Recta,Carretera,1015
03063,Recta,Carretera,1016
03063,No aplica,Calle,1017
03063,No aplica,Calle,1018
03063,No aplica,Calle,1019
03063,Curva señalizada,Carretera,1020
03063,Curva señalizada,Carretera,1021
03063,Curva señalizada,Carretera,1022
03063,Recta,Carretera,1023
03063,No aplica,Calle,1024
03063,Recta,Carretera,1025
03063,No aplica,Calle,1026
03063,No aplica,Calle,1027
03063,Curva señalizada,Carretera,1028
03063,No aplica,Calle,1029
03063,No aplica,Calle,1030
03063,No aplica,Calle,1031
03063,Curva señalizada,Carretera,1032
03063,No aplica,Calle,1033
03063,Curva señalizada,Carretera,1034
03063,Curva sin señalizar,Carretera,1035
03063,Recta,Carretera,1036
03063,Recta,Carretera,1037
03063,No aplica,Calle,1038
03063,No aplica,Calle,1039
03063,No aplica,Calle,1040
03063,No aplica,Calle,1041
03063,No aplica,Calle,1042
03063,No aplica,Calle,1043
03063,Curva señalizada,Carretera,1044
03063,No aplica,Calle,1045
03063,Recta,Carretera,1046
03063,Recta,Carretera,1047
03063,No aplica,Calle,1048
03063,No aplica,Calle,1049
03063,Recta,Carretera,1050
03063,No aplica,Calle,1051
03063,No aplica,Calle,1052
03063,No aplica,Calle,1053
03063,Recta,Carretera,1054
03063,No aplica,Calle,1055
03063,Recta,Carretera,1056
03063,Recta,Carretera,1057
03063,Recta,Carretera,1058
03063,No aplica,Calle,1059
03063,Curva señalizada,Carretera,1060
03063,No aplica,Calle,1061
03063,No aplica,Calle,1062
03063,No aplica,Calle,1063
03063,Curva señalizada,Carretera,1064
03063,Recta,Carretera,1065
03063,No aplica,Calle,1066
03063,Curva señalizada,Carretera,1067
03063,Curva sin señalizar,Carretera,1068
03063,No aplica,Calle,1069
03063,No aplica,Calle,1070
03063,No aplica,Calle,1071
03063,No aplica,Calle,1072
03063,Curva señalizada,Carretera,1073
03063,No aplica,Calle,1074
03063,Curva sin señalizar,Carretera,1075
03063,No aplica,Calle,1076
03063,No aplica,Calle,1077
03064,Recta,Carretera,1078
03064,No aplica,Calle,1079
03064,No aplica,Calle,1080
03064,No aplica,Calle,1081
03064,Recta,Carretera,1082
03064,No aplica,Calle,1083
03064,No aplica,Calle,1084
03064,No aplica,Calle,1085
03064,Recta,Carretera,1086
03064,No aplica,Calle,1087
03064,No aplica,Calle,1088
03064,Recta,Carretera,1089
03065,Curva señalizada,Carretera,1090
03065,Curva señalizada,Carretera,1091
03065,Curva señalizada,Carretera,1092
03065,Recta,Carretera,1093
03065,Recta,Carretera,1094
03065,Recta,Carretera,1095
03065,Recta,Carretera,1096
03065,Recta,Carretera,1097
03065,Recta,Carretera,1098
03065,Curva señalizada,Carretera,1099
03065,Recta,Carretera,1100
03065,Curva señalizada,Carretera,1101
03065,Recta,Carretera,1102
03065,Recta,Carretera,1103
03065,Curva señalizada,Carretera,1104
03065,Curva señalizada,Carretera,1105
03065,Recta,Carretera,1106
03065,Recta,Carretera,1107
03065,Recta,Carretera,1108
03065,Recta,Carretera,1109
03065,Recta,Carretera,1110
03065,Recta,Carretera,1111
03065,Recta,Carretera,1112
03065,Curva señalizada,Carretera,1113
03065,Recta,Carretera,1114
03065,Recta,Carretera,1115
03065,Recta,Carretera,1116
03065,Recta,Carretera,1117
03065,Curva señalizada,Carretera,1118
03065,Recta,Carretera,1119
03065,Curva señalizada,Carretera,1120
03065,Recta,Carretera,1121
03065,Curva señalizada,Carretera,1122
03065,Recta,Carretera,1123
03065,Curva señalizada,Carretera,1124
03065,Curva señalizada,Carretera,1125
03065,Curva señalizada,Carretera,1126
03065,Recta,Carretera,1127
03065,Curva sin señalizar,Carretera,1128
03065,Curva señalizada,Carretera,1129
03065,Curva señalizada,Carretera,1130
03065,Recta,Carretera,1131
03065,Recta,Carretera,1132
03065,Recta,Carretera,1133
03065,Recta,Carretera,1134
03065,Recta,Carretera,1135
03065,Recta,Carretera,1136
03065,Recta,Carretera,1137
03065,No aplica,Calle,1138
03065,No aplica,Calle,1139
03065,No aplica,Calle,1140
03065,No aplica,Calle,1141
03065,No aplica,Calle,1142
03065,No aplica,Calle,1143
03065,No aplica,Calle,1144
03065,No aplica,Calle,1145
03065,No aplica,Calle,1146
03065,No aplica,Calle,1147
03065,No aplica,Calle,1148
03065,No aplica,Calle,1149
03065,No aplica,Calle,1150
03065,No aplica,Calle,1151
03065,No aplica,Calle,1152
03065,No aplica,Calle,1153
03065,No aplica,Calle,1154
03065,No aplica,Calle,1155
03065,No aplica,Calle,1156
03065,No aplica,Calle,1157
03065,No aplica,Calle,1158
03065,Recta,Carretera,1159
03065,No aplica,Calle,1160
03065,No aplica,Calle,1161
03065,No aplica,Calle,1162
03065,No aplica,Calle,1163
03065,No aplica,Calle,1164
03065,No aplica,Calle,1165
03065,No aplica,Calle,1166
03065,No aplica,Calle,1167
03065,No aplica,Calle,1168
03065,No aplica,Calle,1169
03065,Recta,Carretera,1170
03065,Recta,Carretera,1171
03065,No aplica,Calle,1172
03065,Recta,Carretera,1173
03065,No aplica,Calle,1174
03065,No aplica,Calle,1175
03065,No aplica,Calle,1176
03065,No aplica,Calle,1177
03065,No aplica,Calle,1178
03065,No aplica,Calle,1179
03065,No aplica,Calle,1180
03065,No aplica,Calle,1181
03065,No aplica,Calle,1182
03065,No aplica,Calle,1183
03065,No aplica,Calle,1184
03065,No aplica,Calle,1185
03065,No aplica,Calle,1186
03065,No aplica,Calle,1187
03065,No aplica,Calle,1188
03065,Recta,Carretera,1189
03065,Recta,Carretera,1190
03065,No aplica,Calle,1191
03065,No aplica,Calle,1192
03065,No aplica,Calle,1193
03065,No aplica,Calle,1194
03065,No aplica,Calle,1195
03065,No aplica,Calle,1196
03065,No aplica,Calle,1197
03065,No aplica,Calle,1198
03065,No aplica,Calle,1199
03065,No aplica,Calle,1200
03065,No aplica,Calle,1201
03065,No aplica,Calle,1202
03065,No aplica,Calle,1203
03065,No aplica,Calle,1204
03065,No aplica,Calle,1205
03065,No aplica,Calle,1206
03065,No aplica,Calle,1207
03065,No aplica,Calle,1208
03065,No aplica,Calle,1209
03065,No aplica,Calle,1210
03065,No aplica,Calle,1211
03065,No aplica,Calle,1212
03065,No aplica,Calle,1213
03065,No aplica,Calle,1214
03065,No aplica,Calle,1215
03065,No aplica,Calle,1216
03065,No aplica,Calle,1217
03065,No aplica,Calle,1218
03065,No aplica,Calle,1219
03065,No aplica,Calle,1220
03065,No aplica,Calle,1221
03065,No aplica,Calle,1222
03065,No aplica,Calle,1223
03065,No aplica,Calle,1224
03065,No aplica,Calle,1225
03065,No aplica,Calle,1226
03065,No aplica,Calle,1227
03065,No aplica,Calle,1228
03065,No aplica,Calle,1229
03065,No aplica,Calle,1230
03065,No aplica,Calle,1231
03065,No aplica,Calle,1232
03065,Recta,Carretera,1233
03065,No aplica,Calle,1234
03065,No aplica,Calle,1235
03065,No aplica,Calle,1236
03065,No aplica,Calle,1237
03065,Curva señalizada,Carretera,1238
03065,Recta,Carretera,1239
03065,No aplica,Calle,1240
03065,No aplica,Calle,1241
03065,No aplica,Calle,1242
03065,No aplica,Calle,1243
03065,Curva sin señalizar,Carretera,1244
03065,No aplica,Calle,1245
03065,No aplica,Calle,1246
03065,No aplica,Calle,1247
03065,No aplica,Calle,1248
03065,No aplica,Calle,1249
03065,No aplica,Calle,1250
03065,No aplica,Calle,1251
03065,No aplica,Calle,1252
03065,No aplica,Calle,1253
03065,No aplica,Calle,1254
03065,No aplica,Calle,1255
03065,No aplica,Calle,1256
03065,No aplica,Calle,1257
03065,No aplica,Calle,1258
03065,Curva señalizada,Carretera,1259
03065,No aplica,Calle,1260
03065,No aplica,Calle,1261
03065,No aplica,Calle,1262
03065,No aplica,Calle,1263
03065,No aplica,Calle,1264
03065,No aplica,Calle,1265
03065,No aplica,Calle,1266
03065,No aplica,Calle,1267
03065,No aplica,Calle,1268
03065,No aplica,Calle,1269
03065,No aplica,Calle,1270
03065,Recta,Carretera,1271
03065,No aplica,Calle,1272
03065,No aplica,Calle,1273
03065,No aplica,Calle,1274
03065,No aplica,Calle,1275
03065,No aplica,Calle,1276
03065,Recta,Carretera,1277
03065,Recta,Carretera,1278
03065,No aplica,Calle,1279
03065,Recta,Carretera,1280
03065,Curva sin señalizar,Carretera,1281
03065,No aplica,Calle,1282
03065,No aplica,Calle,1283
03065,No aplica,Calle,1284
03065,No aplica,Calle,1285
03065,No aplica,Calle,1286
03065,No aplica,Calle,1287
03065,No aplica,Calle,1288
03065,No aplica,Calle,1289
03065,Curva señalizada,Carretera,1290
03065,Curva sin señalizar,Carretera,1291
03065,No aplica,Calle,1292
03065,No aplica,Calle,1293
03065,No aplica,Calle,1294
03065,Recta,Carretera,1295
03065,No aplica,Calle,1296
03065,No aplica,Calle,1297
03065,Recta,Carretera,1298
03065,Recta,Carretera,1299
03065,No aplica,Calle,1300
03065,No aplica,Calle,1301
03065,No aplica,Calle,1302
03065,Recta,Carretera,1303
03065,No aplica,Calle,1304
03065,No aplica,Calle,1305
03065,Curva sin señalizar,Carretera,1306
03065,Recta,Carretera,1307
03065,No aplica,Calle,1308
03065,No aplica,Calle,1309
03065,Curva señalizada,Carretera,1310
03065,No aplica,Calle,1311
03065,No aplica,Calle,1312
03065,No aplica,Calle,1313
03065,Curva señalizada,Carretera,1314
03065,No aplica,Calle,1315
03065,No aplica,Calle,1316
03065,Recta,Carretera,1317
03065,No aplica,Calle,1318
03065,No aplica,Calle,1319
03065,Recta,Carretera,1320
03065,No aplica,Calle,1321
03065,No aplica,Calle,1322
03065,No aplica,Calle,1323
03065,No aplica,Calle,1324
03065,No aplica,Calle,1325
03065,No aplica,Calle,1326
03065,No aplica,Calle,1327
03065,No aplica,Calle,1328
03065,Curva señalizada,Carretera,1329
03065,No aplica,Calle,1330
03065,No aplica,Calle,1331
03065,No aplica,Calle,1332
03065,No aplica,Calle,1333
03065,Curva señalizada,Carretera,1334
03065,No aplica,Calle,1335
03065,No aplica,Calle,1336
03065,No aplica,Calle,1337
03065,No aplica,Calle,1338
03065,No aplica,Calle,1339
03065,No aplica,Calle,1340
03065,No aplica,Calle,1341
03065,No aplica,Calle,1342
03065,No aplica,Calle,1343
03065,No aplica,Calle,1344
03065,No aplica,Calle,1345
03065,No aplica,Calle,1346
03065,No aplica,Calle,1347
03065,No aplica,Calle,1348
03065,No aplica,Calle,1349
03065,Recta,Carretera,1350
03065,No aplica,Calle,1351
03065,No aplica,Calle,1352
03065,No aplica,Calle,1353
03065,No aplica,Calle,1354
03065,No aplica,Calle,1355
03065,No aplica,Calle,1356
03065,No aplica,Calle,1357
03065,No aplica,Calle,1358
03065,Curva señalizada,Carretera,1359
03065,No aplica,Calle,1360
03065,No aplica,Calle,1361
03065,Curva sin señalizar,Carretera,1362
03065,No aplica,Calle,1363
03065,No aplica,Calle,1364
03065,No aplica,Calle,1365
03065,No aplica,Calle,1366
03065,No aplica,Calle,1367
03065,No aplica,Calle,1368
03065,No aplica,Calle,1369
03065,Curva sin señalizar,Carretera,1370
03065,No aplica,Calle,1371
03065,Curva señalizada,Carretera,1372
03065,No aplica,Calle,1373
03065,No aplica,Calle,1374
03065,No aplica,Calle,1375
03065,Curva señalizada,Carretera,1376
03065,No aplica,Calle,1377
03065,No aplica,Calle,1378
03065,No aplica,Calle,1379
03065,No aplica,Calle,1380
03065,No aplica,Calle,1381
03065,No aplica,Calle,1382
03065,Se desconoce,Carretera,1383
03065,No aplica,Calle,1384
03065,Curva sin señalizar,Carretera,1385
03065,Curva señalizada,Carretera,1386
03065,Curva señalizada,Carretera,1387
03065,No aplica,Calle,1388
03065,No aplica,Calle,1389
03065,No aplica,Calle,1390
03065,No aplica,Calle,1391
03065,No aplica,Calle,1392
03065,Curva señalizada,Carretera,1393
03065,No aplica,Calle,1394
03065,Recta,Travesía,1395
03065,No aplica,Calle,1396
03065,No aplica,Calle,1397
03065,No aplica,Calle,1398
03065,No aplica,Calle,1399
03065,No aplica,Calle,1400
03065,Curva sin señalizar,Carretera,1401
03065,No aplica,Calle,1402
03065,No aplica,Calle,1403
03065,No aplica,Calle,1404
03065,No aplica,Calle,1405
03065,No aplica,Calle,1406
03065,No aplica,Calle,1407
03065,No aplica,Calle,1408
03065,Recta,Carretera,1409
03065,No aplica,Calle,1410
03065,No aplica,Calle,1411
03065,No aplica,Calle,1412
03065,No aplica,Calle,1413
03065,No aplica,Calle,1414
03065,No aplica,Calle,1415
03065,No aplica,Calle,1416
03065,No aplica,Calle,1417
03065,No aplica,Calle,1418
03065,No aplica,Calle,1419
03065,No aplica,Calle,1420
03065,No aplica,Calle,1421
03065,No aplica,Calle,1422
03065,No aplica,Calle,1423
03065,No aplica,Calle,1424
03065,No aplica,Calle,1425
03065,Se desconoce,Carretera,1426
03065,No aplica,Calle,1427
03065,No aplica,Calle,1428
03065,No aplica,Calle,1429
03065,Recta,Carretera,1430
03065,No aplica,Calle,1431
03065,Recta,Carretera,1432
03065,No aplica,Calle,1433
03065,No aplica,Calle,1434
03065,No aplica,Calle,1435
03065,No aplica,Calle,1436
03065,No aplica,Calle,1437
03065,Recta,Carretera,1438
03065,No aplica,Calle,1439
03065,No aplica,Calle,1440
03065,No aplica,Calle,1441
03065,Recta,Carretera,1442
03065,No aplica,Calle,1443
03065,No aplica,Calle,1444
03065,Curva señalizada,Travesía,1445
03065,Curva señalizada,Carretera,1446
03065,No aplica,Calle,1447
03065,Recta,Carretera,1448
03065,Curva sin señalizar,Carretera,1449
03065,No aplica,Calle,1450
03065,No aplica,Calle,1451
03065,Curva señalizada,Carretera,1452
03065,No aplica,Calle,1453
03065,No aplica,Calle,1454
03065,No aplica,Calle,1455
03065,Recta,Carretera,1456
03065,No aplica,Calle,1457
03065,No aplica,Calle,1458
03065,No aplica,Calle,1459
03065,Recta,Carretera,1460
03065,No aplica,Calle,1461
03065,Recta,Carretera,1462
03065,No aplica,Calle,1463
03065,Curva sin señalizar,Carretera,1464
03065,Recta,Carretera,1465
03065,No aplica,Calle,1466
03065,Recta,Carretera,1467
03065,No aplica,Calle,1468
03065,No aplica,Calle,1469
03065,No aplica,Calle,1470
03065,No aplica,Calle,1471
03065,Curva señalizada,Carretera,1472
03065,No aplica,Calle,1473
03065,No aplica,Calle,1474
03065,Recta,Carretera,1475
03065,No aplica,Calle,1476
03065,No aplica,Calle,1477
03065,No aplica,Calle,1478
03065,No aplica,Calle,1479
03065,No aplica,Calle,1480
03065,No aplica,Calle,1481
03065,No aplica,Calle,1482
03065,No aplica,Calle,1483
03065,No aplica,Calle,1484
03065,No aplica,Calle,1485
03065,Recta,Carretera,1486
03065,No aplica,Calle,1487
03065,No aplica,Calle,1488
03065,No aplica,Calle,1489
03065,Recta,Carretera,1490
03065,No aplica,Calle,1491
03065,No aplica,Calle,1492
03065,No aplica,Calle,1493
03065,No aplica,Calle,1494
03065,No aplica,Calle,1495
03065,Curva sin señalizar,Carretera,1496
03065,No aplica,Calle,1497
03065,Curva señalizada,Carretera,1498
03065,Curva sin señalizar,Carretera,1499
03065,No aplica,Calle,1500
03065,No aplica,Calle,1501
03065,No aplica,Calle,1502
03065,No aplica,Calle,1503
03065,No aplica,Calle,1504
03065,No aplica,Calle,1505
03065,No aplica,Calle,1506
03065,No aplica,Calle,1507
03065,No aplica,Calle,1508
03065,No aplica,Calle,1509
03065,No aplica,Calle,1510
03065,No aplica,Calle,1511
03065,No aplica,Calle,1512
03065,Recta,Carretera,1513
03065,No aplica,Calle,1514
03065,No aplica,Calle,1515
03065,Recta,Carretera,1516
03065,No aplica,Calle,1517
03065,No aplica,Calle,1518
03065,Recta,Carretera,1519
03065,No aplica,Calle,1520
03065,No aplica,Calle,1521
03065,No aplica,Calle,1522
03065,No aplica,Calle,1523
03065,No aplica,Calle,1524
03065,No aplica,Calle,1525
03065,Recta,Carretera,1526
03065,No aplica,Calle,1527
03065,Recta,Carretera,1528
03065,No aplica,Calle,1529
03065,No aplica,Calle,1530
03065,No aplica,Calle,1531
03065,Recta,Carretera,1532
03065,Recta,Carretera,1533
03065,No aplica,Calle,1534
03065,No aplica,Calle,1535
03065,Recta,Carretera,1536
03065,No aplica,Calle,1537
03065,No aplica,Calle,1538
03065,No aplica,Calle,1539
03065,No aplica,Calle,1540
03065,No aplica,Calle,1541
03065,Curva sin señalizar,Carretera,1542
03065,No aplica,Calle,1543
03065,No aplica,Calle,1544
03065,No aplica,Calle,1545
03065,No aplica,Calle,1546
03065,No aplica,Calle,1547
03065,No aplica,Calle,1548
03065,No aplica,Calle,1549
03065,No aplica,Calle,1550
03065,No aplica,Calle,1551
03065,No aplica,Calle,1552
03065,No aplica,Calle,1553
03065,Recta,Carretera,1554
03065,No aplica,Calle,1555
03065,No aplica,Calle,1556
03065,Recta,Carretera,1557
03065,No aplica,Calle,1558
03065,Recta,Travesía,1559
03065,No aplica,Calle,1560
03065,Recta,Carretera,1561
03065,Recta,Carretera,1562
03065,No aplica,Calle,1563
03065,Curva señalizada,Carretera,1564
03065,No aplica,Calle,1565
03065,Curva señalizada,Carretera,1566
03065,No aplica,Calle,1567
03065,No aplica,Calle,1568
03065,No aplica,Calle,1569
03065,No aplica,Calle,1570
03065,No aplica,Calle,1571
03065,No aplica,Calle,1572
03065,No aplica,Calle,1573
03065,No aplica,Calle,1574
03065,No aplica,Calle,1575
03065,Recta,Carretera,1576
03065,No aplica,Calle,1577
03065,No aplica,Calle,1578
03065,No aplica,Calle,1579
03065,No aplica,Calle,1580
03065,No aplica,Calle,1581
03065,No aplica,Calle,1582
03065,No aplica,Calle,1583
03065,No aplica,Calle,1584
03065,Curva señalizada,Carretera,1585
03065,No aplica,Calle,1586
03065,No aplica,Calle,1587
03065,No aplica,Calle,1588
03065,No aplica,Calle,1589
03065,No aplica,Calle,1590
03065,No aplica,Calle,1591
03065,No aplica,Calle,1592
03065,No aplica,Calle,1593
03065,No aplica,Calle,1594
03065,No aplica,Calle,1595
03065,No aplica,Calle,1596
03065,No aplica,Calle,1597
03065,No aplica,Calle,1598
03065,Recta,Carretera,1599
03065,No aplica,Calle,1600
03065,Curva señalizada,Carretera,1601
03065,No aplica,Calle,1602
03065,No aplica,Calle,1603
03065,No aplica,Calle,1604
03065,No aplica,Calle,1605
03065,Curva señalizada,Carretera,1606
03065,No aplica,Calle,1607
03065,No aplica,Calle,1608
03065,No aplica,Calle,1609
03065,No aplica,Calle,1610
03065,No aplica,Calle,1611
03065,No aplica,Calle,1612
03065,No aplica,Calle,1613
03065,No aplica,Calle,1614
03065,No aplica,Calle,1615
03065,Recta,Carretera,1616
03065,No aplica,Calle,1617
03065,No aplica,Calle,1618
03065,Recta,Carretera,1619
03065,No aplica,Calle,1620
03065,No aplica,Calle,1621
03065,No aplica,Calle,1622
03065,No aplica,Calle,1623
03065,No aplica,Calle,1624
03065,No aplica,Calle,1625
03065,No aplica,Calle,1626
03065,No aplica,Calle,1627
03065,No aplica,Calle,1628
03065,No aplica,Calle,1629
03065,No aplica,Calle,1630
03065,No aplica,Calle,1631
03065,No aplica,Calle,1632
03065,No aplica,Calle,1633
03065,No aplica,Calle,1634
03065,Recta,Carretera,1635
03065,No aplica,Calle,1636
03065,No aplica,Calle,1637
03065,No aplica,Calle,1638
03065,No aplica,Calle,1639
03065,No aplica,Calle,1640
03065,No aplica,Calle,1641
03065,Recta,Carretera,1642
03065,No aplica,Calle,1643
03065,No aplica,Calle,1644
03065,No aplica,Calle,1645
03065,No aplica,Calle,1646
03065,No aplica,Calle,1647
03065,Recta,Carretera,1648
03065,No aplica,Calle,1649
03065,No aplica,Calle,1650
03065,No aplica,Calle,1651
03065,No aplica,Calle,1652
03065,Recta,Carretera,1653
03065,No aplica,Calle,1654
03065,No aplica,Calle,1655
03065,No aplica,Calle,1656
03065,No aplica,Calle,1657
03065,No aplica,Calle,1658
03065,No aplica,Calle,1659
03065,No aplica,Calle,1660
03065,No aplica,Calle,1661
03065,No aplica,Calle,1662
03065,Recta,Carretera,1663
03065,No aplica,Calle,1664
03065,No aplica,Calle,1665
03065,Recta,Carretera,1666
03065,No aplica,Calle,1667
03065,No aplica,Calle,1668
03065,No aplica,Calle,1669
03065,Recta,Carretera,1670
03065,Curva señalizada,Carretera,1671
03065,No aplica,Calle,1672
03065,Curva señalizada,Carretera,1673
03065,No aplica,Calle,1674
03065,No aplica,Calle,1675
03065,No aplica,Calle,1676
03065,No aplica,Calle,1677
03065,No aplica,Calle,1678
03065,No aplica,Calle,1679
03065,No aplica,Calle,1680
03065,Recta,Carretera,1681
03065,No aplica,Calle,1682
03065,No aplica,Calle,1683
03065,No aplica,Calle,1684
03065,No aplica,Calle,1685
03065,No aplica,Calle,1686
03065,No aplica,Calle,1687
03065,No aplica,Calle,1688
03065,No aplica,Calle,1689
03065,No aplica,Calle,1690
03065,Curva señalizada,Carretera,1691
03065,No aplica,Calle,1692
03065,No aplica,Calle,1693
03065,No aplica,Calle,1694
03065,Recta,Carretera,1695
03065,No aplica,Calle,1696
03065,Recta,Carretera,1697
03065,No aplica,Calle,1698
03065,No aplica,Calle,1699
03065,Curva señalizada,Carretera,1700
03065,No aplica,Calle,1701
03065,No aplica,Calle,1702
03065,No aplica,Calle,1703
03065,No aplica,Calle,1704
03065,No aplica,Calle,1705
03065,No aplica,Calle,1706
03065,No aplica,Calle,1707
03065,No aplica,Calle,1708
03065,No aplica,Calle,1709
03065,Recta,Carretera,1710
03065,No aplica,Calle,1711
03065,No aplica,Calle,1712
03065,No aplica,Calle,1713
03065,No aplica,Calle,1714
03065,No aplica,Calle,1715
03065,No aplica,Calle,1716
03065,No aplica,Calle,1717
03065,No aplica,Calle,1718
03065,No aplica,Calle,1719
03065,No aplica,Calle,1720
03065,No aplica,Calle,1721
03065,No aplica,Calle,1722
03065,No aplica,Calle,1723
03065,No aplica,Calle,1724
03065,No aplica,Calle,1725
03065,No aplica,Calle,1726
03065,No aplica,Calle,1727
03065,No aplica,Calle,1728
03065,No aplica,Calle,1729
03065,No aplica,Calle,1730
03065,No aplica,Calle,1731
03065,Recta,Carretera,1732
03065,No aplica,Calle,1733
03065,No aplica,Calle,1734
03065,No aplica,Calle,1735
03065,Recta,Carretera,1736
03065,No aplica,Calle,1737
03065,No aplica,Calle,1738
03065,Recta,Carretera,1739
03065,No aplica,Calle,1740
03065,No aplica,Calle,1741
03065,No aplica,Calle,1742
03065,Curva señalizada,Carretera,1743
03065,No aplica,Calle,1744
03065,No aplica,Calle,1745
03065,Recta,Carretera,1746
03065,Recta,Carretera,1747
03065,Recta,Carretera,1748
03065,No aplica,Calle,1749
03065,Curva sin señalizar,Carretera,1750
03065,No aplica,Calle,1751
03065,No aplica,Calle,1752
03065,No aplica,Calle,1753
03065,No aplica,Calle,1754
03065,No aplica,Calle,1755
03065,No aplica,Calle,1756
03065,No aplica,Calle,1757
03065,No aplica,Calle,1758
03065,No aplica,Calle,1759
03065,No aplica,Calle,1760
03065,No aplica,Calle,1761
03065,No aplica,Calle,1762
03065,No aplica,Calle,1763
03065,No aplica,Calle,1764
03065,Recta,Carretera,1765
03065,No aplica,Calle,1766
03065,No aplica,Calle,1767
03065,No aplica,Calle,1768
03065,No aplica,Calle,1769
03065,No aplica,Calle,1770
03065,No aplica,Calle,1771
03065,No aplica,Calle,1772
03065,No aplica,Calle,1773
03065,No aplica,Calle,1774
03065,Recta,Carretera,1775
03065,No aplica,Calle,1776
03065,No aplica,Calle,1777
03065,No aplica,Calle,1778
03065,No aplica,Calle,1779
03065,No aplica,Calle,1780
03065,No aplica,Calle,1781
03065,No aplica,Calle,1782
03065,No aplica,Calle,1783
03065,No aplica,Calle,1784
03065,No aplica,Calle,1785
03065,No aplica,Calle,1786
03065,Recta,Carretera,1787
03065,Recta,Carretera,1788
03065,No aplica,Calle,1789
03065,Recta,Carretera,1790
03065,No aplica,Calle,1791
03065,No aplica,Calle,1792
03065,No aplica,Calle,1793
03065,No aplica,Calle,1794
03065,No aplica,Calle,1795
03065,No aplica,Calle,1796
03065,Recta,Carretera,1797
03065,No aplica,Calle,1798
03065,No aplica,Calle,1799
03065,No aplica,Calle,1800
03065,No aplica,Calle,1801
03065,No aplica,Calle,1802
03065,No aplica,Calle,1803
03065,Recta,Carretera,1804
03065,No aplica,Calle,1805
03065,No aplica,Calle,1806
03065,No aplica,Calle,1807
03065,No aplica,Calle,1808
03065,No aplica,Calle,1809
03065,No aplica,Calle,1810
03065,No aplica,Calle,1811
03065,Recta,Carretera,1812
03065,No aplica,Calle,1813
03065,No aplica,Calle,1814
03065,No aplica,Calle,1815
03065,No aplica,Calle,1816
03065,No aplica,Calle,1817
03065,No aplica,Calle,1818
03065,No aplica,Calle,1819
03065,No aplica,Calle,1820
03065,No aplica,Calle,1821
03065,No aplica,Calle,1822
03066,No aplica,Calle,1823
03066,No aplica,Calle,1824
03066,No aplica,Calle,1825
03066,No aplica,Calle,1826
03066,No aplica,Calle,1827
03066,No aplica,Calle,1828
03066,No aplica,Calle,1829
03066,No aplica,Calle,1830
03066,No aplica,Calle,1831
03066,No aplica,Calle,1832
03066,No aplica,Calle,1833
03066,No aplica,Calle,1834
03066,No aplica,Calle,1835
03066,No aplica,Calle,1836
03066,No aplica,Calle,1837
03066,No aplica,Calle,1838
03066,No aplica,Calle,1839
03066,No aplica,Calle,1840
03066,No aplica,Calle,1841
03066,No aplica,Calle,1842
03066,No aplica,Calle,1843
03066,No aplica,Calle,1844
03066,No aplica,Calle,1845
03066,No aplica,Calle,1846
03066,No aplica,Calle,1847
03066,No aplica,Calle,1848
03066,No aplica,Calle,1849
03066,No aplica,Calle,1850
03066,No aplica,Calle,1851
03066,No aplica,Calle,1852
03066,No aplica,Calle,1853
03066,No aplica,Calle,1854
03066,No aplica,Calle,1855
03066,No aplica,Calle,1856
03066,Curva señalizada,Carretera,1857
03066,No aplica,Calle,1858
03066,Curva señalizada,Carretera,1859
03066,No aplica,Calle,1860
03066,No aplica,Calle,1861
03066,No aplica,Calle,1862
03066,No aplica,Calle,1863
03066,No aplica,Calle,1864
03066,No aplica,Calle,1865
03066,No aplica,Calle,1866
03066,No aplica,Calle,1867
03066,No aplica,Calle,1868
03066,No aplica,Calle,1869
03066,No aplica,Calle,1870
03066,No aplica,Calle,1871
03066,No aplica,Calle,1872
03066,No aplica,Calle,1873
03066,No aplica,Calle,1874
03066,No aplica,Calle,1875
03066,No aplica,Calle,1876
03066,No aplica,Calle,1877
03066,No aplica,Calle,1878
03066,No aplica,Calle,1879
03066,No aplica,Calle,1880
03066,Curva señalizada,Carretera,1881
03066,No aplica,Calle,1882
03066,No aplica,Calle,1883
03066,No aplica,Calle,1884
03066,No aplica,Calle,1885
03066,No aplica,Calle,1886
03066,No aplica,Calle,1887
03066,No aplica,Calle,1888
03066,No aplica,Calle,1889
03066,No aplica,Calle,1890
03066,No aplica,Calle,1891
03066,No aplica,Calle,1892
03066,No aplica,Calle,1893
03066,No aplica,Calle,1894
03066,No aplica,Calle,1895
03066,No aplica,Calle,1896
03066,No aplica,Calle,1897
03066,No aplica,Calle,1898
03066,No aplica,Calle,1899
03066,No aplica,Calle,1900
03066,Recta,Carretera,1901
03066,No aplica,Calle,1902
03066,No aplica,Calle,1903
03066,No aplica,Calle,1904
03066,No aplica,Calle,1905
03066,No aplica,Calle,1906
03066,No aplica,Calle,1907
03066,No aplica,Calle,1908
03066,No aplica,Calle,1909
03066,No aplica,Calle,1910
03066,No aplica,Calle,1911
03066,No aplica,Calle,1912
03066,No aplica,Calle,1913
03066,No aplica,Calle,1914
03066,No aplica,Calle,1915
03066,No aplica,Calle,1916
03066,No aplica,Calle,1917
03066,No aplica,Calle,1918
03066,No aplica,Calle,1919
03066,No aplica,Calle,1920
03066,No aplica,Calle,1921
03069,Recta,Carretera,1922
03069,Curva señalizada,Carretera,1923
03069,No aplica,Calle,1924
03069,No aplica,Calle,1925
03069,Recta,Carretera,1926
03069,Curva señalizada,Carretera,1927
03069,No aplica,Calle,1928
03069,Recta,Carretera,1929
03069,No aplica,Calle,1930
03069,Curva señalizada,Carretera,1931
03069,No aplica,Calle,1932
03069,No aplica,Calle,1933
03069,Recta,Carretera,1934
03069,No aplica,Calle,1935
03069,Recta,Carretera,1936
03069,No aplica,Calle,1937
03069,Recta,Carretera,1938
03069,No aplica,Calle,1939
03069,No aplica,Calle,1940
03069,No aplica,Calle,1941
03069,Recta,Carretera,1942
03069,No aplica,Calle,1943
03069,No aplica,Calle,1944
03069,No aplica,Calle,1945
03069,No aplica,Calle,1946
03069,No aplica,Calle,1947
03069,No aplica,Calle,1948
03069,No aplica,Calle,1949
03069,No aplica,Calle,1950
00000,Recta,Carretera,1951
00000,Recta,Carretera,1952
00000,Recta,Carretera,1953
00000,No aplica,Calle,1954
00000,Recta,Carretera,1955
00000,Curva señalizada,Carretera,1956
00000,Recta,Carretera,1957
00000,No aplica,Calle,1958
03071,Recta,Carretera,1959
03071,Recta,Carretera,1960
03071,Recta,Carretera,1961
03071,Recta,Carretera,1962
03071,Recta,Carretera,1963
03071,Recta,Carretera,1964
00000,Curva señalizada,Carretera,1965
00000,Recta,Carretera,1966
00000,No aplica,Calle,1967
00000,Curva señalizada,Carretera,1968
03076,No aplica,Calle,1969
03076,No aplica,Calle,1970
03076,No aplica,Calle,1971
03076,Curva señalizada,Carretera,1972
03076,No aplica,Calle,1973
03076,No aplica,Calle,1974
03076,No aplica,Calle,1975
03076,No aplica,Calle,1976
03076,No aplica,Calle,1977
03076,No aplica,Calle,1978
03076,No aplica,Calle,1979
03076,No aplica,Calle,1980
03076,No aplica,Calle,1981
03076,Curva señalizada,Carretera,1982
03076,Recta,Carretera,1983
03076,No aplica,Calle,1984
03076,No aplica,Calle,1985
03076,No aplica,Calle,1986
03076,No aplica,Calle,1987
03076,No aplica,Calle,1988
03076,No aplica,Calle,1989
03076,Curva señalizada,Carretera,1990
03076,Recta,Carretera,1991
03076,No aplica,Calle,1992
03076,No aplica,Calle,1993
03076,Recta,Carretera,1994
03076,Recta,Carretera,1995
03076,No aplica,Calle,1996
03076,Recta,Carretera,1997
03076,No aplica,Calle,1998
03076,Recta,Carretera,1999
03076,Recta,Carretera,2000
03076,No aplica,Calle,2001
03076,Recta,Carretera,2002
03076,Recta,Carretera,2003
03076,Curva señalizada,Carretera,2004
03076,No aplica,Calle,2005
03076,Recta,Carretera,2006
03076,Recta,Carretera,2007
03076,Curva señalizada,Carretera,2008
03076,No aplica,Calle,2009
03076,Recta,Carretera,2010
03076,No aplica,Calle,2011
03076,Recta,Carretera,2012
03076,No aplica,Calle,2013
03076,Recta,Carretera,2014
03076,Curva señalizada,Carretera,2015
03076,Recta,Carretera,2016
03076,No aplica,Calle,2017
03076,Curva señalizada,Carretera,2018
03076,Recta,Carretera,2019
03076,Curva señalizada,Carretera,2020
03076,No aplica,Calle,2021
03076,No aplica,Calle,2022
03076,No aplica,Calle,2023
03076,No aplica,Calle,2024
03076,Recta,Carretera,2025
03076,No aplica,Calle,2026
03076,No aplica,Calle,2027
03076,Recta,Carretera,2028
03076,Curva señalizada,Carretera,2029
03076,No aplica,Calle,2030
03076,No aplica,Calle,2031
03076,No aplica,Calle,2032
03076,No aplica,Calle,2033
03076,No aplica,Calle,2034
03076,No aplica,Calle,2035
00000,Curva señalizada,Carretera,2036
00000,Curva señalizada,Carretera,2037
00000,Curva señalizada,Carretera,2038
00000,Recta,Carretera,2039
00000,Curva sin señalizar,Carretera,2040
03079,Curva señalizada,Carretera,2041
03079,Recta,Carretera,2042
03079,Se desconoce,Carretera,2043
03079,Curva señalizada,Carretera,2044
03079,Curva sin señalizar,Carretera,2045
03079,No aplica,Calle,2046
03079,Curva señalizada,Carretera,2047
03079,No aplica,Calle,2048
03079,No aplica,Calle,2049
03079,Recta,Carretera,2050
03079,Curva señalizada,Carretera,2051
03079,No aplica,Calle,2052
03079,No aplica,Calle,2053
03079,No aplica,Calle,2054
03079,No aplica,Calle,2055
03079,No aplica,Calle,2056
03079,Curva señalizada,Carretera,2057
03079,Recta,Carretera,2058
03079,No aplica,Calle,2059
03079,Recta,Travesía,2060
03079,No aplica,Calle,2061
03079,No aplica,Calle,2062
03079,No aplica,Calle,2063
03079,No aplica,Calle,2064
03079,No aplica,Calle,2065
03079,No aplica,Calle,2066
03079,No aplica,Calle,2067
03079,No aplica,Calle,2068
03079,No aplica,Calle,2069
03079,No aplica,Calle,2070
03079,No aplica,Calle,2071
03079,No aplica,Calle,2072
03079,No aplica,Calle,2073
03079,No aplica,Calle,2074
03079,No aplica,Calle,2075
03079,Curva señalizada,Carretera,2076
03079,No aplica,Calle,2077
03079,Recta,Carretera,2078
03079,No aplica,Calle,2079
03079,No aplica,Calle,2080
03079,No aplica,Calle,2081
03079,No aplica,Calle,2082
00000,Recta,Carretera,2083
00000,Recta,Carretera,2084
00000,Curva señalizada,Carretera,2085
00000,Curva señalizada,Carretera,2086
00000,Recta,Carretera,2087
03082,Curva sin señalizar,Carretera,2088
03082,No aplica,Calle,2089
03082,Recta,Carretera,2090
03082,Curva señalizada,Travesía,2091
03082,No aplica,Calle,2092
03082,No aplica,Calle,2093
03082,No aplica,Calle,2094
03082,No aplica,Calle,2095
03082,No aplica,Calle,2096
03082,Curva señalizada,Carretera,2097
03082,Curva señalizada,Carretera,2098
03082,No aplica,Calle,2099
03082,No aplica,Calle,2100
03082,No aplica,Calle,2101
03082,Curva señalizada,Carretera,2102
03082,Recta,Carretera,2103
03082,Recta,Carretera,2104
03082,Recta,Carretera,2105
03082,Recta,Carretera,2106
03082,No aplica,Calle,2107
03082,No aplica,Calle,2108
03082,No aplica,Calle,2109
03082,No aplica,Calle,2110
03082,No aplica,Calle,2111
03082,No aplica,Calle,2112
03082,No aplica,Calle,2113
03082,No aplica,Calle,2114
03082,No aplica,Calle,2115
03082,No aplica,Calle,2116
03082,No aplica,Calle,2117
03082,No aplica,Calle,2118
03082,No aplica,Calle,2119
03082,No aplica,Calle,2120
03082,No aplica,Calle,2121
03082,No aplica,Calle,2122
03082,No aplica,Calle,2123
03082,No aplica,Calle,2124
03083,Curva sin señalizar,Carretera,2125
03083,Curva señalizada,Carretera,2126
03083,No aplica,Calle,2127
03083,Curva señalizada,Carretera,2128
03083,Curva señalizada,Carretera,2129
03083,Curva señalizada,Carretera,2130
03083,Recta,Carretera,2131
03083,Recta,Carretera,2132
03083,Curva señalizada,Carretera,2133
03083,No aplica,Calle,2134
03083,Curva sin señalizar,Carretera,2135
03083,Recta,Carretera,2136
03083,Curva señalizada,Carretera,2137
03083,Curva señalizada,Carretera,2138
03083,Curva sin señalizar,Carretera,2139
03083,Curva señalizada,Carretera,2140
03083,Recta,Carretera,2141
03083,Curva señalizada,Carretera,2142
03083,Recta,Carretera,2143
03083,Recta,Carretera,2144
03083,Curva señalizada,Carretera,2145
03083,Curva señalizada,Carretera,2146
03083,Curva señalizada,Carretera,2147
03083,Curva señalizada,Carretera,2148
03083,Curva señalizada,Carretera,2149
03083,Curva señalizada,Carretera,2150
03083,Curva señalizada,Carretera,2151
03083,Recta,Carretera,2152
03083,Curva señalizada,Carretera,2153
03083,Curva señalizada,Carretera,2154
00000,Curva señalizada,Carretera,2155
00000,Curva señalizada,Carretera,2156
00000,Curva señalizada,Carretera,2157
03088,Curva señalizada,Carretera,2158
03088,Curva señalizada,Carretera,2159
03088,Curva sin señalizar,Carretera,2160
03088,Recta,Carretera,2161
03088,Recta,Carretera,2162
03088,Recta,Carretera,2163
03088,Curva sin señalizar,Carretera,2164
03088,Recta,Carretera,2165
03088,Recta,Carretera,2166
03088,Recta,Carretera,2167
03088,Recta,Carretera,2168
03088,Recta,Carretera,2169
03088,Recta,Carretera,2170
03088,Recta,Carretera,2171
03088,Recta,Carretera,2172
03089,Recta,Carretera,2173
03089,Recta,Carretera,2174
03089,No aplica,Calle,2175
03089,Curva sin señalizar,Carretera,2176
03089,Recta,Carretera,2177
03089,Curva señalizada,Carretera,2178
03089,Recta,Carretera,2179
03089,Recta,Carretera,2180
03090,Recta,Carretera,2181
03090,Recta,Carretera,2182
03090,Curva señalizada,Carretera,2183
03090,Recta,Carretera,2184
03090,Curva señalizada,Carretera,2185
03090,Recta,Carretera,2186
03090,No aplica,Calle,2187
03090,Recta,Carretera,2188
03090,No aplica,Calle,2189
03090,No aplica,Calle,2190
03090,No aplica,Calle,2191
03090,Recta,Carretera,2192
03090,Recta,Carretera,2193
03090,Curva señalizada,Carretera,2194
03090,Recta,Carretera,2195
03090,No aplica,Calle,2196
03090,Recta,Carretera,2197
03090,No aplica,Calle,2198
03090,Curva señalizada,Carretera,2199
03090,Recta,Carretera,2200
03090,Recta,Carretera,2201
03090,Recta,Carretera,2202
03090,Curva sin señalizar,Carretera,2203
03090,Curva señalizada,Carretera,2204
03090,Curva señalizada,Carretera,2205
03090,No aplica,Calle,2206
03090,Recta,Carretera,2207
03090,No aplica,Calle,2208
03090,Curva sin señalizar,Carretera,2209
03090,Recta,Carretera,2210
03090,No aplica,Calle,2211
03090,No aplica,Calle,2212
03090,No aplica,Calle,2213
03090,Recta,Carretera,2214
03090,No aplica,Calle,2215
03090,No aplica,Calle,2216
03090,No aplica,Calle,2217
03090,No aplica,Calle,2218
03090,No aplica,Calle,2219
03090,Recta,Carretera,2220
03090,Curva señalizada,Carretera,2221
03090,Curva señalizada,Carretera,2222
03090,No aplica,Calle,2223
03090,No aplica,Calle,2224
03090,Curva señalizada,Carretera,2225
03090,No aplica,Calle,2226
03090,No aplica,Calle,2227
03090,Curva señalizada,Carretera,2228
03092,Curva señalizada,Carretera,2229
03092,Recta,Carretera,2230
03092,Recta,Carretera,2231
03092,Recta,Carretera,2232
03092,Curva señalizada,Carretera,2233
03092,Recta,Carretera,2234
03092,Curva sin señalizar,Carretera,2235
03092,Curva señalizada,Carretera,2236
03092,No aplica,Calle,2237
03092,No aplica,Calle,2238
03092,Recta,Carretera,2239
03092,Recta,Carretera,2240
03092,Recta,Carretera,2241
03092,Curva señalizada,Carretera,2242
03092,Curva señalizada,Carretera,2243
03093,No aplica,Calle,2244
03093,No aplica,Calle,2245
03093,No aplica,Calle,2246
03093,Recta,Carretera,2247
03093,Curva señalizada,Carretera,2248
03093,Recta,Carretera,2249
03093,Recta,Carretera,2250
03093,Curva señalizada,Carretera,2251
03093,No aplica,Calle,2252
03093,No aplica,Calle,2253
03093,No aplica,Calle,2254
03093,No aplica,Calle,2255
03093,Recta,Carretera,2256
03093,Curva señalizada,Carretera,2257
03093,No aplica,Calle,2258
03093,Curva señalizada,Carretera,2259
03093,Recta,Carretera,2260
03093,Recta,Carretera,2261
03093,Curva señalizada,Carretera,2262
03093,Curva señalizada,Carretera,2263
03093,Recta,Carretera,2264
03093,Curva sin señalizar,Travesía,2265
03093,Recta,Carretera,2266
03093,Curva señalizada,Carretera,2267
03093,No aplica,Calle,2268
03093,No aplica,Calle,2269
03093,No aplica,Calle,2270
03093,No aplica,Calle,2271
03093,No aplica,Calle,2272
03093,No aplica,Calle,2273
03093,No aplica,Calle,2274
03093,No aplica,Calle,2275
03093,No aplica,Calle,2276
03093,No aplica,Calle,2277
03093,No aplica,Calle,2278
03093,No aplica,Calle,2279
03093,Recta,Carretera,2280
03093,Recta,Carretera,2281
03093,Recta,Carretera,2282
03093,No aplica,Calle,2283
03093,No aplica,Calle,2284
03093,No aplica,Calle,2285
03093,No aplica,Calle,2286
03093,No aplica,Calle,2287
03093,Recta,Carretera,2288
03093,Curva señalizada,Carretera,2289
03093,No aplica,Calle,2290
03093,No aplica,Calle,2291
03093,Curva sin señalizar,Carretera,2292
03093,No aplica,Calle,2293
03094,Curva señalizada,Carretera,2294
03094,Recta,Carretera,2295
03094,Recta,Carretera,2296
03094,Recta,Carretera,2297
03094,No aplica,Calle,2298
03094,No aplica,Calle,2299
03094,Curva sin señalizar,Carretera,2300
03094,Recta,Carretera,2301
03094,Curva señalizada,Carretera,2302
03094,Curva señalizada,Carretera,2303
03094,Recta,Carretera,2304
03094,Recta,Carretera,2305
03094,Curva señalizada,Carretera,2306
03094,No aplica,Calle,2307
03094,No aplica,Calle,2308
03094,No aplica,Calle,2309
03094,Curva sin señalizar,Carretera,2310
03094,No aplica,Calle,2311
03095,Recta,Carretera,2312
03095,Curva sin señalizar,Carretera,2313
03095,Recta,Carretera,2314
03095,Recta,Carretera,2315
03095,Recta,Carretera,2316
03096,Recta,Carretera,2317
03096,Curva sin señalizar,Carretera,2318
03096,Recta,Carretera,2319
03096,Curva sin señalizar,Carretera,2320
03096,Recta,Carretera,2321
03096,No aplica,Calle,2322
03096,Recta,Carretera,2323
03096,Curva señalizada,Carretera,2324
03096,Curva sin señalizar,Carretera,2325
03096,Curva sin señalizar,Carretera,2326
03096,Recta,Carretera,2327
00000,Curva señalizada,Carretera,2328
00000,Curva sin señalizar,Carretera,2329
00000,Recta,Carretera,2330
00000,Recta,Carretera,2331
03099,No aplica,Calle,2332
03099,Curva señalizada,Carretera,2333
03099,Curva señalizada,Carretera,2334
03099,Curva señalizada,Carretera,2335
03099,Curva señalizada,Carretera,2336
03099,No aplica,Calle,2337
03099,No aplica,Calle,2338
03099,No aplica,Calle,2339
03099,Recta,Carretera,2340
03099,No aplica,Calle,2341
03099,No aplica,Calle,2342
03099,No aplica,Calle,2343
03099,Curva señalizada,Carretera,2344
03099,Curva señalizada,Carretera,2345
03099,Recta,Carretera,2346
03099,Recta,Carretera,2347
03099,Recta,Carretera,2348
03099,Recta,Carretera,2349
03099,No aplica,Calle,2350
03099,Recta,Carretera,2351
03099,No aplica,Calle,2352
03099,No aplica,Calle,2353
03099,No aplica,Calle,2354
03099,Recta,Carretera,2355
03099,Recta,Carretera,2356
03099,Recta,Carretera,2357
03099,Curva señalizada,Carretera,2358
03099,No aplica,Calle,2359
03099,Recta,Carretera,2360
03099,No aplica,Calle,2361
03099,Recta,Carretera,2362
03099,Curva señalizada,Carretera,2363
03099,Curva señalizada,Carretera,2364
03099,No aplica,Calle,2365
03099,Curva señalizada,Carretera,2366
03099,No aplica,Calle,2367
03099,Curva señalizada,Travesía,2368
03099,Curva sin señalizar,Carretera,2369
03099,Recta,Carretera,2370
03099,Recta,Carretera,2371
03099,No aplica,Calle,2372
03099,Recta,Carretera,2373
03099,Recta,Carretera,2374
03099,Recta,Carretera,2375
03099,Curva señalizada,Carretera,2376
03099,Curva señalizada,Carretera,2377
03099,Curva señalizada,Carretera,2378
03099,Recta,Carretera,2379
03099,Recta,Carretera,2380
03099,Curva señalizada,Carretera,2381
03099,Recta,Carretera,2382
03099,Recta,Carretera,2383
03099,Curva señalizada,Carretera,2384
03099,Curva señalizada,Carretera,2385
03099,Recta,Travesía,2386
03099,Recta,Carretera,2387
03099,Se desconoce,Carretera,2388
03099,Recta,Carretera,2389
03099,Recta,Carretera,2390
03099,Recta,Carretera,2391
03099,Recta,Carretera,2392
03099,Recta,Carretera,2393
03099,Recta,Carretera,2394
03099,Recta,Carretera,2395
03099,Recta,Carretera,2396
03099,Recta,Carretera,2397
03099,Curva señalizada,Carretera,2398
03099,Recta,Carretera,2399
03099,Curva señalizada,Carretera,2400
03099,Curva sin señalizar,Travesía,2401
03099,No aplica,Calle,2402
03099,No aplica,Calle,2403
03099,No aplica,Calle,2404
03099,Recta,Carretera,2405
03099,Recta,Carretera,2406
03099,Recta,Carretera,2407
03099,No aplica,Calle,2408
03099,Recta,Carretera,2409
03099,Curva sin señalizar,Carretera,2410
03099,No aplica,Calle,2411
03099,Curva señalizada,Carretera,2412
03099,No aplica,Calle,2413
03099,No aplica,Calle,2414
03099,No aplica,Calle,2415
03099,Recta,Carretera,2416
03099,Curva señalizada,Carretera,2417
03099,No aplica,Calle,2418
03099,Curva sin señalizar,Carretera,2419
03099,Curva señalizada,Carretera,2420
03099,Recta,Carretera,2421
03099,Recta,Carretera,2422
03099,No aplica,Calle,2423
03099,No aplica,Calle,2424
03099,No aplica,Calle,2425
03099,Curva señalizada,Carretera,2426
03099,No aplica,Calle,2427
03099,No aplica,Calle,2428
03099,Curva sin señalizar,Carretera,2429
03099,No aplica,Calle,2430
03099,No aplica,Calle,2431
03099,No aplica,Calle,2432
03099,Curva sin señalizar,Carretera,2433
03099,Recta,Carretera,2434
03099,No aplica,Calle,2435
03099,Recta,Carretera,2436
03099,No aplica,Calle,2437
03099,Curva señalizada,Carretera,2438
03099,Recta,Carretera,2439
03099,Recta,Carretera,2440
03099,No aplica,Calle,2441
03099,Curva sin señalizar,Carretera,2442
03099,Recta,Carretera,2443
03099,No aplica,Calle,2444
03099,No aplica,Calle,2445
03099,No aplica,Calle,2446
03099,Recta,Carretera,2447
03099,Recta,Carretera,2448
03099,Curva señalizada,Carretera,2449
03099,No aplica,Calle,2450
03099,Curva señalizada,Carretera,2451
03099,Recta,Carretera,2452
03099,Recta,Carretera,2453
03099,No aplica,Calle,2454
03099,No aplica,Calle,2455
03099,Curva señalizada,Carretera,2456
03099,No aplica,Calle,2457
03099,No aplica,Calle,2458
03099,Recta,Carretera,2459
03099,Recta,Carretera,2460
03099,Recta,Carretera,2461
03099,Recta,Carretera,2462
03099,Recta,Carretera,2463
03099,Recta,Carretera,2464
03099,Recta,Carretera,2465
03099,No aplica,Calle,2466
03099,No aplica,Calle,2467
03099,Recta,Carretera,2468
03099,Recta,Carretera,2469
03099,Recta,Carretera,2470
03099,Recta,Carretera,2471
03099,No aplica,Calle,2472
03099,Recta,Carretera,2473
03099,No aplica,Calle,2474
03099,No aplica,Calle,2475
03099,No aplica,Calle,2476
03099,Recta,Carretera,2477
03099,Recta,Carretera,2478
03099,Recta,Carretera,2479
00000,Recta,Carretera,2480
03101,Curva señalizada,Carretera,2481
03101,Curva señalizada,Carretera,2482
03101,No aplica,Calle,2483
03101,Recta,Carretera,2484
03101,No aplica,Calle,2485
03101,Curva señalizada,Carretera,2486
03101,No aplica,Calle,2487
03101,Recta,Carretera,2488
03101,No aplica,Calle,2489
03101,No aplica,Calle,2490
03101,No aplica,Calle,2491
03101,No aplica,Calle,2492
03101,No aplica,Calle,2493
03101,No aplica,Calle,2494
03101,No aplica,Calle,2495
03101,No aplica,Calle,2496
03101,Curva señalizada,Carretera,2497
03101,Recta,Carretera,2498
03102,Curva sin señalizar,Carretera,2499
03102,Curva señalizada,Carretera,2500
03102,Recta,Carretera,2501
03102,Recta,Carretera,2502
03102,Recta,Carretera,2503
03102,Curva señalizada,Carretera,2504
03102,Recta,Carretera,2505
03102,Recta,Carretera,2506
03102,Curva señalizada,Carretera,2507
03102,No aplica,Calle,2508
03102,No aplica,Calle,2509
03102,No aplica,Calle,2510
03102,No aplica,Calle,2511
03102,No aplica,Calle,2512
03102,No aplica,Calle,2513
03102,Recta,Travesía,2514
00000,Recta,Carretera,2515
03104,Curva sin señalizar,Carretera,2516
03104,No aplica,Calle,2517
03104,Recta,Carretera,2518
03104,Curva señalizada,Carretera,2519
03104,Curva señalizada,Carretera,2520
03104,Recta,Carretera,2521
03104,No aplica,Calle,2522
03104,Recta,Carretera,2523
03104,Curva sin señalizar,Carretera,2524
03104,No aplica,Calle,2525
03104,No aplica,Calle,2526
03104,No aplica,Calle,2527
03104,Recta,Carretera,2528
03104,No aplica,Calle,2529
03104,Curva señalizada,Carretera,2530
03104,No aplica,Calle,2531
03104,Curva sin señalizar,Carretera,2532
03104,Recta,Carretera,2533
03105,Recta,Carretera,2534
03105,Curva señalizada,Carretera,2535
03105,Recta,Carretera,2536
00000,No aplica,Calle,2537
00000,Recta,Carretera,2538
00000,Curva señalizada,Carretera,2539
00000,Recta,Carretera,2540
00000,Recta,Carretera,2541
00000,Curva señalizada,Carretera,2542
03111,Curva sin señalizar,Carretera,2543
03111,No aplica,Calle,2544
03111,Curva señalizada,Carretera,2545
03111,Curva señalizada,Carretera,2546
03111,No aplica,Calle,2547
03111,No aplica,Calle,2548
03111,No aplica,Calle,2549
03111,Curva sin señalizar,Carretera,2550
03111,No aplica,Calle,2551
00000,Curva señalizada,Carretera,2552
03113,Curva señalizada,Carretera,2553
03113,Recta,Carretera,2554
03113,Recta,Carretera,2555
03113,Recta,Carretera,2556
03113,Curva señalizada,Carretera,2557
03113,No aplica,Calle,2558
03113,Recta,Carretera,2559
03113,Curva señalizada,Carretera,2560
03113,Curva sin señalizar,Carretera,2561
03113,Curva señalizada,Carretera,2562
03113,Recta,Carretera,2563
03113,Recta,Carretera,2564
03113,Recta,Carretera,2565
00000,Curva señalizada,Carretera,2566
00000,Curva señalizada,Carretera,2567
00000,Curva señalizada,Carretera,2568
00000,Curva señalizada,Carretera,2569
00000,Curva señalizada,Carretera,2570
00000,Curva señalizada,Carretera,2571
00000,Recta,Carretera,2572
00000,Curva señalizada,Carretera,2573
00000,Recta,Carretera,2574
03118,Recta,Carretera,2575
03118,Recta,Carretera,2576
03118,Curva señalizada,Carretera,2577
03118,Recta,Carretera,2578
03118,No aplica,Calle,2579
03118,Recta,Carretera,2580
03118,Curva señalizada,Carretera,2581
03118,Recta,Carretera,2582
03118,Recta,Carretera,2583
03118,No aplica,Calle,2584
03118,No aplica,Calle,2585
03118,No aplica,Calle,2586
03118,No aplica,Calle,2587
03118,No aplica,Calle,2588
03119,No aplica,Calle,2589
03119,Curva señalizada,Carretera,2590
03119,No aplica,Calle,2591
03119,Recta,Carretera,2592
03119,No aplica,Calle,2593
03119,No aplica,Calle,2594
03119,No aplica,Calle,2595
03119,Recta,Carretera,2596
03119,No aplica,Calle,2597
03119,No aplica,Calle,2598
03119,No aplica,Calle,2599
03119,No aplica,Calle,2600
03119,Recta,Carretera,2601
03119,Curva señalizada,Carretera,2602
03119,No aplica,Calle,2603
03119,Recta,Carretera,2604
03119,No aplica,Calle,2605
03119,Curva señalizada,Carretera,2606
03119,No aplica,Calle,2607
03119,No aplica,Calle,2608
03119,Curva señalizada,Carretera,2609
03119,Curva señalizada,Carretera,2610
03119,Recta,Carretera,2611
03119,No aplica,Calle,2612
03119,No aplica,Calle,2613
03120,Curva señalizada,Carretera,2614
03120,Curva señalizada,Carretera,2615
03120,Recta,Carretera,2616
03120,Curva señalizada,Carretera,2617
03120,Recta,Carretera,2618
03120,Curva señalizada,Carretera,2619
03120,Recta,Carretera,2620
03120,No aplica,Calle,2621
03120,Curva señalizada,Carretera,2622
03120,Curva señalizada,Carretera,2623
03120,Recta,Carretera,2624
03120,Curva señalizada,Carretera,2625
03120,Recta,Carretera,2626
03120,Recta,Carretera,2627
03120,No aplica,Calle,2628
03120,No aplica,Calle,2629
03121,No aplica,Calle,2630
03121,No aplica,Calle,2631
03121,Recta,Carretera,2632
03121,No aplica,Calle,2633
03121,Recta,Carretera,2634
03121,Recta,Carretera,2635
03121,Curva señalizada,Carretera,2636
03121,Recta,Carretera,2637
03121,No aplica,Calle,2638
03121,No aplica,Calle,2639
03121,No aplica,Calle,2640
03121,Recta,Carretera,2641
03121,Recta,Carretera,2642
03121,Curva señalizada,Carretera,2643
03121,Curva sin señalizar,Carretera,2644
03121,Recta,Carretera,2645
03121,No aplica,Calle,2646
03121,Recta,Carretera,2647
03121,No aplica,Calle,2648
03121,Curva señalizada,Carretera,2649
03121,No aplica,Calle,2650
03121,No aplica,Calle,2651
03121,Recta,Carretera,2652
03121,Curva señalizada,Carretera,2653
03121,No aplica,Calle,2654
03121,No aplica,Calle,2655
03121,Recta,Carretera,2656
03121,Recta,Carretera,2657
03121,Recta,Carretera,2658
03121,Recta,Carretera,2659
03121,Recta,Carretera,2660
03121,Curva señalizada,Carretera,2661
03121,Recta,Carretera,2662
03121,No aplica,Calle,2663
03121,Recta,Carretera,2664
03121,Recta,Carretera,2665
03121,Recta,Carretera,2666
03121,Curva señalizada,Carretera,2667
03121,Curva señalizada,Carretera,2668
03121,Recta,Carretera,2669
03122,No aplica,Calle,2670
03122,No aplica,Calle,2671
03122,No aplica,Calle,2672
03122,No aplica,Calle,2673
03122,No aplica,Calle,2674
03122,No aplica,Calle,2675
03122,No aplica,Calle,2676
03122,Recta,Carretera,2677
03122,No aplica,Calle,2678
03122,Curva señalizada,Carretera,2679
03122,No aplica,Calle,2680
03122,No aplica,Calle,2681
03122,No aplica,Calle,2682
03122,Recta,Carretera,2683
03122,Curva señalizada,Carretera,2684
03122,Recta,Carretera,2685
03122,No aplica,Calle,2686
03122,Recta,Carretera,2687
03122,No aplica,Calle,2688
03122,No aplica,Calle,2689
03122,No aplica,Calle,2690
03122,No aplica,Calle,2691
03122,Curva señalizada,Carretera,2692
03122,Curva señalizada,Carretera,2693
03122,No aplica,Calle,2694
03122,No aplica,Calle,2695
03122,No aplica,Calle,2696
03122,No aplica,Calle,2697
03122,No aplica,Calle,2698
03122,No aplica,Calle,2699
03122,No aplica,Calle,2700
03122,No aplica,Calle,2701
03122,No aplica,Calle,2702
03122,No aplica,Calle,2703
03122,Curva señalizada,Carretera,2704
03122,No aplica,Calle,2705
03122,No aplica,Calle,2706
03122,No aplica,Calle,2707
03122,No aplica,Calle,2708
03122,No aplica,Calle,2709
03122,Curva señalizada,Carretera,2710
03123,Recta,Carretera,2711
03123,Recta,Carretera,2712
03123,No aplica,Calle,2713
03123,Recta,Carretera,2714
03123,Curva señalizada,Carretera,2715
03123,No aplica,Calle,2716
03123,No aplica,Calle,2717
03123,Recta,Carretera,2718
03123,Recta,Carretera,2719
03123,Recta,Carretera,2720
03123,Curva sin señalizar,Carretera,2721
03123,Recta,Carretera,2722
03123,Recta,Carretera,2723
03123,Recta,Carretera,2724
03123,Curva señalizada,Carretera,2725
00000,Recta,Carretera,2726
00000,Curva señalizada,Carretera,2727
00000,Curva señalizada,Carretera,2728
00000,Curva señalizada,Carretera,2729
00000,Curva señalizada,Carretera,2730
00000,Recta,Carretera,2731
00000,Curva señalizada,Carretera,2732
03128,Curva señalizada,Carretera,2733
03128,Curva señalizada,Carretera,2734
03128,Recta,Carretera,2735
03128,Recta,Carretera,2736
03128,Recta,Carretera,2737
03128,Curva señalizada,Carretera,2738
03128,Curva señalizada,Carretera,2739
03128,Recta,Carretera,2740
03128,Curva señalizada,Carretera,2741
00000,Curva sin señalizar,Carretera,2742
00000,Recta,Carretera,2743
00000,Curva señalizada,Carretera,2744
00000,Recta,Carretera,2745
00000,Curva señalizada,Carretera,2746
00000,Curva señalizada,Carretera,2747
00000,Curva señalizada,Carretera,2748
00000,Recta,Carretera,2749
00000,Recta,Carretera,2750
00000,Curva señalizada,Carretera,2751
03133,Curva señalizada,Carretera,2752
03133,Recta,Carretera,2753
03133,Recta,Carretera,2754
03133,Curva señalizada,Carretera,2755
03133,Curva sin señalizar,Carretera,2756
03133,Recta,Carretera,2757
03133,Recta,Carretera,2758
03133,Curva señalizada,Carretera,2759
03133,Curva señalizada,Carretera,2760
03133,Recta,Carretera,2761
03133,Recta,Carretera,2762
03133,No aplica,Calle,2763
03133,No aplica,Calle,2764
03133,Curva señalizada,Carretera,2765
03133,Recta,Carretera,2766
03133,Recta,Carretera,2767
03133,Recta,Carretera,2768
03133,Recta,Carretera,2769
03133,No aplica,Calle,2770
03133,No aplica,Calle,2771
03133,No aplica,Calle,2772
03133,Recta,Carretera,2773
03133,Recta,Carretera,2774
03133,No aplica,Calle,2775
03133,No aplica,Calle,2776
03133,No aplica,Calle,2777
03133,Recta,Carretera,2778
03133,Recta,Carretera,2779
03133,Recta,Carretera,2780
03133,Curva señalizada,Carretera,2781
03133,Curva señalizada,Carretera,2782
03133,Curva señalizada,Carretera,2783
03133,Recta,Carretera,2784
03133,Recta,Carretera,2785
03133,Curva señalizada,Carretera,2786
03133,Recta,Carretera,2787
03133,Recta,Carretera,2788
03133,Recta,Carretera,2789
03133,Curva señalizada,Carretera,2790
03133,Recta,Carretera,2791
03133,Recta,Carretera,2792
03133,Recta,Carretera,2793
03133,Recta,Carretera,2794
03133,Recta,Carretera,2795
03133,Recta,Carretera,2796
03133,Recta,Carretera,2797
03133,Recta,Carretera,2798
03133,Recta,Carretera,2799
03133,Recta,Carretera,2800
03133,Recta,Carretera,2801
03133,Recta,Carretera,2802
03133,Recta,Carretera,2803
03133,Se desconoce,Carretera,2804
03133,Curva señalizada,Carretera,2805
03133,Curva señalizada,Carretera,2806
03133,Recta,Carretera,2807
03133,Curva señalizada,Carretera,2808
03133,Recta,Carretera,2809
03133,Recta,Carretera,2810
03133,Recta,Carretera,2811
03133,Recta,Carretera,2812
03133,Curva señalizada,Carretera,2813
03133,Recta,Carretera,2814
03133,Recta,Carretera,2815
03133,No aplica,Calle,2816
03133,No aplica,Calle,2817
03133,No aplica,Calle,2818
03133,No aplica,Calle,2819
03133,No aplica,Calle,2820
03133,No aplica,Calle,2821
03133,No aplica,Calle,2822
03133,No aplica,Calle,2823
03133,No aplica,Calle,2824
03133,No aplica,Calle,2825
03133,No aplica,Calle,2826
03133,No aplica,Calle,2827
03133,Recta,Carretera,2828
03133,No aplica,Calle,2829
03133,No aplica,Calle,2830
03133,No aplica,Calle,2831
03133,No aplica,Calle,2832
03133,No aplica,Calle,2833
03133,No aplica,Calle,2834
03133,No aplica,Calle,2835
03133,No aplica,Calle,2836
00000,No aplica,Calle,2837
00000,No aplica,Calle,2838
00000,No aplica,Calle,2839
00000,No aplica,Calle,2840
00000,No aplica,Calle,2841
00000,No aplica,Calle,2842
00000,No aplica,Calle,2843
00000,Recta,Carretera,2844
03139,Curva señalizada,Carretera,2845
03139,No aplica,Calle,2846
03139,Recta,Carretera,2847
03139,Curva sin señalizar,Carretera,2848
03139,Curva señalizada,Carretera,2849
03139,Recta,Carretera,2850
03139,Curva señalizada,Carretera,2851
03139,Recta,Carretera,2852
03139,Curva sin señalizar,Carretera,2853
03139,Recta,Carretera,2854
03139,Curva señalizada,Carretera,2855
03139,Curva sin señalizar,Carretera,2856
03139,Recta,Carretera,2857
03139,No aplica,Calle,2858
03139,No aplica,Calle,2859
03139,No aplica,Calle,2860
03139,Recta,Carretera,2861
03139,No aplica,Calle,2862
03139,Recta,Carretera,2863
03139,Curva señalizada,Carretera,2864
03139,Recta,Carretera,2865
03139,Recta,Carretera,2866
03139,Recta,Carretera,2867
03139,Recta,Carretera,2868
03139,Recta,Carretera,2869
03139,Recta,Carretera,2870
03139,Recta,Carretera,2871
03139,Recta,Carretera,2872
03140,Curva señalizada,Carretera,2873
03140,Recta,Carretera,2874
03140,Recta,Carretera,2875
03140,Curva señalizada,Carretera,2876
03140,Curva señalizada,Carretera,2877
03140,Curva señalizada,Carretera,2878
03140,Recta,Carretera,2879
03140,No aplica,Calle,2880
03140,No aplica,Calle,2881
03140,Recta,Carretera,2882
03140,Curva señalizada,Carretera,2883
03140,Curva señalizada,Carretera,2884
03140,Recta,Carretera,2885
03140,Recta,Carretera,2886
03140,Curva señalizada,Carretera,2887
03140,Recta,Carretera,2888
03140,Curva señalizada,Carretera,2889
03140,No aplica,Calle,2890
03140,Curva señalizada,Carretera,2891
03140,Curva señalizada,Carretera,2892
03140,Recta,Carretera,2893
03140,Recta,Carretera,2894
03140,Recta,Carretera,2895
03140,Curva señalizada,Carretera,2896
03140,Recta,Carretera,2897
03140,Curva señalizada,Carretera,2898
03140,Recta,Carretera,2899
03140,No aplica,Calle,2900
03140,Recta,Carretera,2901
03140,Recta,Carretera,2902
03140,Recta,Carretera,2903
03140,Curva sin señalizar,Carretera,2904
03140,Recta,Carretera,2905
03140,Curva sin señalizar,Carretera,2906
03140,Recta,Carretera,2907
03140,Recta,Carretera,2908
03140,Curva señalizada,Carretera,2909
03140,No aplica,Calle,2910
03140,Recta,Carretera,2911
03140,No aplica,Calle,2912
03140,No aplica,Calle,2913
03140,No aplica,Calle,2914
03140,No aplica,Calle,2915
03140,No aplica,Calle,2916
03140,No aplica,Calle,2917
03140,Curva señalizada,Carretera,2918
03140,No aplica,Calle,2919
03140,Curva señalizada,Carretera,2920
03140,Curva señalizada,Carretera,2921
03140,Curva señalizada,Carretera,2922
03140,Curva señalizada,Carretera,2923
03140,Curva señalizada,Carretera,2924
03140,No aplica,Calle,2925
03140,No aplica,Calle,2926
03140,No aplica,Calle,2927
03140,No aplica,Calle,2928
03140,No aplica,Calle,2929
03140,No aplica,Calle,2930
03140,No aplica,Calle,2931
00000,Recta,Carretera,2932
03902,Recta,Carretera,2933
03902,Recta,Carretera,2934
03902,Curva señalizada,Carretera,2935
03902,Curva señalizada,Carretera,2936
03902,Recta,Carretera,2937
03902,Curva señalizada,Carretera,2938
03902,Recta,Carretera,2939
03902,Recta,Carretera,2940
03902,Recta,Carretera,2941
03902,Recta,Carretera,2942
03902,Recta,Carretera,2943
03902,Recta,Carretera,2944
00000,Recta,Carretera,2945
00000,Curva señalizada,Carretera,2946
00000,Recta,Carretera,2947
00000,Curva señalizada,Carretera,2948
00000,Recta,Carretera,2949
00000,Recta,Carretera,2950
00000,Curva señalizada,Carretera,2951
00000,No aplica,Calle,2952
00000,No aplica,Calle,2953
00000,Recta,Carretera,2954
00000,Recta,Carretera,2955
00000,Curva señalizada,Carretera,2956
00000,Recta,Carretera,2957
00000,Recta,Carretera,2958
00000,Recta,Carretera,2959
00000,Recta,Carretera,2960
00000,Recta,Carretera,2961
00000,Recta,Carretera,2962
00000,Recta,Carretera,2963
00000,Curva señalizada,Carretera,2964
00000,Recta,Carretera,2965
00000,Curva señalizada,Carretera,2966
00000,Recta,Carretera,2967
00000,Recta,Carretera,2968
00000,No aplica,Calle,2969
03005,Recta,Carretera,2970
03009,Curva señalizada,Carretera,2971
03009,No aplica,Calle,2972
03014,Recta,Carretera,2973
03015,Curva señalizada,Carretera,2974
03031,No aplica,Calle,2975
03041,Curva señalizada,Carretera,2976
03053,No aplica,Calle,2977
03059,Curva señalizada,Carretera,2978
00000,No aplica,Calle,2979
00000,No aplica,Calle,2980
00000,No aplica,Calle,2981
03065,No aplica,Calle,2982
03065,No aplica,Calle,2983
03065,No aplica,Calle,2984
03065,No aplica,Calle,2985
03065,No aplica,Calle,2986
03065,No aplica,Calle,2987
03065,No aplica,Calle,2988
03065,No aplica,Calle,2989
03065,No aplica,Calle,2990
03065,No aplica,Calle,2991
03065,No aplica,Calle,2992
03065,No aplica,Calle,2993
03065,No aplica,Calle,2994
03066,No aplica,Calle,2995
03071,Curva sin señalizar,Travesía,2996
00000,No aplica,Calle,2997
00000,Curva señalizada,Carretera,2998
03083,No aplica,Calle,2999
03092,Recta,Carretera,3000
03093,No aplica,Calle,3001
03093,No aplica,Calle,3002
03093,No aplica,Calle,3003
03093,No aplica,Calle,3004
03093,No aplica,Calle,3005
03093,Curva señalizada,Carretera,3006
03094,No aplica,Calle,3007
03094,No aplica,Calle,3008
03094,No aplica,Calle,3009
03094,No aplica,Calle,3010
03118,No aplica,Calle,3011
03122,Curva señalizada,Carretera,3012
03123,Curva señalizada,Carretera,3013
03128,No aplica,Calle,3014
03139,Recta,Carretera,3015
03140,No aplica,Calle,3016
03140,No aplica,Calle,3017
03140,No aplica,Calle,3018
03140,No aplica,Calle,3019
03140,No aplica,Calle,3020
03140,No aplica,Calle,3021
03140,Recta,Carretera,3022
00000,No aplica,Calle,3023
00000,No aplica,Calle,3024
00000,No aplica,Calle,3025
00000,No aplica,Calle,3026
00000,No aplica,Calle,3027
00000,No aplica,Calle,3028
00000,Recta,Carretera,3029
00000,Curva señalizada,Carretera,3030
00000,Curva señalizada,Carretera,3031
00000,Recta,Carretera,3032
00000,Recta,Carretera,3033
00000,Curva señalizada,Carretera,3034
00000,No aplica,Calle,3035
00000,No aplica,Calle,3036
00000,Recta,Carretera,3037
00000,No aplica,Calle,3038
00000,No aplica,Calle,3039
00000,Curva señalizada,Carretera,3040
00000,Curva señalizada,Carretera,3041
00000,Recta,Carretera,3042
00000,Curva señalizada,Carretera,3043
00000,Curva señalizada,Carretera,3044
00000,Curva señalizada,Carretera,3045
00000,Curva señalizada,Carretera,3046
03005,Curva sin señalizar,Carretera,3047
03005,No aplica,Calle,3048
03005,Recta,Carretera,3049
03005,No aplica,Calle,3050
03005,Recta,Carretera,3051
03005,Recta,Carretera,3052
03005,No aplica,Calle,3053
03005,No aplica,Calle,3054
03005,No aplica,Calle,3055
03005,No aplica,Calle,3056
03005,No aplica,Calle,3057
03005,No aplica,Calle,3058
03005,No aplica,Calle,3059
03005,Curva señalizada,Carretera,3060
03005,Recta,Carretera,3061
03005,Recta,Carretera,3062
03005,Recta,Carretera,3063
03005,No aplica,Calle,3064
03005,Recta,Carretera,3065
03005,Curva señalizada,Carretera,3066
03005,Recta,Carretera,3067
03005,No aplica,Calle,3068
03005,No aplica,Calle,3069
03005,No aplica,Calle,3070
03005,No aplica,Calle,3071
03005,No aplica,Calle,3072
03005,No aplica,Calle,3073
03005,Curva sin señalizar,Carretera,3074
03005,Recta,Carretera,3075
00000,Recta,Carretera,3076
00000,Curva señalizada,Carretera,3077
00000,Recta,Carretera,3078
00000,Curva sin señalizar,Carretera,3079
00000,Curva sin señalizar,Carretera,3080
00000,Curva señalizada,Carretera,3081
00000,Curva señalizada,Carretera,3082
00000,Recta,Carretera,3083
00000,Curva señalizada,Carretera,3084
00000,Recta,Carretera,3085
00000,Recta,Carretera,3086
00000,Curva señalizada,Carretera,3087
03009,No aplica,Calle,3088
03009,Recta,Carretera,3089
03009,No aplica,Calle,3090
03009,Recta,Carretera,3091
03009,No aplica,Calle,3092
03009,No aplica,Calle,3093
03009,No aplica,Calle,3094
03009,No aplica,Calle,3095
03009,Curva sin señalizar,Carretera,3096
03009,Curva señalizada,Carretera,3097
03009,Curva señalizada,Carretera,3098
03009,No aplica,Calle,3099
03009,No aplica,Calle,3100
03009,Recta,Carretera,3101
03009,Recta,Carretera,3102
03009,Curva sin señalizar,Carretera,3103
03009,No aplica,Calle,3104
03009,No aplica,Calle,3105
03009,No aplica,Calle,3106
03009,No aplica,Calle,3107
03009,No aplica,Calle,3108
03009,No aplica,Calle,3109
03009,No aplica,Calle,3110
03009,No aplica,Calle,3111
03009,No aplica,Calle,3112
03009,No aplica,Calle,3113
03009,No aplica,Calle,3114
03009,Recta,Carretera,3115
03009,No aplica,Calle,3116
03009,No aplica,Calle,3117
03009,No aplica,Calle,3118
03009,No aplica,Calle,3119
03009,No aplica,Calle,3120
03009,No aplica,Calle,3121
03009,Curva señalizada,Carretera,3122
03009,No aplica,Calle,3123
03009,Curva señalizada,Carretera,3124
03009,No aplica,Calle,3125
03009,No aplica,Calle,3126
03009,No aplica,Calle,3127
03009,No aplica,Calle,3128
03009,No aplica,Calle,3129
03009,Curva señalizada,Carretera,3130
03009,Recta,Carretera,3131
03009,No aplica,Calle,3132
03009,No aplica,Calle,3133
03009,Recta,Carretera,3134
03009,Curva señalizada,Carretera,3135
03009,No aplica,Calle,3136
03009,No aplica,Calle,3137
03009,No aplica,Calle,3138
03009,No aplica,Calle,3139
03009,No aplica,Calle,3140
03009,No aplica,Calle,3141
03009,No aplica,Calle,3142
03009,No aplica,Calle,3143
03009,No aplica,Calle,3144
03009,No aplica,Calle,3145
03009,No aplica,Calle,3146
03009,No aplica,Calle,3147
03009,No aplica,Calle,3148
03009,No aplica,Calle,3149
03009,No aplica,Calle,3150
03009,No aplica,Calle,3151
03009,No aplica,Calle,3152
03009,No aplica,Calle,3153
03009,No aplica,Calle,3154
03009,Recta,Carretera,3155
03009,No aplica,Calle,3156
03009,Curva señalizada,Carretera,3157
03009,No aplica,Calle,3158
03009,No aplica,Calle,3159
03009,No aplica,Calle,3160
03009,No aplica,Calle,3161
03009,Curva sin señalizar,Carretera,3162
03009,No aplica,Calle,3163
03009,No aplica,Calle,3164
03009,No aplica,Calle,3165
03009,No aplica,Calle,3166
03009,No aplica,Calle,3167
03009,Recta,Carretera,3168
03009,Curva señalizada,Carretera,3169
03009,No aplica,Calle,3170
03009,No aplica,Calle,3171
03009,No aplica,Calle,3172
03009,No aplica,Calle,3173
03009,No aplica,Calle,3174
03009,No aplica,Calle,3175
03009,No aplica,Calle,3176
03009,No aplica,Calle,3177
03009,No aplica,Calle,3178
03011,Recta,Carretera,3179
03011,Recta,Carretera,3180
03011,Recta,Carretera,3181
03011,No aplica,Calle,3182
03011,No aplica,Calle,3183
03011,No aplica,Calle,3184
03011,Recta,Carretera,3185
03011,Recta,Carretera,3186
03011,Recta,Carretera,3187
03011,No aplica,Calle,3188
03011,No aplica,Calle,3189
03011,Recta,Carretera,3190
03011,Recta,Carretera,3191
03011,Recta,Carretera,3192
03011,Recta,Carretera,3193
03011,Recta,Carretera,3194
03011,Curva sin señalizar,Carretera,3195
03011,No aplica,Calle,3196
03011,No aplica,Calle,3197
03011,Curva señalizada,Carretera,3198
03011,No aplica,Calle,3199
03011,No aplica,Calle,3200
03011,No aplica,Calle,3201
03011,No aplica,Calle,3202
03011,No aplica,Calle,3203
03011,No aplica,Calle,3204
03011,No aplica,Calle,3205
03011,Curva señalizada,Carretera,3206
03011,No aplica,Calle,3207
03011,No aplica,Calle,3208
03011,No aplica,Calle,3209
03011,No aplica,Calle,3210
03011,No aplica,Calle,3211
03011,No aplica,Calle,3212
03011,No aplica,Calle,3213
03011,Curva sin señalizar,Carretera,3214
03011,Recta,Carretera,3215
03011,No aplica,Calle,3216
03011,No aplica,Calle,3217
03011,No aplica,Calle,3218
03011,No aplica,Calle,3219
03011,No aplica,Calle,3220
03011,No aplica,Calle,3221
00000,Curva señalizada,Carretera,3222
00000,Recta,Carretera,3223
00000,Curva señalizada,Carretera,3224
00000,Recta,Carretera,3225
00000,Recta,Carretera,3226
00000,Recta,Carretera,3227
00000,Recta,Carretera,3228
00000,Recta,Carretera,3229
00000,Recta,Carretera,3230
00000,Recta,Carretera,3231
00000,Curva señalizada,Carretera,3232
00000,Recta,Carretera,3233
00000,Recta,Carretera,3234
00000,Curva señalizada,Carretera,3235
03014,Recta,Carretera,3236
03014,Recta,Carretera,3237
03014,No aplica,Calle,3238
03014,Recta,Carretera,3239
03014,Recta,Carretera,3240
03014,Recta,Carretera,3241
03014,Curva señalizada,Carretera,3242
03014,Curva señalizada,Carretera,3243
03014,Recta,Carretera,3244
03014,Recta,Carretera,3245
03014,Curva señalizada,Carretera,3246
03014,Curva señalizada,Carretera,3247
03014,Recta,Carretera,3248
03014,Recta,Carretera,3249
03014,Recta,Carretera,3250
03014,Curva señalizada,Carretera,3251
03014,Recta,Carretera,3252
03014,Recta,Carretera,3253
03014,Recta,Carretera,3254
03014,No aplica,Calle,3255
03014,Curva señalizada,Carretera,3256
03014,Recta,Carretera,3257
03014,Curva señalizada,Carretera,3258
03014,Recta,Carretera,3259
03014,No aplica,Calle,3260
03014,Curva señalizada,Carretera,3261
03014,Recta,Carretera,3262
03014,Recta,Carretera,3263
03014,Recta,Carretera,3264
03014,Curva señalizada,Carretera,3265
03014,No aplica,Calle,3266
03014,No aplica,Calle,3267
03014,Recta,Carretera,3268
03014,Curva señalizada,Carretera,3269
03014,Recta,Carretera,3270
03014,No aplica,Calle,3271
03014,Recta,Carretera,3272
03014,Recta,Carretera,3273
03014,Recta,Carretera,3274
03014,No aplica,Calle,3275
03014,Curva señalizada,Carretera,3276
03014,Recta,Carretera,3277
03014,Recta,Carretera,3278
03014,No aplica,Calle,3279
03014,No aplica,Calle,3280
03014,Recta,Carretera,3281
03014,No aplica,Calle,3282
03014,Recta,Carretera,3283
03014,No aplica,Calle,3284
03014,No aplica,Calle,3285
03014,No aplica,Calle,3286
03014,No aplica,Calle,3287
03014,No aplica,Calle,3288
03014,No aplica,Calle,3289
03014,No aplica,Calle,3290
03014,No aplica,Calle,3291
03014,No aplica,Calle,3292
03014,No aplica,Calle,3293
03014,No aplica,Calle,3294
03014,No aplica,Calle,3295
03014,No aplica,Calle,3296
03014,No aplica,Calle,3297
03014,No aplica,Calle,3298
03014,No aplica,Calle,3299
03014,No aplica,Calle,3300
03014,No aplica,Calle,3301
03014,No aplica,Calle,3302
03014,No aplica,Calle,3303
03014,No aplica,Calle,3304
03014,Recta,Carretera,3305
03014,Recta,Carretera,3306
03014,No aplica,Calle,3307
03014,Recta,Carretera,3308
03014,No aplica,Calle,3309
03014,No aplica,Calle,3310
03014,Recta,Carretera,3311
03014,Recta,Carretera,3312
03014,No aplica,Calle,3313
03014,No aplica,Calle,3314
03014,No aplica,Calle,3315
03014,No aplica,Calle,3316
03014,No aplica,Calle,3317
03014,Recta,Carretera,3318
03014,Recta,Carretera,3319
03014,Recta,Carretera,3320
03014,Recta,Carretera,3321
03014,Curva señalizada,Carretera,3322
03014,Curva señalizada,Carretera,3323
03014,Recta,Carretera,3324
03014,Recta,Carretera,3325
03014,No aplica,Calle,3326
03014,Recta,Carretera,3327
03014,Recta,Carretera,3328
03014,Curva señalizada,Carretera,3329
03014,No aplica,Calle,3330
03014,Curva señalizada,Carretera,3331
03014,Recta,Carretera,3332
03014,Recta,Carretera,3333
03014,Recta,Carretera,3334
03014,Recta,Carretera,3335
03014,Recta,Carretera,3336
03014,Recta,Carretera,3337
03014,Curva señalizada,Carretera,3338
03014,Recta,Carretera,3339
03014,No aplica,Calle,3340
03014,Recta,Carretera,3341
03014,Recta,Carretera,3342
03014,Recta,Carretera,3343
03014,Curva señalizada,Carretera,3344
03014,Recta,Carretera,3345
03014,No aplica,Calle,3346
03014,No aplica,Calle,3347
03014,No aplica,Calle,3348
03014,Recta,Carretera,3349
03014,Recta,Carretera,3350
03014,Recta,Carretera,3351
03014,No aplica,Calle,3352
03014,Recta,Carretera,3353
03014,Recta,Carretera,3354
03014,Recta,Carretera,3355
03014,Curva señalizada,Carretera,3356
03014,Recta,Carretera,3357
03014,Recta,Carretera,3358
03014,Recta,Carretera,3359
03014,Curva señalizada,Carretera,3360
03014,Recta,Carretera,3361
03014,Recta,Carretera,3362
03014,Curva señalizada,Carretera,3363
03014,Recta,Carretera,3364
03014,Curva señalizada,Carretera,3365
03014,Recta,Carretera,3366
03014,Curva señalizada,Carretera,3367
03014,Recta,Carretera,3368
03014,Recta,Carretera,3369
03014,Recta,Carretera,3370
03014,Recta,Carretera,3371
03014,Recta,Carretera,3372
03014,Recta,Carretera,3373
03014,Recta,Carretera,3374
03014,Curva señalizada,Carretera,3375
03015,Curva señalizada,Carretera,3376
03015,Curva señalizada,Carretera,3377
03015,Recta,Carretera,3378
03015,Recta,Carretera,3379
03015,Recta,Carretera,3380
03015,Recta,Carretera,3381
03015,Recta,Carretera,3382
03015,Recta,Carretera,3383
03015,Recta,Carretera,3384
03015,Recta,Carretera,3385
03015,Recta,Carretera,3386
03015,Recta,Carretera,3387
03015,Recta,Carretera,3388
03015,Recta,Carretera,3389
03015,Recta,Carretera,3390
03015,Curva señalizada,Carretera,3391
03015,Recta,Carretera,3392
03015,Curva sin señalizar,Carretera,3393
03015,No aplica,Calle,3394
03015,No aplica,Calle,3395
03018,Curva señalizada,Carretera,3396
03018,Recta,Carretera,3397
03018,Recta,Travesía,3398
03018,Recta,Travesía,3399
03018,Recta,Carretera,3400
03018,Recta,Carretera,3401
03018,Curva sin señalizar,Carretera,3402
03018,Recta,Carretera,3403
03018,No aplica,Calle,3404
03018,Recta,Carretera,3405
03018,No aplica,Calle,3406
03018,Recta,Carretera,3407
03018,No aplica,Calle,3408
03018,Curva señalizada,Carretera,3409
03018,Curva señalizada,Carretera,3410
03018,Curva sin señalizar,Carretera,3411
03018,Curva señalizada,Carretera,3412
03018,Curva sin señalizar,Carretera,3413
03018,No aplica,Calle,3414
03018,Recta,Carretera,3415
03018,Recta,Carretera,3416
03018,Recta,Carretera,3417
03018,Recta,Carretera,3418
03018,Recta,Carretera,3419
03018,No aplica,Calle,3420
03018,Recta,Carretera,3421
03019,Curva señalizada,Carretera,3422
03019,Recta,Carretera,3423
03019,Curva sin señalizar,Carretera,3424
03019,Recta,Carretera,3425
03019,Recta,Carretera,3426
03019,Recta,Carretera,3427
03019,Curva señalizada,Carretera,3428
03019,Recta,Carretera,3429
03019,Curva sin señalizar,Carretera,3430
03019,Recta,Carretera,3431
03019,Recta,Carretera,3432
03019,Curva sin señalizar,Carretera,3433
03019,Recta,Carretera,3434
03019,Curva sin señalizar,Carretera,3435
03019,Curva sin señalizar,Carretera,3436
03021,No aplica,Calle,3437
03021,No aplica,Calle,3438
03021,Se desconoce,Carretera,3439
03021,Curva sin señalizar,Carretera,3440
03021,No aplica,Calle,3441
00000,Curva sin señalizar,Carretera,3442
00000,No aplica,Calle,3443
00000,No aplica,Calle,3444
03024,Curva señalizada,Carretera,3445
03024,Recta,Carretera,3446
00000,No aplica,Calle,3447
00000,Curva sin señalizar,Carretera,3448
00000,Curva sin señalizar,Carretera,3449
00000,No aplica,Calle,3450
00000,Curva señalizada,Carretera,3451
00000,Curva sin señalizar,Carretera,3452
03031,No aplica,Calle,3453
03031,No aplica,Calle,3454
03031,No aplica,Calle,3455
03031,No aplica,Calle,3456
03031,No aplica,Calle,3457
03031,No aplica,Calle,3458
03031,No aplica,Calle,3459
03031,No aplica,Calle,3460
03031,No aplica,Calle,3461
03031,No aplica,Calle,3462
03031,No aplica,Calle,3463
03031,Recta,Carretera,3464
03031,No aplica,Calle,3465
03031,Recta,Carretera,3466
03031,No aplica,Calle,3467
03031,No aplica,Calle,3468
03031,No aplica,Calle,3469
03031,No aplica,Calle,3470
03031,No aplica,Calle,3471
03031,No aplica,Calle,3472
03031,No aplica,Calle,3473
03031,No aplica,Calle,3474
03031,No aplica,Calle,3475
03031,No aplica,Calle,3476
03031,No aplica,Calle,3477
03031,No aplica,Calle,3478
03031,No aplica,Calle,3479
03031,Recta,Carretera,3480
03031,No aplica,Calle,3481
03031,No aplica,Calle,3482
03031,No aplica,Calle,3483
03031,No aplica,Calle,3484
03031,No aplica,Calle,3485
03031,No aplica,Calle,3486
03031,No aplica,Calle,3487
03031,No aplica,Calle,3488
03031,No aplica,Calle,3489
03031,No aplica,Calle,3490
03031,No aplica,Calle,3491
03031,No aplica,Calle,3492
03031,No aplica,Calle,3493
03031,No aplica,Calle,3494
03031,No aplica,Calle,3495
03031,No aplica,Calle,3496
03031,No aplica,Calle,3497
03031,No aplica,Calle,3498
03031,No aplica,Calle,3499
03031,No aplica,Calle,3500
03031,No aplica,Calle,3501
03031,No aplica,Calle,3502
03031,No aplica,Calle,3503
03031,Recta,Carretera,3504
03031,No aplica,Calle,3505
03031,No aplica,Calle,3506
03031,No aplica,Calle,3507
03031,No aplica,Calle,3508
03031,Recta,Carretera,3509
03031,No aplica,Calle,3510
03031,No aplica,Calle,3511
03031,No aplica,Calle,3512
03031,No aplica,Calle,3513
03031,No aplica,Calle,3514
03031,Recta,Carretera,3515
03031,No aplica,Calle,3516
03031,No aplica,Calle,3517
03031,No aplica,Calle,3518
03031,No aplica,Calle,3519
03031,No aplica,Calle,3520
03031,No aplica,Calle,3521
03031,No aplica,Calle,3522
03031,No aplica,Calle,3523
03031,No aplica,Calle,3524
03031,No aplica,Calle,3525
03031,No aplica,Calle,3526
03031,No aplica,Calle,3527
03031,No aplica,Calle,3528
03031,No aplica,Calle,3529
03031,No aplica,Calle,3530
03031,No aplica,Calle,3531
03031,No aplica,Calle,3532
03031,No aplica,Calle,3533
03031,No aplica,Calle,3534
03031,No aplica,Calle,3535
03031,Recta,Carretera,3536
03031,No aplica,Calle,3537
03031,No aplica,Calle,3538
03031,No aplica,Calle,3539
03031,No aplica,Calle,3540
03031,No aplica,Calle,3541
03031,Recta,Carretera,3542
03031,No aplica,Calle,3543
03031,Curva señalizada,Carretera,3544
03031,No aplica,Calle,3545
03031,Se desconoce,Carretera,3546
03031,No aplica,Calle,3547
03031,No aplica,Calle,3548
03031,No aplica,Calle,3549
03031,No aplica,Calle,3550
03031,No aplica,Calle,3551
03031,No aplica,Calle,3552
03031,No aplica,Calle,3553
03031,No aplica,Calle,3554
03031,Recta,Carretera,3555
03031,No aplica,Calle,3556
03031,No aplica,Calle,3557
03031,No aplica,Calle,3558
03031,No aplica,Calle,3559
03031,No aplica,Calle,3560
03031,No aplica,Calle,3561
03031,No aplica,Calle,3562
03031,No aplica,Calle,3563
03031,No aplica,Calle,3564
03031,Recta,Carretera,3565
03031,No aplica,Calle,3566
03031,No aplica,Calle,3567
03031,No aplica,Calle,3568
03031,No aplica,Calle,3569
03031,No aplica,Calle,3570
03031,Recta,Carretera,3571
03031,Curva señalizada,Carretera,3572
03031,No aplica,Calle,3573
03031,No aplica,Calle,3574
03031,No aplica,Calle,3575
03031,No aplica,Calle,3576
03031,No aplica,Calle,3577
03031,No aplica,Calle,3578
03031,No aplica,Calle,3579
03031,No aplica,Calle,3580
03031,No aplica,Calle,3581
03031,No aplica,Calle,3582
03031,No aplica,Calle,3583
03031,No aplica,Calle,3584
03031,No aplica,Calle,3585
03031,No aplica,Calle,3586
03031,No aplica,Calle,3587
03031,No aplica,Calle,3588
03031,No aplica,Calle,3589
03031,No aplica,Calle,3590
03031,No aplica,Calle,3591
03031,No aplica,Calle,3592
03031,No aplica,Calle,3593
03031,No aplica,Calle,3594
03031,No aplica,Calle,3595
03031,No aplica,Calle,3596
03031,No aplica,Calle,3597
03031,Recta,Carretera,3598
03031,No aplica,Calle,3599
03031,Recta,Carretera,3600
03031,No aplica,Calle,3601
03031,No aplica,Calle,3602
03031,No aplica,Calle,3603
03031,No aplica,Calle,3604
03031,No aplica,Calle,3605
03031,No aplica,Calle,3606
03031,No aplica,Calle,3607
03031,No aplica,Calle,3608
03031,No aplica,Calle,3609
03031,No aplica,Calle,3610
03031,No aplica,Calle,3611
03031,No aplica,Calle,3612
03031,No aplica,Calle,3613
03031,No aplica,Calle,3614
03031,No aplica,Calle,3615
03031,No aplica,Calle,3616
03031,No aplica,Calle,3617
03031,No aplica,Calle,3618
03031,No aplica,Calle,3619
03031,No aplica,Calle,3620
03031,No aplica,Calle,3621
03031,No aplica,Calle,3622
03031,No aplica,Calle,3623
03031,No aplica,Calle,3624
03031,No aplica,Calle,3625
03031,No aplica,Calle,3626
03031,No aplica,Calle,3627
03031,No aplica,Calle,3628
03031,No aplica,Calle,3629
03031,No aplica,Calle,3630
03031,No aplica,Calle,3631
03031,No aplica,Calle,3632
03031,No aplica,Calle,3633
03031,No aplica,Calle,3634
03031,No aplica,Calle,3635
03031,No aplica,Calle,3636
03031,No aplica,Calle,3637
03031,No aplica,Calle,3638
03031,No aplica,Calle,3639
03031,No aplica,Calle,3640
03031,Curva señalizada,Carretera,3641
03031,No aplica,Calle,3642
03031,No aplica,Calle,3643
03031,No aplica,Calle,3644
03031,No aplica,Calle,3645
03031,No aplica,Calle,3646
03031,No aplica,Calle,3647
03031,No aplica,Calle,3648
03031,No aplica,Calle,3649
03031,No aplica,Calle,3650
03031,No aplica,Calle,3651
03031,No aplica,Calle,3652
03031,No aplica,Calle,3653
03031,No aplica,Calle,3654
03031,No aplica,Calle,3655
03031,No aplica,Calle,3656
03031,No aplica,Calle,3657
03031,No aplica,Calle,3658
03031,No aplica,Calle,3659
03031,Recta,Carretera,3660
03031,No aplica,Calle,3661
03031,No aplica,Calle,3662
03031,No aplica,Calle,3663
03031,No aplica,Calle,3664
03031,No aplica,Calle,3665
03031,No aplica,Calle,3666
03031,No aplica,Calle,3667
03031,No aplica,Calle,3668
03031,No aplica,Calle,3669
03031,No aplica,Calle,3670
03031,No aplica,Calle,3671
03031,No aplica,Calle,3672
03031,No aplica,Calle,3673
03031,No aplica,Calle,3674
03031,No aplica,Calle,3675
03031,No aplica,Calle,3676
03031,No aplica,Calle,3677
03031,No aplica,Calle,3678
03031,No aplica,Calle,3679
03031,No aplica,Calle,3680
03031,No aplica,Calle,3681
03031,No aplica,Calle,3682
03031,No aplica,Calle,3683
03031,No aplica,Calle,3684
03031,No aplica,Calle,3685
03031,No aplica,Calle,3686
03031,Recta,Carretera,3687
03031,No aplica,Calle,3688
03031,No aplica,Calle,3689
03031,Curva señalizada,Carretera,3690
03031,No aplica,Calle,3691
03031,No aplica,Calle,3692
03031,No aplica,Calle,3693
03031,No aplica,Calle,3694
03031,No aplica,Calle,3695
03031,No aplica,Calle,3696
03031,No aplica,Calle,3697
03031,No aplica,Calle,3698
03031,No aplica,Calle,3699
03031,No aplica,Calle,3700
03031,No aplica,Calle,3701
03031,No aplica,Calle,3702
03031,Recta,Carretera,3703
03031,No aplica,Calle,3704
03031,No aplica,Calle,3705
03031,No aplica,Calle,3706
03031,No aplica,Calle,3707
03031,No aplica,Calle,3708
03031,No aplica,Calle,3709
03031,No aplica,Calle,3710
03031,No aplica,Calle,3711
03031,No aplica,Calle,3712
03031,No aplica,Calle,3713
03031,No aplica,Calle,3714
03031,No aplica,Calle,3715
03031,No aplica,Calle,3716
03031,No aplica,Calle,3717
03031,No aplica,Calle,3718
03031,No aplica,Calle,3719
03031,No aplica,Calle,3720
03031,No aplica,Calle,3721
03031,No aplica,Calle,3722
03031,No aplica,Calle,3723
03031,No aplica,Calle,3724
03031,No aplica,Calle,3725
03031,No aplica,Calle,3726
03031,No aplica,Calle,3727
03031,Recta,Carretera,3728
03031,No aplica,Calle,3729
00000,Curva señalizada,Carretera,3730
00000,No aplica,Calle,3731
00000,Recta,Carretera,3732
00000,Recta,Carretera,3733
00000,Recta,Carretera,3734
00000,Recta,Carretera,3735
00000,No aplica,Calle,3736
00000,Curva señalizada,Carretera,3737
00000,Curva señalizada,Carretera,3738
00000,Curva señalizada,Carretera,3739
00000,No aplica,Calle,3740
00000,Recta,Carretera,3741
00000,Curva señalizada,Carretera,3742
00000,Curva señalizada,Carretera,3743
00000,Curva señalizada,Carretera,3744
00000,Curva señalizada,Carretera,3745
00000,Recta,Carretera,3746
00000,Curva señalizada,Carretera,3747
00000,Curva señalizada,Carretera,3748
03041,Recta,Carretera,3749
03041,Recta,Carretera,3750
03041,No aplica,Calle,3751
03041,Curva señalizada,Carretera,3752
03041,Curva señalizada,Carretera,3753
03041,Curva señalizada,Carretera,3754
03041,Curva señalizada,Carretera,3755
03041,Curva sin señalizar,Carretera,3756
03041,Recta,Carretera,3757
03041,Recta,Carretera,3758
03041,Curva señalizada,Carretera,3759
03041,No aplica,Calle,3760
00000,Recta,Carretera,3761
00000,No aplica,Calle,3762
00000,No aplica,Calle,3763
00000,Recta,Carretera,3764
03044,Recta,Carretera,3765
03044,Curva sin señalizar,Carretera,3766
03044,Recta,Carretera,3767
00000,Curva sin señalizar,Carretera,3768
03047,Curva sin señalizar,Carretera,3769
03047,Recta,Carretera,3770
03047,Curva sin señalizar,Carretera,3771
03047,Recta,Carretera,3772
03047,No aplica,Calle,3773
03047,Curva señalizada,Carretera,3774
03047,Recta,Carretera,3775
03047,No aplica,Calle,3776
03047,No aplica,Calle,3777
03048,Curva señalizada,Carretera,3778
03048,Recta,Carretera,3779
03048,Recta,Carretera,3780
03048,Recta,Carretera,3781
03048,Curva señalizada,Carretera,3782
03048,Curva señalizada,Carretera,3783
03049,Recta,Carretera,3784
03049,Recta,Carretera,3785
03049,Recta,Carretera,3786
03049,Recta,Carretera,3787
03049,Recta,Carretera,3788
03049,Recta,Carretera,3789
03049,Recta,Carretera,3790
03049,Recta,Carretera,3791
03049,Recta,Carretera,3792
03049,Recta,Carretera,3793
03049,Curva sin señalizar,Carretera,3794
03049,Recta,Carretera,3795
03049,Recta,Carretera,3796
03050,Recta,Carretera,3797
03050,Curva señalizada,Carretera,3798
03050,Recta,Carretera,3799
03050,Recta,Carretera,3800
03050,Recta,Carretera,3801
03050,Recta,Carretera,3802
03050,Curva señalizada,Carretera,3803
03050,Curva señalizada,Carretera,3804
03050,Recta,Carretera,3805
03050,Curva señalizada,Carretera,3806
03050,Recta,Carretera,3807
03050,Recta,Carretera,3808
03050,Recta,Carretera,3809
03050,Recta,Carretera,3810
03050,Recta,Carretera,3811
03050,Recta,Carretera,3812
03050,No aplica,Calle,3813
03050,Recta,Carretera,3814
03050,Recta,Carretera,3815
03050,No aplica,Calle,3816
03050,Recta,Carretera,3817
03050,Recta,Carretera,3818
03050,Curva señalizada,Carretera,3819
03050,Curva señalizada,Carretera,3820
03050,Curva señalizada,Carretera,3821
03050,Recta,Carretera,3822
03050,No aplica,Calle,3823
03050,No aplica,Calle,3824
03050,Recta,Carretera,3825
03050,No aplica,Calle,3826
03050,No aplica,Calle,3827
03050,Recta,Carretera,3828
03050,Recta,Carretera,3829
03050,No aplica,Calle,3830
03050,Curva señalizada,Carretera,3831
03050,No aplica,Calle,3832
03050,No aplica,Calle,3833
00000,Curva señalizada,Carretera,3834
00000,Recta,Carretera,3835
00000,Recta,Carretera,3836
03053,Curva sin señalizar,Carretera,3837
03053,No aplica,Calle,3838
03053,No aplica,Calle,3839
03053,No aplica,Calle,3840
03053,Recta,Carretera,3841
03053,Curva sin señalizar,Carretera,3842
03053,Recta,Carretera,3843
03053,Recta,Carretera,3844
03053,No aplica,Calle,3845
03053,No aplica,Calle,3846
03053,Recta,Carretera,3847
03053,Recta,Carretera,3848
00000,Curva señalizada,Carretera,3849
03055,Recta,Carretera,3850
03055,Recta,Carretera,3851
03055,Curva sin señalizar,Carretera,3852
03055,Recta,Carretera,3853
03055,Curva señalizada,Carretera,3854
03055,Recta,Carretera,3855
03056,Recta,Carretera,3856
03056,Recta,Carretera,3857
03056,Recta,Carretera,3858
03056,Recta,Carretera,3859
03056,Curva señalizada,Carretera,3860
03056,Recta,Carretera,3861
03056,Recta,Carretera,3862
00000,Curva señalizada,Carretera,3863
03058,No aplica,Calle,3864
03058,No aplica,Calle,3865
03058,No aplica,Calle,3866
03058,No aplica,Calle,3867
03058,No aplica,Calle,3868
03058,Recta,Carretera,3869
03058,Recta,Carretera,3870
03058,No aplica,Calle,3871
03058,No aplica,Calle,3872
03058,No aplica,Calle,3873
03058,Recta,Carretera,3874
03058,No aplica,Calle,3875
03058,No aplica,Calle,3876
03058,No aplica,Calle,3877
03058,No aplica,Calle,3878
03058,Recta,Carretera,3879
03058,No aplica,Calle,3880
03058,No aplica,Calle,3881
03058,No aplica,Calle,3882
03058,No aplica,Calle,3883
03058,No aplica,Calle,3884
03058,No aplica,Calle,3885
03058,No aplica,Calle,3886
03058,No aplica,Calle,3887
03058,No aplica,Calle,3888
03058,No aplica,Calle,3889
03058,No aplica,Calle,3890
03058,No aplica,Calle,3891
03058,Recta,Carretera,3892
03058,No aplica,Calle,3893
03058,No aplica,Calle,3894
03058,No aplica,Calle,3895
03058,No aplica,Calle,3896
03058,No aplica,Calle,3897
03058,No aplica,Calle,3898
03058,Recta,Carretera,3899
03058,No aplica,Calle,3900
03058,No aplica,Calle,3901
03058,Recta,Carretera,3902
03058,No aplica,Calle,3903
03058,No aplica,Calle,3904
03059,Recta,Carretera,3905
03059,Recta,Carretera,3906
03059,Se desconoce,Carretera,3907
03059,Recta,Carretera,3908
03059,Recta,Carretera,3909
03059,Recta,Carretera,3910
03059,Recta,Carretera,3911
03059,No aplica,Calle,3912
03059,No aplica,Calle,3913
03059,Recta,Carretera,3914
03059,Recta,Carretera,3915
03059,Recta,Carretera,3916
03059,No aplica,Calle,3917
03059,No aplica,Calle,3918
03059,Recta,Carretera,3919
03059,Recta,Carretera,3920
03059,Recta,Carretera,3921
03059,No aplica,Calle,3922
03059,Recta,Carretera,3923
03059,Recta,Carretera,3924
03059,Curva señalizada,Carretera,3925
03059,Curva sin señalizar,Carretera,3926
03059,Curva sin señalizar,Carretera,3927
03059,No aplica,Calle,3928
03059,No aplica,Calle,3929
03059,Curva señalizada,Carretera,3930
03059,No aplica,Calle,3931
03059,No aplica,Calle,3932
03059,No aplica,Calle,3933
03059,Recta,Carretera,3934
03059,Curva sin señalizar,Carretera,3935
03059,Recta,Carretera,3936
03059,Recta,Carretera,3937
03059,Recta,Carretera,3938
03059,Recta,Carretera,3939
03059,Curva señalizada,Carretera,3940
03059,Recta,Carretera,3941
03059,Recta,Carretera,3942
03059,Recta,Carretera,3943
03059,Recta,Carretera,3944
03059,Recta,Carretera,3945
03059,Curva señalizada,Carretera,3946
00000,Recta,Carretera,3947
00000,Curva señalizada,Carretera,3948
00000,Recta,Carretera,3949
00000,Curva sin señalizar,Carretera,3950
03063,No aplica,Calle,3951
03063,No aplica,Calle,3952
03063,No aplica,Calle,3953
03063,Recta,Carretera,3954
03063,Recta,Carretera,3955
03063,No aplica,Calle,3956
03063,Curva sin señalizar,Carretera,3957
03063,No aplica,Calle,3958
03063,No aplica,Calle,3959
03063,No aplica,Calle,3960
03063,No aplica,Calle,3961
03063,Recta,Carretera,3962
03063,Recta,Carretera,3963
03063,No aplica,Calle,3964
03063,Recta,Carretera,3965
03063,Recta,Carretera,3966
03063,No aplica,Calle,3967
03063,Recta,Carretera,3968
03063,Curva señalizada,Carretera,3969
03063,Curva señalizada,Carretera,3970
03063,No aplica,Calle,3971
03063,No aplica,Calle,3972
03063,No aplica,Calle,3973
03063,No aplica,Calle,3974
03063,No aplica,Calle,3975
03063,Curva señalizada,Carretera,3976
03063,No aplica,Calle,3977
03063,No aplica,Calle,3978
03063,No aplica,Calle,3979
03063,Curva señalizada,Carretera,3980
03063,No aplica,Calle,3981
03063,Recta,Carretera,3982
03063,No aplica,Calle,3983
03063,Recta,Carretera,3984
03063,Curva señalizada,Carretera,3985
03063,Recta,Carretera,3986
03063,Recta,Carretera,3987
03063,Recta,Carretera,3988
03063,No aplica,Calle,3989
03063,Recta,Carretera,3990
03063,No aplica,Calle,3991
03063,No aplica,Calle,3992
03063,No aplica,Calle,3993
03063,No aplica,Calle,3994
03063,Curva señalizada,Carretera,3995
03063,No aplica,Calle,3996
03063,Recta,Carretera,3997
03063,No aplica,Calle,3998
03063,Curva señalizada,Carretera,3999
03064,Recta,Carretera,4000
03064,Recta,Carretera,4001
03064,Recta,Carretera,4002
03065,Recta,Carretera,4003
03065,No aplica,Calle,4004
03065,No aplica,Calle,4005
03065,No aplica,Calle,4006
03065,No aplica,Calle,4007
03065,No aplica,Calle,4008
03065,No aplica,Calle,4009
03065,No aplica,Calle,4010
03065,No aplica,Calle,4011
03065,No aplica,Calle,4012
03065,No aplica,Calle,4013
03065,No aplica,Calle,4014
03065,No aplica,Calle,4015
03065,No aplica,Calle,4016
03065,No aplica,Calle,4017
03065,No aplica,Calle,4018
03065,No aplica,Calle,4019
03065,Recta,Carretera,4020
03065,No aplica,Calle,4021
03065,Recta,Carretera,4022
03065,No aplica,Calle,4023
03065,No aplica,Calle,4024
03065,No aplica,Calle,4025
03065,No aplica,Calle,4026
03065,No aplica,Calle,4027
03065,No aplica,Calle,4028
03065,No aplica,Calle,4029
03065,Recta,Carretera,4030
03065,No aplica,Calle,4031
03065,Recta,Carretera,4032
03065,No aplica,Calle,4033
03065,No aplica,Calle,4034
03065,No aplica,Calle,4035
03065,No aplica,Calle,4036
03065,No aplica,Calle,4037
03065,No aplica,Calle,4038
03065,No aplica,Calle,4039
03065,No aplica,Calle,4040
03065,No aplica,Calle,4041
03065,No aplica,Calle,4042
03065,No aplica,Calle,4043
03065,No aplica,Calle,4044
03065,No aplica,Calle,4045
03065,No aplica,Calle,4046
03065,No aplica,Calle,4047
03065,No aplica,Calle,4048
03065,Curva sin señalizar,Carretera,4049
03065,No aplica,Calle,4050
03065,No aplica,Calle,4051
03065,Curva señalizada,Carretera,4052
03065,No aplica,Calle,4053
03065,No aplica,Calle,4054
03065,Curva señalizada,Carretera,4055
03065,No aplica,Calle,4056
03065,No aplica,Calle,4057
03065,Recta,Carretera,4058
03065,Recta,Carretera,4059
03065,Recta,Carretera,4060
03065,No aplica,Calle,4061
03065,No aplica,Calle,4062
03065,No aplica,Calle,4063
03065,No aplica,Calle,4064
03065,No aplica,Calle,4065
03065,No aplica,Calle,4066
03065,No aplica,Calle,4067
03065,No aplica,Calle,4068
03065,No aplica,Calle,4069
03065,No aplica,Calle,4070
03065,No aplica,Calle,4071
03065,Recta,Carretera,4072
03065,No aplica,Calle,4073
03065,No aplica,Calle,4074
03065,No aplica,Calle,4075
03065,No aplica,Calle,4076
03065,No aplica,Calle,4077
03065,Recta,Carretera,4078
03065,No aplica,Calle,4079
03065,Recta,Carretera,4080
03065,No aplica,Calle,4081
03065,No aplica,Calle,4082
03065,Recta,Carretera,4083
03065,No aplica,Calle,4084
03065,Curva señalizada,Carretera,4085
03065,No aplica,Calle,4086
03065,Recta,Carretera,4087
03065,No aplica,Calle,4088
03065,No aplica,Calle,4089
03065,No aplica,Calle,4090
03065,No aplica,Calle,4091
03065,No aplica,Calle,4092
03065,No aplica,Calle,4093
03065,No aplica,Calle,4094
03065,No aplica,Calle,4095
03065,No aplica,Calle,4096
03065,No aplica,Calle,4097
03065,No aplica,Calle,4098
03065,No aplica,Calle,4099
03065,No aplica,Calle,4100
03065,Recta,Carretera,4101
03065,Recta,Carretera,4102
03065,No aplica,Calle,4103
03065,No aplica,Calle,4104
03065,No aplica,Calle,4105
03065,No aplica,Calle,4106
03065,No aplica,Calle,4107
03065,No aplica,Calle,4108
03065,No aplica,Calle,4109
03065,No aplica,Calle,4110
03065,No aplica,Calle,4111
03065,No aplica,Calle,4112
03065,No aplica,Calle,4113
03065,Recta,Carretera,4114
03065,Curva señalizada,Carretera,4115
03065,No aplica,Calle,4116
03065,Recta,Carretera,4117
03065,No aplica,Calle,4118
03065,No aplica,Calle,4119
03065,No aplica,Calle,4120
03065,No aplica,Calle,4121
03065,No aplica,Calle,4122
03065,No aplica,Calle,4123
03065,No aplica,Calle,4124
03065,No aplica,Calle,4125
03065,No aplica,Calle,4126
03065,No aplica,Calle,4127
03065,Recta,Carretera,4128
03065,No aplica,Calle,4129
03065,No aplica,Calle,4130
03065,No aplica,Calle,4131
03065,No aplica,Calle,4132
03065,No aplica,Calle,4133
03065,No aplica,Calle,4134
03065,No aplica,Calle,4135
03065,No aplica,Calle,4136
03065,No aplica,Calle,4137
03065,Recta,Carretera,4138
03065,Recta,Carretera,4139
03065,Recta,Carretera,4140
03065,Recta,Carretera,4141
03065,No aplica,Calle,4142
03065,Curva señalizada,Carretera,4143
03065,No aplica,Calle,4144
03065,No aplica,Calle,4145
03065,No aplica,Calle,4146
03065,No aplica,Calle,4147
03065,Recta,Carretera,4148
03065,No aplica,Calle,4149
03065,Recta,Travesía,4150
03065,No aplica,Calle,4151
03065,No aplica,Calle,4152
03065,No aplica,Calle,4153
03065,No aplica,Calle,4154
03065,No aplica,Calle,4155
03065,No aplica,Calle,4156
03065,No aplica,Calle,4157
03065,Recta,Carretera,4158
03065,Curva señalizada,Carretera,4159
03065,No aplica,Calle,4160
03065,Recta,Carretera,4161
03065,Recta,Carretera,4162
03065,Curva señalizada,Carretera,4163
03065,No aplica,Calle,4164
03065,No aplica,Calle,4165
03065,No aplica,Calle,4166
03065,No aplica,Calle,4167
03065,No aplica,Calle,4168
03065,Recta,Carretera,4169
03065,No aplica,Calle,4170
03065,No aplica,Calle,4171
03065,Recta,Carretera,4172
03065,No aplica,Calle,4173
03065,No aplica,Calle,4174
03065,No aplica,Calle,4175
03065,No aplica,Calle,4176
03065,Recta,Carretera,4177
03065,No aplica,Calle,4178
03065,No aplica,Calle,4179
03065,No aplica,Calle,4180
03065,Curva señalizada,Carretera,4181
03065,No aplica,Calle,4182
03065,No aplica,Calle,4183
03065,No aplica,Calle,4184
03065,No aplica,Calle,4185
03065,No aplica,Calle,4186
03065,Curva señalizada,Carretera,4187
03065,Recta,Carretera,4188
03065,No aplica,Calle,4189
03065,No aplica,Calle,4190
03065,No aplica,Calle,4191
03065,No aplica,Calle,4192
03065,No aplica,Calle,4193
03065,No aplica,Calle,4194
03065,Curva señalizada,Carretera,4195
03065,No aplica,Calle,4196
03065,No aplica,Calle,4197
03065,No aplica,Calle,4198
03065,No aplica,Calle,4199
03065,No aplica,Calle,4200
03065,No aplica,Calle,4201
03065,No aplica,Calle,4202
03065,Recta,Carretera,4203
03065,No aplica,Calle,4204
03065,No aplica,Calle,4205
03065,No aplica,Calle,4206
03065,Recta,Carretera,4207
03065,No aplica,Calle,4208
03065,No aplica,Calle,4209
03065,Recta,Carretera,4210
03065,No aplica,Calle,4211
03065,No aplica,Calle,4212
03065,No aplica,Calle,4213
03065,Recta,Carretera,4214
03065,No aplica,Calle,4215
03065,No aplica,Calle,4216
03065,Recta,Carretera,4217
03065,Recta,Carretera,4218
03065,No aplica,Calle,4219
03065,No aplica,Calle,4220
03065,No aplica,Calle,4221
03065,No aplica,Calle,4222
03065,No aplica,Calle,4223
03065,Recta,Carretera,4224
03065,No aplica,Calle,4225
03065,Recta,Carretera,4226
03065,No aplica,Calle,4227
03065,No aplica,Calle,4228
03065,Recta,Carretera,4229
03065,No aplica,Calle,4230
03065,No aplica,Calle,4231
03065,No aplica,Calle,4232
03065,No aplica,Calle,4233
03065,Recta,Carretera,4234
03065,No aplica,Calle,4235
03065,No aplica,Calle,4236
03065,Recta,Carretera,4237
03065,Curva señalizada,Carretera,4238
03065,No aplica,Calle,4239
03065,No aplica,Calle,4240
03065,No aplica,Calle,4241
03065,Recta,Carretera,4242
03065,No aplica,Calle,4243
03065,No aplica,Calle,4244
03065,No aplica,Calle,4245
03065,No aplica,Calle,4246
03065,No aplica,Calle,4247
03065,Curva señalizada,Carretera,4248
03065,Curva sin señalizar,Carretera,4249
03065,Recta,Carretera,4250
03065,No aplica,Calle,4251
03065,No aplica,Calle,4252
03065,Recta,Carretera,4253
03065,Recta,Carretera,4254
03065,Curva señalizada,Carretera,4255
03065,Recta,Carretera,4256
03065,No aplica,Calle,4257
03065,No aplica,Calle,4258
03065,No aplica,Calle,4259
03065,No aplica,Calle,4260
03065,No aplica,Calle,4261
03065,No aplica,Calle,4262
03065,No aplica,Calle,4263
03065,No aplica,Calle,4264
03065,No aplica,Calle,4265
03065,No aplica,Calle,4266
03065,Recta,Carretera,4267
03065,No aplica,Calle,4268
03065,Recta,Carretera,4269
03065,Recta,Carretera,4270
03065,No aplica,Calle,4271
03065,No aplica,Calle,4272
03065,No aplica,Calle,4273
03065,Recta,Carretera,4274
03065,Recta,Carretera,4275
03065,Curva señalizada,Carretera,4276
03065,No aplica,Calle,4277
03065,No aplica,Calle,4278
03065,No aplica,Calle,4279
03065,No aplica,Calle,4280
03065,Recta,Carretera,4281
03065,No aplica,Calle,4282
03065,No aplica,Calle,4283
03065,No aplica,Calle,4284
03065,No aplica,Calle,4285
03065,No aplica,Calle,4286
03065,No aplica,Calle,4287
03065,No aplica,Calle,4288
03065,No aplica,Calle,4289
03065,No aplica,Calle,4290
03065,No aplica,Calle,4291
03065,No aplica,Calle,4292
03065,Curva sin señalizar,Carretera,4293
03065,No aplica,Calle,4294
03065,No aplica,Calle,4295
03065,No aplica,Calle,4296
03065,No aplica,Calle,4297
03065,No aplica,Calle,4298
03065,No aplica,Calle,4299
03065,No aplica,Calle,4300
03065,No aplica,Calle,4301
03065,No aplica,Calle,4302
03065,Curva señalizada,Carretera,4303
03065,Recta,Carretera,4304
03065,No aplica,Calle,4305
03065,Recta,Carretera,4306
03065,No aplica,Calle,4307
03065,No aplica,Calle,4308
03065,No aplica,Calle,4309
03065,No aplica,Calle,4310
03065,No aplica,Calle,4311
03065,No aplica,Calle,4312
03065,No aplica,Calle,4313
03065,No aplica,Calle,4314
03065,No aplica,Calle,4315
03065,No aplica,Calle,4316
03065,No aplica,Calle,4317
03065,No aplica,Calle,4318
03065,No aplica,Calle,4319
03065,Curva sin señalizar,Carretera,4320
03065,No aplica,Calle,4321
03065,Recta,Carretera,4322
03065,No aplica,Calle,4323
03065,Curva señalizada,Carretera,4324
03065,No aplica,Calle,4325
03065,Curva señalizada,Carretera,4326
03065,Curva señalizada,Carretera,4327
03065,Recta,Carretera,4328
03065,No aplica,Calle,4329
03065,Curva sin señalizar,Carretera,4330
03065,No aplica,Calle,4331
03065,No aplica,Calle,4332
03065,No aplica,Calle,4333
03065,Curva señalizada,Carretera,4334
03065,Curva señalizada,Carretera,4335
03065,Recta,Carretera,4336
03065,Recta,Carretera,4337
03065,No aplica,Calle,4338
03065,No aplica,Calle,4339
03065,No aplica,Calle,4340
03065,No aplica,Calle,4341
03065,No aplica,Calle,4342
03065,Recta,Carretera,4343
03065,No aplica,Calle,4344
03065,No aplica,Calle,4345
03065,No aplica,Calle,4346
03065,Recta,Carretera,4347
03065,Recta,Carretera,4348
03065,No aplica,Calle,4349
03065,No aplica,Calle,4350
03065,Recta,Carretera,4351
03065,No aplica,Calle,4352
03065,No aplica,Calle,4353
03065,No aplica,Calle,4354
03065,No aplica,Calle,4355
03065,No aplica,Calle,4356
03065,No aplica,Calle,4357
03065,No aplica,Calle,4358
03065,No aplica,Calle,4359
03065,No aplica,Calle,4360
03065,No aplica,Calle,4361
03065,No aplica,Calle,4362
03065,No aplica,Calle,4363
03065,No aplica,Calle,4364
03065,Curva señalizada,Carretera,4365
03065,No aplica,Calle,4366
03065,No aplica,Calle,4367
03065,Curva sin señalizar,Carretera,4368
03065,No aplica,Calle,4369
03065,No aplica,Calle,4370
03065,No aplica,Calle,4371
03065,No aplica,Calle,4372
03065,No aplica,Calle,4373
03065,No aplica,Calle,4374
03065,No aplica,Calle,4375
03065,No aplica,Calle,4376
03065,Recta,Carretera,4377
03065,No aplica,Calle,4378
03065,No aplica,Calle,4379
03065,Curva sin señalizar,Carretera,4380
03065,No aplica,Calle,4381
03065,Recta,Carretera,4382
03065,Recta,Carretera,4383
03065,No aplica,Calle,4384
03065,No aplica,Calle,4385
03065,No aplica,Calle,4386
03065,Recta,Carretera,4387
03065,No aplica,Calle,4388
03065,Curva señalizada,Carretera,4389
03065,Recta,Carretera,4390
03065,Recta,Carretera,4391
03065,Curva señalizada,Carretera,4392
03065,Recta,Carretera,4393
03065,No aplica,Calle,4394
03065,No aplica,Calle,4395
03065,Curva señalizada,Carretera,4396
03065,No aplica,Calle,4397
03065,No aplica,Calle,4398
03065,No aplica,Calle,4399
03065,No aplica,Calle,4400
03065,No aplica,Calle,4401
03065,No aplica,Calle,4402
03065,No aplica,Calle,4403
03065,No aplica,Calle,4404
03065,No aplica,Calle,4405
03065,No aplica,Calle,4406
03065,No aplica,Calle,4407
03065,No aplica,Calle,4408
03065,Recta,Carretera,4409
03065,Curva señalizada,Carretera,4410
03065,No aplica,Calle,4411
03065,No aplica,Calle,4412
03065,No aplica,Calle,4413
03065,No aplica,Calle,4414
03065,No aplica,Calle,4415
03065,Recta,Carretera,4416
03065,Curva señalizada,Carretera,4417
03065,No aplica,Calle,4418
03065,No aplica,Calle,4419
03065,No aplica,Calle,4420
03065,No aplica,Calle,4421
03065,No aplica,Calle,4422
03065,No aplica,Calle,4423
03065,Curva señalizada,Carretera,4424
03065,Recta,Carretera,4425
03065,No aplica,Calle,4426
03065,No aplica,Calle,4427
03065,No aplica,Calle,4428
03065,No aplica,Calle,4429
03065,No aplica,Calle,4430
03065,No aplica,Calle,4431
03065,No aplica,Calle,4432
03065,No aplica,Calle,4433
03065,No aplica,Calle,4434
03065,No aplica,Calle,4435
03065,Se desconoce,Carretera,4436
03065,No aplica,Calle,4437
03065,No aplica,Calle,4438
03065,No aplica,Calle,4439
03065,No aplica,Calle,4440
03065,No aplica,Calle,4441
03065,No aplica,Calle,4442
03065,Recta,Carretera,4443
03065,No aplica,Calle,4444
03065,Recta,Carretera,4445
03065,No aplica,Calle,4446
03065,No aplica,Calle,4447
03065,No aplica,Calle,4448
03065,No aplica,Calle,4449
03065,No aplica,Calle,4450
03065,No aplica,Calle,4451
03065,No aplica,Calle,4452
03065,No aplica,Calle,4453
03065,No aplica,Calle,4454
03065,No aplica,Calle,4455
03065,No aplica,Calle,4456
03065,No aplica,Calle,4457
03065,Recta,Carretera,4458
03065,Recta,Carretera,4459
03065,No aplica,Calle,4460
03065,No aplica,Calle,4461
03065,No aplica,Calle,4462
03065,No aplica,Calle,4463
03065,No aplica,Calle,4464
03065,Recta,Carretera,4465
03065,Recta,Carretera,4466
03065,No aplica,Calle,4467
03065,Curva señalizada,Carretera,4468
03065,Recta,Carretera,4469
03065,Recta,Carretera,4470
03065,Curva sin señalizar,Carretera,4471
03065,No aplica,Calle,4472
03065,No aplica,Calle,4473
03065,No aplica,Calle,4474
03065,No aplica,Calle,4475
03065,No aplica,Calle,4476
03065,No aplica,Calle,4477
03065,No aplica,Calle,4478
03065,Recta,Carretera,4479
03065,No aplica,Calle,4480
03065,No aplica,Calle,4481
03065,Recta,Carretera,4482
03065,No aplica,Calle,4483
03065,No aplica,Calle,4484
03065,Recta,Carretera,4485
03065,No aplica,Calle,4486
03065,No aplica,Calle,4487
03065,No aplica,Calle,4488
03065,No aplica,Calle,4489
03065,No aplica,Calle,4490
03065,No aplica,Calle,4491
03065,No aplica,Calle,4492
03065,No aplica,Calle,4493
03065,No aplica,Calle,4494
03065,No aplica,Calle,4495
03065,No aplica,Calle,4496
03065,Curva señalizada,Carretera,4497
03065,No aplica,Calle,4498
03065,No aplica,Calle,4499
03065,No aplica,Calle,4500
03065,No aplica,Calle,4501
03065,Recta,Carretera,4502
03065,Recta,Carretera,4503
03065,No aplica,Calle,4504
03065,No aplica,Calle,4505
03065,Curva señalizada,Carretera,4506
03065,No aplica,Calle,4507
03065,No aplica,Calle,4508
03065,No aplica,Calle,4509
03065,No aplica,Calle,4510
03065,No aplica,Calle,4511
03065,No aplica,Calle,4512
03065,No aplica,Calle,4513
03065,Recta,Carretera,4514
03065,No aplica,Calle,4515
03065,No aplica,Calle,4516
03065,No aplica,Calle,4517
03065,No aplica,Calle,4518
03065,No aplica,Calle,4519
03065,No aplica,Calle,4520
03065,No aplica,Calle,4521
03065,No aplica,Calle,4522
03065,No aplica,Calle,4523
03065,No aplica,Calle,4524
03065,No aplica,Calle,4525
03065,No aplica,Calle,4526
03065,No aplica,Calle,4527
03065,No aplica,Calle,4528
03065,No aplica,Calle,4529
03065,No aplica,Calle,4530
03065,Recta,Carretera,4531
03065,Recta,Carretera,4532
03065,No aplica,Calle,4533
03065,No aplica,Calle,4534
03065,No aplica,Calle,4535
03065,No aplica,Calle,4536
03065,No aplica,Calle,4537
03065,No aplica,Calle,4538
03065,No aplica,Calle,4539
03065,No aplica,Calle,4540
03065,No aplica,Calle,4541
03065,No aplica,Calle,4542
03065,No aplica,Calle,4543
03065,No aplica,Calle,4544
03065,No aplica,Calle,4545
03065,No aplica,Calle,4546
03065,Recta,Carretera,4547
03065,No aplica,Calle,4548
03065,No aplica,Calle,4549
03065,No aplica,Calle,4550
03065,No aplica,Calle,4551
03065,No aplica,Calle,4552
03065,No aplica,Calle,4553
03065,No aplica,Calle,4554
03065,No aplica,Calle,4555
03065,No aplica,Calle,4556
03065,No aplica,Calle,4557
03065,No aplica,Calle,4558
03065,No aplica,Calle,4559
03065,Curva sin señalizar,Carretera,4560
03065,No aplica,Calle,4561
03065,Recta,Carretera,4562
03065,No aplica,Calle,4563
03065,No aplica,Calle,4564
03065,No aplica,Calle,4565
03065,No aplica,Calle,4566
03065,No aplica,Calle,4567
03065,No aplica,Calle,4568
03065,No aplica,Calle,4569
03065,Recta,Carretera,4570
03065,Recta,Carretera,4571
03065,No aplica,Calle,4572
03065,Curva señalizada,Carretera,4573
03065,No aplica,Calle,4574
03065,No aplica,Calle,4575
03065,Recta,Carretera,4576
03065,No aplica,Calle,4577
03065,No aplica,Calle,4578
03065,No aplica,Calle,4579
03065,No aplica,Calle,4580
03065,No aplica,Calle,4581
03065,No aplica,Calle,4582
03065,Recta,Carretera,4583
03065,No aplica,Calle,4584
03065,No aplica,Calle,4585
03065,No aplica,Calle,4586
03065,No aplica,Calle,4587
03065,Recta,Carretera,4588
03065,No aplica,Calle,4589
03065,No aplica,Calle,4590
03065,No aplica,Calle,4591
03065,No aplica,Calle,4592
03065,No aplica,Calle,4593
03065,Recta,Carretera,4594
03065,No aplica,Calle,4595
03065,No aplica,Calle,4596
03065,Recta,Carretera,4597
03065,No aplica,Calle,4598
03065,Recta,Carretera,4599
03065,No aplica,Calle,4600
03065,Recta,Carretera,4601
03065,Curva sin señalizar,Carretera,4602
03065,No aplica,Calle,4603
03065,Curva sin señalizar,Carretera,4604
03065,No aplica,Calle,4605
03065,No aplica,Calle,4606
03065,No aplica,Calle,4607
03065,Recta,Carretera,4608
03065,Recta,Carretera,4609
03065,No aplica,Calle,4610
03065,No aplica,Calle,4611
03065,No aplica,Calle,4612
03065,No aplica,Calle,4613
03065,No aplica,Calle,4614
03065,No aplica,Calle,4615
03065,No aplica,Calle,4616
03065,No aplica,Calle,4617
03065,Recta,Carretera,4618
03065,No aplica,Calle,4619
03065,No aplica,Calle,4620
03065,No aplica,Calle,4621
03065,No aplica,Calle,4622
03065,No aplica,Calle,4623
03065,No aplica,Calle,4624
03065,Recta,Carretera,4625
03065,No aplica,Calle,4626
03065,No aplica,Calle,4627
03065,No aplica,Calle,4628
03065,No aplica,Calle,4629
03065,No aplica,Calle,4630
03065,No aplica,Calle,4631
03065,No aplica,Calle,4632
03065,Recta,Carretera,4633
03065,Recta,Carretera,4634
03065,No aplica,Calle,4635
03065,No aplica,Calle,4636
03065,Recta,Carretera,4637
03065,Recta,Carretera,4638
03065,Recta,Carretera,4639
03065,No aplica,Calle,4640
03065,No aplica,Calle,4641
03065,No aplica,Calle,4642
03065,Recta,Carretera,4643
03065,No aplica,Calle,4644
03065,Curva señalizada,Carretera,4645
03065,Recta,Carretera,4646
03065,No aplica,Calle,4647
03065,No aplica,Calle,4648
03065,No aplica,Calle,4649
03065,Recta,Carretera,4650
03065,No aplica,Calle,4651
03065,No aplica,Calle,4652
03065,No aplica,Calle,4653
03065,No aplica,Calle,4654
03065,No aplica,Calle,4655
03065,No aplica,Calle,4656
03065,No aplica,Calle,4657
03065,No aplica,Calle,4658
03065,No aplica,Calle,4659
03065,No aplica,Calle,4660
03065,No aplica,Calle,4661
03065,No aplica,Calle,4662
03065,No aplica,Calle,4663
03065,No aplica,Calle,4664
03065,Recta,Carretera,4665
03065,No aplica,Calle,4666
03065,No aplica,Calle,4667
03065,Recta,Carretera,4668
03065,No aplica,Calle,4669
03065,No aplica,Calle,4670
03065,No aplica,Calle,4671
03065,Recta,Carretera,4672
03065,No aplica,Calle,4673
03065,No aplica,Calle,4674
03065,No aplica,Calle,4675
03065,No aplica,Calle,4676
03065,No aplica,Calle,4677
03065,No aplica,Calle,4678
03065,No aplica,Calle,4679
03065,No aplica,Calle,4680
03065,Recta,Carretera,4681
03065,No aplica,Calle,4682
03065,No aplica,Calle,4683
03065,No aplica,Calle,4684
03065,No aplica,Calle,4685
03065,No aplica,Calle,4686
03065,No aplica,Calle,4687
03065,No aplica,Calle,4688
03065,No aplica,Calle,4689
03065,No aplica,Calle,4690
03065,No aplica,Calle,4691
03065,No aplica,Calle,4692
03065,Curva señalizada,Carretera,4693
03065,No aplica,Calle,4694
03065,No aplica,Calle,4695
03065,No aplica,Calle,4696
03065,No aplica,Calle,4697
03065,No aplica,Calle,4698
03065,Curva señalizada,Carretera,4699
03065,No aplica,Calle,4700
03065,No aplica,Calle,4701
03065,No aplica,Calle,4702
03065,No aplica,Calle,4703
03065,No aplica,Calle,4704
03065,Recta,Carretera,4705
03065,No aplica,Calle,4706
03065,No aplica,Calle,4707
03065,Recta,Carretera,4708
03065,Curva señalizada,Carretera,4709
03065,No aplica,Calle,4710
03065,Curva señalizada,Carretera,4711
03065,No aplica,Calle,4712
03065,No aplica,Calle,4713
03065,Recta,Carretera,4714
03065,No aplica,Calle,4715
03065,Recta,Carretera,4716
03065,No aplica,Calle,4717
03065,No aplica,Calle,4718
03065,No aplica,Calle,4719
03065,No aplica,Calle,4720
03065,Curva señalizada,Carretera,4721
03065,No aplica,Calle,4722
03065,No aplica,Calle,4723
03065,No aplica,Calle,4724
03065,Recta,Carretera,4725
03065,No aplica,Calle,4726
03065,No aplica,Calle,4727
03065,No aplica,Calle,4728
03065,Recta,Carretera,4729
03065,No aplica,Calle,4730
03065,No aplica,Calle,4731
03065,Recta,Carretera,4732
03065,No aplica,Calle,4733
03065,No aplica,Calle,4734
03065,No aplica,Calle,4735
03065,Recta,Carretera,4736
03065,No aplica,Calle,4737
03065,No aplica,Calle,4738
03065,Curva señalizada,Carretera,4739
03065,No aplica,Calle,4740
03065,No aplica,Calle,4741
03065,No aplica,Calle,4742
03065,No aplica,Calle,4743
03065,No aplica,Calle,4744
03065,No aplica,Calle,4745
03065,No aplica,Calle,4746
03065,No aplica,Calle,4747
03065,No aplica,Calle,4748
03065,No aplica,Calle,4749
03065,No aplica,Calle,4750
03065,No aplica,Calle,4751
03065,No aplica,Calle,4752
03065,No aplica,Calle,4753
03065,No aplica,Calle,4754
03065,No aplica,Calle,4755
03065,Curva señalizada,Carretera,4756
03065,Recta,Carretera,4757
03065,No aplica,Calle,4758
03065,No aplica,Calle,4759
03065,No aplica,Calle,4760
03065,No aplica,Calle,4761
03065,No aplica,Calle,4762
03065,No aplica,Calle,4763
03065,No aplica,Calle,4764
03065,No aplica,Calle,4765
03065,Recta,Carretera,4766
03065,Recta,Carretera,4767
03065,Curva señalizada,Carretera,4768
03065,No aplica,Calle,4769
03065,No aplica,Calle,4770
03065,No aplica,Calle,4771
03065,No aplica,Calle,4772
03065,No aplica,Calle,4773
03065,No aplica,Calle,4774
03065,No aplica,Calle,4775
03065,No aplica,Calle,4776
03065,No aplica,Calle,4777
03065,No aplica,Calle,4778
03065,Recta,Carretera,4779
03065,Recta,Carretera,4780
03065,No aplica,Calle,4781
03065,Recta,Carretera,4782
03065,No aplica,Calle,4783
03065,No aplica,Calle,4784
03065,No aplica,Calle,4785
03065,Recta,Carretera,4786
03065,Recta,Carretera,4787
03065,Recta,Carretera,4788
03065,No aplica,Calle,4789
03065,No aplica,Calle,4790
03065,Recta,Carretera,4791
03065,No aplica,Calle,4792
03065,No aplica,Calle,4793
03065,No aplica,Calle,4794
03065,No aplica,Calle,4795
03065,No aplica,Calle,4796
03065,Recta,Carretera,4797
03065,No aplica,Calle,4798
03065,No aplica,Calle,4799
03065,No aplica,Calle,4800
03065,Recta,Carretera,4801
03065,No aplica,Calle,4802
03065,No aplica,Calle,4803
03065,No aplica,Calle,4804
03065,No aplica,Calle,4805
03065,No aplica,Calle,4806
03065,No aplica,Calle,4807
03065,No aplica,Calle,4808
03065,Recta,Carretera,4809
03065,No aplica,Calle,4810
03065,No aplica,Calle,4811
03065,Recta,Carretera,4812
03065,No aplica,Calle,4813
03065,No aplica,Calle,4814
03065,Recta,Carretera,4815
03065,No aplica,Calle,4816
03065,Curva señalizada,Carretera,4817
03066,No aplica,Calle,4818
03066,No aplica,Calle,4819
03066,No aplica,Calle,4820
03066,No aplica,Calle,4821
03066,No aplica,Calle,4822
03066,No aplica,Calle,4823
03066,Curva señalizada,Carretera,4824
03066,No aplica,Calle,4825
03066,No aplica,Calle,4826
03066,No aplica,Calle,4827
03066,No aplica,Calle,4828
03066,No aplica,Calle,4829
03066,No aplica,Calle,4830
03066,No aplica,Calle,4831
03066,No aplica,Calle,4832
03066,No aplica,Calle,4833
03066,No aplica,Calle,4834
03066,No aplica,Calle,4835
03066,Curva sin señalizar,Carretera,4836
03066,No aplica,Calle,4837
03066,No aplica,Calle,4838
03066,No aplica,Calle,4839
03066,No aplica,Calle,4840
03066,No aplica,Calle,4841
03066,No aplica,Calle,4842
03066,No aplica,Calle,4843
03066,No aplica,Calle,4844
03066,No aplica,Calle,4845
03066,No aplica,Calle,4846
03066,No aplica,Calle,4847
03066,No aplica,Calle,4848
03066,No aplica,Calle,4849
03066,No aplica,Calle,4850
03066,No aplica,Calle,4851
03066,No aplica,Calle,4852
03066,No aplica,Calle,4853
03066,No aplica,Calle,4854
03066,No aplica,Calle,4855
03066,No aplica,Calle,4856
03066,No aplica,Calle,4857
03066,No aplica,Calle,4858
03066,No aplica,Calle,4859
03066,No aplica,Calle,4860
03066,No aplica,Calle,4861
03066,No aplica,Calle,4862
03066,Curva señalizada,Carretera,4863
03066,No aplica,Calle,4864
03066,No aplica,Calle,4865
03066,No aplica,Calle,4866
03066,No aplica,Calle,4867
03066,No aplica,Calle,4868
03066,No aplica,Calle,4869
03066,No aplica,Calle,4870
03066,No aplica,Calle,4871
03066,No aplica,Calle,4872
03066,No aplica,Calle,4873
03066,No aplica,Calle,4874
03066,Curva señalizada,Carretera,4875
03066,No aplica,Calle,4876
03066,Recta,Carretera,4877
03066,No aplica,Calle,4878
03066,No aplica,Calle,4879
03066,No aplica,Calle,4880
03066,No aplica,Calle,4881
03066,No aplica,Calle,4882
03066,No aplica,Calle,4883
03066,No aplica,Calle,4884
03066,No aplica,Calle,4885
03066,No aplica,Calle,4886
03066,No aplica,Calle,4887
03066,Curva señalizada,Carretera,4888
03066,No aplica,Calle,4889
03066,No aplica,Calle,4890
03066,No aplica,Calle,4891
03066,Curva señalizada,Carretera,4892
03066,Recta,Carretera,4893
03066,No aplica,Calle,4894
03066,No aplica,Calle,4895
03066,No aplica,Calle,4896
03066,No aplica,Calle,4897
03066,No aplica,Calle,4898
03066,No aplica,Calle,4899
03066,No aplica,Calle,4900
03066,No aplica,Calle,4901
03066,No aplica,Calle,4902
03066,No aplica,Calle,4903
03066,No aplica,Calle,4904
03066,No aplica,Calle,4905
03066,No aplica,Calle,4906
03066,No aplica,Calle,4907
03066,No aplica,Calle,4908
03066,No aplica,Calle,4909
03066,No aplica,Calle,4910
03066,No aplica,Calle,4911
03066,No aplica,Calle,4912
03066,No aplica,Calle,4913
03066,No aplica,Calle,4914
03066,No aplica,Calle,4915
03066,No aplica,Calle,4916
00000,Curva señalizada,Carretera,4917
03069,No aplica,Calle,4918
03069,No aplica,Calle,4919
03069,Recta,Carretera,4920
03069,No aplica,Calle,4921
03069,No aplica,Calle,4922
03069,No aplica,Calle,4923
03069,No aplica,Calle,4924
03069,No aplica,Calle,4925
03069,No aplica,Calle,4926
03069,Curva sin señalizar,Carretera,4927
03069,Recta,Carretera,4928
03069,No aplica,Calle,4929
03069,Curva señalizada,Carretera,4930
03069,No aplica,Calle,4931
03069,No aplica,Calle,4932
03069,No aplica,Calle,4933
03069,Curva señalizada,Carretera,4934
03069,Curva sin señalizar,Carretera,4935
03069,Curva señalizada,Carretera,4936
03069,No aplica,Calle,4937
03069,No aplica,Calle,4938
03069,No aplica,Calle,4939
03069,Recta,Carretera,4940
00000,Recta,Carretera,4941
00000,Curva sin señalizar,Carretera,4942
00000,Recta,Carretera,4943
00000,Recta,Carretera,4944
00000,Curva señalizada,Carretera,4945
03071,Recta,Carretera,4946
03071,Curva sin señalizar,Carretera,4947
03071,Curva sin señalizar,Carretera,4948
03071,Recta,Carretera,4949
03071,Recta,Carretera,4950
03071,Curva señalizada,Carretera,4951
03041,Curva sin señalizar,Carretera,4952
00000,Curva señalizada,Carretera,4953
00000,Curva señalizada,Carretera,4954
00000,Recta,Travesía,4955
00000,Curva sin señalizar,Carretera,4956
00000,No aplica,Calle,4957
00000,Curva sin señalizar,Travesía,4958
00000,Recta,Carretera,4959
00000,No aplica,Calle,4960
03076,No aplica,Calle,4961
03076,Recta,Carretera,4962
03076,No aplica,Calle,4963
03076,No aplica,Calle,4964
03076,Curva señalizada,Carretera,4965
03076,Recta,Carretera,4966
03076,No aplica,Calle,4967
03076,No aplica,Calle,4968
03076,No aplica,Calle,4969
03076,No aplica,Calle,4970
03076,No aplica,Calle,4971
03076,No aplica,Calle,4972
03076,No aplica,Calle,4973
03076,Curva señalizada,Carretera,4974
03076,No aplica,Calle,4975
03076,No aplica,Calle,4976
03076,No aplica,Calle,4977
03076,No aplica,Calle,4978
03076,No aplica,Calle,4979
03076,Recta,Carretera,4980
03076,Recta,Carretera,4981
03076,No aplica,Calle,4982
03076,Recta,Carretera,4983
03076,No aplica,Calle,4984
03076,Recta,Carretera,4985
03076,Curva señalizada,Carretera,4986
03076,Recta,Carretera,4987
03076,Curva señalizada,Carretera,4988
03076,Curva señalizada,Carretera,4989
03076,No aplica,Calle,4990
03076,No aplica,Calle,4991
03076,No aplica,Calle,4992
03076,No aplica,Calle,4993
03076,Curva sin señalizar,Carretera,4994
03076,No aplica,Calle,4995
03076,No aplica,Calle,4996
03076,No aplica,Calle,4997
03076,No aplica,Calle,4998
03076,Recta,Carretera,4999
03076,Recta,Carretera,5000
03076,No aplica,Calle,5001
03076,No aplica,Calle,5002
03076,No aplica,Calle,5003
03076,Recta,Carretera,5004
03076,No aplica,Calle,5005
03076,Recta,Carretera,5006
03076,No aplica,Calle,5007
03076,No aplica,Calle,5008
03076,No aplica,Calle,5009
03076,Recta,Carretera,5010
00000,Curva señalizada,Carretera,5011
00000,Recta,Carretera,5012
00000,Curva señalizada,Carretera,5013
00000,Curva señalizada,Carretera,5014
00000,Recta,Travesía,5015
03079,Curva señalizada,Carretera,5016
03079,Curva señalizada,Carretera,5017
03079,No aplica,Calle,5018
03079,No aplica,Calle,5019
03079,No aplica,Calle,5020
03079,Curva señalizada,Carretera,5021
03079,No aplica,Calle,5022
03079,No aplica,Calle,5023
03079,No aplica,Calle,5024
03079,No aplica,Calle,5025
03079,Curva sin señalizar,Carretera,5026
03079,Curva sin señalizar,Carretera,5027
03079,Recta,Carretera,5028
03079,Curva señalizada,Carretera,5029
03079,Recta,Carretera,5030
03079,Recta,Carretera,5031
03079,No aplica,Calle,5032
03079,No aplica,Calle,5033
03079,Recta,Carretera,5034
03079,No aplica,Calle,5035
03079,No aplica,Calle,5036
03079,No aplica,Calle,5037
03079,No aplica,Calle,5038
03079,No aplica,Calle,5039
03079,No aplica,Calle,5040
03079,No aplica,Calle,5041
03079,No aplica,Calle,5042
03079,No aplica,Calle,5043
03079,Curva sin señalizar,Carretera,5044
00000,Recta,Carretera,5045
00000,Curva señalizada,Carretera,5046
00000,Recta,Travesía,5047
00000,Recta,Carretera,5048
00000,Recta,Carretera,5049
00000,Curva señalizada,Carretera,5050
00000,Recta,Carretera,5051
03082,No aplica,Calle,5052
03082,No aplica,Calle,5053
03082,Recta,Carretera,5054
03082,No aplica,Calle,5055
03082,No aplica,Calle,5056
03082,No aplica,Calle,5057
03082,No aplica,Calle,5058
03082,No aplica,Calle,5059
03082,No aplica,Calle,5060
03082,No aplica,Calle,5061
03082,No aplica,Calle,5062
03082,Recta,Carretera,5063
03082,Recta,Carretera,5064
03082,No aplica,Calle,5065
03082,No aplica,Calle,5066
03082,Recta,Carretera,5067
03082,Curva señalizada,Carretera,5068
03082,No aplica,Calle,5069
03082,No aplica,Calle,5070
03082,No aplica,Calle,5071
03082,No aplica,Calle,5072
03082,No aplica,Calle,5073
03082,No aplica,Calle,5074
03082,Recta,Carretera,5075
03082,Recta,Carretera,5076
03082,No aplica,Calle,5077
03082,No aplica,Calle,5078
03082,Curva señalizada,Carretera,5079
03082,No aplica,Calle,5080
03082,No aplica,Calle,5081
03082,No aplica,Calle,5082
03082,No aplica,Calle,5083
03082,No aplica,Calle,5084
03082,No aplica,Calle,5085
03082,No aplica,Calle,5086
03082,No aplica,Calle,5087
03082,No aplica,Calle,5088
03082,No aplica,Calle,5089
03083,Curva señalizada,Carretera,5090
03083,Curva señalizada,Carretera,5091
03083,Curva señalizada,Carretera,5092
03083,Curva señalizada,Carretera,5093
03083,Curva señalizada,Carretera,5094
03083,Curva sin señalizar,Carretera,5095
03083,Curva señalizada,Carretera,5096
03083,Recta,Carretera,5097
03083,Recta,Carretera,5098
03083,Curva sin señalizar,Carretera,5099
03083,Recta,Carretera,5100
03083,Curva señalizada,Carretera,5101
03083,Curva señalizada,Carretera,5102
03083,Curva sin señalizar,Carretera,5103
03083,Curva señalizada,Carretera,5104
03083,Curva señalizada,Carretera,5105
03083,Curva señalizada,Carretera,5106
03083,Curva señalizada,Carretera,5107
03083,Curva señalizada,Carretera,5108
03083,Curva señalizada,Carretera,5109
03083,Recta,Carretera,5110
00000,Recta,Carretera,5111
00000,Curva sin señalizar,Carretera,5112
00000,Recta,Carretera,5113
03088,Curva sin señalizar,Carretera,5114
03088,Recta,Carretera,5115
03088,Recta,Carretera,5116
03088,Recta,Carretera,5117
03088,Recta,Carretera,5118
03088,Curva sin señalizar,Carretera,5119
03088,Curva señalizada,Carretera,5120
03088,Recta,Carretera,5121
03088,Recta,Carretera,5122
03088,Recta,Carretera,5123
03088,Recta,Carretera,5124
03088,Curva señalizada,Carretera,5125
03088,Recta,Carretera,5126
03088,Recta,Carretera,5127
03088,Recta,Carretera,5128
03089,Recta,Carretera,5129
03089,Recta,Carretera,5130
03089,Recta,Carretera,5131
03089,Curva señalizada,Carretera,5132
03089,Recta,Carretera,5133
03089,Recta,Carretera,5134
03090,No aplica,Calle,5135
03090,Recta,Carretera,5136
03090,Recta,Carretera,5137
03090,Curva sin señalizar,Carretera,5138
03090,Curva sin señalizar,Carretera,5139
03090,Curva señalizada,Carretera,5140
03090,Curva señalizada,Carretera,5141
03090,No aplica,Calle,5142
03090,Curva sin señalizar,Carretera,5143
03090,Recta,Carretera,5144
03090,Recta,Carretera,5145
03090,Curva señalizada,Carretera,5146
03090,No aplica,Calle,5147
03090,No aplica,Calle,5148
03090,No aplica,Calle,5149
03090,No aplica,Calle,5150
03090,Recta,Carretera,5151
03090,Curva señalizada,Carretera,5152
03090,Recta,Carretera,5153
03090,Recta,Carretera,5154
03090,No aplica,Calle,5155
03090,Recta,Carretera,5156
03090,Curva señalizada,Carretera,5157
03090,Curva sin señalizar,Carretera,5158
03090,Recta,Carretera,5159
03090,Recta,Carretera,5160
03090,No aplica,Calle,5161
03090,Recta,Carretera,5162
03090,Recta,Carretera,5163
03090,No aplica,Calle,5164
03090,No aplica,Calle,5165
03090,Curva señalizada,Carretera,5166
03090,Recta,Carretera,5167
03090,Recta,Carretera,5168
03014,Recta,Carretera,5169
03090,Curva señalizada,Carretera,5170
03090,No aplica,Calle,5171
03090,Curva sin señalizar,Carretera,5172
03090,Se desconoce,Carretera,5173
03090,Curva señalizada,Carretera,5174
03090,Recta,Carretera,5175
03090,Recta,Carretera,5176
03090,Curva señalizada,Carretera,5177
03092,Recta,Carretera,5178
03092,Curva señalizada,Carretera,5179
03092,No aplica,Calle,5180
03092,Curva señalizada,Carretera,5181
03092,No aplica,Calle,5182
03092,Recta,Carretera,5183
03092,Recta,Carretera,5184
03092,Recta,Carretera,5185
03092,No aplica,Calle,5186
03092,No aplica,Calle,5187
03092,No aplica,Calle,5188
03092,Curva sin señalizar,Carretera,5189
03092,Curva señalizada,Carretera,5190
03093,Curva señalizada,Carretera,5191
03093,Curva señalizada,Carretera,5192
03093,Curva señalizada,Carretera,5193
03093,Recta,Carretera,5194
03093,Curva señalizada,Carretera,5195
03093,Curva señalizada,Carretera,5196
03093,Curva señalizada,Carretera,5197
03093,Recta,Carretera,5198
03093,Recta,Carretera,5199
03093,Curva señalizada,Carretera,5200
03093,Recta,Travesía,5201
03093,Curva señalizada,Carretera,5202
03093,No aplica,Calle,5203
03093,No aplica,Calle,5204
03093,No aplica,Calle,5205
03093,No aplica,Calle,5206
03093,No aplica,Calle,5207
03093,No aplica,Calle,5208
03093,No aplica,Calle,5209
03093,No aplica,Calle,5210
03093,No aplica,Calle,5211
03093,No aplica,Calle,5212
03093,No aplica,Calle,5213
03093,No aplica,Calle,5214
03093,Recta,Carretera,5215
03093,Recta,Carretera,5216
03093,Curva señalizada,Carretera,5217
03093,Recta,Carretera,5218
03094,Recta,Carretera,5219
03094,Curva sin señalizar,Carretera,5220
03094,Recta,Carretera,5221
03094,Curva señalizada,Carretera,5222
03094,Recta,Carretera,5223
03094,Recta,Carretera,5224
03094,Curva señalizada,Carretera,5225
03094,Recta,Carretera,5226
03094,No aplica,Calle,5227
03094,No aplica,Calle,5228
03094,Curva señalizada,Carretera,5229
03094,No aplica,Calle,5230
03094,Curva señalizada,Carretera,5231
03094,Recta,Carretera,5232
03094,Recta,Carretera,5233
03095,Recta,Carretera,5234
03095,Recta,Carretera,5235
03095,Curva señalizada,Carretera,5236
03095,Recta,Carretera,5237
03095,Recta,Carretera,5238
03095,Recta,Carretera,5239
03095,Recta,Carretera,5240
03095,Recta,Carretera,5241
03096,No aplica,Calle,5242
03096,No aplica,Calle,5243
03096,No aplica,Calle,5244
03096,Curva señalizada,Carretera,5245
03096,Recta,Carretera,5246
03096,No aplica,Calle,5247
03096,Curva señalizada,Carretera,5248
03096,Recta,Carretera,5249
03096,No aplica,Calle,5250
03096,Curva señalizada,Carretera,5251
03096,Recta,Carretera,5252
00000,Curva señalizada,Carretera,5253
03099,Curva señalizada,Carretera,5254
03099,No aplica,Calle,5255
03099,Recta,Carretera,5256
03099,No aplica,Calle,5257
03099,Curva sin señalizar,Carretera,5258
03099,No aplica,Calle,5259
03099,No aplica,Calle,5260
03099,No aplica,Calle,5261
03099,No aplica,Calle,5262
03099,No aplica,Calle,5263
03099,No aplica,Calle,5264
03099,Recta,Carretera,5265
03099,Curva señalizada,Carretera,5266
03099,Recta,Carretera,5267
03099,Recta,Carretera,5268
03099,Recta,Carretera,5269
03099,No aplica,Calle,5270
03099,No aplica,Calle,5271
03099,No aplica,Calle,5272
03099,No aplica,Calle,5273
03099,Recta,Travesía,5274
03099,No aplica,Calle,5275
03099,Recta,Carretera,5276
03099,Curva sin señalizar,Carretera,5277
03099,Recta,Carretera,5278
03099,Curva señalizada,Carretera,5279
03099,Curva señalizada,Carretera,5280
03099,Recta,Carretera,5281
03099,Recta,Carretera,5282
03099,No aplica,Calle,5283
03099,Recta,Carretera,5284
03099,No aplica,Calle,5285
03099,No aplica,Calle,5286
03099,No aplica,Calle,5287
03099,No aplica,Calle,5288
03099,Curva señalizada,Travesía,5289
03099,No aplica,Calle,5290
03099,No aplica,Calle,5291
03099,No aplica,Calle,5292
03099,Recta,Carretera,5293
03099,No aplica,Calle,5294
03099,Recta,Travesía,5295
03099,Recta,Travesía,5296
03099,Recta,Travesía,5297
03099,Curva señalizada,Carretera,5298
03099,No aplica,Calle,5299
03099,Recta,Travesía,5300
03099,Recta,Travesía,5301
03099,No aplica,Calle,5302
03099,Curva señalizada,Carretera,5303
03099,Curva señalizada,Carretera,5304
03099,Recta,Carretera,5305
03099,Curva señalizada,Carretera,5306
03099,Recta,Carretera,5307
03099,No aplica,Calle,5308
03099,No aplica,Calle,5309
03099,No aplica,Calle,5310
03099,No aplica,Calle,5311
03099,Recta,Carretera,5312
03099,Curva señalizada,Carretera,5313
03099,Curva sin señalizar,Carretera,5314
03099,No aplica,Calle,5315
03099,Recta,Carretera,5316
03099,Recta,Carretera,5317
03099,Recta,Carretera,5318
03099,Recta,Carretera,5319
03099,Recta,Carretera,5320
03099,Recta,Carretera,5321
03099,Recta,Carretera,5322
03099,Recta,Carretera,5323
03099,No aplica,Calle,5324
03099,Recta,Carretera,5325
03099,Curva sin señalizar,Carretera,5326
03099,Recta,Carretera,5327
03099,Recta,Carretera,5328
03099,No aplica,Calle,5329
03099,Recta,Carretera,5330
03099,Recta,Carretera,5331
03099,Recta,Carretera,5332
03099,Recta,Carretera,5333
03099,No aplica,Calle,5334
03099,Curva señalizada,Carretera,5335
03099,Recta,Carretera,5336
03099,Curva señalizada,Carretera,5337
03099,Curva señalizada,Carretera,5338
03099,Recta,Carretera,5339
03099,Curva señalizada,Carretera,5340
03099,No aplica,Calle,5341
03099,Recta,Carretera,5342
03099,Curva señalizada,Carretera,5343
03099,Curva señalizada,Carretera,5344
03099,Recta,Carretera,5345
03099,Curva señalizada,Carretera,5346
03099,No aplica,Calle,5347
03099,No aplica,Calle,5348
03099,Recta,Carretera,5349
03099,Recta,Carretera,5350
03099,No aplica,Calle,5351
03099,No aplica,Calle,5352
03099,Recta,Carretera,5353
03099,Curva señalizada,Carretera,5354
03099,Recta,Carretera,5355
03099,Recta,Carretera,5356
03099,Recta,Carretera,5357
03099,Recta,Carretera,5358
03099,Recta,Carretera,5359
03099,No aplica,Calle,5360
03099,Recta,Carretera,5361
03099,Recta,Carretera,5362
03099,Curva señalizada,Carretera,5363
03099,Curva señalizada,Carretera,5364
03099,Recta,Carretera,5365
03099,Recta,Carretera,5366
03099,Recta,Carretera,5367
03099,Recta,Carretera,5368
03099,Curva señalizada,Carretera,5369
03099,Recta,Carretera,5370
03099,Curva señalizada,Carretera,5371
03099,Curva señalizada,Carretera,5372
03099,Recta,Carretera,5373
03099,Recta,Carretera,5374
03099,Curva señalizada,Carretera,5375
03099,Recta,Carretera,5376
03099,Curva señalizada,Carretera,5377
03099,Curva señalizada,Carretera,5378
03099,Recta,Carretera,5379
03099,Recta,Carretera,5380
03099,Curva señalizada,Carretera,5381
03099,No aplica,Calle,5382
03099,Recta,Carretera,5383
03099,Recta,Carretera,5384
03099,No aplica,Calle,5385
03099,Recta,Carretera,5386
03099,Curva señalizada,Carretera,5387
03099,Curva señalizada,Carretera,5388
03099,Curva señalizada,Carretera,5389
03099,Curva señalizada,Carretera,5390
03099,Recta,Carretera,5391
03099,Recta,Carretera,5392
03099,Recta,Carretera,5393
03099,Curva señalizada,Carretera,5394
03099,Curva señalizada,Carretera,5395
03099,Curva señalizada,Carretera,5396
03099,Recta,Carretera,5397
03099,Curva señalizada,Carretera,5398
03099,Recta,Carretera,5399
03099,Recta,Carretera,5400
03099,Recta,Carretera,5401
03099,Recta,Carretera,5402
03099,Recta,Carretera,5403
03099,Curva señalizada,Carretera,5404
03099,Recta,Carretera,5405
03099,Recta,Carretera,5406
03099,Recta,Carretera,5407
03099,Recta,Carretera,5408
03099,Curva señalizada,Carretera,5409
03099,Recta,Carretera,5410
03099,Recta,Carretera,5411
03099,Recta,Carretera,5412
03099,Recta,Carretera,5413
03099,No aplica,Calle,5414
03099,No aplica,Calle,5415
03099,Recta,Carretera,5416
03099,No aplica,Calle,5417
03099,Curva señalizada,Carretera,5418
03099,No aplica,Calle,5419
03099,Recta,Carretera,5420
03101,Recta,Carretera,5421
03101,Curva sin señalizar,Carretera,5422
03101,Recta,Carretera,5423
03101,No aplica,Calle,5424
03101,No aplica,Calle,5425
03101,No aplica,Calle,5426
03101,Recta,Carretera,5427
03101,Recta,Carretera,5428
03101,Recta,Carretera,5429
03101,Recta,Carretera,5430
03101,No aplica,Calle,5431
03101,Curva señalizada,Carretera,5432
03101,Recta,Carretera,5433
03101,Recta,Travesía,5434
03101,Recta,Carretera,5435
03101,No aplica,Calle,5436
03101,Curva señalizada,Carretera,5437
03102,Recta,Carretera,5438
03102,Recta,Carretera,5439
03102,Recta,Carretera,5440
03102,Recta,Carretera,5441
03102,Recta,Carretera,5442
03102,Curva señalizada,Carretera,5443
03102,Curva señalizada,Carretera,5444
03102,No aplica,Calle,5445
03102,No aplica,Calle,5446
03102,No aplica,Calle,5447
03102,No aplica,Calle,5448
03102,No aplica,Calle,5449
03102,No aplica,Calle,5450
03102,No aplica,Calle,5451
03102,No aplica,Calle,5452
00000,Curva señalizada,Carretera,5453
00000,Curva señalizada,Carretera,5454
03104,No aplica,Calle,5455
03104,No aplica,Calle,5456
03104,Recta,Carretera,5457
03104,Recta,Carretera,5458
03104,Recta,Carretera,5459
03104,No aplica,Calle,5460
03104,No aplica,Calle,5461
03104,Recta,Carretera,5462
03104,Curva señalizada,Carretera,5463
03104,Curva sin señalizar,Carretera,5464
03104,Recta,Carretera,5465
03104,No aplica,Calle,5466
03104,No aplica,Calle,5467
03104,No aplica,Calle,5468
03104,Recta,Carretera,5469
03104,Curva sin señalizar,Carretera,5470
03104,Recta,Carretera,5471
03104,No aplica,Calle,5472
03104,Recta,Carretera,5473
03104,Recta,Carretera,5474
03104,Recta,Carretera,5475
03104,Recta,Carretera,5476
03104,Recta,Carretera,5477
03105,Recta,Carretera,5478
03105,Recta,Carretera,5479
03105,Curva sin señalizar,Carretera,5480
03105,Recta,Carretera,5481
00000,Curva señalizada,Carretera,5482
00000,Curva señalizada,Carretera,5483
00000,No aplica,Calle,5484
00000,Recta,Carretera,5485
00000,Curva señalizada,Carretera,5486
00000,Recta,Carretera,5487
00000,No aplica,Calle,5488
00000,Curva señalizada,Carretera,5489
00000,Recta,Carretera,5490
00000,Curva señalizada,Carretera,5491
00000,No aplica,Calle,5492
03111,Recta,Carretera,5493
03111,No aplica,Calle,5494
03111,Recta,Carretera,5495
03111,Recta,Carretera,5496
03111,Recta,Carretera,5497
03111,Curva señalizada,Carretera,5498
03111,Recta,Carretera,5499
03111,Recta,Carretera,5500
03111,Recta,Carretera,5501
03111,No aplica,Calle,5502
00000,Curva señalizada,Carretera,5503
00000,Curva señalizada,Carretera,5504
00000,Curva sin señalizar,Carretera,5505
03113,Recta,Carretera,5506
03113,Recta,Carretera,5507
03113,Curva señalizada,Carretera,5508
03113,Recta,Carretera,5509
03113,Curva sin señalizar,Carretera,5510
03113,Recta,Carretera,5511
03113,Curva señalizada,Carretera,5512
03113,Recta,Carretera,5513
03113,Curva señalizada,Carretera,5514
03113,Curva señalizada,Carretera,5515
03113,Recta,Carretera,5516
03113,Recta,Carretera,5517
00000,Recta,Carretera,5518
00000,Recta,Carretera,5519
00000,Curva señalizada,Carretera,5520
00000,Curva señalizada,Carretera,5521
00000,Recta,Carretera,5522
00000,Se desconoce,Carretera,5523
03118,Recta,Carretera,5524
03118,Recta,Carretera,5525
03118,Curva sin señalizar,Carretera,5526
03118,Recta,Carretera,5527
03118,Recta,Carretera,5528
03118,Recta,Carretera,5529
03118,No aplica,Calle,5530
03118,Curva sin señalizar,Carretera,5531
03119,No aplica,Calle,5532
03119,Recta,Travesía,5533
03119,No aplica,Calle,5534
03119,Recta,Carretera,5535
03119,No aplica,Calle,5536
03119,No aplica,Calle,5537
03119,No aplica,Calle,5538
03119,Recta,Carretera,5539
03119,No aplica,Calle,5540
03119,No aplica,Calle,5541
03119,No aplica,Calle,5542
03119,No aplica,Calle,5543
03119,No aplica,Calle,5544
03119,No aplica,Calle,5545
03119,No aplica,Calle,5546
03119,No aplica,Calle,5547
03119,No aplica,Calle,5548
03119,No aplica,Calle,5549
03119,Recta,Carretera,5550
03119,No aplica,Calle,5551
03119,No aplica,Calle,5552
03119,No aplica,Calle,5553
03119,No aplica,Calle,5554
03119,No aplica,Calle,5555
03119,No aplica,Calle,5556
03119,Se desconoce,Travesía,5557
03119,No aplica,Calle,5558
03119,No aplica,Calle,5559
03119,No aplica,Calle,5560
03119,Curva señalizada,Carretera,5561
03119,No aplica,Calle,5562
03119,No aplica,Calle,5563
03119,Recta,Carretera,5564
03119,No aplica,Calle,5565
03119,No aplica,Calle,5566
03119,No aplica,Calle,5567
03119,No aplica,Calle,5568
03119,No aplica,Calle,5569
03119,No aplica,Calle,5570
03119,No aplica,Calle,5571
03119,Recta,Carretera,5572
03119,No aplica,Calle,5573
03119,No aplica,Calle,5574
03119,No aplica,Calle,5575
03119,No aplica,Calle,5576
03119,No aplica,Calle,5577
03119,No aplica,Calle,5578
03119,Recta,Carretera,5579
03119,No aplica,Calle,5580
03119,No aplica,Calle,5581
03119,No aplica,Calle,5582
03119,No aplica,Calle,5583
03119,No aplica,Calle,5584
03119,No aplica,Calle,5585
03120,Recta,Carretera,5586
03120,Recta,Carretera,5587
03120,Recta,Carretera,5588
03120,Curva sin señalizar,Carretera,5589
03120,Curva señalizada,Carretera,5590
03120,Recta,Carretera,5591
03120,Curva señalizada,Carretera,5592
03120,Recta,Carretera,5593
03120,Recta,Carretera,5594
03120,Recta,Carretera,5595
03120,Curva sin señalizar,Carretera,5596
03120,Curva señalizada,Carretera,5597
03120,Curva señalizada,Carretera,5598
03120,Recta,Carretera,5599
03120,Curva sin señalizar,Carretera,5600
03121,Recta,Carretera,5601
03121,Recta,Carretera,5602
03121,Curva señalizada,Carretera,5603
03121,Recta,Carretera,5604
03121,No aplica,Calle,5605
03121,No aplica,Calle,5606
03121,Recta,Carretera,5607
03121,Curva señalizada,Carretera,5608
03121,Recta,Carretera,5609
03121,No aplica,Calle,5610
03121,Curva señalizada,Carretera,5611
03121,No aplica,Calle,5612
03121,Recta,Carretera,5613
03121,Recta,Carretera,5614
03121,Recta,Carretera,5615
03121,Recta,Carretera,5616
03121,Recta,Carretera,5617
03121,Curva sin señalizar,Carretera,5618
03121,Recta,Carretera,5619
03121,Recta,Carretera,5620
03121,Recta,Carretera,5621
03121,Curva sin señalizar,Carretera,5622
03121,No aplica,Calle,5623
03121,Curva señalizada,Carretera,5624
03121,Recta,Carretera,5625
03121,Curva señalizada,Carretera,5626
03121,Curva señalizada,Carretera,5627
03121,Curva sin señalizar,Carretera,5628
03121,Recta,Carretera,5629
03121,No aplica,Calle,5630
03121,No aplica,Calle,5631
03121,Recta,Carretera,5632
03121,Recta,Carretera,5633
03121,Curva señalizada,Carretera,5634
03121,Recta,Carretera,5635
03121,Curva señalizada,Carretera,5636
03121,No aplica,Calle,5637
03121,No aplica,Calle,5638
03121,Curva señalizada,Carretera,5639
03121,No aplica,Calle,5640
03121,Recta,Carretera,5641
03122,No aplica,Calle,5642
03122,Curva señalizada,Carretera,5643
03122,Curva señalizada,Carretera,5644
03122,Recta,Carretera,5645
03122,Recta,Carretera,5646
03122,No aplica,Calle,5647
03122,No aplica,Calle,5648
03122,Recta,Carretera,5649
03122,Recta,Carretera,5650
03122,Curva señalizada,Carretera,5651
03122,Curva señalizada,Carretera,5652
03122,Recta,Carretera,5653
03122,Curva señalizada,Carretera,5654
03122,Curva sin señalizar,Carretera,5655
03122,Recta,Carretera,5656
03122,No aplica,Calle,5657
03122,Curva sin señalizar,Carretera,5658
03122,Curva señalizada,Carretera,5659
03122,No aplica,Calle,5660
03122,No aplica,Calle,5661
03122,Recta,Carretera,5662
03122,No aplica,Calle,5663
03122,No aplica,Calle,5664
03122,Recta,Carretera,5665
03122,Recta,Carretera,5666
03122,Curva señalizada,Carretera,5667
03122,Curva señalizada,Carretera,5668
03122,Recta,Carretera,5669
03122,No aplica,Calle,5670
03122,No aplica,Calle,5671
03122,No aplica,Calle,5672
03122,No aplica,Calle,5673
03122,Recta,Carretera,5674
03122,Recta,Carretera,5675
03122,No aplica,Calle,5676
03122,No aplica,Calle,5677
03122,No aplica,Calle,5678
03122,No aplica,Calle,5679
03122,No aplica,Calle,5680
03122,Recta,Carretera,5681
03122,Recta,Carretera,5682
03123,Recta,Carretera,5683
03123,Curva señalizada,Carretera,5684
03123,Curva sin señalizar,Carretera,5685
03123,Recta,Carretera,5686
03123,Recta,Carretera,5687
03123,Recta,Carretera,5688
03123,Curva señalizada,Carretera,5689
03123,Recta,Carretera,5690
03123,Recta,Carretera,5691
03123,Recta,Carretera,5692
03123,Curva señalizada,Carretera,5693
03123,Curva sin señalizar,Carretera,5694
00000,Recta,Carretera,5695
00000,Curva sin señalizar,Carretera,5696
00000,Recta,Carretera,5697
00000,Curva señalizada,Carretera,5698
00000,Curva señalizada,Carretera,5699
00000,Recta,Carretera,5700
00000,Curva señalizada,Carretera,5701
03128,Curva señalizada,Carretera,5702
03128,Recta,Carretera,5703
03128,Recta,Carretera,5704
00000,Curva sin señalizar,Carretera,5705
00000,Curva sin señalizar,Carretera,5706
00000,Curva sin señalizar,Carretera,5707
00000,Curva señalizada,Carretera,5708
00000,Curva señalizada,Carretera,5709
00000,Recta,Carretera,5710
00000,Recta,Carretera,5711
00000,Curva sin señalizar,Carretera,5712
00000,Curva sin señalizar,Carretera,5713
03133,Curva señalizada,Carretera,5714
03133,Recta,Carretera,5715
03133,Recta,Carretera,5716
03133,Recta,Carretera,5717
03133,Curva señalizada,Carretera,5718
03133,Curva señalizada,Carretera,5719
03133,Recta,Carretera,5720
03133,Recta,Carretera,5721
03133,Recta,Carretera,5722
03133,No aplica,Calle,5723
03133,Recta,Carretera,5724
03133,Recta,Carretera,5725
03133,Recta,Carretera,5726
03133,Curva señalizada,Carretera,5727
03133,Recta,Carretera,5728
03133,Recta,Carretera,5729
03133,Curva señalizada,Carretera,5730
03133,Recta,Carretera,5731
03133,Curva señalizada,Carretera,5732
03133,Recta,Carretera,5733
03133,Recta,Carretera,5734
03133,Recta,Carretera,5735
03133,Recta,Carretera,5736
03133,Recta,Carretera,5737
03133,Recta,Carretera,5738
03133,Recta,Carretera,5739
03133,Recta,Carretera,5740
03133,Curva señalizada,Carretera,5741
03133,Curva señalizada,Carretera,5742
03133,Recta,Carretera,5743
03133,Recta,Carretera,5744
03133,Recta,Carretera,5745
03133,Recta,Carretera,5746
03133,No aplica,Calle,5747
03133,No aplica,Calle,5748
03133,No aplica,Calle,5749
03133,No aplica,Calle,5750
03133,No aplica,Calle,5751
03133,No aplica,Calle,5752
03133,No aplica,Calle,5753
03133,Recta,Carretera,5754
03133,Recta,Carretera,5755
03133,Recta,Carretera,5756
03133,Curva señalizada,Carretera,5757
03133,Recta,Carretera,5758
03133,Recta,Carretera,5759
03133,Curva señalizada,Carretera,5760
03133,Curva señalizada,Carretera,5761
03133,Curva señalizada,Carretera,5762
03133,Curva señalizada,Carretera,5763
03133,Recta,Carretera,5764
03133,Recta,Carretera,5765
03133,No aplica,Calle,5766
03133,No aplica,Calle,5767
03133,No aplica,Calle,5768
03133,No aplica,Calle,5769
03133,No aplica,Calle,5770
03133,No aplica,Calle,5771
03133,Recta,Carretera,5772
03133,Recta,Carretera,5773
03133,Recta,Carretera,5774
03133,Recta,Carretera,5775
03133,Recta,Carretera,5776
03133,Recta,Carretera,5777
03133,Recta,Carretera,5778
03133,Recta,Carretera,5779
03133,Recta,Carretera,5780
03133,Recta,Carretera,5781
03133,No aplica,Calle,5782
03133,No aplica,Calle,5783
03133,No aplica,Calle,5784
03133,No aplica,Calle,5785
03133,No aplica,Calle,5786
03133,No aplica,Calle,5787
03133,Recta,Carretera,5788
03133,Curva señalizada,Carretera,5789
03133,No aplica,Calle,5790
03133,No aplica,Calle,5791
03133,No aplica,Calle,5792
03133,No aplica,Calle,5793
03133,No aplica,Calle,5794
03133,No aplica,Calle,5795
00000,No aplica,Calle,5796
00000,Recta,Carretera,5797
00000,No aplica,Calle,5798
00000,No aplica,Calle,5799
00000,Recta,Carretera,5800
03139,Recta,Carretera,5801
03139,Curva señalizada,Carretera,5802
03139,Recta,Carretera,5803
03139,Curva señalizada,Carretera,5804
03139,Curva señalizada,Carretera,5805
03139,Recta,Carretera,5806
03139,Recta,Carretera,5807
03139,Recta,Carretera,5808
03139,Curva sin señalizar,Carretera,5809
03139,Recta,Carretera,5810
03139,Recta,Carretera,5811
03139,Recta,Carretera,5812
03140,No aplica,Calle,5813
03140,Recta,Carretera,5814
03140,Curva señalizada,Carretera,5815
03140,Recta,Carretera,5816
03140,Recta,Carretera,5817
03140,Recta,Carretera,5818
03140,Recta,Carretera,5819
03140,No aplica,Calle,5820
03140,Recta,Carretera,5821
03140,No aplica,Calle,5822
03140,Curva señalizada,Carretera,5823
03140,Curva señalizada,Carretera,5824
03140,Recta,Carretera,5825
03140,Recta,Carretera,5826
03140,Recta,Carretera,5827
03140,No aplica,Calle,5828
03140,No aplica,Calle,5829
03140,No aplica,Calle,5830
03140,No aplica,Calle,5831
03140,Recta,Carretera,5832
03140,No aplica,Calle,5833
03140,No aplica,Calle,5834
03140,Recta,Carretera,5835
03140,Recta,Carretera,5836
03140,No aplica,Calle,5837
03140,No aplica,Calle,5838
03140,No aplica,Calle,5839
03140,No aplica,Calle,5840
03140,Recta,Carretera,5841
03140,Recta,Carretera,5842
03140,Recta,Carretera,5843
03140,Recta,Carretera,5844
03140,Curva sin señalizar,Carretera,5845
03140,Recta,Carretera,5846
03140,No aplica,Calle,5847
03140,Recta,Carretera,5848
03140,Curva sin señalizar,Carretera,5849
03140,No aplica,Calle,5850
03140,No aplica,Calle,5851
03140,No aplica,Calle,5852
03140,No aplica,Calle,5853
03140,No aplica,Calle,5854
03140,No aplica,Calle,5855
03140,No aplica,Calle,5856
03140,No aplica,Calle,5857
03140,No aplica,Calle,5858
03140,Recta,Carretera,5859
03140,Recta,Carretera,5860
03140,No aplica,Calle,5861
03140,No aplica,Calle,5862
03140,No aplica,Calle,5863
03140,No aplica,Calle,5864
03140,Recta,Carretera,5865
03140,Recta,Carretera,5866
03140,No aplica,Calle,5867
00000,Recta,Carretera,5868
00000,No aplica,Calle,5869
00000,No aplica,Calle,5870
03902,Recta,Carretera,5871
03902,Recta,Carretera,5872
03902,Recta,Carretera,5873
03902,Recta,Carretera,5874
03902,Recta,Carretera,5875
03902,Recta,Carretera,5876
03902,Recta,Carretera,5877
03902,Recta,Carretera,5878
03902,Recta,Carretera,5879
03902,Curva señalizada,Carretera,5880
03902,Recta,Travesía,5881
03902,Curva señalizada,Carretera,5882
03902,Curva sin señalizar,Carretera,5883
03902,Curva señalizada,Carretera,5884
03902,Recta,Carretera,5885
03902,Recta,Carretera,5886
03902,Recta,Carretera,5887
03902,Curva señalizada,Carretera,5888
03902,Curva sin señalizar,Carretera,5889
03902,Recta,Carretera,5890
00000,Recta,Carretera,5891
00000,Recta,Carretera,5892
00000,Curva señalizada,Carretera,5893
00000,Curva señalizada,Carretera,5894
00000,Curva señalizada,Carretera,5895
00000,Recta,Carretera,5896
00000,No aplica,Calle,5897
00000,No aplica,Calle,5898
00000,No aplica,Calle,5899
00000,No aplica,Calle,5900
00000,Recta,Carretera,5901
00000,Recta,Carretera,5902
00000,Curva señalizada,Carretera,5903
00000,No aplica,Calle,5904
00000,No aplica,Calle,5905
03011,No aplica,Calle,5906
03014,Recta,Carretera,5907
03014,Recta,Carretera,5908
03049,Recta,Carretera,5909
03050,No aplica,Calle,5910
03058,No aplica,Calle,5911
03063,No aplica,Calle,5912
03065,No aplica,Calle,5913
03065,No aplica,Calle,5914
03065,No aplica,Calle,5915
03065,No aplica,Calle,5916
03065,No aplica,Calle,5917
03065,No aplica,Calle,5918
03065,No aplica,Calle,5919
03065,No aplica,Calle,5920
03065,No aplica,Calle,5921
03065,No aplica,Calle,5922
03065,No aplica,Calle,5923
03065,No aplica,Calle,5924
03065,No aplica,Calle,5925
03065,No aplica,Calle,5926
03065,No aplica,Calle,5927
03065,No aplica,Calle,5928
03065,No aplica,Calle,5929
03066,No aplica,Calle,5930
03082,No aplica,Calle,5931
03082,No aplica,Calle,5932
03083,Recta,Carretera,5933
03089,No aplica,Calle,5934
03089,No aplica,Calle,5935
03089,No aplica,Calle,5936
03089,No aplica,Calle,5937
03089,No aplica,Calle,5938
03090,No aplica,Calle,5939
03092,No aplica,Calle,5940
03093,No aplica,Calle,5941
03093,No aplica,Calle,5942
03093,No aplica,Calle,5943
03093,No aplica,Calle,5944
03093,No aplica,Calle,5945
03093,No aplica,Calle,5946
03093,No aplica,Calle,5947
03093,No aplica,Calle,5948
03093,No aplica,Calle,5949
03093,No aplica,Calle,5950
03093,No aplica,Calle,5951
03093,No aplica,Calle,5952
03093,No aplica,Calle,5953
03093,No aplica,Calle,5954
03095,Recta,Carretera,5955
03099,Recta,Carretera,5956
03099,Recta,Carretera,5957
03099,No aplica,Calle,5958
03099,No aplica,Calle,5959
03099,No aplica,Calle,5960
03099,No aplica,Calle,5961
03099,No aplica,Calle,5962
03099,No aplica,Calle,5963
03099,No aplica,Calle,5964
03099,No aplica,Calle,5965
03099,No aplica,Calle,5966
03099,No aplica,Calle,5967
03099,No aplica,Calle,5968
03099,No aplica,Calle,5969
03099,No aplica,Calle,5970
03099,No aplica,Calle,5971
03099,No aplica,Calle,5972
03099,No aplica,Calle,5973
03105,Curva sin señalizar,Carretera,5974
03119,No aplica,Calle,5975
03121,No aplica,Calle,5976
03122,No aplica,Calle,5977
03122,No aplica,Calle,5978
03122,No aplica,Calle,5979
03122,Recta,Carretera,5980
03122,No aplica,Calle,5981
03133,Recta,Carretera,5982
00000,Curva señalizada,Carretera,5983
00000,Recta,Carretera,5984
00000,Recta,Carretera,5985
00000,Curva señalizada,Carretera,5986
00000,No aplica,Calle,5987
00000,Curva señalizada,Carretera,5988
00000,Recta,Carretera,5989
00000,Curva señalizada,Carretera,5990
00000,Recta,Carretera,5991
00000,Recta,Carretera,5992
00000,Curva señalizada,Carretera,5993
00000,Curva señalizada,Carretera,5994
00000,Curva señalizada,Carretera,5995
03005,Curva señalizada,Carretera,5996
03005,Curva señalizada,Carretera,5997
03005,Recta,Carretera,5998
03005,No aplica,Calle,5999
03005,Recta,Carretera,6000
03005,No aplica,Calle,6001
03005,No aplica,Calle,6002
03005,No aplica,Calle,6003
03005,Curva señalizada,Carretera,6004
03005,Recta,Carretera,6005
03005,Recta,Carretera,6006
03005,No aplica,Calle,6007
03005,No aplica,Calle,6008
03005,Curva sin señalizar,Carretera,6009
03005,Curva sin señalizar,Carretera,6010
03005,Curva señalizada,Carretera,6011
03005,Recta,Carretera,6012
03005,No aplica,Calle,6013
03005,No aplica,Calle,6014
03005,Recta,Carretera,6015
03005,Recta,Carretera,6016
00000,Curva señalizada,Carretera,6017
00000,Curva señalizada,Carretera,6018
00000,Curva señalizada,Carretera,6019
00000,Curva señalizada,Carretera,6020
00000,No aplica,Calle,6021
00000,Recta,Carretera,6022
03009,No aplica,Calle,6023
03009,No aplica,Calle,6024
03009,No aplica,Calle,6025
03009,Curva señalizada,Carretera,6026
03009,No aplica,Calle,6027
03009,No aplica,Calle,6028
03009,Curva sin señalizar,Carretera,6029
03009,No aplica,Calle,6030
03009,No aplica,Calle,6031
03009,Recta,Carretera,6032
03009,No aplica,Calle,6033
03009,Recta,Carretera,6034
03009,Curva sin señalizar,Carretera,6035
03009,Curva señalizada,Carretera,6036
03009,Recta,Carretera,6037
03009,No aplica,Calle,6038
03009,No aplica,Calle,6039
03009,No aplica,Calle,6040
03009,No aplica,Calle,6041
03009,No aplica,Calle,6042
03009,Recta,Carretera,6043
03009,No aplica,Calle,6044
03009,No aplica,Calle,6045
03009,Curva sin señalizar,Carretera,6046
03009,Curva señalizada,Carretera,6047
03009,No aplica,Calle,6048
03009,Curva señalizada,Carretera,6049
03009,No aplica,Calle,6050
03009,No aplica,Calle,6051
03009,No aplica,Calle,6052
03009,No aplica,Calle,6053
03009,Recta,Carretera,6054
03009,No aplica,Calle,6055
03009,No aplica,Calle,6056
03009,No aplica,Calle,6057
03009,No aplica,Calle,6058
03009,No aplica,Calle,6059
03009,No aplica,Calle,6060
03009,No aplica,Calle,6061
03009,Recta,Carretera,6062
03009,Curva sin señalizar,Carretera,6063
03009,No aplica,Calle,6064
03009,No aplica,Calle,6065
03009,No aplica,Calle,6066
03009,No aplica,Calle,6067
03009,No aplica,Calle,6068
03009,No aplica,Calle,6069
03009,Curva señalizada,Carretera,6070
03009,Curva señalizada,Carretera,6071
03009,Recta,Carretera,6072
03011,Recta,Carretera,6073
03011,No aplica,Calle,6074
03011,No aplica,Calle,6075
03011,Recta,Carretera,6076
03011,Recta,Carretera,6077
03011,No aplica,Calle,6078
03011,No aplica,Calle,6079
03011,No aplica,Calle,6080
03011,Curva señalizada,Carretera,6081
03011,Recta,Carretera,6082
03011,No aplica,Calle,6083
03011,Recta,Carretera,6084
03011,Recta,Carretera,6085
03011,Recta,Carretera,6086
03011,Recta,Carretera,6087
03011,Recta,Carretera,6088
03011,No aplica,Calle,6089
03011,Recta,Carretera,6090
03011,No aplica,Calle,6091
03011,No aplica,Calle,6092
03011,No aplica,Calle,6093
03011,Recta,Carretera,6094
03011,No aplica,Calle,6095
03011,Curva sin señalizar,Carretera,6096
03011,No aplica,Calle,6097
03011,No aplica,Calle,6098
03011,Recta,Carretera,6099
03011,No aplica,Calle,6100
03011,No aplica,Calle,6101
03011,No aplica,Calle,6102
03011,Curva sin señalizar,Carretera,6103
03011,No aplica,Calle,6104
03011,Curva señalizada,Carretera,6105
03011,Curva señalizada,Carretera,6106
03011,No aplica,Calle,6107
03011,No aplica,Calle,6108
03011,No aplica,Calle,6109
03011,Recta,Carretera,6110
03011,No aplica,Calle,6111
03011,No aplica,Calle,6112
03011,No aplica,Calle,6113
03011,Recta,Carretera,6114
03011,No aplica,Calle,6115
03011,No aplica,Calle,6116
03011,No aplica,Calle,6117
03011,Recta,Carretera,6118
03011,Recta,Carretera,6119
03011,Recta,Carretera,6120
03011,No aplica,Calle,6121
03011,No aplica,Calle,6122
03011,Recta,Carretera,6123
03011,Recta,Carretera,6124
03011,No aplica,Calle,6125
00000,Curva señalizada,Carretera,6126
00000,Recta,Carretera,6127
00000,Recta,Carretera,6128
00000,No aplica,Calle,6129
00000,No aplica,Calle,6130
00000,No aplica,Calle,6131
00000,No aplica,Calle,6132
00000,No aplica,Calle,6133
00000,Recta,Carretera,6134
00000,Curva señalizada,Carretera,6135
00000,Recta,Travesía,6136
03014,Recta,Carretera,6137
03014,Curva señalizada,Carretera,6138
03014,Recta,Carretera,6139
03014,Recta,Carretera,6140
03014,Recta,Carretera,6141
03014,Recta,Carretera,6142
03014,Recta,Carretera,6143
03014,Recta,Carretera,6144
03014,Recta,Carretera,6145
03014,Recta,Carretera,6146
03014,Recta,Carretera,6147
03014,Recta,Carretera,6148
03014,Recta,Carretera,6149
03014,Recta,Carretera,6150
03014,Curva señalizada,Carretera,6151
03014,Recta,Carretera,6152
03014,Curva señalizada,Carretera,6153
03014,Recta,Carretera,6154
03014,Curva señalizada,Carretera,6155
03014,Recta,Carretera,6156
03014,Recta,Carretera,6157
03014,Curva señalizada,Carretera,6158
03014,Curva señalizada,Carretera,6159
03014,No aplica,Calle,6160
03014,No aplica,Calle,6161
03014,Recta,Carretera,6162
03014,No aplica,Calle,6163
03014,No aplica,Calle,6164
03014,No aplica,Calle,6165
03014,Recta,Carretera,6166
03014,Recta,Carretera,6167
03014,Curva señalizada,Carretera,6168
03014,No aplica,Calle,6169
03014,Curva señalizada,Carretera,6170
03014,Recta,Carretera,6171
03014,Curva señalizada,Carretera,6172
03014,No aplica,Calle,6173
03014,No aplica,Calle,6174
03014,No aplica,Calle,6175
03014,No aplica,Calle,6176
03014,Recta,Carretera,6177
03014,Recta,Carretera,6178
03014,Recta,Carretera,6179
03014,Recta,Carretera,6180
03014,Recta,Carretera,6181
03014,Curva señalizada,Carretera,6182
03014,Recta,Carretera,6183
03014,Curva señalizada,Carretera,6184
03014,Recta,Carretera,6185
03014,Curva señalizada,Carretera,6186
03014,Recta,Carretera,6187
03014,Recta,Carretera,6188
03014,Recta,Carretera,6189
03014,Recta,Carretera,6190
03014,Recta,Carretera,6191
03014,No aplica,Calle,6192
03014,No aplica,Calle,6193
03014,No aplica,Calle,6194
03014,No aplica,Calle,6195
03014,No aplica,Calle,6196
03014,No aplica,Calle,6197
03014,No aplica,Calle,6198
03014,No aplica,Calle,6199
03014,No aplica,Calle,6200
03014,No aplica,Calle,6201
03014,No aplica,Calle,6202
03014,No aplica,Calle,6203
03014,No aplica,Calle,6204
03014,No aplica,Calle,6205
03014,No aplica,Calle,6206
03014,Curva señalizada,Carretera,6207
03014,Recta,Carretera,6208
03014,No aplica,Calle,6209
03014,Recta,Carretera,6210
03014,Recta,Carretera,6211
03014,Recta,Carretera,6212
03014,No aplica,Calle,6213
03014,No aplica,Calle,6214
03014,No aplica,Calle,6215
03014,Recta,Carretera,6216
03014,Recta,Carretera,6217
03014,Curva sin señalizar,Carretera,6218
03014,Recta,Carretera,6219
03014,No aplica,Calle,6220
03014,No aplica,Calle,6221
03014,No aplica,Calle,6222
03014,Curva señalizada,Carretera,6223
03014,Recta,Carretera,6224
03014,Recta,Carretera,6225
03014,No aplica,Calle,6226
03014,Recta,Carretera,6227
03014,No aplica,Calle,6228
03014,No aplica,Calle,6229
03014,Recta,Carretera,6230
03014,Recta,Carretera,6231
03014,Recta,Carretera,6232
03014,Recta,Carretera,6233
03014,Recta,Carretera,6234
03014,Se desconoce,Carretera,6235
03014,Recta,Carretera,6236
03014,Recta,Carretera,6237
03014,Recta,Carretera,6238
03014,Curva señalizada,Carretera,6239
03014,Recta,Carretera,6240
03014,Curva sin señalizar,Carretera,6241
03014,Recta,Carretera,6242
03014,Curva señalizada,Carretera,6243
03014,Recta,Carretera,6244
03014,Curva señalizada,Carretera,6245
03014,Recta,Carretera,6246
03014,Recta,Carretera,6247
03014,Curva señalizada,Carretera,6248
03014,Recta,Carretera,6249
03014,Recta,Carretera,6250
03014,Curva señalizada,Carretera,6251
03014,Recta,Carretera,6252
03014,Recta,Carretera,6253
03014,Recta,Carretera,6254
03014,Recta,Carretera,6255
03014,Recta,Carretera,6256
03014,Recta,Carretera,6257
03014,Recta,Carretera,6258
03014,No aplica,Calle,6259
03014,No aplica,Calle,6260
03014,No aplica,Calle,6261
03014,No aplica,Calle,6262
03014,No aplica,Calle,6263
03014,No aplica,Calle,6264
03014,No aplica,Calle,6265
03014,Recta,Carretera,6266
03014,No aplica,Calle,6267
03014,No aplica,Calle,6268
03014,Recta,Carretera,6269
03014,Recta,Carretera,6270
03014,Curva señalizada,Carretera,6271
03014,Curva sin señalizar,Carretera,6272
03014,Curva sin señalizar,Carretera,6273
03014,Recta,Carretera,6274
03014,Recta,Carretera,6275
03014,Recta,Carretera,6276
03014,Curva señalizada,Carretera,6277
03014,Recta,Carretera,6278
03014,Recta,Carretera,6279
03014,Curva señalizada,Carretera,6280
03014,No aplica,Calle,6281
03014,Recta,Carretera,6282
03014,Curva señalizada,Carretera,6283
03014,Recta,Carretera,6284
03014,Recta,Carretera,6285
03014,Recta,Carretera,6286
03014,No aplica,Calle,6287
03014,Curva señalizada,Carretera,6288
03014,Recta,Carretera,6289
03014,Recta,Carretera,6290
03014,Recta,Carretera,6291
03014,Recta,Carretera,6292
03014,Recta,Carretera,6293
03014,Recta,Carretera,6294
03014,Recta,Carretera,6295
03014,Recta,Carretera,6296
03014,Recta,Carretera,6297
03014,Recta,Carretera,6298
03015,Recta,Carretera,6299
03015,Recta,Carretera,6300
03015,Curva sin señalizar,Carretera,6301
03015,Curva señalizada,Carretera,6302
03015,Recta,Carretera,6303
03015,Recta,Carretera,6304
03015,Recta,Carretera,6305
03015,Recta,Carretera,6306
03015,Recta,Carretera,6307
03015,Recta,Carretera,6308
03015,Recta,Carretera,6309
03015,Recta,Carretera,6310
03015,Curva señalizada,Carretera,6311
03015,Recta,Carretera,6312
03015,Recta,Carretera,6313
03015,Recta,Carretera,6314
03015,Recta,Carretera,6315
03015,Curva señalizada,Carretera,6316
03015,Recta,Carretera,6317
03015,Recta,Carretera,6318
03015,Recta,Carretera,6319
03015,Recta,Carretera,6320
03015,Recta,Carretera,6321
03015,Curva sin señalizar,Carretera,6322
03015,Recta,Carretera,6323
03015,Recta,Carretera,6324
03015,Recta,Carretera,6325
00000,Curva sin señalizar,Carretera,6326
03018,Recta,Carretera,6327
03018,Curva señalizada,Carretera,6328
03018,No aplica,Calle,6329
03018,No aplica,Calle,6330
03018,Recta,Carretera,6331
03018,Recta,Carretera,6332
03018,Recta,Carretera,6333
03018,Curva sin señalizar,Carretera,6334
03018,Recta,Carretera,6335
03018,Recta,Carretera,6336
03018,Recta,Carretera,6337
03018,Curva señalizada,Carretera,6338
03018,Curva señalizada,Carretera,6339
03018,Recta,Carretera,6340
03018,Recta,Carretera,6341
03018,Curva sin señalizar,Carretera,6342
03018,Recta,Carretera,6343
03018,Curva sin señalizar,Carretera,6344
03018,Curva señalizada,Carretera,6345
03018,No aplica,Calle,6346
03018,Recta,Carretera,6347
03018,Recta,Carretera,6348
03018,Recta,Carretera,6349
03018,No aplica,Calle,6350
03018,No aplica,Calle,6351
03018,No aplica,Calle,6352
03018,No aplica,Calle,6353
03018,Recta,Carretera,6354
03019,Curva señalizada,Carretera,6355
03019,Recta,Carretera,6356
03019,Recta,Carretera,6357
03019,Curva señalizada,Carretera,6358
03019,Curva señalizada,Carretera,6359
03019,Curva señalizada,Carretera,6360
03019,Curva señalizada,Carretera,6361
03019,Curva señalizada,Carretera,6362
03019,Recta,Carretera,6363
03019,Recta,Carretera,6364
03019,Curva señalizada,Carretera,6365
03019,Recta,Carretera,6366
03019,Recta,Carretera,6367
03021,No aplica,Calle,6368
03021,No aplica,Calle,6369
03021,Curva señalizada,Carretera,6370
03021,No aplica,Calle,6371
03021,Recta,Carretera,6372
00000,Curva señalizada,Carretera,6373
00000,Recta,Carretera,6374
00000,Curva sin señalizar,Carretera,6375
00000,Curva señalizada,Carretera,6376
00000,Recta,Carretera,6377
03024,Curva señalizada,Carretera,6378
03024,Recta,Carretera,6379
03024,Curva señalizada,Carretera,6380
03024,Recta,Carretera,6381
03024,Recta,Carretera,6382
00000,Curva sin señalizar,Carretera,6383
00000,Curva señalizada,Carretera,6384
00000,Curva sin señalizar,Carretera,6385
00000,Recta,Carretera,6386
00000,Curva señalizada,Carretera,6387
00000,Curva sin señalizar,Carretera,6388
00000,Curva sin señalizar,Carretera,6389
03031,No aplica,Calle,6390
03031,No aplica,Calle,6391
03031,No aplica,Calle,6392
03031,No aplica,Calle,6393
03031,No aplica,Calle,6394
03031,No aplica,Calle,6395
03031,No aplica,Calle,6396
03031,No aplica,Calle,6397
03031,No aplica,Calle,6398
03031,No aplica,Calle,6399
03031,Recta,Carretera,6400
03031,No aplica,Calle,6401
03031,No aplica,Calle,6402
03031,No aplica,Calle,6403
03031,No aplica,Calle,6404
03031,No aplica,Calle,6405
03031,No aplica,Calle,6406
03031,No aplica,Calle,6407
03031,No aplica,Calle,6408
03031,No aplica,Calle,6409
03031,No aplica,Calle,6410
03031,No aplica,Calle,6411
03031,No aplica,Calle,6412
03031,No aplica,Calle,6413
03031,No aplica,Calle,6414
03031,No aplica,Calle,6415
03031,No aplica,Calle,6416
03031,No aplica,Calle,6417
03031,No aplica,Calle,6418
03031,Curva sin señalizar,Carretera,6419
03031,No aplica,Calle,6420
03031,No aplica,Calle,6421
03031,No aplica,Calle,6422
03031,No aplica,Calle,6423
03031,Recta,Carretera,6424
03031,No aplica,Calle,6425
03031,No aplica,Calle,6426
03031,No aplica,Calle,6427
03031,No aplica,Calle,6428
03031,No aplica,Calle,6429
03031,No aplica,Calle,6430
03031,No aplica,Calle,6431
03031,No aplica,Calle,6432
03031,No aplica,Calle,6433
03031,No aplica,Calle,6434
03031,No aplica,Calle,6435
03031,No aplica,Calle,6436
03031,No aplica,Calle,6437
03031,No aplica,Calle,6438
03031,No aplica,Calle,6439
03031,Recta,Carretera,6440
03031,No aplica,Calle,6441
03031,No aplica,Calle,6442
03031,No aplica,Calle,6443
03031,No aplica,Calle,6444
03031,No aplica,Calle,6445
03031,Recta,Carretera,6446
03031,No aplica,Calle,6447
03031,No aplica,Calle,6448
03031,No aplica,Calle,6449
03031,No aplica,Calle,6450
03031,No aplica,Calle,6451
03031,No aplica,Calle,6452
03031,No aplica,Calle,6453
03031,No aplica,Calle,6454
03031,No aplica,Calle,6455
03031,Recta,Carretera,6456
03031,No aplica,Calle,6457
03031,No aplica,Calle,6458
03031,No aplica,Calle,6459
03031,No aplica,Calle,6460
03031,Recta,Carretera,6461
03031,No aplica,Calle,6462
03031,No aplica,Calle,6463
03031,No aplica,Calle,6464
03031,No aplica,Calle,6465
03031,No aplica,Calle,6466
03031,No aplica,Calle,6467
03031,No aplica,Calle,6468
03031,No aplica,Calle,6469
03031,No aplica,Calle,6470
03031,No aplica,Calle,6471
03031,No aplica,Calle,6472
03031,No aplica,Calle,6473
03031,Recta,Carretera,6474
03031,No aplica,Calle,6475
03031,No aplica,Calle,6476
03031,No aplica,Calle,6477
03031,No aplica,Calle,6478
03031,No aplica,Calle,6479
03031,No aplica,Calle,6480
03031,No aplica,Calle,6481
03031,Recta,Carretera,6482
03031,No aplica,Calle,6483
03031,No aplica,Calle,6484
03031,No aplica,Calle,6485
03031,No aplica,Calle,6486
03031,No aplica,Calle,6487
03031,No aplica,Calle,6488
03031,No aplica,Calle,6489
03031,No aplica,Calle,6490
03031,No aplica,Calle,6491
03031,No aplica,Calle,6492
03031,No aplica,Calle,6493
03031,No aplica,Calle,6494
03031,Curva señalizada,Carretera,6495
03031,No aplica,Calle,6496
03031,No aplica,Calle,6497
03031,No aplica,Calle,6498
03031,Recta,Carretera,6499
03031,No aplica,Calle,6500
03031,No aplica,Calle,6501
03031,No aplica,Calle,6502
03031,No aplica,Calle,6503
03031,No aplica,Calle,6504
03031,Recta,Carretera,6505
03031,No aplica,Calle,6506
03031,No aplica,Calle,6507
03031,No aplica,Calle,6508
03031,No aplica,Calle,6509
03031,No aplica,Calle,6510
03031,No aplica,Calle,6511
03031,No aplica,Calle,6512
03031,Recta,Carretera,6513
03031,No aplica,Calle,6514
03031,No aplica,Calle,6515
03031,No aplica,Calle,6516
03031,No aplica,Calle,6517
03031,No aplica,Calle,6518
03031,No aplica,Calle,6519
03031,No aplica,Calle,6520
03031,No aplica,Calle,6521
03031,No aplica,Calle,6522
03031,No aplica,Calle,6523
03031,No aplica,Calle,6524
03031,No aplica,Calle,6525
03031,No aplica,Calle,6526
03031,Curva sin señalizar,Carretera,6527
03031,No aplica,Calle,6528
03031,Recta,Carretera,6529
03031,No aplica,Calle,6530
03031,No aplica,Calle,6531
03031,No aplica,Calle,6532
03031,No aplica,Calle,6533
03031,No aplica,Calle,6534
03031,No aplica,Calle,6535
03031,No aplica,Calle,6536
03031,Recta,Carretera,6537
03031,No aplica,Calle,6538
03031,No aplica,Calle,6539
03031,No aplica,Calle,6540
03031,No aplica,Calle,6541
03031,No aplica,Calle,6542
03031,Recta,Carretera,6543
03031,Recta,Carretera,6544
03031,No aplica,Calle,6545
03031,No aplica,Calle,6546
03031,No aplica,Calle,6547
03031,No aplica,Calle,6548
03031,No aplica,Calle,6549
03031,No aplica,Calle,6550
03031,No aplica,Calle,6551
03031,No aplica,Calle,6552
03031,No aplica,Calle,6553
03031,No aplica,Calle,6554
03031,No aplica,Calle,6555
03031,No aplica,Calle,6556
03031,Recta,Carretera,6557
03031,No aplica,Calle,6558
03031,No aplica,Calle,6559
03031,No aplica,Calle,6560
03031,Recta,Carretera,6561
03031,No aplica,Calle,6562
03031,No aplica,Calle,6563
03031,No aplica,Calle,6564
03031,Curva señalizada,Carretera,6565
03031,No aplica,Calle,6566
03031,Recta,Carretera,6567
03031,No aplica,Calle,6568
03031,Recta,Carretera,6569
03031,No aplica,Calle,6570
03031,No aplica,Calle,6571
03031,No aplica,Calle,6572
03031,No aplica,Calle,6573
03031,No aplica,Calle,6574
03031,No aplica,Calle,6575
03031,No aplica,Calle,6576
03031,No aplica,Calle,6577
03031,No aplica,Calle,6578
03031,No aplica,Calle,6579
03031,No aplica,Calle,6580
03031,No aplica,Calle,6581
03031,No aplica,Calle,6582
03031,No aplica,Calle,6583
03031,No aplica,Calle,6584
03031,Recta,Carretera,6585
03031,No aplica,Calle,6586
03031,No aplica,Calle,6587
03031,No aplica,Calle,6588
03031,No aplica,Calle,6589
03031,No aplica,Calle,6590
03031,No aplica,Calle,6591
03031,No aplica,Calle,6592
03031,No aplica,Calle,6593
03031,No aplica,Calle,6594
03031,No aplica,Calle,6595
03031,No aplica,Calle,6596
03031,No aplica,Calle,6597
03031,No aplica,Calle,6598
03031,No aplica,Calle,6599
03031,No aplica,Calle,6600
03031,No aplica,Calle,6601
03031,No aplica,Calle,6602
03031,No aplica,Calle,6603
03031,Recta,Carretera,6604
03031,Recta,Carretera,6605
03031,No aplica,Calle,6606
03031,Curva señalizada,Carretera,6607
03031,No aplica,Calle,6608
03031,Curva señalizada,Carretera,6609
03031,Recta,Carretera,6610
03031,No aplica,Calle,6611
03031,No aplica,Calle,6612
03031,No aplica,Calle,6613
03031,No aplica,Calle,6614
03031,No aplica,Calle,6615
03031,Recta,Carretera,6616
03031,No aplica,Calle,6617
03031,Recta,Carretera,6618
03031,No aplica,Calle,6619
03031,No aplica,Calle,6620
03031,No aplica,Calle,6621
03031,No aplica,Calle,6622
03031,No aplica,Calle,6623
03031,Recta,Carretera,6624
03031,No aplica,Calle,6625
03031,No aplica,Calle,6626
00000,Curva señalizada,Carretera,6627
00000,Recta,Carretera,6628
00000,Curva señalizada,Carretera,6629
00000,Recta,Carretera,6630
00000,Recta,Carretera,6631
00000,Curva señalizada,Carretera,6632
00000,Curva señalizada,Carretera,6633
00000,No aplica,Calle,6634
00000,Curva señalizada,Carretera,6635
00000,Curva señalizada,Carretera,6636
00000,Curva señalizada,Carretera,6637
00000,Recta,Carretera,6638
00000,Curva señalizada,Carretera,6639
00000,Recta,Carretera,6640
03041,Curva sin señalizar,Carretera,6641
03041,Recta,Carretera,6642
03041,Recta,Carretera,6643
03041,Curva señalizada,Carretera,6644
03041,Recta,Carretera,6645
03041,Recta,Carretera,6646
03041,Curva señalizada,Carretera,6647
03041,Recta,Carretera,6648
03041,Recta,Carretera,6649
03041,Curva sin señalizar,Carretera,6650
03041,Curva señalizada,Carretera,6651
03041,Recta,Carretera,6652
03041,Recta,Carretera,6653
03041,Curva señalizada,Carretera,6654
03041,Recta,Carretera,6655
00000,Curva señalizada,Carretera,6656
03041,No aplica,Calle,6657
03041,No aplica,Calle,6658
03041,No aplica,Calle,6659
03041,Curva señalizada,Carretera,6660
00000,Recta,Carretera,6661
00000,No aplica,Calle,6662
00000,No aplica,Calle,6663
00000,No aplica,Calle,6664
00000,Se desconoce,Carretera,6665
03044,Curva señalizada,Carretera,6666
03044,Curva señalizada,Carretera,6667
03044,Curva señalizada,Carretera,6668
03044,Recta,Carretera,6669
00000,Curva señalizada,Carretera,6670
00000,Curva señalizada,Carretera,6671
00000,Curva señalizada,Carretera,6672
00000,Curva señalizada,Carretera,6673
00000,Curva señalizada,Carretera,6674
00000,Curva señalizada,Carretera,6675
03047,No aplica,Calle,6676
03047,Recta,Carretera,6677
03047,Curva señalizada,Carretera,6678
03047,No aplica,Calle,6679
03047,Recta,Carretera,6680
03047,No aplica,Calle,6681
03047,Curva señalizada,Carretera,6682
03047,No aplica,Calle,6683
03047,No aplica,Calle,6684
03047,Recta,Carretera,6685
03048,Curva señalizada,Carretera,6686
03048,Curva sin señalizar,Carretera,6687
03048,Recta,Carretera,6688
03049,Recta,Carretera,6689
03049,Recta,Carretera,6690
03049,Se desconoce,Carretera,6691
03049,No aplica,Calle,6692
03049,Curva señalizada,Carretera,6693
03049,Recta,Carretera,6694
03049,Recta,Carretera,6695
03049,No aplica,Calle,6696
03049,No aplica,Calle,6697
03049,No aplica,Calle,6698
03049,No aplica,Calle,6699
03049,No aplica,Calle,6700
03049,No aplica,Calle,6701
03049,No aplica,Calle,6702
03049,No aplica,Calle,6703
03049,No aplica,Calle,6704
03049,Recta,Carretera,6705
03049,No aplica,Calle,6706
03049,No aplica,Calle,6707
03049,No aplica,Calle,6708
03049,Recta,Carretera,6709
03049,Recta,Carretera,6710
03050,Recta,Carretera,6711
03050,Recta,Carretera,6712
03050,Recta,Carretera,6713
03050,Recta,Carretera,6714
03050,Recta,Carretera,6715
03050,Curva señalizada,Carretera,6716
03050,Recta,Carretera,6717
03050,No aplica,Calle,6718
03050,Recta,Carretera,6719
03050,Recta,Carretera,6720
03050,Recta,Carretera,6721
03050,No aplica,Calle,6722
03050,No aplica,Calle,6723
03050,Curva sin señalizar,Carretera,6724
03050,No aplica,Calle,6725
03050,No aplica,Calle,6726
03050,Recta,Carretera,6727
03050,Recta,Carretera,6728
03050,Recta,Carretera,6729
03050,Recta,Carretera,6730
03050,Curva señalizada,Carretera,6731
03050,Curva sin señalizar,Carretera,6732
03050,Curva señalizada,Carretera,6733
03050,No aplica,Calle,6734
03050,Recta,Carretera,6735
03050,Curva señalizada,Carretera,6736
03050,Curva sin señalizar,Carretera,6737
03050,Curva señalizada,Carretera,6738
03053,Recta,Carretera,6739
03053,No aplica,Calle,6740
03053,Curva señalizada,Carretera,6741
03053,Curva sin señalizar,Carretera,6742
03053,No aplica,Calle,6743
03053,No aplica,Calle,6744
03053,No aplica,Calle,6745
03053,No aplica,Calle,6746
03053,No aplica,Calle,6747
03053,No aplica,Calle,6748
03053,Recta,Carretera,6749
03053,Recta,Carretera,6750
03053,Curva señalizada,Carretera,6751
03053,No aplica,Calle,6752
00000,Curva señalizada,Carretera,6753
03055,Recta,Carretera,6754
03055,Recta,Carretera,6755
03055,Curva señalizada,Carretera,6756
03055,Recta,Carretera,6757
03056,Curva señalizada,Carretera,6758
03056,Recta,Carretera,6759
03056,Curva señalizada,Carretera,6760
03056,Curva sin señalizar,Carretera,6761
03056,Recta,Carretera,6762
03056,Curva sin señalizar,Carretera,6763
03056,Recta,Carretera,6764
03056,Curva señalizada,Carretera,6765
03056,Curva señalizada,Carretera,6766
03056,Curva señalizada,Carretera,6767
03056,Curva señalizada,Carretera,6768
03056,Curva sin señalizar,Carretera,6769
03056,Recta,Carretera,6770
03056,Curva señalizada,Carretera,6771
00000,Curva señalizada,Carretera,6772
03058,No aplica,Calle,6773
03058,No aplica,Calle,6774
03058,Recta,Carretera,6775
03058,No aplica,Calle,6776
03058,No aplica,Calle,6777
03058,Curva señalizada,Carretera,6778
03058,Recta,Carretera,6779
03058,Curva señalizada,Carretera,6780
03058,No aplica,Calle,6781
03058,No aplica,Calle,6782
03058,No aplica,Calle,6783
03058,No aplica,Calle,6784
03058,Recta,Carretera,6785
03058,No aplica,Calle,6786
03058,No aplica,Calle,6787
03058,No aplica,Calle,6788
03058,Recta,Carretera,6789
03058,No aplica,Calle,6790
03058,No aplica,Calle,6791
03058,No aplica,Calle,6792
03059,Recta,Carretera,6793
03059,Recta,Carretera,6794
03059,Recta,Carretera,6795
03059,Recta,Carretera,6796
03059,Curva sin señalizar,Carretera,6797
03059,Curva señalizada,Carretera,6798
03059,Recta,Carretera,6799
03059,Recta,Carretera,6800
03059,Recta,Carretera,6801
03059,Curva señalizada,Carretera,6802
03059,Recta,Carretera,6803
03059,Recta,Carretera,6804
03059,Recta,Carretera,6805
03059,Recta,Carretera,6806
03059,Recta,Carretera,6807
03059,Curva señalizada,Carretera,6808
03059,Recta,Carretera,6809
03059,Curva señalizada,Carretera,6810
03059,Recta,Carretera,6811
03059,Curva señalizada,Carretera,6812
03059,Recta,Carretera,6813
03059,Curva señalizada,Carretera,6814
03059,Recta,Carretera,6815
03059,No aplica,Calle,6816
03059,Recta,Carretera,6817
03059,Curva sin señalizar,Carretera,6818
03059,Curva sin señalizar,Carretera,6819
03059,Recta,Carretera,6820
03059,Recta,Carretera,6821
03059,Recta,Carretera,6822
03059,Recta,Carretera,6823
03059,Recta,Carretera,6824
03059,Recta,Carretera,6825
03059,Recta,Carretera,6826
03059,No aplica,Calle,6827
03059,Recta,Carretera,6828
03059,Recta,Carretera,6829
03059,Recta,Carretera,6830
03059,Recta,Carretera,6831
03059,Recta,Carretera,6832
03059,No aplica,Calle,6833
03059,Recta,Carretera,6834
03059,Recta,Carretera,6835
00000,Recta,Carretera,6836
00000,Curva sin señalizar,Carretera,6837
00000,Curva señalizada,Carretera,6838
00000,Recta,Carretera,6839
00000,Recta,Carretera,6840
00000,Recta,Carretera,6841
00000,Recta,Carretera,6842
03063,No aplica,Calle,6843
03063,No aplica,Calle,6844
03063,No aplica,Calle,6845
03063,Recta,Carretera,6846
03063,Recta,Carretera,6847
03063,Recta,Carretera,6848
03063,Curva señalizada,Carretera,6849
03063,Curva señalizada,Carretera,6850
03063,Recta,Carretera,6851
03063,Se desconoce,Carretera,6852
03063,No aplica,Calle,6853
03063,Recta,Carretera,6854
03063,Recta,Carretera,6855
03063,Curva señalizada,Carretera,6856
03063,No aplica,Calle,6857
03063,No aplica,Calle,6858
03063,Recta,Carretera,6859
03063,No aplica,Calle,6860
03063,No aplica,Calle,6861
03063,Recta,Carretera,6862
03063,No aplica,Calle,6863
03063,Recta,Carretera,6864
03063,No aplica,Calle,6865
03063,No aplica,Calle,6866
03063,No aplica,Calle,6867
03063,No aplica,Calle,6868
03063,No aplica,Calle,6869
03063,No aplica,Calle,6870
03063,Recta,Carretera,6871
03063,No aplica,Calle,6872
03063,Recta,Carretera,6873
03063,No aplica,Calle,6874
03063,No aplica,Calle,6875
03063,Recta,Carretera,6876
03063,Recta,Carretera,6877
03063,Curva señalizada,Carretera,6878
03063,No aplica,Calle,6879
03063,No aplica,Calle,6880
03063,Recta,Carretera,6881
03063,Recta,Carretera,6882
03063,Recta,Carretera,6883
03063,No aplica,Calle,6884
03063,No aplica,Calle,6885
03063,No aplica,Calle,6886
03063,No aplica,Calle,6887
03063,Recta,Carretera,6888
03063,Recta,Carretera,6889
03063,No aplica,Calle,6890
03063,No aplica,Calle,6891
03063,No aplica,Calle,6892
03063,No aplica,Calle,6893
03063,No aplica,Calle,6894
03063,No aplica,Calle,6895
03063,No aplica,Calle,6896
03063,No aplica,Calle,6897
03063,Recta,Carretera,6898
03063,No aplica,Calle,6899
03063,No aplica,Calle,6900
03063,Recta,Carretera,6901
03063,No aplica,Calle,6902
03063,No aplica,Calle,6903
03063,No aplica,Calle,6904
03063,Curva sin señalizar,Carretera,6905
03063,Recta,Carretera,6906
03063,No aplica,Calle,6907
03063,No aplica,Calle,6908
03063,No aplica,Calle,6909
03063,Curva señalizada,Carretera,6910
03063,Recta,Carretera,6911
03063,Recta,Carretera,6912
03063,No aplica,Calle,6913
03063,Recta,Carretera,6914
03063,No aplica,Calle,6915
03063,Curva señalizada,Carretera,6916
03063,No aplica,Calle,6917
03063,Curva sin señalizar,Carretera,6918
03063,No aplica,Calle,6919
03064,Recta,Carretera,6920
03064,Recta,Carretera,6921
03064,Recta,Carretera,6922
03064,Curva señalizada,Carretera,6923
03064,Recta,Carretera,6924
03065,No aplica,Calle,6925
03065,No aplica,Calle,6926
03065,No aplica,Calle,6927
03065,Recta,Carretera,6928
03065,No aplica,Calle,6929
03065,No aplica,Calle,6930
03065,Recta,Carretera,6931
03065,No aplica,Calle,6932
03065,Recta,Carretera,6933
03065,No aplica,Calle,6934
03065,Recta,Carretera,6935
03065,No aplica,Calle,6936
03065,No aplica,Calle,6937
03065,No aplica,Calle,6938
03065,Recta,Carretera,6939
03065,No aplica,Calle,6940
03065,No aplica,Calle,6941
03065,No aplica,Calle,6942
03065,No aplica,Calle,6943
03065,No aplica,Calle,6944
03065,No aplica,Calle,6945
03065,No aplica,Calle,6946
03065,No aplica,Calle,6947
03065,Curva señalizada,Carretera,6948
03065,No aplica,Calle,6949
03065,No aplica,Calle,6950
03065,No aplica,Calle,6951
03065,No aplica,Calle,6952
03065,No aplica,Calle,6953
03065,No aplica,Calle,6954
03065,No aplica,Calle,6955
03065,No aplica,Calle,6956
03065,Recta,Carretera,6957
03065,No aplica,Calle,6958
03065,No aplica,Calle,6959
03065,No aplica,Calle,6960
03065,No aplica,Calle,6961
03065,No aplica,Calle,6962
03065,No aplica,Calle,6963
03065,No aplica,Calle,6964
03065,No aplica,Calle,6965
03065,Recta,Carretera,6966
03065,Recta,Carretera,6967
03065,No aplica,Calle,6968
03065,Recta,Carretera,6969
03065,No aplica,Calle,6970
03065,No aplica,Calle,6971
03065,No aplica,Calle,6972
03065,No aplica,Calle,6973
03065,No aplica,Calle,6974
03065,No aplica,Calle,6975
03065,Recta,Carretera,6976
03065,No aplica,Calle,6977
03065,No aplica,Calle,6978
03065,No aplica,Calle,6979
03065,No aplica,Calle,6980
03065,No aplica,Calle,6981
03065,No aplica,Calle,6982
03065,No aplica,Calle,6983
03065,No aplica,Calle,6984
03065,No aplica,Calle,6985
03065,Recta,Carretera,6986
03065,No aplica,Calle,6987
03065,No aplica,Calle,6988
03065,No aplica,Calle,6989
03065,No aplica,Calle,6990
03065,No aplica,Calle,6991
03065,Recta,Carretera,6992
03065,No aplica,Calle,6993
03065,No aplica,Calle,6994
03065,No aplica,Calle,6995
03065,No aplica,Calle,6996
03065,No aplica,Calle,6997
03065,No aplica,Calle,6998
03065,No aplica,Calle,6999
03065,No aplica,Calle,7000
03065,No aplica,Calle,7001
03065,No aplica,Calle,7002
03065,No aplica,Calle,7003
03065,No aplica,Calle,7004
03065,No aplica,Calle,7005
03065,No aplica,Calle,7006
03065,No aplica,Calle,7007
03065,No aplica,Calle,7008
03065,No aplica,Calle,7009
03065,No aplica,Calle,7010
03065,No aplica,Calle,7011
03065,Recta,Carretera,7012
03065,No aplica,Calle,7013
03065,Curva señalizada,Carretera,7014
03065,No aplica,Calle,7015
03065,No aplica,Calle,7016
03065,No aplica,Calle,7017
03065,No aplica,Calle,7018
03065,No aplica,Calle,7019
03065,Recta,Carretera,7020
03065,No aplica,Calle,7021
03065,No aplica,Calle,7022
03065,Recta,Carretera,7023
03065,No aplica,Calle,7024
03065,No aplica,Calle,7025
03065,No aplica,Calle,7026
03065,No aplica,Calle,7027
03065,Recta,Carretera,7028
03065,Curva sin señalizar,Carretera,7029
03065,No aplica,Calle,7030
03065,No aplica,Calle,7031
03065,No aplica,Calle,7032
03065,No aplica,Calle,7033
03065,Recta,Carretera,7034
03065,No aplica,Calle,7035
03065,No aplica,Calle,7036
03065,No aplica,Calle,7037
03065,No aplica,Calle,7038
03065,No aplica,Calle,7039
03065,No aplica,Calle,7040
03065,No aplica,Calle,7041
03065,Curva señalizada,Carretera,7042
03065,No aplica,Calle,7043
03065,Recta,Carretera,7044
03065,No aplica,Calle,7045
03065,Curva señalizada,Carretera,7046
03065,No aplica,Calle,7047
03065,Recta,Carretera,7048
03065,No aplica,Calle,7049
03065,Curva sin señalizar,Carretera,7050
03065,No aplica,Calle,7051
03065,No aplica,Calle,7052
03065,No aplica,Calle,7053
03065,No aplica,Calle,7054
03065,No aplica,Calle,7055
03065,No aplica,Calle,7056
03065,No aplica,Calle,7057
03065,No aplica,Calle,7058
03065,No aplica,Calle,7059
03065,Recta,Carretera,7060
03065,Recta,Carretera,7061
03065,No aplica,Calle,7062
03065,No aplica,Calle,7063
03065,No aplica,Calle,7064
03065,No aplica,Calle,7065
03065,Curva señalizada,Carretera,7066
03065,No aplica,Calle,7067
03065,No aplica,Calle,7068
03065,No aplica,Calle,7069
03065,No aplica,Calle,7070
03065,No aplica,Calle,7071
03065,No aplica,Calle,7072
03065,No aplica,Calle,7073
03065,No aplica,Calle,7074
03065,No aplica,Calle,7075
03065,No aplica,Calle,7076
03065,No aplica,Calle,7077
03065,Recta,Carretera,7078
03065,Recta,Carretera,7079
03065,No aplica,Calle,7080
03065,No aplica,Calle,7081
03065,No aplica,Calle,7082
03065,No aplica,Calle,7083
03065,Recta,Carretera,7084
03065,No aplica,Calle,7085
03065,No aplica,Calle,7086
03065,Recta,Carretera,7087
03065,No aplica,Calle,7088
03065,No aplica,Calle,7089
03065,No aplica,Calle,7090
03065,Recta,Carretera,7091
03065,Curva señalizada,Carretera,7092
03065,No aplica,Calle,7093
03065,No aplica,Calle,7094
03065,Recta,Carretera,7095
03065,No aplica,Calle,7096
03065,No aplica,Calle,7097
03065,No aplica,Calle,7098
03065,No aplica,Calle,7099
03065,No aplica,Calle,7100
03065,No aplica,Calle,7101
03065,No aplica,Calle,7102
03065,No aplica,Calle,7103
03065,No aplica,Calle,7104
03065,No aplica,Calle,7105
03065,Recta,Carretera,7106
03065,No aplica,Calle,7107
03065,No aplica,Calle,7108
03065,No aplica,Calle,7109
03065,Recta,Carretera,7110
03065,Recta,Carretera,7111
03065,No aplica,Calle,7112
03065,No aplica,Calle,7113
03065,Curva señalizada,Carretera,7114
03065,No aplica,Calle,7115
03065,No aplica,Calle,7116
03065,No aplica,Calle,7117
03065,No aplica,Calle,7118
03065,No aplica,Calle,7119
03065,No aplica,Calle,7120
03065,Recta,Carretera,7121
03065,Curva sin señalizar,Carretera,7122
03065,No aplica,Calle,7123
03065,Recta,Carretera,7124
03065,No aplica,Calle,7125
03065,No aplica,Calle,7126
03065,Recta,Carretera,7127
03065,Recta,Carretera,7128
03065,No aplica,Calle,7129
03065,Recta,Carretera,7130
03065,Recta,Carretera,7131
03065,No aplica,Calle,7132
03065,Recta,Carretera,7133
03065,No aplica,Calle,7134
03065,Recta,Carretera,7135
03065,No aplica,Calle,7136
03065,No aplica,Calle,7137
03065,No aplica,Calle,7138
03065,No aplica,Calle,7139
03065,No aplica,Calle,7140
03065,No aplica,Calle,7141
03065,No aplica,Calle,7142
03065,No aplica,Calle,7143
03065,No aplica,Calle,7144
03065,No aplica,Calle,7145
03065,No aplica,Calle,7146
03065,No aplica,Calle,7147
03065,No aplica,Calle,7148
03065,No aplica,Calle,7149
03065,No aplica,Calle,7150
03065,No aplica,Calle,7151
03065,No aplica,Calle,7152
03065,Recta,Carretera,7153
03065,No aplica,Calle,7154
03065,No aplica,Calle,7155
03065,Recta,Carretera,7156
03065,No aplica,Calle,7157
03065,No aplica,Calle,7158
03065,No aplica,Calle,7159
03065,Recta,Carretera,7160
03065,No aplica,Calle,7161
03065,Recta,Carretera,7162
03065,No aplica,Calle,7163
03065,No aplica,Calle,7164
03065,No aplica,Calle,7165
03065,No aplica,Calle,7166
03065,No aplica,Calle,7167
03065,Recta,Carretera,7168
03065,No aplica,Calle,7169
03065,No aplica,Calle,7170
03065,No aplica,Calle,7171
03065,No aplica,Calle,7172
03065,No aplica,Calle,7173
03065,No aplica,Calle,7174
03065,No aplica,Calle,7175
03065,No aplica,Calle,7176
03065,Recta,Carretera,7177
03065,No aplica,Calle,7178
03065,Recta,Carretera,7179
03065,Curva señalizada,Carretera,7180
03065,No aplica,Calle,7181
03065,No aplica,Calle,7182
03065,No aplica,Calle,7183
03065,No aplica,Calle,7184
03065,No aplica,Calle,7185
03065,No aplica,Calle,7186
03065,Recta,Carretera,7187
03065,Recta,Carretera,7188
03065,Recta,Carretera,7189
03065,Curva señalizada,Carretera,7190
03065,No aplica,Calle,7191
03065,No aplica,Calle,7192
03065,No aplica,Calle,7193
03065,Recta,Carretera,7194
03065,No aplica,Calle,7195
03065,No aplica,Calle,7196
03065,No aplica,Calle,7197
03065,No aplica,Calle,7198
03065,No aplica,Calle,7199
03065,No aplica,Calle,7200
03065,No aplica,Calle,7201
03065,No aplica,Calle,7202
03065,No aplica,Calle,7203
03065,No aplica,Calle,7204
03065,No aplica,Calle,7205
03065,No aplica,Calle,7206
03065,No aplica,Calle,7207
03065,No aplica,Calle,7208
03065,Recta,Carretera,7209
03065,No aplica,Calle,7210
03065,No aplica,Calle,7211
03065,Recta,Carretera,7212
03065,No aplica,Calle,7213
03065,No aplica,Calle,7214
03065,No aplica,Calle,7215
03065,No aplica,Calle,7216
03065,No aplica,Calle,7217
03065,No aplica,Calle,7218
03065,No aplica,Calle,7219
03065,No aplica,Calle,7220
03065,No aplica,Calle,7221
03065,No aplica,Calle,7222
03065,No aplica,Calle,7223
03065,No aplica,Calle,7224
03065,No aplica,Calle,7225
03065,Recta,Carretera,7226
03065,No aplica,Calle,7227
03065,No aplica,Calle,7228
03065,No aplica,Calle,7229
03065,No aplica,Calle,7230
03065,No aplica,Calle,7231
03065,No aplica,Calle,7232
03065,Recta,Carretera,7233
03065,Recta,Carretera,7234
03065,Curva señalizada,Carretera,7235
03065,No aplica,Calle,7236
03065,No aplica,Calle,7237
03065,No aplica,Calle,7238
03065,No aplica,Calle,7239
03065,No aplica,Calle,7240
03065,No aplica,Calle,7241
03065,No aplica,Calle,7242
03065,No aplica,Calle,7243
03065,No aplica,Calle,7244
03065,No aplica,Calle,7245
03065,No aplica,Calle,7246
03065,No aplica,Calle,7247
03065,No aplica,Calle,7248
03065,No aplica,Calle,7249
03065,No aplica,Calle,7250
03065,No aplica,Calle,7251
03065,No aplica,Calle,7252
03065,Curva sin señalizar,Carretera,7253
03065,No aplica,Calle,7254
03065,No aplica,Calle,7255
03065,No aplica,Calle,7256
03065,No aplica,Calle,7257
03065,No aplica,Calle,7258
03065,No aplica,Calle,7259
03065,No aplica,Calle,7260
03065,No aplica,Calle,7261
03065,No aplica,Calle,7262
03065,No aplica,Calle,7263
03065,No aplica,Calle,7264
03065,Curva señalizada,Carretera,7265
03065,Curva señalizada,Carretera,7266
03065,Recta,Carretera,7267
03065,No aplica,Calle,7268
03065,No aplica,Calle,7269
03065,No aplica,Calle,7270
03065,No aplica,Calle,7271
03065,No aplica,Calle,7272
03065,No aplica,Calle,7273
03065,No aplica,Calle,7274
03065,No aplica,Calle,7275
03065,Recta,Carretera,7276
03065,No aplica,Calle,7277
03065,No aplica,Calle,7278
03065,No aplica,Calle,7279
03065,No aplica,Calle,7280
03065,No aplica,Calle,7281
03065,No aplica,Calle,7282
03065,Recta,Carretera,7283
03065,No aplica,Calle,7284
03065,No aplica,Calle,7285
03065,Recta,Carretera,7286
03065,Curva señalizada,Carretera,7287
03065,No aplica,Calle,7288
03065,No aplica,Calle,7289
03065,No aplica,Calle,7290
03065,No aplica,Calle,7291
03065,Recta,Travesía,7292
03065,No aplica,Calle,7293
03065,No aplica,Calle,7294
03065,No aplica,Calle,7295
03065,No aplica,Calle,7296
03065,Curva sin señalizar,Carretera,7297
03065,Recta,Carretera,7298
03065,No aplica,Calle,7299
03065,Recta,Carretera,7300
03065,Recta,Carretera,7301
03065,Recta,Carretera,7302
03065,No aplica,Calle,7303
03065,Recta,Carretera,7304
03065,No aplica,Calle,7305
03065,No aplica,Calle,7306
03065,Curva señalizada,Carretera,7307
03065,No aplica,Calle,7308
03065,No aplica,Calle,7309
03065,No aplica,Calle,7310
03065,No aplica,Calle,7311
03065,No aplica,Calle,7312
03065,Recta,Carretera,7313
03065,Recta,Carretera,7314
03065,No aplica,Calle,7315
03065,No aplica,Calle,7316
03065,Recta,Carretera,7317
03065,No aplica,Calle,7318
03065,No aplica,Calle,7319
03065,No aplica,Calle,7320
03065,Recta,Carretera,7321
03065,No aplica,Calle,7322
03065,No aplica,Calle,7323
03065,No aplica,Calle,7324
03065,No aplica,Calle,7325
03065,No aplica,Calle,7326
03065,No aplica,Calle,7327
03065,Recta,Carretera,7328
03065,Curva señalizada,Carretera,7329
03065,No aplica,Calle,7330
03065,Curva señalizada,Carretera,7331
03065,No aplica,Calle,7332
03065,Recta,Carretera,7333
03065,No aplica,Calle,7334
03065,No aplica,Calle,7335
03065,No aplica,Calle,7336
03065,Recta,Carretera,7337
03065,Recta,Carretera,7338
03065,No aplica,Calle,7339
03065,No aplica,Calle,7340
03065,No aplica,Calle,7341
03065,Curva sin señalizar,Carretera,7342
03065,Recta,Carretera,7343
03065,No aplica,Calle,7344
03065,Curva señalizada,Carretera,7345
03065,No aplica,Calle,7346
03065,No aplica,Calle,7347
03065,No aplica,Calle,7348
03065,No aplica,Calle,7349
03065,Recta,Carretera,7350
03065,Recta,Carretera,7351
03065,No aplica,Calle,7352
03065,No aplica,Calle,7353
03065,No aplica,Calle,7354
03065,Se desconoce,Travesía,7355
03065,No aplica,Calle,7356
03065,No aplica,Calle,7357
03065,No aplica,Calle,7358
03065,No aplica,Calle,7359
03065,No aplica,Calle,7360
03065,No aplica,Calle,7361
03065,Curva señalizada,Carretera,7362
03065,No aplica,Calle,7363
03065,No aplica,Calle,7364
03065,Curva señalizada,Carretera,7365
03065,Recta,Carretera,7366
03065,No aplica,Calle,7367
03065,No aplica,Calle,7368
03065,Recta,Carretera,7369
03065,No aplica,Calle,7370
03065,No aplica,Calle,7371
03065,Curva señalizada,Carretera,7372
03065,Recta,Carretera,7373
03065,Recta,Carretera,7374
03065,No aplica,Calle,7375
03065,No aplica,Calle,7376
03065,No aplica,Calle,7377
03065,No aplica,Calle,7378
03065,No aplica,Calle,7379
03065,No aplica,Calle,7380
03065,Curva señalizada,Carretera,7381
03065,No aplica,Calle,7382
03065,No aplica,Calle,7383
03065,No aplica,Calle,7384
03065,No aplica,Calle,7385
03065,No aplica,Calle,7386
03065,No aplica,Calle,7387
03065,No aplica,Calle,7388
03065,No aplica,Calle,7389
03065,No aplica,Calle,7390
03065,No aplica,Calle,7391
03065,No aplica,Calle,7392
03065,No aplica,Calle,7393
03065,No aplica,Calle,7394
03065,No aplica,Calle,7395
03065,No aplica,Calle,7396
03065,No aplica,Calle,7397
03065,No aplica,Calle,7398
03065,Recta,Carretera,7399
03065,No aplica,Calle,7400
03065,No aplica,Calle,7401
03065,No aplica,Calle,7402
03065,No aplica,Calle,7403
03065,No aplica,Calle,7404
03065,Curva señalizada,Carretera,7405
03065,No aplica,Calle,7406
03065,No aplica,Calle,7407
03065,Curva señalizada,Carretera,7408
03065,Curva señalizada,Carretera,7409
03065,No aplica,Calle,7410
03065,No aplica,Calle,7411
03065,Recta,Carretera,7412
03065,No aplica,Calle,7413
03065,No aplica,Calle,7414
03065,No aplica,Calle,7415
03065,No aplica,Calle,7416
03065,No aplica,Calle,7417
03065,Recta,Carretera,7418
03065,No aplica,Calle,7419
03065,No aplica,Calle,7420
03065,No aplica,Calle,7421
03065,Recta,Carretera,7422
03065,No aplica,Calle,7423
03065,No aplica,Calle,7424
03065,No aplica,Calle,7425
03065,No aplica,Calle,7426
03065,No aplica,Calle,7427
03065,No aplica,Calle,7428
03065,No aplica,Calle,7429
03065,No aplica,Calle,7430
03065,No aplica,Calle,7431
03065,No aplica,Calle,7432
03065,Recta,Carretera,7433
03065,No aplica,Calle,7434
03065,No aplica,Calle,7435
03065,No aplica,Calle,7436
03065,Curva señalizada,Carretera,7437
03065,No aplica,Calle,7438
03065,No aplica,Calle,7439
03065,Curva señalizada,Carretera,7440
03065,No aplica,Calle,7441
03065,Curva señalizada,Carretera,7442
03065,Recta,Carretera,7443
03065,No aplica,Calle,7444
03065,No aplica,Calle,7445
03065,No aplica,Calle,7446
03065,No aplica,Calle,7447
03065,No aplica,Calle,7448
03065,No aplica,Calle,7449
03065,No aplica,Calle,7450
03065,Recta,Carretera,7451
03065,Recta,Carretera,7452
03065,No aplica,Calle,7453
03065,No aplica,Calle,7454
03065,No aplica,Calle,7455
03065,No aplica,Calle,7456
03065,Recta,Carretera,7457
03065,No aplica,Calle,7458
03065,No aplica,Calle,7459
03065,No aplica,Calle,7460
03065,No aplica,Calle,7461
03065,No aplica,Calle,7462
03065,No aplica,Calle,7463
03065,No aplica,Calle,7464
03065,No aplica,Calle,7465
03065,No aplica,Calle,7466
03065,No aplica,Calle,7467
03065,No aplica,Calle,7468
03065,No aplica,Calle,7469
03065,No aplica,Calle,7470
03065,No aplica,Calle,7471
03065,Recta,Carretera,7472
03065,No aplica,Calle,7473
03065,No aplica,Calle,7474
03065,No aplica,Calle,7475
03065,No aplica,Calle,7476
03065,No aplica,Calle,7477
03065,Recta,Carretera,7478
03065,Curva sin señalizar,Carretera,7479
03065,No aplica,Calle,7480
03065,No aplica,Calle,7481
03065,Curva señalizada,Carretera,7482
03065,No aplica,Calle,7483
03065,No aplica,Calle,7484
03065,Curva señalizada,Carretera,7485
03065,No aplica,Calle,7486
03065,No aplica,Calle,7487
03065,No aplica,Calle,7488
03065,Curva señalizada,Carretera,7489
03065,No aplica,Calle,7490
03065,No aplica,Calle,7491
03065,No aplica,Calle,7492
03065,No aplica,Calle,7493
03065,Recta,Carretera,7494
03065,No aplica,Calle,7495
03065,No aplica,Calle,7496
03065,Curva señalizada,Carretera,7497
03065,Curva señalizada,Carretera,7498
03065,No aplica,Calle,7499
03065,No aplica,Calle,7500
03065,No aplica,Calle,7501
03065,No aplica,Calle,7502
03065,No aplica,Calle,7503
03065,Recta,Carretera,7504
03065,No aplica,Calle,7505
03065,No aplica,Calle,7506
03065,No aplica,Calle,7507
03065,No aplica,Calle,7508
03065,Recta,Carretera,7509
03065,No aplica,Calle,7510
03065,No aplica,Calle,7511
03065,Recta,Carretera,7512
03065,Recta,Carretera,7513
03065,No aplica,Calle,7514
03065,No aplica,Calle,7515
03065,No aplica,Calle,7516
03065,No aplica,Calle,7517
03065,No aplica,Calle,7518
03065,No aplica,Calle,7519
03065,No aplica,Calle,7520
03065,No aplica,Calle,7521
03065,No aplica,Calle,7522
03065,No aplica,Calle,7523
03065,No aplica,Calle,7524
03065,No aplica,Calle,7525
03065,No aplica,Calle,7526
03065,No aplica,Calle,7527
03065,No aplica,Calle,7528
03065,No aplica,Calle,7529
03065,No aplica,Calle,7530
03065,Recta,Carretera,7531
03065,Recta,Carretera,7532
03065,No aplica,Calle,7533
03065,No aplica,Calle,7534
03065,No aplica,Calle,7535
03065,No aplica,Calle,7536
03065,Curva señalizada,Carretera,7537
03065,No aplica,Calle,7538
03065,Curva señalizada,Carretera,7539
03065,No aplica,Calle,7540
03065,No aplica,Calle,7541
03065,No aplica,Calle,7542
03065,No aplica,Calle,7543
03065,No aplica,Calle,7544
03065,No aplica,Calle,7545
03065,No aplica,Calle,7546
03065,Recta,Carretera,7547
03065,No aplica,Calle,7548
03065,No aplica,Calle,7549
03065,No aplica,Calle,7550
03065,Curva señalizada,Carretera,7551
03065,No aplica,Calle,7552
03065,No aplica,Calle,7553
03065,No aplica,Calle,7554
03065,No aplica,Calle,7555
03065,No aplica,Calle,7556
03065,No aplica,Calle,7557
03065,No aplica,Calle,7558
03065,No aplica,Calle,7559
03065,Recta,Carretera,7560
03065,No aplica,Calle,7561
03065,No aplica,Calle,7562
03065,No aplica,Calle,7563
03065,No aplica,Calle,7564
03065,No aplica,Calle,7565
03065,No aplica,Calle,7566
03065,No aplica,Calle,7567
03065,Recta,Carretera,7568
03065,Recta,Carretera,7569
03065,No aplica,Calle,7570
03065,No aplica,Calle,7571
03065,No aplica,Calle,7572
03065,No aplica,Calle,7573
03065,Curva señalizada,Carretera,7574
03065,No aplica,Calle,7575
03065,No aplica,Calle,7576
03065,No aplica,Calle,7577
03065,No aplica,Calle,7578
03065,No aplica,Calle,7579
03065,No aplica,Calle,7580
03065,No aplica,Calle,7581
03065,No aplica,Calle,7582
03065,Recta,Carretera,7583
03065,No aplica,Calle,7584
03065,Curva señalizada,Carretera,7585
03065,No aplica,Calle,7586
03065,Curva señalizada,Carretera,7587
03065,No aplica,Calle,7588
03065,No aplica,Calle,7589
03065,No aplica,Calle,7590
03065,No aplica,Calle,7591
03065,No aplica,Calle,7592
03065,No aplica,Calle,7593
03065,No aplica,Calle,7594
03065,No aplica,Calle,7595
03065,Curva señalizada,Carretera,7596
03065,No aplica,Calle,7597
03065,No aplica,Calle,7598
03065,No aplica,Calle,7599
03065,No aplica,Calle,7600
03065,No aplica,Calle,7601
03065,Recta,Carretera,7602
03065,Curva señalizada,Carretera,7603
03065,No aplica,Calle,7604
03065,No aplica,Calle,7605
03065,No aplica,Calle,7606
03065,No aplica,Calle,7607
03065,Curva señalizada,Carretera,7608
03065,No aplica,Calle,7609
03065,Recta,Carretera,7610
03065,Recta,Carretera,7611
03065,Recta,Carretera,7612
03065,No aplica,Calle,7613
03065,No aplica,Calle,7614
03065,Recta,Carretera,7615
03065,Curva señalizada,Carretera,7616
03065,No aplica,Calle,7617
03065,Recta,Carretera,7618
03065,No aplica,Calle,7619
03065,No aplica,Calle,7620
03065,No aplica,Calle,7621
03065,No aplica,Calle,7622
03065,No aplica,Calle,7623
03065,No aplica,Calle,7624
03065,No aplica,Calle,7625
03065,No aplica,Calle,7626
03065,No aplica,Calle,7627
03065,No aplica,Calle,7628
03065,Curva sin señalizar,Carretera,7629
03065,No aplica,Calle,7630
03065,No aplica,Calle,7631
03065,No aplica,Calle,7632
03065,No aplica,Calle,7633
03065,Recta,Carretera,7634
03065,No aplica,Calle,7635
03065,No aplica,Calle,7636
03065,No aplica,Calle,7637
03065,No aplica,Calle,7638
03065,Recta,Carretera,7639
03065,No aplica,Calle,7640
03065,No aplica,Calle,7641
03065,No aplica,Calle,7642
03065,No aplica,Calle,7643
03065,No aplica,Calle,7644
03065,No aplica,Calle,7645
03065,No aplica,Calle,7646
03065,No aplica,Calle,7647
03065,No aplica,Calle,7648
03065,Recta,Carretera,7649
03065,Curva sin señalizar,Carretera,7650
03065,Recta,Carretera,7651
03065,No aplica,Calle,7652
03065,No aplica,Calle,7653
03065,No aplica,Calle,7654
03065,Recta,Carretera,7655
03065,Recta,Carretera,7656
03065,No aplica,Calle,7657
03065,No aplica,Calle,7658
03065,No aplica,Calle,7659
03065,Recta,Carretera,7660
03065,No aplica,Calle,7661
03065,No aplica,Calle,7662
03065,Curva señalizada,Carretera,7663
03065,Curva señalizada,Carretera,7664
03065,Recta,Carretera,7665
03065,No aplica,Calle,7666
03065,No aplica,Calle,7667
03065,No aplica,Calle,7668
03065,No aplica,Calle,7669
03065,No aplica,Calle,7670
03065,No aplica,Calle,7671
03065,No aplica,Calle,7672
03065,No aplica,Calle,7673
03065,No aplica,Calle,7674
03065,No aplica,Calle,7675
03065,No aplica,Calle,7676
03065,No aplica,Calle,7677
03065,No aplica,Calle,7678
03065,Recta,Carretera,7679
03065,No aplica,Calle,7680
03065,No aplica,Calle,7681
03065,Recta,Carretera,7682
03065,No aplica,Calle,7683
03065,No aplica,Calle,7684
03065,No aplica,Calle,7685
03065,No aplica,Calle,7686
03065,Curva señalizada,Carretera,7687
03065,No aplica,Calle,7688
03065,Recta,Carretera,7689
03065,Curva señalizada,Carretera,7690
03065,No aplica,Calle,7691
03065,No aplica,Calle,7692
03065,No aplica,Calle,7693
03065,No aplica,Calle,7694
03065,Curva sin señalizar,Carretera,7695
03065,Curva señalizada,Carretera,7696
03065,No aplica,Calle,7697
03065,No aplica,Calle,7698
03065,No aplica,Calle,7699
03065,Curva señalizada,Carretera,7700
03065,Recta,Carretera,7701
03065,Recta,Carretera,7702
03065,No aplica,Calle,7703
03065,Recta,Carretera,7704
03065,No aplica,Calle,7705
03065,Recta,Carretera,7706
03065,No aplica,Calle,7707
03065,Curva señalizada,Carretera,7708
03065,No aplica,Calle,7709
03065,No aplica,Calle,7710
03065,No aplica,Calle,7711
03065,No aplica,Calle,7712
03065,No aplica,Calle,7713
03065,No aplica,Calle,7714
03065,No aplica,Calle,7715
03065,Recta,Carretera,7716
03065,No aplica,Calle,7717
03065,No aplica,Calle,7718
03065,Recta,Carretera,7719
03065,No aplica,Calle,7720
03065,No aplica,Calle,7721
03065,No aplica,Calle,7722
03065,No aplica,Calle,7723
03065,No aplica,Calle,7724
03066,No aplica,Calle,7725
03066,No aplica,Calle,7726
03066,No aplica,Calle,7727
03066,Recta,Carretera,7728
03066,No aplica,Calle,7729
03066,No aplica,Calle,7730
03066,No aplica,Calle,7731
03066,No aplica,Calle,7732
03066,No aplica,Calle,7733
03066,No aplica,Calle,7734
03066,No aplica,Calle,7735
03066,No aplica,Calle,7736
03066,No aplica,Calle,7737
03066,No aplica,Calle,7738
03066,No aplica,Calle,7739
03066,No aplica,Calle,7740
03066,No aplica,Calle,7741
03066,No aplica,Calle,7742
03066,No aplica,Calle,7743
03066,No aplica,Calle,7744
03066,No aplica,Calle,7745
03066,No aplica,Calle,7746
03066,Curva sin señalizar,Carretera,7747
03066,No aplica,Calle,7748
03066,No aplica,Calle,7749
03066,Curva señalizada,Carretera,7750
03066,No aplica,Calle,7751
03066,No aplica,Calle,7752
03066,No aplica,Calle,7753
03066,Recta,Travesía,7754
03066,No aplica,Calle,7755
03066,No aplica,Calle,7756
03066,No aplica,Calle,7757
03066,No aplica,Calle,7758
03066,No aplica,Calle,7759
03066,No aplica,Calle,7760
03066,No aplica,Calle,7761
03066,No aplica,Calle,7762
03066,No aplica,Calle,7763
03066,No aplica,Calle,7764
03066,No aplica,Calle,7765
03066,No aplica,Calle,7766
03066,No aplica,Calle,7767
03066,No aplica,Calle,7768
03066,No aplica,Calle,7769
03066,No aplica,Calle,7770
03066,Curva sin señalizar,Carretera,7771
03066,No aplica,Calle,7772
03066,No aplica,Calle,7773
03066,No aplica,Calle,7774
03066,No aplica,Calle,7775
03066,No aplica,Calle,7776
03066,No aplica,Calle,7777
03066,No aplica,Calle,7778
03066,No aplica,Calle,7779
03066,No aplica,Calle,7780
03066,No aplica,Calle,7781
03066,No aplica,Calle,7782
03066,No aplica,Calle,7783
03066,No aplica,Calle,7784
03066,No aplica,Calle,7785
03066,No aplica,Calle,7786
03066,No aplica,Calle,7787
03066,No aplica,Calle,7788
03066,Recta,Carretera,7789
03066,No aplica,Calle,7790
03066,No aplica,Calle,7791
03066,No aplica,Calle,7792
03066,No aplica,Calle,7793
03066,No aplica,Calle,7794
03066,No aplica,Calle,7795
03066,No aplica,Calle,7796
03066,No aplica,Calle,7797
03066,No aplica,Calle,7798
03066,No aplica,Calle,7799
03066,No aplica,Calle,7800
03066,No aplica,Calle,7801
03066,No aplica,Calle,7802
03066,No aplica,Calle,7803
03066,No aplica,Calle,7804
03066,No aplica,Calle,7805
03069,Curva señalizada,Carretera,7806
03069,Recta,Carretera,7807
03069,Curva señalizada,Carretera,7808
03069,Curva señalizada,Carretera,7809
03069,Recta,Carretera,7810
03069,No aplica,Calle,7811
03069,No aplica,Calle,7812
03069,Recta,Carretera,7813
03069,No aplica,Calle,7814
03069,No aplica,Calle,7815
03069,No aplica,Calle,7816
03069,Curva señalizada,Carretera,7817
03069,No aplica,Calle,7818
03069,No aplica,Calle,7819
03069,No aplica,Calle,7820
03069,No aplica,Calle,7821
03069,Recta,Carretera,7822
03069,No aplica,Calle,7823
03069,No aplica,Calle,7824
03069,Curva señalizada,Carretera,7825
03069,Curva sin señalizar,Carretera,7826
03069,Recta,Carretera,7827
03069,Recta,Carretera,7828
00000,Curva señalizada,Carretera,7829
00000,Recta,Carretera,7830
03071,Curva sin señalizar,Carretera,7831
03071,Recta,Carretera,7832
03071,Recta,Carretera,7833
03071,Curva señalizada,Carretera,7834
03071,Curva señalizada,Carretera,7835
00000,Curva señalizada,Carretera,7836
00000,Recta,Carretera,7837
00000,Curva señalizada,Carretera,7838
03076,No aplica,Calle,7839
03076,Recta,Carretera,7840
03076,No aplica,Calle,7841
03076,No aplica,Calle,7842
03076,Curva señalizada,Carretera,7843
03076,No aplica,Calle,7844
03076,Curva señalizada,Carretera,7845
03076,No aplica,Calle,7846
03076,No aplica,Calle,7847
03076,Curva señalizada,Carretera,7848
03076,Recta,Carretera,7849
03076,No aplica,Calle,7850
03076,No aplica,Calle,7851
03076,No aplica,Calle,7852
03076,No aplica,Calle,7853
03076,No aplica,Calle,7854
03076,No aplica,Calle,7855
03076,Recta,Carretera,7856
03076,Recta,Carretera,7857
03076,Curva señalizada,Carretera,7858
03076,Curva señalizada,Carretera,7859
03076,No aplica,Calle,7860
03076,Recta,Carretera,7861
03076,Recta,Carretera,7862
03076,No aplica,Calle,7863
03076,Recta,Carretera,7864
03076,Recta,Carretera,7865
03076,No aplica,Calle,7866
03076,No aplica,Calle,7867
03076,Recta,Carretera,7868
03076,Curva sin señalizar,Carretera,7869
03076,Curva señalizada,Carretera,7870
03076,No aplica,Calle,7871
03076,No aplica,Calle,7872
03076,No aplica,Calle,7873
03076,Curva señalizada,Carretera,7874
03076,Recta,Carretera,7875
03076,Recta,Carretera,7876
03076,Recta,Carretera,7877
00000,Curva señalizada,Carretera,7878
00000,Curva señalizada,Carretera,7879
00000,Curva señalizada,Carretera,7880
00000,Curva señalizada,Carretera,7881
00000,Recta,Carretera,7882
00000,Recta,Carretera,7883
00000,Curva señalizada,Carretera,7884
03079,Curva señalizada,Carretera,7885
03079,No aplica,Calle,7886
03079,No aplica,Calle,7887
03079,Recta,Carretera,7888
03079,Curva señalizada,Carretera,7889
03079,Recta,Carretera,7890
03079,Recta,Carretera,7891
03079,Recta,Carretera,7892
03079,Recta,Carretera,7893
03079,Curva señalizada,Carretera,7894
03079,Recta,Carretera,7895
03079,No aplica,Calle,7896
00000,Curva señalizada,Carretera,7897
00000,Curva señalizada,Carretera,7898
00000,Curva señalizada,Carretera,7899
00000,Recta,Carretera,7900
00000,Curva señalizada,Carretera,7901
00000,Recta,Carretera,7902
00000,Recta,Travesía,7903
00000,Curva señalizada,Carretera,7904
00000,No aplica,Calle,7905
00000,Recta,Carretera,7906
03082,Recta,Carretera,7907
03082,No aplica,Calle,7908
03082,No aplica,Calle,7909
03082,Curva señalizada,Carretera,7910
03082,No aplica,Calle,7911
03082,No aplica,Calle,7912
03082,No aplica,Calle,7913
03082,No aplica,Calle,7914
03082,No aplica,Calle,7915
03082,No aplica,Calle,7916
03082,No aplica,Calle,7917
03082,No aplica,Calle,7918
03082,No aplica,Calle,7919
03082,No aplica,Calle,7920
03082,Recta,Carretera,7921
03082,Curva señalizada,Carretera,7922
03082,Curva señalizada,Carretera,7923
03082,Curva sin señalizar,Carretera,7924
03082,Recta,Carretera,7925
03082,No aplica,Calle,7926
03082,Recta,Carretera,7927
03082,No aplica,Calle,7928
03082,No aplica,Calle,7929
03082,No aplica,Calle,7930
03082,Recta,Carretera,7931
03082,Recta,Carretera,7932
03082,Curva sin señalizar,Carretera,7933
03082,Recta,Carretera,7934
03082,Curva señalizada,Carretera,7935
03083,Curva señalizada,Carretera,7936
03083,Curva señalizada,Carretera,7937
03083,Curva señalizada,Carretera,7938
03083,Curva señalizada,Carretera,7939
03083,Recta,Carretera,7940
03083,Curva señalizada,Carretera,7941
03083,Recta,Carretera,7942
03083,Curva señalizada,Carretera,7943
03083,Curva sin señalizar,Carretera,7944
03083,No aplica,Calle,7945
03083,No aplica,Calle,7946
03083,Curva señalizada,Carretera,7947
03083,Curva señalizada,Carretera,7948
03083,Curva señalizada,Carretera,7949
03083,Curva señalizada,Carretera,7950
03083,Curva señalizada,Carretera,7951
03083,Curva señalizada,Carretera,7952
03083,No aplica,Calle,7953
03083,No aplica,Calle,7954
03083,Curva señalizada,Carretera,7955
03083,Curva señalizada,Carretera,7956
03083,No aplica,Calle,7957
03083,No aplica,Calle,7958
03083,Curva señalizada,Carretera,7959
00000,Recta,Carretera,7960
00000,Curva señalizada,Carretera,7961
00000,Curva señalizada,Carretera,7962
03088,Curva señalizada,Carretera,7963
03088,Recta,Carretera,7964
03088,Curva señalizada,Carretera,7965
03088,Curva sin señalizar,Carretera,7966
03088,Recta,Carretera,7967
03088,Recta,Carretera,7968
03088,Recta,Carretera,7969
03088,Curva señalizada,Carretera,7970
03088,Recta,Carretera,7971
03088,Recta,Carretera,7972
03088,Recta,Carretera,7973
03088,Curva señalizada,Carretera,7974
03088,Curva señalizada,Carretera,7975
03088,Curva señalizada,Carretera,7976
03088,Recta,Carretera,7977
03088,Recta,Carretera,7978
03088,Recta,Carretera,7979
03088,Curva sin señalizar,Carretera,7980
03088,Recta,Carretera,7981
03088,Recta,Carretera,7982
03088,Recta,Carretera,7983
03088,Recta,Carretera,7984
03088,Curva señalizada,Carretera,7985
03088,Recta,Carretera,7986
03088,Curva señalizada,Carretera,7987
03088,Recta,Carretera,7988
03088,Recta,Carretera,7989
03088,Curva señalizada,Carretera,7990
03088,Recta,Carretera,7991
03088,Recta,Carretera,7992
03089,Recta,Carretera,7993
03089,No aplica,Calle,7994
03089,Recta,Carretera,7995
03089,Recta,Carretera,7996
03089,Recta,Carretera,7997
03089,Curva señalizada,Carretera,7998
03089,Recta,Carretera,7999
03089,Recta,Carretera,8000
03089,Recta,Carretera,8001
03090,Recta,Carretera,8002
03090,Recta,Carretera,8003
03090,Curva señalizada,Carretera,8004
03090,Curva señalizada,Carretera,8005
03090,Curva señalizada,Carretera,8006
03090,Recta,Carretera,8007
03090,Curva sin señalizar,Carretera,8008
03090,Curva señalizada,Carretera,8009
03090,Recta,Carretera,8010
03090,Recta,Carretera,8011
03090,Recta,Carretera,8012
03090,No aplica,Calle,8013
03090,No aplica,Calle,8014
03090,No aplica,Calle,8015
03090,No aplica,Calle,8016
03090,Curva señalizada,Carretera,8017
03090,No aplica,Calle,8018
03050,Curva sin señalizar,Carretera,8019
03090,Curva sin señalizar,Carretera,8020
03090,Recta,Carretera,8021
03090,Curva sin señalizar,Carretera,8022
03090,No aplica,Calle,8023
03090,Recta,Carretera,8024
03090,No aplica,Calle,8025
03090,No aplica,Calle,8026
03090,No aplica,Calle,8027
03090,Curva señalizada,Carretera,8028
03090,Recta,Carretera,8029
03090,No aplica,Calle,8030
03090,No aplica,Calle,8031
03090,No aplica,Calle,8032
03090,No aplica,Calle,8033
03090,Recta,Carretera,8034
03090,Curva señalizada,Carretera,8035
03090,Recta,Carretera,8036
03090,Curva sin señalizar,Carretera,8037
03090,Recta,Carretera,8038
03090,No aplica,Calle,8039
03090,No aplica,Calle,8040
03090,Recta,Carretera,8041
03090,Recta,Carretera,8042
03090,No aplica,Calle,8043
03090,No aplica,Calle,8044
03090,No aplica,Calle,8045
03090,No aplica,Calle,8046
03090,Curva señalizada,Carretera,8047
03090,No aplica,Calle,8048
03090,Recta,Carretera,8049
03090,No aplica,Calle,8050
03090,No aplica,Calle,8051
03090,No aplica,Calle,8052
03090,No aplica,Calle,8053
03090,No aplica,Calle,8054
03090,No aplica,Calle,8055
03090,Curva señalizada,Carretera,8056
03090,No aplica,Calle,8057
03090,No aplica,Calle,8058
03090,Recta,Carretera,8059
03090,Recta,Carretera,8060
03090,Recta,Carretera,8061
03092,Recta,Carretera,8062
03092,Recta,Carretera,8063
03092,Recta,Carretera,8064
03092,Se desconoce,Carretera,8065
03092,Recta,Carretera,8066
03092,Recta,Carretera,8067
03092,Curva señalizada,Carretera,8068
03092,Recta,Carretera,8069
03092,No aplica,Calle,8070
03092,No aplica,Calle,8071
03093,Curva señalizada,Carretera,8072
03093,Recta,Carretera,8073
03093,Curva señalizada,Carretera,8074
03093,Curva sin señalizar,Carretera,8075
03093,Recta,Carretera,8076
03093,Recta,Carretera,8077
03093,Recta,Carretera,8078
03093,Recta,Carretera,8079
03093,No aplica,Calle,8080
03093,Se desconoce,Carretera,8081
03093,Curva señalizada,Carretera,8082
03093,Curva señalizada,Carretera,8083
03093,Recta,Carretera,8084
03093,Recta,Carretera,8085
03093,Recta,Carretera,8086
03093,Recta,Carretera,8087
03093,Curva señalizada,Carretera,8088
03093,Recta,Carretera,8089
03093,No aplica,Calle,8090
03093,No aplica,Calle,8091
03093,No aplica,Calle,8092
03093,No aplica,Calle,8093
03093,No aplica,Calle,8094
03093,No aplica,Calle,8095
03093,No aplica,Calle,8096
03093,No aplica,Calle,8097
03093,No aplica,Calle,8098
03093,No aplica,Calle,8099
03093,No aplica,Calle,8100
03093,No aplica,Calle,8101
03093,No aplica,Calle,8102
03093,No aplica,Calle,8103
03093,No aplica,Calle,8104
03093,Curva señalizada,Carretera,8105
03093,Curva señalizada,Carretera,8106
03093,Recta,Carretera,8107
03093,No aplica,Calle,8108
03093,Recta,Carretera,8109
03093,No aplica,Calle,8110
03093,No aplica,Calle,8111
03093,No aplica,Calle,8112
03093,Curva señalizada,Carretera,8113
03093,Curva señalizada,Carretera,8114
03093,Curva sin señalizar,Carretera,8115
03094,Curva señalizada,Carretera,8116
03094,Curva señalizada,Carretera,8117
03094,Curva señalizada,Carretera,8118
03094,Recta,Carretera,8119
03094,Curva sin señalizar,Carretera,8120
03094,Recta,Carretera,8121
03094,No aplica,Calle,8122
03094,Recta,Carretera,8123
03094,Recta,Carretera,8124
03094,Recta,Carretera,8125
03094,Curva sin señalizar,Carretera,8126
03094,Curva señalizada,Carretera,8127
03094,Curva señalizada,Carretera,8128
03094,Recta,Carretera,8129
03094,Recta,Carretera,8130
03094,Recta,Carretera,8131
03094,Curva señalizada,Carretera,8132
03094,No aplica,Calle,8133
03094,No aplica,Calle,8134
03094,No aplica,Calle,8135
03094,No aplica,Calle,8136
03094,No aplica,Calle,8137
03094,No aplica,Calle,8138
03094,No aplica,Calle,8139
03094,Curva señalizada,Carretera,8140
03094,Recta,Carretera,8141
03094,Curva señalizada,Carretera,8142
03095,Curva señalizada,Carretera,8143
03095,Recta,Carretera,8144
03095,Curva señalizada,Carretera,8145
03095,Recta,Carretera,8146
03096,Curva sin señalizar,Carretera,8147
03096,No aplica,Calle,8148
03096,Curva señalizada,Carretera,8149
03096,No aplica,Calle,8150
03096,Curva señalizada,Carretera,8151
03096,No aplica,Calle,8152
03096,No aplica,Calle,8153
03096,Curva señalizada,Carretera,8154
03096,No aplica,Calle,8155
00000,Curva sin señalizar,Carretera,8156
00000,Recta,Carretera,8157
00000,Curva señalizada,Carretera,8158
00000,Curva señalizada,Carretera,8159
00000,Curva señalizada,Carretera,8160
03099,Curva señalizada,Carretera,8161
03099,Curva señalizada,Carretera,8162
03099,Curva señalizada,Carretera,8163
03099,Curva señalizada,Carretera,8164
03099,Curva señalizada,Carretera,8165
03099,No aplica,Calle,8166
03099,Curva señalizada,Carretera,8167
03099,Recta,Travesía,8168
03099,Recta,Travesía,8169
03099,Recta,Carretera,8170
03099,Curva señalizada,Carretera,8171
03099,Recta,Travesía,8172
03099,Recta,Carretera,8173
03099,Recta,Carretera,8174
03099,Recta,Carretera,8175
03099,Recta,Carretera,8176
03099,Curva señalizada,Carretera,8177
03099,Recta,Carretera,8178
03099,No aplica,Calle,8179
03099,Curva señalizada,Carretera,8180
03099,Recta,Carretera,8181
03099,No aplica,Calle,8182
03099,No aplica,Calle,8183
03099,Recta,Carretera,8184
03099,Recta,Carretera,8185
03099,No aplica,Calle,8186
03099,Curva señalizada,Carretera,8187
03099,Curva señalizada,Carretera,8188
03099,Recta,Carretera,8189
03099,Recta,Carretera,8190
03099,Recta,Carretera,8191
03099,Recta,Carretera,8192
03099,Curva señalizada,Carretera,8193
03099,Recta,Carretera,8194
03099,Recta,Carretera,8195
03099,Curva señalizada,Carretera,8196
03099,Recta,Carretera,8197
03099,Recta,Carretera,8198
03099,Curva señalizada,Carretera,8199
03099,Recta,Carretera,8200
03099,Curva señalizada,Carretera,8201
03099,Curva señalizada,Carretera,8202
03099,Recta,Carretera,8203
03099,Recta,Carretera,8204
03099,Curva señalizada,Carretera,8205
03099,Curva señalizada,Carretera,8206
03099,Curva señalizada,Carretera,8207
03099,Recta,Carretera,8208
03099,Recta,Carretera,8209
03099,Recta,Carretera,8210
03099,Curva señalizada,Carretera,8211
03099,Recta,Carretera,8212
03099,Recta,Carretera,8213
03099,Recta,Carretera,8214
03099,Curva señalizada,Carretera,8215
03099,Recta,Carretera,8216
03099,Recta,Carretera,8217
03099,Recta,Carretera,8218
03099,Recta,Carretera,8219
03099,Recta,Carretera,8220
03099,Recta,Carretera,8221
03099,Recta,Carretera,8222
03099,Curva señalizada,Carretera,8223
03099,Curva señalizada,Carretera,8224
03099,Curva señalizada,Carretera,8225
03099,Recta,Carretera,8226
03099,Curva sin señalizar,Carretera,8227
03099,Recta,Carretera,8228
03099,Recta,Carretera,8229
03099,Recta,Carretera,8230
03099,Recta,Carretera,8231
03099,Recta,Carretera,8232
03099,Curva señalizada,Carretera,8233
03099,No aplica,Calle,8234
03099,Recta,Carretera,8235
03099,Recta,Carretera,8236
03099,Curva señalizada,Carretera,8237
03099,Curva señalizada,Carretera,8238
03099,Recta,Carretera,8239
03099,No aplica,Calle,8240
03099,No aplica,Calle,8241
03099,No aplica,Calle,8242
03099,No aplica,Calle,8243
03099,No aplica,Calle,8244
03099,Recta,Carretera,8245
03099,Recta,Carretera,8246
03099,Curva señalizada,Carretera,8247
03099,Recta,Carretera,8248
03099,No aplica,Calle,8249
03099,Curva señalizada,Carretera,8250
03099,Curva señalizada,Carretera,8251
03099,Curva señalizada,Carretera,8252
03099,Curva sin señalizar,Carretera,8253
03099,Recta,Carretera,8254
03099,No aplica,Calle,8255
03099,No aplica,Calle,8256
03099,No aplica,Calle,8257
03099,No aplica,Calle,8258
03099,No aplica,Calle,8259
03099,Recta,Carretera,8260
03099,Recta,Carretera,8261
03099,No aplica,Calle,8262
03099,Curva señalizada,Carretera,8263
03099,Curva señalizada,Carretera,8264
03099,Curva señalizada,Carretera,8265
03099,No aplica,Calle,8266
03099,Curva sin señalizar,Carretera,8267
03099,Curva señalizada,Carretera,8268
03099,No aplica,Calle,8269
03099,No aplica,Calle,8270
03099,No aplica,Calle,8271
03099,No aplica,Calle,8272
03099,No aplica,Calle,8273
03099,No aplica,Calle,8274
03099,No aplica,Calle,8275
03099,No aplica,Calle,8276
03099,Curva señalizada,Carretera,8277
03099,No aplica,Calle,8278
03099,Recta,Carretera,8279
03099,No aplica,Calle,8280
03099,No aplica,Calle,8281
03099,No aplica,Calle,8282
03099,No aplica,Calle,8283
03099,Recta,Carretera,8284
03099,Recta,Carretera,8285
03902,Recta,Carretera,8286
03099,Recta,Carretera,8287
03099,Curva señalizada,Carretera,8288
03099,Recta,Carretera,8289
03099,Curva señalizada,Carretera,8290
03099,Recta,Carretera,8291
03099,Recta,Carretera,8292
03099,Recta,Carretera,8293
03099,Recta,Carretera,8294
03099,Recta,Carretera,8295
03099,Curva señalizada,Carretera,8296
03099,Recta,Carretera,8297
03099,Curva señalizada,Travesía,8298
03099,Curva señalizada,Carretera,8299
03099,Recta,Carretera,8300
03099,Curva señalizada,Carretera,8301
03099,Recta,Carretera,8302
03099,Recta,Carretera,8303
03099,Recta,Carretera,8304
00000,Recta,Carretera,8305
00000,Curva señalizada,Carretera,8306
03101,Curva señalizada,Carretera,8307
03101,Curva señalizada,Carretera,8308
03101,Recta,Carretera,8309
03101,Curva señalizada,Carretera,8310
03101,Recta,Carretera,8311
03101,Recta,Carretera,8312
03101,Recta,Carretera,8313
03101,Recta,Carretera,8314
03101,No aplica,Calle,8315
03101,Recta,Carretera,8316
03101,No aplica,Calle,8317
03101,Recta,Carretera,8318
03102,Recta,Carretera,8319
03102,Recta,Carretera,8320
03102,Curva señalizada,Carretera,8321
03102,Curva señalizada,Carretera,8322
03102,Curva señalizada,Carretera,8323
03102,Curva sin señalizar,Carretera,8324
03102,Curva señalizada,Carretera,8325
03102,Recta,Carretera,8326
03102,Recta,Carretera,8327
03102,Curva señalizada,Carretera,8328
03102,Recta,Carretera,8329
03102,No aplica,Calle,8330
03104,Recta,Carretera,8331
03104,Curva sin señalizar,Carretera,8332
03104,Curva señalizada,Carretera,8333
03104,Recta,Carretera,8334
03104,Recta,Carretera,8335
03104,No aplica,Calle,8336
03104,Recta,Carretera,8337
03104,No aplica,Calle,8338
03104,No aplica,Calle,8339
03104,No aplica,Calle,8340
03104,No aplica,Calle,8341
03104,No aplica,Calle,8342
03104,No aplica,Calle,8343
03104,Curva sin señalizar,Carretera,8344
03104,No aplica,Calle,8345
03104,Curva señalizada,Carretera,8346
03105,Curva sin señalizar,Carretera,8347
03105,Curva señalizada,Carretera,8348
03105,Recta,Carretera,8349
03105,Recta,Carretera,8350
03105,Curva señalizada,Carretera,8351
03105,Recta,Carretera,8352
03105,Curva señalizada,Carretera,8353
03105,Recta,Carretera,8354
03105,Curva señalizada,Carretera,8355
03105,No aplica,Calle,8356
03105,No aplica,Calle,8357
03105,No aplica,Calle,8358
00000,Curva señalizada,Carretera,8359
00000,Recta,Carretera,8360
00000,Curva señalizada,Carretera,8361
00000,Recta,Carretera,8362
00000,No aplica,Calle,8363
00000,Recta,Carretera,8364
03111,Curva sin señalizar,Carretera,8365
03111,Curva sin señalizar,Carretera,8366
03111,Recta,Carretera,8367
03111,Recta,Carretera,8368
03111,Recta,Carretera,8369
00000,Curva señalizada,Carretera,8370
00000,Curva sin señalizar,Carretera,8371
00000,Curva señalizada,Carretera,8372
03113,Curva sin señalizar,Carretera,8373
03113,Curva señalizada,Carretera,8374
03113,Curva señalizada,Carretera,8375
03113,Curva señalizada,Carretera,8376
03113,Curva señalizada,Carretera,8377
03113,No aplica,Calle,8378
03113,No aplica,Calle,8379
03113,Curva señalizada,Carretera,8380
03113,Curva señalizada,Carretera,8381
03113,Curva señalizada,Carretera,8382
03113,Recta,Carretera,8383
03113,Recta,Carretera,8384
03113,Recta,Carretera,8385
03113,Curva señalizada,Carretera,8386
03113,Curva señalizada,Carretera,8387
00000,Recta,Carretera,8388
00000,Recta,Carretera,8389
00000,Recta,Carretera,8390
00000,Curva sin señalizar,Carretera,8391
00000,Curva señalizada,Carretera,8392
03118,Curva señalizada,Carretera,8393
03118,Curva señalizada,Carretera,8394
03118,Curva sin señalizar,Carretera,8395
03118,Curva señalizada,Carretera,8396
03118,Recta,Carretera,8397
03118,No aplica,Calle,8398
03119,No aplica,Calle,8399
03119,No aplica,Calle,8400
03119,No aplica,Calle,8401
03119,No aplica,Calle,8402
03119,No aplica,Calle,8403
03119,Curva señalizada,Carretera,8404
03119,No aplica,Calle,8405
03119,Recta,Carretera,8406
03119,Se desconoce,Travesía,8407
03120,Recta,Carretera,8408
03120,Curva señalizada,Carretera,8409
03120,Recta,Carretera,8410
03120,Curva señalizada,Carretera,8411
03120,Curva señalizada,Carretera,8412
03120,Recta,Carretera,8413
03120,Curva señalizada,Carretera,8414
03120,Curva señalizada,Carretera,8415
03120,Recta,Carretera,8416
03120,Recta,Carretera,8417
03120,Recta,Carretera,8418
03120,Recta,Carretera,8419
03120,Recta,Travesía,8420
03120,No aplica,Calle,8421
03121,Recta,Carretera,8422
03121,Recta,Carretera,8423
03121,Recta,Carretera,8424
03121,Recta,Carretera,8425
03121,Curva sin señalizar,Carretera,8426
03121,Recta,Carretera,8427
03121,Curva señalizada,Carretera,8428
03121,Recta,Carretera,8429
03121,Recta,Carretera,8430
03121,Curva señalizada,Carretera,8431
03121,No aplica,Calle,8432
03121,Curva señalizada,Carretera,8433
03121,No aplica,Calle,8434
03121,Curva señalizada,Carretera,8435
03121,Curva señalizada,Carretera,8436
03121,Recta,Carretera,8437
03121,Recta,Carretera,8438
03121,Curva señalizada,Carretera,8439
03121,No aplica,Calle,8440
03121,No aplica,Calle,8441
03121,Recta,Carretera,8442
03121,No aplica,Calle,8443
03121,Recta,Carretera,8444
03121,Recta,Carretera,8445
03121,No aplica,Calle,8446
03121,Recta,Carretera,8447
03121,No aplica,Calle,8448
03121,Recta,Carretera,8449
03121,Recta,Carretera,8450
03121,Recta,Carretera,8451
03121,Recta,Carretera,8452
03121,No aplica,Calle,8453
03121,No aplica,Calle,8454
03121,No aplica,Calle,8455
03121,No aplica,Calle,8456
03121,No aplica,Calle,8457
03121,No aplica,Calle,8458
03121,No aplica,Calle,8459
03121,No aplica,Calle,8460
03121,No aplica,Calle,8461
03121,No aplica,Calle,8462
03121,No aplica,Calle,8463
03121,No aplica,Calle,8464
03121,No aplica,Calle,8465
03121,No aplica,Calle,8466
03121,Recta,Carretera,8467
03121,Recta,Carretera,8468
03121,Recta,Carretera,8469
03121,Recta,Carretera,8470
03121,Curva señalizada,Carretera,8471
03121,No aplica,Calle,8472
03121,No aplica,Calle,8473
03121,No aplica,Calle,8474
03121,No aplica,Calle,8475
03121,Recta,Carretera,8476
03121,No aplica,Calle,8477
03121,No aplica,Calle,8478
03121,No aplica,Calle,8479
03121,No aplica,Calle,8480
03121,Recta,Carretera,8481
03121,Recta,Carretera,8482
03121,Recta,Carretera,8483
03121,No aplica,Calle,8484
03121,No aplica,Calle,8485
03121,No aplica,Calle,8486
03121,No aplica,Calle,8487
03121,Curva señalizada,Carretera,8488
03121,Recta,Carretera,8489
03121,No aplica,Calle,8490
03121,Recta,Carretera,8491
03121,No aplica,Calle,8492
03121,No aplica,Calle,8493
03121,No aplica,Calle,8494
03121,No aplica,Calle,8495
03121,No aplica,Calle,8496
03121,No aplica,Calle,8497
03121,No aplica,Calle,8498
03121,No aplica,Calle,8499
03121,Recta,Carretera,8500
03121,Recta,Carretera,8501
03121,No aplica,Calle,8502
03121,No aplica,Calle,8503
03121,No aplica,Calle,8504
03121,Recta,Carretera,8505
03122,Curva señalizada,Carretera,8506
03122,No aplica,Calle,8507
03122,No aplica,Calle,8508
03122,No aplica,Calle,8509
03122,Curva señalizada,Carretera,8510
03122,No aplica,Calle,8511
03122,Curva señalizada,Carretera,8512
03122,Curva señalizada,Carretera,8513
03122,Curva señalizada,Carretera,8514
03122,No aplica,Calle,8515
03122,Recta,Carretera,8516
03122,Curva señalizada,Carretera,8517
03122,No aplica,Calle,8518
03122,No aplica,Calle,8519
03122,No aplica,Calle,8520
03122,No aplica,Calle,8521
03122,Recta,Carretera,8522
03122,Curva señalizada,Carretera,8523
03122,No aplica,Calle,8524
03122,Curva señalizada,Carretera,8525
03122,No aplica,Calle,8526
03122,No aplica,Calle,8527
03122,No aplica,Calle,8528
03122,Recta,Carretera,8529
03122,Recta,Carretera,8530
03122,Recta,Carretera,8531
03122,Recta,Carretera,8532
03122,Curva señalizada,Carretera,8533
03122,Curva señalizada,Carretera,8534
03122,Curva señalizada,Carretera,8535
03122,Recta,Carretera,8536
03122,No aplica,Calle,8537
03122,No aplica,Calle,8538
03122,No aplica,Calle,8539
03122,No aplica,Calle,8540
03122,No aplica,Calle,8541
03122,No aplica,Calle,8542
03122,No aplica,Calle,8543
03122,Recta,Carretera,8544
03122,No aplica,Calle,8545
03122,No aplica,Calle,8546
03122,Recta,Carretera,8547
03122,No aplica,Calle,8548
03122,No aplica,Calle,8549
03122,No aplica,Calle,8550
03122,No aplica,Calle,8551
03122,No aplica,Calle,8552
03122,No aplica,Calle,8553
03122,No aplica,Calle,8554
03122,No aplica,Calle,8555
03122,No aplica,Calle,8556
03122,No aplica,Calle,8557
03122,No aplica,Calle,8558
03122,Recta,Carretera,8559
03122,No aplica,Calle,8560
03122,No aplica,Calle,8561
03122,No aplica,Calle,8562
03122,Recta,Carretera,8563
03122,Recta,Carretera,8564
03122,Curva señalizada,Carretera,8565
03122,No aplica,Calle,8566
03122,Curva sin señalizar,Carretera,8567
03122,Recta,Carretera,8568
03122,No aplica,Calle,8569
03122,Curva señalizada,Carretera,8570
03122,Curva señalizada,Carretera,8571
03014,Curva señalizada,Carretera,8572
03122,No aplica,Calle,8573
03122,No aplica,Calle,8574
03122,No aplica,Calle,8575
03123,Recta,Carretera,8576
03123,Recta,Carretera,8577
03123,Recta,Carretera,8578
03123,No aplica,Calle,8579
03123,No aplica,Calle,8580
03123,No aplica,Calle,8581
03123,No aplica,Calle,8582
03123,No aplica,Calle,8583
03123,Recta,Carretera,8584
03123,Recta,Carretera,8585
03123,Curva señalizada,Carretera,8586
03123,Curva señalizada,Carretera,8587
03123,Curva sin señalizar,Carretera,8588
00000,Curva señalizada,Carretera,8589
00000,Recta,Carretera,8590
00000,Curva señalizada,Carretera,8591
00000,Curva sin señalizar,Carretera,8592
00000,Curva señalizada,Carretera,8593
03128,Curva señalizada,Carretera,8594
03128,Curva sin señalizar,Carretera,8595
03128,Recta,Carretera,8596
03128,Curva señalizada,Carretera,8597
03128,Curva señalizada,Carretera,8598
03128,Curva señalizada,Carretera,8599
03128,Recta,Carretera,8600
03128,Curva sin señalizar,Carretera,8601
00000,Curva señalizada,Carretera,8602
00000,Curva señalizada,Carretera,8603
00000,Curva señalizada,Carretera,8604
00000,Curva señalizada,Carretera,8605
00000,Curva señalizada,Carretera,8606
00000,Curva sin señalizar,Carretera,8607
00000,Recta,Carretera,8608
00000,Curva señalizada,Carretera,8609
00000,Recta,Carretera,8610
00000,Recta,Carretera,8611
00000,Curva sin señalizar,Carretera,8612
00000,Recta,Carretera,8613
03133,Recta,Carretera,8614
03133,Curva señalizada,Carretera,8615
03133,Recta,Carretera,8616
03133,Recta,Carretera,8617
03133,Curva señalizada,Carretera,8618
03133,Recta,Carretera,8619
03133,Recta,Carretera,8620
03133,Curva sin señalizar,Carretera,8621
03133,Recta,Carretera,8622
03133,Curva señalizada,Carretera,8623
03133,Curva señalizada,Carretera,8624
03133,Recta,Carretera,8625
03133,Curva señalizada,Carretera,8626
03133,Recta,Carretera,8627
03133,Recta,Carretera,8628
03133,Recta,Carretera,8629
03133,Curva sin señalizar,Carretera,8630
03133,Recta,Carretera,8631
03133,Curva señalizada,Carretera,8632
03133,Curva señalizada,Carretera,8633
03133,Recta,Carretera,8634
03133,Recta,Carretera,8635
03133,Recta,Carretera,8636
03133,Recta,Carretera,8637
03133,Recta,Carretera,8638
03133,Curva señalizada,Carretera,8639
03133,Recta,Carretera,8640
03133,No aplica,Calle,8641
03133,Recta,Carretera,8642
03133,No aplica,Calle,8643
03133,Recta,Carretera,8644
03133,Curva señalizada,Carretera,8645
03133,Curva señalizada,Carretera,8646
03133,Recta,Carretera,8647
03133,No aplica,Calle,8648
03133,No aplica,Calle,8649
03133,No aplica,Calle,8650
03133,No aplica,Calle,8651
03133,No aplica,Calle,8652
03133,Recta,Carretera,8653
03133,No aplica,Calle,8654
03133,No aplica,Calle,8655
03133,No aplica,Calle,8656
03133,No aplica,Calle,8657
03133,No aplica,Calle,8658
03133,No aplica,Calle,8659
03133,No aplica,Calle,8660
03133,Recta,Carretera,8661
03133,Curva señalizada,Carretera,8662
03133,Recta,Carretera,8663
03133,No aplica,Calle,8664
03133,Recta,Carretera,8665
03133,Recta,Carretera,8666
03133,Recta,Carretera,8667
03133,Recta,Carretera,8668
03133,Curva señalizada,Carretera,8669
03133,Recta,Carretera,8670
03133,Recta,Carretera,8671
03133,Curva señalizada,Carretera,8672
03133,Curva señalizada,Carretera,8673
03133,Recta,Carretera,8674
03133,Recta,Carretera,8675
03133,Curva señalizada,Carretera,8676
03133,Recta,Carretera,8677
03133,Recta,Carretera,8678
03133,Recta,Carretera,8679
03133,Recta,Carretera,8680
03133,Recta,Carretera,8681
03133,Recta,Carretera,8682
03133,Recta,Carretera,8683
03133,Recta,Carretera,8684
03133,Recta,Carretera,8685
03133,No aplica,Calle,8686
03133,No aplica,Calle,8687
03133,No aplica,Calle,8688
03133,No aplica,Calle,8689
03133,No aplica,Calle,8690
03133,No aplica,Calle,8691
03133,No aplica,Calle,8692
03133,No aplica,Calle,8693
03133,No aplica,Calle,8694
03133,No aplica,Calle,8695
03133,No aplica,Calle,8696
03133,No aplica,Calle,8697
03133,No aplica,Calle,8698
03133,No aplica,Calle,8699
03133,No aplica,Calle,8700
03133,No aplica,Calle,8701
03133,No aplica,Calle,8702
03133,No aplica,Calle,8703
03133,Recta,Carretera,8704
03133,Recta,Carretera,8705
03133,Recta,Carretera,8706
03133,Recta,Carretera,8707
03133,Recta,Carretera,8708
03133,Curva señalizada,Carretera,8709
03133,Curva señalizada,Carretera,8710
03133,Curva señalizada,Carretera,8711
03133,No aplica,Calle,8712
03133,No aplica,Calle,8713
03133,No aplica,Calle,8714
03133,No aplica,Calle,8715
03133,No aplica,Calle,8716
03133,Recta,Carretera,8717
03133,No aplica,Calle,8718
03133,No aplica,Calle,8719
03133,No aplica,Calle,8720
03133,No aplica,Calle,8721
03133,No aplica,Calle,8722
03133,No aplica,Calle,8723
03133,No aplica,Calle,8724
03133,No aplica,Calle,8725
03133,No aplica,Calle,8726
03133,No aplica,Calle,8727
03133,No aplica,Calle,8728
03133,No aplica,Calle,8729
03133,No aplica,Calle,8730
03133,No aplica,Calle,8731
03133,No aplica,Calle,8732
03133,No aplica,Calle,8733
03133,No aplica,Calle,8734
03133,No aplica,Calle,8735
03133,No aplica,Calle,8736
03133,No aplica,Calle,8737
03133,No aplica,Calle,8738
03133,No aplica,Calle,8739
03133,No aplica,Calle,8740
03133,No aplica,Calle,8741
03133,No aplica,Calle,8742
03133,No aplica,Calle,8743
03133,No aplica,Calle,8744
03133,No aplica,Calle,8745
03133,No aplica,Calle,8746
03133,No aplica,Calle,8747
03133,No aplica,Calle,8748
03133,No aplica,Calle,8749
00000,Curva sin señalizar,Carretera,8750
00000,Curva sin señalizar,Carretera,8751
00000,Curva señalizada,Carretera,8752
00000,Recta,Carretera,8753
00000,Recta,Carretera,8754
00000,No aplica,Calle,8755
00000,Curva señalizada,Carretera,8756
00000,No aplica,Calle,8757
00000,No aplica,Calle,8758
00000,Curva sin señalizar,Carretera,8759
00000,No aplica,Calle,8760
03139,Recta,Carretera,8761
03139,No aplica,Calle,8762
03139,No aplica,Calle,8763
03139,No aplica,Calle,8764
03139,No aplica,Calle,8765
03139,No aplica,Calle,8766
03139,No aplica,Calle,8767
03139,No aplica,Calle,8768
03139,No aplica,Calle,8769
03139,No aplica,Calle,8770
03139,No aplica,Calle,8771
03139,No aplica,Calle,8772
03139,No aplica,Calle,8773
03139,No aplica,Calle,8774
03139,No aplica,Calle,8775
03139,Curva sin señalizar,Carretera,8776
03139,Recta,Carretera,8777
03139,No aplica,Calle,8778
03139,Curva señalizada,Carretera,8779
03139,Recta,Carretera,8780
03139,No aplica,Calle,8781
03139,No aplica,Calle,8782
03139,Curva sin señalizar,Carretera,8783
03139,No aplica,Calle,8784
03139,No aplica,Calle,8785
03139,No aplica,Calle,8786
03139,No aplica,Calle,8787
03139,No aplica,Calle,8788
03139,No aplica,Calle,8789
03139,No aplica,Calle,8790
03139,No aplica,Calle,8791
03139,No aplica,Calle,8792
03139,No aplica,Calle,8793
03139,No aplica,Calle,8794
03139,No aplica,Calle,8795
03139,No aplica,Calle,8796
03139,No aplica,Calle,8797
03139,No aplica,Calle,8798
03139,Curva señalizada,Carretera,8799
03139,No aplica,Calle,8800
03139,No aplica,Calle,8801
03139,No aplica,Calle,8802
03139,No aplica,Calle,8803
03139,No aplica,Calle,8804
03139,No aplica,Calle,8805
03139,No aplica,Calle,8806
03139,Recta,Carretera,8807
03139,No aplica,Calle,8808
03139,No aplica,Calle,8809
03139,No aplica,Calle,8810
03139,No aplica,Calle,8811
03139,No aplica,Calle,8812
03139,No aplica,Calle,8813
03139,No aplica,Calle,8814
03139,Curva señalizada,Carretera,8815
03139,No aplica,Calle,8816
03139,No aplica,Calle,8817
03139,Curva sin señalizar,Carretera,8818
03139,Recta,Carretera,8819
03139,Recta,Carretera,8820
03139,Recta,Carretera,8821
03139,Curva sin señalizar,Carretera,8822
03139,Recta,Carretera,8823
03140,No aplica,Calle,8824
03140,Curva sin señalizar,Carretera,8825
03140,Recta,Carretera,8826
03140,Recta,Carretera,8827
03140,No aplica,Calle,8828
03140,Recta,Carretera,8829
03140,Recta,Carretera,8830
03140,Curva señalizada,Carretera,8831
03140,No aplica,Calle,8832
03140,Curva señalizada,Carretera,8833
03140,No aplica,Calle,8834
03140,No aplica,Calle,8835
03140,No aplica,Calle,8836
03140,No aplica,Calle,8837
03140,Curva señalizada,Carretera,8838
03140,Recta,Carretera,8839
03140,Recta,Carretera,8840
03140,No aplica,Calle,8841
03140,Recta,Carretera,8842
03140,Recta,Carretera,8843
03140,Curva señalizada,Carretera,8844
03140,No aplica,Calle,8845
03140,Recta,Carretera,8846
03140,Curva señalizada,Carretera,8847
03140,No aplica,Calle,8848
03140,Curva sin señalizar,Carretera,8849
03140,Recta,Carretera,8850
03140,Curva señalizada,Carretera,8851
03140,Recta,Carretera,8852
03140,Recta,Carretera,8853
03140,Curva señalizada,Carretera,8854
03140,Recta,Carretera,8855
03140,Recta,Carretera,8856
03140,Recta,Carretera,8857
03140,No aplica,Calle,8858
03140,Recta,Carretera,8859
03140,No aplica,Calle,8860
03140,Curva sin señalizar,Carretera,8861
03140,No aplica,Calle,8862
03140,No aplica,Calle,8863
03140,No aplica,Calle,8864
03140,Recta,Carretera,8865
03140,Recta,Carretera,8866
03140,No aplica,Calle,8867
03140,Recta,Carretera,8868
03140,Recta,Carretera,8869
03140,Curva señalizada,Carretera,8870
03140,Curva sin señalizar,Carretera,8871
03140,Recta,Carretera,8872
03140,Recta,Carretera,8873
03140,No aplica,Calle,8874
03140,No aplica,Calle,8875
03140,No aplica,Calle,8876
03140,Recta,Carretera,8877
03140,No aplica,Calle,8878
03902,Recta,Carretera,8879
03902,Recta,Carretera,8880
03902,Curva sin señalizar,Carretera,8881
03902,Recta,Carretera,8882
03902,Curva sin señalizar,Carretera,8883
03902,Curva sin señalizar,Carretera,8884
03902,Curva señalizada,Carretera,8885
03902,Recta,Carretera,8886
03902,Curva señalizada,Carretera,8887
03902,Recta,Carretera,8888
03902,Recta,Carretera,8889
03902,Recta,Carretera,8890
03902,Recta,Carretera,8891
03902,Recta,Carretera,8892
03902,Curva señalizada,Carretera,8893
03902,Recta,Carretera,8894
03902,Recta,Carretera,8895
03902,Curva señalizada,Carretera,8896
03902,Recta,Carretera,8897
00000,Curva señalizada,Carretera,8898
00000,Curva señalizada,Carretera,8899
00000,Recta,Carretera,8900
00000,Recta,Carretera,8901
00000,Recta,Carretera,8902
00000,Curva señalizada,Carretera,8903
00000,Recta,Carretera,8904
00000,Recta,Carretera,8905
00000,Recta,Carretera,8906
00000,Recta,Carretera,8907
00000,Recta,Carretera,8908
00000,Recta,Carretera,8909
00000,Recta,Carretera,8910
00000,Recta,Carretera,8911
00000,Recta,Carretera,8912
00000,Recta,Carretera,8913
00000,No aplica,Calle,8914
00000,No aplica,Calle,8915
00000,No aplica,Calle,8916
00000,No aplica,Calle,8917
00000,No aplica,Calle,8918
00000,No aplica,Calle,8919
03005,No aplica,Calle,8920
03031,No aplica,Calle,8921
03031,No aplica,Calle,8922
03031,No aplica,Calle,8923
00000,No aplica,Calle,8924
00000,No aplica,Calle,8925
00000,No aplica,Calle,8926
00000,No aplica,Calle,8927
00000,No aplica,Calle,8928
03047,No aplica,Calle,8929
03049,Recta,Carretera,8930
03050,Curva señalizada,Carretera,8931
03056,No aplica,Calle,8932
03056,No aplica,Calle,8933
03059,No aplica,Calle,8934
03065,No aplica,Calle,8935
03065,No aplica,Calle,8936
03065,No aplica,Calle,8937
03065,No aplica,Calle,8938
03065,Curva señalizada,Carretera,8939
03065,No aplica,Calle,8940
03065,Recta,Carretera,8941
03065,No aplica,Calle,8942
03065,Recta,Carretera,8943
03065,No aplica,Calle,8944
03065,No aplica,Calle,8945
03065,No aplica,Calle,8946
03065,No aplica,Calle,8947
03065,No aplica,Calle,8948
03065,No aplica,Calle,8949
03065,No aplica,Calle,8950
03065,No aplica,Calle,8951
03065,No aplica,Calle,8952
03065,No aplica,Calle,8953
03065,No aplica,Calle,8954
03065,No aplica,Calle,8955
03065,No aplica,Calle,8956
03065,No aplica,Calle,8957
03065,No aplica,Calle,8958
00000,Curva señalizada,Carretera,8959
03079,No aplica,Calle,8960
03082,No aplica,Calle,8961
03082,No aplica,Calle,8962
03082,No aplica,Calle,8963
03082,No aplica,Calle,8964
03082,No aplica,Calle,8965
03082,No aplica,Calle,8966
03082,No aplica,Calle,8967
03089,Recta,Carretera,8968
03089,Recta,Carretera,8969
03089,No aplica,Calle,8970
03089,No aplica,Calle,8971
03089,No aplica,Calle,8972
03090,Recta,Carretera,8973
03092,No aplica,Calle,8974
03093,No aplica,Calle,8975
03093,No aplica,Calle,8976
03093,No aplica,Calle,8977
03093,No aplica,Calle,8978
03099,Recta,Travesía,8979
03099,Recta,Carretera,8980
03099,No aplica,Calle,8981
03113,No aplica,Calle,8982
03119,No aplica,Calle,8983
03119,No aplica,Calle,8984
03120,Recta,Carretera,8985
03121,Recta,Carretera,8986
03122,No aplica,Calle,8987
03122,No aplica,Calle,8988
03123,No aplica,Calle,8989
03123,No aplica,Calle,8990
00000,Curva señalizada,Carretera,8991
03133,No aplica,Calle,8992
03133,No aplica,Calle,8993
03133,No aplica,Calle,8994
03133,No aplica,Calle,8995
03133,No aplica,Calle,8996
03133,No aplica,Calle,8997
03133,No aplica,Calle,8998
03133,No aplica,Calle,8999
03133,No aplica,Calle,9000
00000,No aplica,Calle,9001
03140,No aplica,Calle,9002
03140,No aplica,Calle,9003
00000,Curva señalizada,Carretera,9004
00000,Curva señalizada,Carretera,9005
00000,Curva señalizada,Carretera,9006
00000,Recta,Carretera,9007
00000,Recta,Carretera,9008
00000,Curva señalizada,Carretera,9009
00000,Curva señalizada,Carretera,9010
00000,Recta,Carretera,9011
00000,No aplica,Calle,9012
00000,Curva señalizada,Carretera,9013
00000,No aplica,Calle,9014
00000,No aplica,Calle,9015
00000,No aplica,Calle,9016
00000,Curva señalizada,Carretera,9017
00000,Curva señalizada,Carretera,9018
00000,Curva señalizada,Carretera,9019
00000,Curva señalizada,Carretera,9020
03005,Curva señalizada,Carretera,9021
03005,No aplica,Calle,9022
03005,Recta,Carretera,9023
03005,Recta,Carretera,9024
03005,No aplica,Calle,9025
03005,Recta,Carretera,9026
03005,No aplica,Calle,9027
03005,Recta,Carretera,9028
03005,Recta,Carretera,9029
03005,No aplica,Calle,9030
03005,No aplica,Calle,9031
03005,No aplica,Calle,9032
03005,No aplica,Calle,9033
03005,Recta,Carretera,9034
03005,No aplica,Calle,9035
03005,No aplica,Calle,9036
03005,No aplica,Calle,9037
03005,Recta,Carretera,9038
03005,Recta,Carretera,9039
03005,No aplica,Calle,9040
03005,Recta,Carretera,9041
03005,No aplica,Calle,9042
03005,Recta,Carretera,9043
03005,Curva señalizada,Carretera,9044
03005,No aplica,Calle,9045
03005,No aplica,Calle,9046
03005,Recta,Carretera,9047
03005,No aplica,Calle,9048
03005,Recta,Carretera,9049
00000,Curva señalizada,Carretera,9050
00000,Curva señalizada,Carretera,9051
00000,Curva señalizada,Carretera,9052
00000,Recta,Carretera,9053
00000,Curva señalizada,Carretera,9054
00000,Curva señalizada,Carretera,9055
00000,Curva señalizada,Carretera,9056
03009,Recta,Carretera,9057
03009,Curva señalizada,Carretera,9058
03009,No aplica,Calle,9059
03009,Recta,Carretera,9060
03009,Curva señalizada,Carretera,9061
03009,Curva sin señalizar,Carretera,9062
03009,Se desconoce,Carretera,9063
03009,Curva señalizada,Carretera,9064
03009,No aplica,Calle,9065
03009,Curva señalizada,Carretera,9066
03009,Recta,Carretera,9067
03009,Curva señalizada,Carretera,9068
03009,Curva señalizada,Carretera,9069
03009,No aplica,Calle,9070
03009,No aplica,Calle,9071
03009,No aplica,Calle,9072
03009,No aplica,Calle,9073
03009,No aplica,Calle,9074
03009,No aplica,Calle,9075
03009,Curva señalizada,Carretera,9076
03009,No aplica,Calle,9077
03009,Curva señalizada,Carretera,9078
03009,Recta,Carretera,9079
03009,No aplica,Calle,9080
03009,No aplica,Calle,9081
03009,No aplica,Calle,9082
03009,No aplica,Calle,9083
03009,No aplica,Calle,9084
03009,No aplica,Calle,9085
03009,Recta,Carretera,9086
03009,No aplica,Calle,9087
03009,No aplica,Calle,9088
03009,No aplica,Calle,9089
03009,Recta,Carretera,9090
03009,No aplica,Calle,9091
03009,No aplica,Calle,9092
03009,No aplica,Calle,9093
03009,No aplica,Calle,9094
03009,No aplica,Calle,9095
03009,No aplica,Calle,9096
00000,Curva señalizada,Carretera,9097
00000,Recta,Carretera,9098
00000,Se desconoce,Carretera,9099
00000,Curva señalizada,Carretera,9100
03011,Recta,Carretera,9101
03011,Recta,Carretera,9102
03011,No aplica,Calle,9103
03011,No aplica,Calle,9104
03011,No aplica,Calle,9105
03011,No aplica,Calle,9106
03011,No aplica,Calle,9107
03011,No aplica,Calle,9108
03031,Recta,Carretera,9109
03011,Recta,Carretera,9110
03011,Recta,Carretera,9111
03011,Recta,Carretera,9112
03011,Recta,Carretera,9113
03011,Recta,Carretera,9114
03011,Recta,Carretera,9115
03011,No aplica,Calle,9116
03011,No aplica,Calle,9117
03011,No aplica,Calle,9118
03011,No aplica,Calle,9119
03011,No aplica,Calle,9120
03011,Recta,Carretera,9121
03011,No aplica,Calle,9122
03011,No aplica,Calle,9123
03011,No aplica,Calle,9124
03011,Recta,Carretera,9125
03011,No aplica,Calle,9126
03011,No aplica,Calle,9127
03011,No aplica,Calle,9128
03011,No aplica,Calle,9129
03011,Recta,Carretera,9130
03011,Recta,Carretera,9131
03011,Recta,Carretera,9132
03011,No aplica,Calle,9133
03011,No aplica,Calle,9134
03011,No aplica,Calle,9135
03011,No aplica,Calle,9136
03011,Recta,Carretera,9137
03011,No aplica,Calle,9138
03011,Recta,Carretera,9139
03011,No aplica,Calle,9140
03011,No aplica,Calle,9141
03011,No aplica,Calle,9142
03011,Recta,Carretera,9143
03011,No aplica,Calle,9144
03011,Recta,Carretera,9145
03011,No aplica,Calle,9146
03011,No aplica,Calle,9147
03011,No aplica,Calle,9148
03011,No aplica,Calle,9149
03011,Recta,Carretera,9150
03011,Recta,Carretera,9151
03011,No aplica,Calle,9152
03011,No aplica,Calle,9153
03011,Recta,Carretera,9154
03011,Recta,Carretera,9155
03011,Recta,Carretera,9156
03011,Recta,Carretera,9157
03011,Recta,Carretera,9158
03011,No aplica,Calle,9159
03011,Recta,Carretera,9160
03011,Recta,Carretera,9161
00000,Recta,Carretera,9162
00000,Recta,Carretera,9163
00000,Recta,Carretera,9164
00000,Curva señalizada,Carretera,9165
03014,Recta,Carretera,9166
03014,Curva señalizada,Carretera,9167
03014,No aplica,Calle,9168
03014,No aplica,Calle,9169
03014,Recta,Carretera,9170
03014,No aplica,Calle,9171
03014,Recta,Carretera,9172
03014,Curva señalizada,Carretera,9173
03014,Recta,Carretera,9174
03014,Recta,Carretera,9175
03014,No aplica,Calle,9176
03014,No aplica,Calle,9177
03014,No aplica,Calle,9178
03014,No aplica,Calle,9179
03014,Curva señalizada,Carretera,9180
03014,Recta,Carretera,9181
03014,Recta,Carretera,9182
03014,Recta,Carretera,9183
03014,Recta,Carretera,9184
03014,Recta,Carretera,9185
03014,Recta,Carretera,9186
03014,Curva sin señalizar,Carretera,9187
03014,Recta,Carretera,9188
03014,Recta,Carretera,9189
03014,Curva señalizada,Carretera,9190
03014,Curva señalizada,Carretera,9191
03014,Recta,Carretera,9192
03014,Recta,Carretera,9193
03014,Recta,Carretera,9194
03014,Curva señalizada,Carretera,9195
03014,Recta,Carretera,9196
03014,Curva señalizada,Carretera,9197
03014,Curva señalizada,Carretera,9198
03014,Curva sin señalizar,Carretera,9199
03014,Recta,Carretera,9200
03014,Recta,Carretera,9201
03014,Recta,Carretera,9202
03014,No aplica,Calle,9203
03014,No aplica,Calle,9204
03014,No aplica,Calle,9205
03014,No aplica,Calle,9206
03014,Recta,Carretera,9207
03014,No aplica,Calle,9208
03014,No aplica,Calle,9209
03014,No aplica,Calle,9210
03014,No aplica,Calle,9211
03014,No aplica,Calle,9212
03014,No aplica,Calle,9213
03014,No aplica,Calle,9214
03014,No aplica,Calle,9215
03014,No aplica,Calle,9216
03014,No aplica,Calle,9217
03014,Curva señalizada,Carretera,9218
03014,Recta,Carretera,9219
03014,No aplica,Calle,9220
03014,Curva sin señalizar,Carretera,9221
03014,Recta,Carretera,9222
03014,Curva señalizada,Carretera,9223
03014,Recta,Carretera,9224
03014,Recta,Carretera,9225
03014,Recta,Carretera,9226
03014,Recta,Carretera,9227
03014,No aplica,Calle,9228
03014,No aplica,Calle,9229
03014,No aplica,Calle,9230
03014,No aplica,Calle,9231
03014,No aplica,Calle,9232
03014,Recta,Carretera,9233
03014,Curva señalizada,Carretera,9234
03014,Recta,Carretera,9235
03014,Recta,Carretera,9236
03014,Recta,Carretera,9237
03014,Recta,Carretera,9238
03014,Curva señalizada,Carretera,9239
03014,Curva señalizada,Carretera,9240
03014,Recta,Carretera,9241
03014,Curva señalizada,Carretera,9242
03014,No aplica,Calle,9243
03014,No aplica,Calle,9244
03014,No aplica,Calle,9245
03014,No aplica,Calle,9246
03014,No aplica,Calle,9247
03014,Curva sin señalizar,Carretera,9248
03014,No aplica,Calle,9249
03014,Recta,Carretera,9250
03014,Curva señalizada,Carretera,9251
03014,Recta,Carretera,9252
03014,Recta,Carretera,9253
03014,Curva señalizada,Carretera,9254
03014,Recta,Carretera,9255
03014,Recta,Carretera,9256
03014,Recta,Carretera,9257
03014,Recta,Carretera,9258
03014,Recta,Carretera,9259
03014,Curva señalizada,Carretera,9260
03014,Recta,Carretera,9261
03014,Curva sin señalizar,Carretera,9262
03014,Recta,Carretera,9263
03014,Recta,Carretera,9264
03014,Recta,Carretera,9265
03014,Recta,Carretera,9266
03014,Curva señalizada,Carretera,9267
03014,No aplica,Calle,9268
03014,Curva señalizada,Carretera,9269
03014,No aplica,Calle,9270
03014,No aplica,Calle,9271
03014,No aplica,Calle,9272
03014,No aplica,Calle,9273
03014,No aplica,Calle,9274
03014,Recta,Carretera,9275
03014,Curva señalizada,Carretera,9276
03014,Curva señalizada,Carretera,9277
03014,Curva señalizada,Carretera,9278
03014,Recta,Carretera,9279
03014,No aplica,Calle,9280
03014,Recta,Carretera,9281
03014,No aplica,Calle,9282
03014,Recta,Carretera,9283
03014,No aplica,Calle,9284
03014,No aplica,Calle,9285
03014,No aplica,Calle,9286
03014,No aplica,Calle,9287
03014,No aplica,Calle,9288
03014,No aplica,Calle,9289
03014,No aplica,Calle,9290
03014,No aplica,Calle,9291
03014,No aplica,Calle,9292
03014,No aplica,Calle,9293
03014,No aplica,Calle,9294
03014,No aplica,Calle,9295
03014,No aplica,Calle,9296
03014,No aplica,Calle,9297
03014,No aplica,Calle,9298
03014,No aplica,Calle,9299
03014,No aplica,Calle,9300
03014,No aplica,Calle,9301
03014,No aplica,Calle,9302
03014,No aplica,Calle,9303
03014,No aplica,Calle,9304
03014,Recta,Carretera,9305
03014,No aplica,Calle,9306
03014,No aplica,Calle,9307
03014,No aplica,Calle,9308
03014,Recta,Carretera,9309
03014,Recta,Carretera,9310
03014,Recta,Carretera,9311
03014,Recta,Carretera,9312
03014,Recta,Carretera,9313
03014,Curva señalizada,Carretera,9314
03014,Recta,Carretera,9315
03014,Recta,Carretera,9316
03014,Recta,Carretera,9317
03014,No aplica,Calle,9318
03014,Curva señalizada,Carretera,9319
03014,Curva señalizada,Carretera,9320
03014,Recta,Carretera,9321
03014,Curva señalizada,Carretera,9322
03014,Recta,Carretera,9323
03014,Recta,Carretera,9324
03014,Recta,Carretera,9325
03014,No aplica,Calle,9326
03014,Recta,Carretera,9327
03014,No aplica,Calle,9328
03014,Recta,Carretera,9329
03014,Recta,Carretera,9330
03014,Recta,Carretera,9331
03014,Recta,Carretera,9332
03014,Recta,Carretera,9333
03014,No aplica,Calle,9334
03015,Curva señalizada,Carretera,9335
03015,Curva señalizada,Carretera,9336
03015,Recta,Carretera,9337
03015,Recta,Carretera,9338
03015,Curva señalizada,Carretera,9339
03015,Curva sin señalizar,Carretera,9340
03015,Recta,Carretera,9341
03015,Recta,Carretera,9342
03015,Curva señalizada,Carretera,9343
03015,Recta,Carretera,9344
03015,Recta,Carretera,9345
03015,Recta,Carretera,9346
03015,Recta,Carretera,9347
03015,Curva señalizada,Carretera,9348
03015,Recta,Carretera,9349
03015,Recta,Carretera,9350
03015,Curva señalizada,Carretera,9351
03018,Recta,Travesía,9352
03018,No aplica,Calle,9353
03018,No aplica,Calle,9354
03018,No aplica,Calle,9355
03018,No aplica,Calle,9356
03018,Recta,Carretera,9357
03018,Recta,Carretera,9358
03018,No aplica,Calle,9359
03018,No aplica,Calle,9360
03018,Recta,Carretera,9361
03018,No aplica,Calle,9362
03018,Recta,Carretera,9363
03018,No aplica,Calle,9364
03018,No aplica,Calle,9365
03018,No aplica,Calle,9366
03018,No aplica,Calle,9367
03018,Recta,Carretera,9368
03018,Recta,Carretera,9369
03018,No aplica,Calle,9370
03018,No aplica,Calle,9371
03018,No aplica,Calle,9372
03018,No aplica,Calle,9373
03018,No aplica,Calle,9374
03018,No aplica,Calle,9375
03018,Recta,Carretera,9376
03018,Recta,Carretera,9377
03018,No aplica,Calle,9378
03018,No aplica,Calle,9379
03018,No aplica,Calle,9380
03018,No aplica,Calle,9381
03018,No aplica,Calle,9382
03018,No aplica,Calle,9383
03018,No aplica,Calle,9384
03018,No aplica,Calle,9385
03018,No aplica,Calle,9386
03018,No aplica,Calle,9387
03018,No aplica,Calle,9388
03018,No aplica,Calle,9389
03018,No aplica,Calle,9390
03018,No aplica,Calle,9391
03018,Curva señalizada,Carretera,9392
03018,Recta,Carretera,9393
03018,Recta,Carretera,9394
03018,Recta,Carretera,9395
03019,Recta,Carretera,9396
03019,Recta,Carretera,9397
03019,Recta,Carretera,9398
03019,Recta,Carretera,9399
03019,Recta,Carretera,9400
03019,Recta,Carretera,9401
03019,Recta,Carretera,9402
03019,Curva sin señalizar,Carretera,9403
03019,Curva sin señalizar,Carretera,9404
03019,Recta,Carretera,9405
03019,Recta,Carretera,9406
03019,Curva señalizada,Carretera,9407
03019,Curva señalizada,Carretera,9408
03019,Curva señalizada,Carretera,9409
03019,Recta,Carretera,9410
03019,Curva sin señalizar,Carretera,9411
03019,Curva señalizada,Carretera,9412
00000,Curva señalizada,Carretera,9413
03021,Curva señalizada,Carretera,9414
03021,Curva señalizada,Carretera,9415
03021,Recta,Carretera,9416
03021,Curva señalizada,Carretera,9417
03021,Recta,Carretera,9418
03021,Recta,Carretera,9419
00000,Curva señalizada,Carretera,9420
00000,Recta,Carretera,9421
00000,Recta,Carretera,9422
03024,Curva señalizada,Carretera,9423
03024,Curva señalizada,Carretera,9424
03024,Recta,Carretera,9425
03024,Recta,Carretera,9426
03024,Recta,Carretera,9427
03024,Recta,Carretera,9428
03024,Curva sin señalizar,Carretera,9429
03024,Curva sin señalizar,Carretera,9430
00000,No aplica,Calle,9431
00000,Recta,Carretera,9432
00000,Curva señalizada,Carretera,9433
00000,Curva señalizada,Carretera,9434
03101,Recta,Carretera,9435
00000,Recta,Carretera,9436
03031,No aplica,Calle,9437
03031,No aplica,Calle,9438
03031,No aplica,Calle,9439
03031,Recta,Carretera,9440
03031,Recta,Carretera,9441
03031,No aplica,Calle,9442
03031,No aplica,Calle,9443
03031,No aplica,Calle,9444
03031,No aplica,Calle,9445
03031,No aplica,Calle,9446
03031,No aplica,Calle,9447
03031,No aplica,Calle,9448
03031,No aplica,Calle,9449
03031,No aplica,Calle,9450
03031,No aplica,Calle,9451
03031,Recta,Carretera,9452
03031,No aplica,Calle,9453
03031,No aplica,Calle,9454
03031,No aplica,Calle,9455
03031,No aplica,Calle,9456
03031,No aplica,Calle,9457
03031,No aplica,Calle,9458
03031,No aplica,Calle,9459
03031,Curva señalizada,Carretera,9460
03031,No aplica,Calle,9461
03031,No aplica,Calle,9462
03031,No aplica,Calle,9463
03031,No aplica,Calle,9464
03031,No aplica,Calle,9465
03031,No aplica,Calle,9466
03031,No aplica,Calle,9467
03031,No aplica,Calle,9468
03031,No aplica,Calle,9469
03031,No aplica,Calle,9470
03031,Curva señalizada,Carretera,9471
03031,No aplica,Calle,9472
03031,Curva señalizada,Carretera,9473
03031,No aplica,Calle,9474
03031,Curva señalizada,Carretera,9475
03031,No aplica,Calle,9476
03031,No aplica,Calle,9477
03031,No aplica,Calle,9478
03031,No aplica,Calle,9479
03031,No aplica,Calle,9480
03031,No aplica,Calle,9481
03031,No aplica,Calle,9482
03031,No aplica,Calle,9483
03031,No aplica,Calle,9484
03031,No aplica,Calle,9485
03031,No aplica,Calle,9486
03031,No aplica,Calle,9487
03031,No aplica,Calle,9488
03031,No aplica,Calle,9489
03031,No aplica,Calle,9490
03031,Curva señalizada,Carretera,9491
03031,No aplica,Calle,9492
03031,No aplica,Calle,9493
03031,No aplica,Calle,9494
03031,No aplica,Calle,9495
03031,No aplica,Calle,9496
03031,No aplica,Calle,9497
03031,No aplica,Calle,9498
03031,No aplica,Calle,9499
03031,No aplica,Calle,9500
03031,No aplica,Calle,9501
03031,No aplica,Calle,9502
03031,No aplica,Calle,9503
03031,No aplica,Calle,9504
03031,No aplica,Calle,9505
03031,No aplica,Calle,9506
03031,No aplica,Calle,9507
03031,No aplica,Calle,9508
03031,No aplica,Calle,9509
03031,No aplica,Calle,9510
03031,No aplica,Calle,9511
03031,Recta,Carretera,9512
03031,No aplica,Calle,9513
03031,No aplica,Calle,9514
03031,Recta,Carretera,9515
03031,No aplica,Calle,9516
03031,No aplica,Calle,9517
03031,No aplica,Calle,9518
03031,No aplica,Calle,9519
03031,No aplica,Calle,9520
03031,No aplica,Calle,9521
03031,No aplica,Calle,9522
03031,No aplica,Calle,9523
03031,No aplica,Calle,9524
03031,No aplica,Calle,9525
03031,No aplica,Calle,9526
03031,No aplica,Calle,9527
03031,No aplica,Calle,9528
03031,No aplica,Calle,9529
03031,No aplica,Calle,9530
03031,No aplica,Calle,9531
03031,Recta,Carretera,9532
03031,No aplica,Calle,9533
03031,No aplica,Calle,9534
03031,Recta,Carretera,9535
03031,No aplica,Calle,9536
03031,No aplica,Calle,9537
03031,No aplica,Calle,9538
03031,No aplica,Calle,9539
03031,No aplica,Calle,9540
03031,No aplica,Calle,9541
03031,No aplica,Calle,9542
03031,No aplica,Calle,9543
03031,No aplica,Calle,9544
03031,No aplica,Calle,9545
03031,No aplica,Calle,9546
03031,No aplica,Calle,9547
03031,No aplica,Calle,9548
03031,No aplica,Calle,9549
03031,No aplica,Calle,9550
03031,Curva señalizada,Carretera,9551
03031,No aplica,Calle,9552
03031,Recta,Carretera,9553
03031,No aplica,Calle,9554
03031,No aplica,Calle,9555
03031,Curva señalizada,Carretera,9556
03031,No aplica,Calle,9557
03031,No aplica,Calle,9558
03031,No aplica,Calle,9559
03031,No aplica,Calle,9560
03031,No aplica,Calle,9561
03031,No aplica,Calle,9562
03031,No aplica,Calle,9563
03031,No aplica,Calle,9564
03031,No aplica,Calle,9565
03031,No aplica,Calle,9566
03031,Recta,Carretera,9567
03031,No aplica,Calle,9568
03031,No aplica,Calle,9569
03031,No aplica,Calle,9570
03031,No aplica,Calle,9571
03031,No aplica,Calle,9572
03031,No aplica,Calle,9573
03031,No aplica,Calle,9574
03031,No aplica,Calle,9575
03031,No aplica,Calle,9576
03031,No aplica,Calle,9577
03031,No aplica,Calle,9578
03031,No aplica,Calle,9579
03031,No aplica,Calle,9580
03031,No aplica,Calle,9581
03031,No aplica,Calle,9582
03031,No aplica,Calle,9583
03031,No aplica,Calle,9584
03031,No aplica,Calle,9585
03031,Recta,Carretera,9586
03031,Recta,Carretera,9587
03031,No aplica,Calle,9588
03031,No aplica,Calle,9589
03031,No aplica,Calle,9590
03031,No aplica,Calle,9591
03031,No aplica,Calle,9592
03031,No aplica,Calle,9593
03031,No aplica,Calle,9594
03031,No aplica,Calle,9595
03031,No aplica,Calle,9596
03031,No aplica,Calle,9597
03031,No aplica,Calle,9598
03031,No aplica,Calle,9599
03031,No aplica,Calle,9600
03031,No aplica,Calle,9601
03031,Curva señalizada,Carretera,9602
03031,No aplica,Calle,9603
03031,No aplica,Calle,9604
03031,No aplica,Calle,9605
03031,No aplica,Calle,9606
03031,No aplica,Calle,9607
03031,No aplica,Calle,9608
03031,No aplica,Calle,9609
03031,No aplica,Calle,9610
03031,Curva señalizada,Carretera,9611
03031,No aplica,Calle,9612
03031,No aplica,Calle,9613
03031,No aplica,Calle,9614
03031,No aplica,Calle,9615
03031,No aplica,Calle,9616
03031,Recta,Carretera,9617
03031,No aplica,Calle,9618
03031,No aplica,Calle,9619
03031,No aplica,Calle,9620
03031,No aplica,Calle,9621
03031,No aplica,Calle,9622
03031,Recta,Carretera,9623
03031,Recta,Carretera,9624
03031,No aplica,Calle,9625
03031,Recta,Carretera,9626
03031,No aplica,Calle,9627
03031,Curva sin señalizar,Carretera,9628
03031,No aplica,Calle,9629
03031,No aplica,Calle,9630
03031,No aplica,Calle,9631
03031,No aplica,Calle,9632
03031,No aplica,Calle,9633
03031,No aplica,Calle,9634
03031,Recta,Carretera,9635
03031,No aplica,Calle,9636
03031,No aplica,Calle,9637
03031,Recta,Carretera,9638
03031,No aplica,Calle,9639
03031,Recta,Carretera,9640
03031,No aplica,Calle,9641
03031,No aplica,Calle,9642
03031,No aplica,Calle,9643
03031,No aplica,Calle,9644
03031,No aplica,Calle,9645
03031,No aplica,Calle,9646
03031,No aplica,Calle,9647
03031,No aplica,Calle,9648
03031,No aplica,Calle,9649
03031,No aplica,Calle,9650
03031,No aplica,Calle,9651
03031,Curva señalizada,Carretera,9652
03031,No aplica,Calle,9653
03031,No aplica,Calle,9654
03031,No aplica,Calle,9655
03031,No aplica,Calle,9656
03031,Recta,Carretera,9657
03031,No aplica,Calle,9658
03031,No aplica,Calle,9659
03031,Curva señalizada,Carretera,9660
03031,No aplica,Calle,9661
03031,No aplica,Calle,9662
03031,No aplica,Calle,9663
03031,No aplica,Calle,9664
03031,No aplica,Calle,9665
03031,No aplica,Calle,9666
03031,No aplica,Calle,9667
03031,No aplica,Calle,9668
03031,No aplica,Calle,9669
03031,No aplica,Calle,9670
03031,No aplica,Calle,9671
03031,Curva señalizada,Carretera,9672
03031,No aplica,Calle,9673
03031,No aplica,Calle,9674
03031,No aplica,Calle,9675
03031,No aplica,Calle,9676
03031,No aplica,Calle,9677
03031,No aplica,Calle,9678
03031,No aplica,Calle,9679
00000,Curva señalizada,Carretera,9680
00000,Curva señalizada,Carretera,9681
00000,Recta,Carretera,9682
00000,Recta,Carretera,9683
00000,Recta,Carretera,9684
00000,Curva señalizada,Carretera,9685
00000,Curva sin señalizar,Carretera,9686
00000,Recta,Carretera,9687
00000,Curva señalizada,Carretera,9688
00000,Recta,Carretera,9689
00000,Recta,Carretera,9690
00000,Curva sin señalizar,Carretera,9691
00000,Curva sin señalizar,Carretera,9692
00000,Curva sin señalizar,Carretera,9693
00000,Recta,Carretera,9694
03041,Recta,Carretera,9695
03041,Recta,Carretera,9696
03041,Curva señalizada,Carretera,9697
03041,Recta,Carretera,9698
03041,No aplica,Calle,9699
03041,Recta,Carretera,9700
03041,Curva señalizada,Carretera,9701
03041,Curva sin señalizar,Carretera,9702
03041,Curva señalizada,Carretera,9703
03041,Curva señalizada,Carretera,9704
03041,Recta,Carretera,9705
03041,Recta,Carretera,9706
03041,Curva sin señalizar,Carretera,9707
03041,Recta,Carretera,9708
00000,No aplica,Calle,9709
00000,Recta,Carretera,9710
00000,Curva sin señalizar,Carretera,9711
00000,Curva señalizada,Carretera,9712
00000,No aplica,Calle,9713
00000,No aplica,Calle,9714
00000,Curva señalizada,Carretera,9715
00000,Recta,Carretera,9716
00000,Curva señalizada,Carretera,9717
03044,Curva señalizada,Carretera,9718
03044,Curva señalizada,Carretera,9719
03044,Recta,Carretera,9720
00000,Curva señalizada,Carretera,9721
00000,Curva señalizada,Carretera,9722
00000,Curva sin señalizar,Carretera,9723
00000,Curva señalizada,Carretera,9724
03047,No aplica,Calle,9725
03047,Recta,Carretera,9726
03047,Recta,Carretera,9727
03047,Curva señalizada,Carretera,9728
03047,Curva señalizada,Carretera,9729
03047,No aplica,Calle,9730
03047,No aplica,Calle,9731
03047,No aplica,Calle,9732
03047,No aplica,Calle,9733
03047,Recta,Carretera,9734
03048,Curva señalizada,Carretera,9735
03048,Recta,Carretera,9736
03048,Curva señalizada,Carretera,9737
03048,Recta,Carretera,9738
03048,No aplica,Calle,9739
03048,Recta,Carretera,9740
03048,No aplica,Calle,9741
03048,No aplica,Calle,9742
03049,Recta,Carretera,9743
03049,Recta,Carretera,9744
03049,No aplica,Calle,9745
03049,Recta,Carretera,9746
03049,Curva señalizada,Carretera,9747
03049,Recta,Carretera,9748
03049,Recta,Carretera,9749
03049,No aplica,Calle,9750
03049,No aplica,Calle,9751
03049,No aplica,Calle,9752
03049,No aplica,Calle,9753
03049,No aplica,Calle,9754
03049,No aplica,Calle,9755
03049,No aplica,Calle,9756
03049,No aplica,Calle,9757
03049,No aplica,Calle,9758
03049,No aplica,Calle,9759
03049,No aplica,Calle,9760
03049,No aplica,Calle,9761
03049,No aplica,Calle,9762
03049,No aplica,Calle,9763
03049,No aplica,Calle,9764
03049,No aplica,Calle,9765
03049,No aplica,Calle,9766
03049,Recta,Carretera,9767
03049,No aplica,Calle,9768
03049,Recta,Carretera,9769
03049,Recta,Carretera,9770
03049,No aplica,Calle,9771
03049,Curva señalizada,Carretera,9772
03050,Recta,Carretera,9773
03050,Curva sin señalizar,Carretera,9774
03050,Curva señalizada,Carretera,9775
03050,Recta,Carretera,9776
03050,Recta,Carretera,9777
03050,No aplica,Calle,9778
03050,Recta,Carretera,9779
03050,Curva señalizada,Carretera,9780
03050,No aplica,Calle,9781
03050,Recta,Carretera,9782
03050,Recta,Carretera,9783
03050,Curva señalizada,Carretera,9784
03050,Curva señalizada,Carretera,9785
03050,Recta,Carretera,9786
03050,Recta,Carretera,9787
03050,Curva señalizada,Carretera,9788
03050,Recta,Carretera,9789
03050,Curva señalizada,Carretera,9790
03050,Recta,Carretera,9791
03050,Recta,Carretera,9792
03050,Recta,Carretera,9793
03050,Curva señalizada,Carretera,9794
03050,Curva señalizada,Carretera,9795
03050,Recta,Carretera,9796
03050,Recta,Carretera,9797
03050,Curva señalizada,Carretera,9798
03050,Curva señalizada,Carretera,9799
03050,Recta,Carretera,9800
03050,Curva señalizada,Carretera,9801
03050,Recta,Carretera,9802
03050,Recta,Carretera,9803
03050,Curva señalizada,Carretera,9804
03050,Curva señalizada,Carretera,9805
03050,Recta,Carretera,9806
03050,Recta,Carretera,9807
00000,Recta,Carretera,9808
00000,Recta,Carretera,9809
03053,Curva sin señalizar,Carretera,9810
03053,Curva señalizada,Carretera,9811
03053,No aplica,Calle,9812
03053,Curva sin señalizar,Carretera,9813
03053,No aplica,Calle,9814
03053,No aplica,Calle,9815
03053,Curva señalizada,Carretera,9816
03053,No aplica,Calle,9817
03053,Curva señalizada,Carretera,9818
03053,Recta,Carretera,9819
03053,Recta,Carretera,9820
03053,Curva señalizada,Carretera,9821
03053,Curva señalizada,Carretera,9822
00000,Curva señalizada,Carretera,9823
00000,Curva señalizada,Carretera,9824
00000,Curva señalizada,Carretera,9825
03055,Recta,Carretera,9826
03055,Curva señalizada,Carretera,9827
03055,Recta,Carretera,9828
03055,Recta,Carretera,9829
03055,Curva señalizada,Carretera,9830
03055,Recta,Carretera,9831
03055,Recta,Carretera,9832
03055,Recta,Carretera,9833
03055,Curva señalizada,Carretera,9834
03055,Curva señalizada,Carretera,9835
03055,Curva señalizada,Carretera,9836
03055,Recta,Carretera,9837
03055,Recta,Carretera,9838
03055,Recta,Carretera,9839
03055,Recta,Carretera,9840
03055,Recta,Carretera,9841
03055,Recta,Carretera,9842
03055,Recta,Carretera,9843
03056,Recta,Carretera,9844
03056,Recta,Carretera,9845
03056,Curva señalizada,Carretera,9846
03009,Curva señalizada,Carretera,9847
03056,Recta,Carretera,9848
03056,Recta,Carretera,9849
03056,No aplica,Calle,9850
03056,No aplica,Calle,9851
03056,Recta,Carretera,9852
03056,No aplica,Calle,9853
03056,Recta,Carretera,9854
03056,Recta,Carretera,9855
03056,Recta,Carretera,9856
03056,No aplica,Calle,9857
03056,Recta,Carretera,9858
00000,Curva señalizada,Carretera,9859
03058,No aplica,Calle,9860
03058,No aplica,Calle,9861
03058,Recta,Carretera,9862
03058,No aplica,Calle,9863
03058,No aplica,Calle,9864
03058,No aplica,Calle,9865
03058,No aplica,Calle,9866
03058,No aplica,Calle,9867
03058,Recta,Carretera,9868
03058,Recta,Carretera,9869
03058,No aplica,Calle,9870
03058,Recta,Carretera,9871
03058,No aplica,Calle,9872
03058,No aplica,Calle,9873
03058,Recta,Carretera,9874
03058,Recta,Carretera,9875
03058,Recta,Carretera,9876
03059,Curva señalizada,Carretera,9877
03059,Recta,Carretera,9878
03059,Recta,Carretera,9879
03059,Recta,Carretera,9880
03059,No aplica,Calle,9881
03059,Recta,Carretera,9882
03059,Curva señalizada,Carretera,9883
03059,Recta,Carretera,9884
03059,Recta,Carretera,9885
03059,Curva señalizada,Carretera,9886
03059,Recta,Carretera,9887
03059,Recta,Carretera,9888
03059,No aplica,Calle,9889
03059,Curva señalizada,Carretera,9890
03059,Recta,Carretera,9891
03059,Curva sin señalizar,Carretera,9892
03059,Recta,Carretera,9893
03059,Recta,Carretera,9894
03059,Curva sin señalizar,Carretera,9895
03059,Recta,Carretera,9896
03059,Recta,Carretera,9897
03059,Recta,Carretera,9898
03059,Se desconoce,Carretera,9899
03059,Recta,Carretera,9900
03059,Recta,Carretera,9901
03059,Curva sin señalizar,Carretera,9902
03059,Curva sin señalizar,Carretera,9903
03059,Curva señalizada,Carretera,9904
03059,Recta,Carretera,9905
03059,Recta,Carretera,9906
03059,Recta,Carretera,9907
03059,Curva señalizada,Travesía,9908
03059,Recta,Carretera,9909
03059,Recta,Carretera,9910
03059,Curva señalizada,Carretera,9911
03059,Recta,Carretera,9912
03059,Curva sin señalizar,Carretera,9913
03059,Curva señalizada,Carretera,9914
03059,Recta,Carretera,9915
03063,Curva señalizada,Carretera,9916
03063,No aplica,Calle,9917
03063,No aplica,Calle,9918
03063,No aplica,Calle,9919
03063,No aplica,Calle,9920
03063,No aplica,Calle,9921
03063,No aplica,Calle,9922
03063,No aplica,Calle,9923
03063,Curva sin señalizar,Carretera,9924
03063,No aplica,Calle,9925
03063,No aplica,Calle,9926
03063,No aplica,Calle,9927
03063,Recta,Carretera,9928
03063,No aplica,Calle,9929
03063,No aplica,Calle,9930
03063,No aplica,Calle,9931
03063,Curva sin señalizar,Carretera,9932
03063,Recta,Carretera,9933
03063,No aplica,Calle,9934
03063,No aplica,Calle,9935
03063,No aplica,Calle,9936
03063,Recta,Carretera,9937
03063,Recta,Carretera,9938
03063,Recta,Carretera,9939
03063,Curva señalizada,Carretera,9940
03063,Recta,Carretera,9941
03063,No aplica,Calle,9942
03063,Curva sin señalizar,Carretera,9943
03063,No aplica,Calle,9944
03063,Recta,Carretera,9945
03063,Recta,Carretera,9946
03063,Curva señalizada,Carretera,9947
03063,Recta,Carretera,9948
03063,Curva señalizada,Carretera,9949
03064,Recta,Carretera,9950
03064,No aplica,Calle,9951
03064,No aplica,Calle,9952
03064,Recta,Carretera,9953
03064,Curva señalizada,Carretera,9954
03064,Recta,Carretera,9955
03064,Recta,Carretera,9956
03065,No aplica,Calle,9957
03065,No aplica,Calle,9958
03065,No aplica,Calle,9959
03065,Recta,Carretera,9960
03065,No aplica,Calle,9961
03065,Curva señalizada,Carretera,9962
03065,No aplica,Calle,9963
03065,Curva señalizada,Carretera,9964
03065,No aplica,Calle,9965
03065,Curva señalizada,Carretera,9966
03065,Recta,Carretera,9967
03065,No aplica,Calle,9968
03065,No aplica,Calle,9969
03065,No aplica,Calle,9970
03065,Curva señalizada,Carretera,9971
03065,No aplica,Calle,9972
03065,Recta,Carretera,9973
03065,Recta,Carretera,9974
03065,No aplica,Calle,9975
03065,No aplica,Calle,9976
03065,Curva señalizada,Carretera,9977
03065,No aplica,Calle,9978
03065,Curva señalizada,Carretera,9979
03065,No aplica,Calle,9980
03065,No aplica,Calle,9981
03065,No aplica,Calle,9982
03065,No aplica,Calle,9983
03065,No aplica,Calle,9984
03065,No aplica,Calle,9985
03065,No aplica,Calle,9986
03065,No aplica,Calle,9987
03065,No aplica,Calle,9988
03065,No aplica,Calle,9989
03065,No aplica,Calle,9990
03065,No aplica,Calle,9991
03065,Recta,Carretera,9992
03065,Recta,Carretera,9993
03065,Curva señalizada,Carretera,9994
03065,No aplica,Calle,9995
03065,No aplica,Calle,9996
03065,No aplica,Calle,9997
03065,Recta,Carretera,9998
03065,No aplica,Calle,9999
03065,No aplica,Calle,10000
03065,No aplica,Calle,10001
03065,No aplica,Calle,10002
03065,No aplica,Calle,10003
03065,No aplica,Calle,10004
03065,No aplica,Calle,10005
03065,Recta,Carretera,10006
03065,Curva señalizada,Carretera,10007
03065,No aplica,Calle,10008
03065,Recta,Carretera,10009
03065,Recta,Carretera,10010
03065,No aplica,Calle,10011
03065,Recta,Carretera,10012
03065,Recta,Carretera,10013
03065,No aplica,Calle,10014
03065,No aplica,Calle,10015
03065,Recta,Carretera,10016
03065,Recta,Carretera,10017
03065,No aplica,Calle,10018
03065,Recta,Carretera,10019
03065,Recta,Carretera,10020
03065,No aplica,Calle,10021
03065,Recta,Carretera,10022
03065,No aplica,Calle,10023
03065,No aplica,Calle,10024
03065,Recta,Carretera,10025
03065,No aplica,Calle,10026
03065,Recta,Carretera,10027
03065,No aplica,Calle,10028
03065,No aplica,Calle,10029
03065,No aplica,Calle,10030
03065,Recta,Carretera,10031
03065,No aplica,Calle,10032
03065,No aplica,Calle,10033
03065,No aplica,Calle,10034
03065,Recta,Carretera,10035
03065,No aplica,Calle,10036
03065,No aplica,Calle,10037
03065,No aplica,Calle,10038
03065,Recta,Carretera,10039
03065,No aplica,Calle,10040
03065,No aplica,Calle,10041
03065,No aplica,Calle,10042
03065,No aplica,Calle,10043
03065,No aplica,Calle,10044
03065,Recta,Carretera,10045
03065,No aplica,Calle,10046
03065,No aplica,Calle,10047
03065,No aplica,Calle,10048
03065,No aplica,Calle,10049
03065,No aplica,Calle,10050
03065,No aplica,Calle,10051
03065,No aplica,Calle,10052
03065,No aplica,Calle,10053
03065,No aplica,Calle,10054
03065,No aplica,Calle,10055
03065,Recta,Carretera,10056
03065,No aplica,Calle,10057
03065,Curva señalizada,Carretera,10058
03065,No aplica,Calle,10059
03065,No aplica,Calle,10060
03065,No aplica,Calle,10061
03065,No aplica,Calle,10062
03065,No aplica,Calle,10063
03065,No aplica,Calle,10064
03065,No aplica,Calle,10065
03065,No aplica,Calle,10066
03065,No aplica,Calle,10067
03065,No aplica,Calle,10068
03065,No aplica,Calle,10069
03065,Recta,Carretera,10070
03065,No aplica,Calle,10071
03065,No aplica,Calle,10072
03065,No aplica,Calle,10073
03065,Curva señalizada,Carretera,10074
03065,No aplica,Calle,10075
03065,No aplica,Calle,10076
03065,No aplica,Calle,10077
03065,No aplica,Calle,10078
03065,No aplica,Calle,10079
03065,No aplica,Calle,10080
03065,Recta,Carretera,10081
03065,No aplica,Calle,10082
03065,No aplica,Calle,10083
03065,No aplica,Calle,10084
03065,No aplica,Calle,10085
03065,No aplica,Calle,10086
03065,No aplica,Calle,10087
03065,Curva señalizada,Carretera,10088
03065,No aplica,Calle,10089
03065,Curva señalizada,Carretera,10090
03065,No aplica,Calle,10091
03065,Curva señalizada,Carretera,10092
03065,No aplica,Calle,10093
03065,No aplica,Calle,10094
03065,Curva señalizada,Carretera,10095
03065,No aplica,Calle,10096
03065,No aplica,Calle,10097
03065,No aplica,Calle,10098
03065,Curva sin señalizar,Carretera,10099
03065,No aplica,Calle,10100
03065,No aplica,Calle,10101
03065,Curva señalizada,Carretera,10102
03065,No aplica,Calle,10103
03065,No aplica,Calle,10104
03065,Recta,Carretera,10105
03065,Curva señalizada,Carretera,10106
03065,No aplica,Calle,10107
03065,No aplica,Calle,10108
03065,Recta,Carretera,10109
03065,No aplica,Calle,10110
03065,Recta,Carretera,10111
03065,No aplica,Calle,10112
03065,No aplica,Calle,10113
03065,No aplica,Calle,10114
03065,No aplica,Calle,10115
03065,No aplica,Calle,10116
03065,No aplica,Calle,10117
03065,Curva señalizada,Carretera,10118
03065,No aplica,Calle,10119
03065,No aplica,Calle,10120
03065,Curva señalizada,Carretera,10121
03065,Recta,Carretera,10122
03065,Recta,Carretera,10123
03065,No aplica,Calle,10124
03065,No aplica,Calle,10125
03065,No aplica,Calle,10126
03065,No aplica,Calle,10127
03065,No aplica,Calle,10128
03065,Recta,Carretera,10129
03065,No aplica,Calle,10130
03065,No aplica,Calle,10131
03065,Recta,Carretera,10132
03065,No aplica,Calle,10133
03065,No aplica,Calle,10134
03065,No aplica,Calle,10135
03065,Recta,Carretera,10136
03065,No aplica,Calle,10137
03065,No aplica,Calle,10138
03065,Recta,Carretera,10139
03065,No aplica,Calle,10140
03065,No aplica,Calle,10141
03065,No aplica,Calle,10142
03065,No aplica,Calle,10143
03065,No aplica,Calle,10144
03065,No aplica,Calle,10145
03065,Recta,Carretera,10146
03065,Recta,Carretera,10147
03065,No aplica,Calle,10148
03065,No aplica,Calle,10149
03065,No aplica,Calle,10150
03065,Recta,Carretera,10151
03065,No aplica,Calle,10152
03065,No aplica,Calle,10153
03065,No aplica,Calle,10154
03065,No aplica,Calle,10155
03065,Recta,Carretera,10156
03065,Curva señalizada,Carretera,10157
03065,No aplica,Calle,10158
03065,Recta,Carretera,10159
03065,No aplica,Calle,10160
03065,No aplica,Calle,10161
03065,Recta,Carretera,10162
03065,No aplica,Calle,10163
03065,No aplica,Calle,10164
03065,No aplica,Calle,10165
03065,Recta,Carretera,10166
03065,No aplica,Calle,10167
03065,Curva señalizada,Carretera,10168
03065,Recta,Carretera,10169
03065,Recta,Carretera,10170
03065,Curva señalizada,Carretera,10171
03065,No aplica,Calle,10172
03065,No aplica,Calle,10173
03065,No aplica,Calle,10174
03065,No aplica,Calle,10175
03065,No aplica,Calle,10176
03065,No aplica,Calle,10177
03065,Curva señalizada,Carretera,10178
03065,No aplica,Calle,10179
03065,No aplica,Calle,10180
03065,No aplica,Calle,10181
03065,No aplica,Calle,10182
03065,Recta,Carretera,10183
03065,No aplica,Calle,10184
03065,No aplica,Calle,10185
03065,Curva señalizada,Carretera,10186
03065,Recta,Carretera,10187
03065,Curva señalizada,Carretera,10188
03065,No aplica,Calle,10189
03065,No aplica,Calle,10190
03065,No aplica,Calle,10191
03065,Recta,Carretera,10192
03065,No aplica,Calle,10193
03065,No aplica,Calle,10194
03065,Recta,Carretera,10195
03065,No aplica,Calle,10196
03065,No aplica,Calle,10197
03065,No aplica,Calle,10198
03065,No aplica,Calle,10199
03065,No aplica,Calle,10200
03065,Recta,Carretera,10201
03065,No aplica,Calle,10202
03065,No aplica,Calle,10203
03065,No aplica,Calle,10204
03065,No aplica,Calle,10205
03065,No aplica,Calle,10206
03065,No aplica,Calle,10207
03065,Recta,Carretera,10208
03065,No aplica,Calle,10209
03065,Recta,Carretera,10210
03065,Se desconoce,Carretera,10211
03065,No aplica,Calle,10212
03065,No aplica,Calle,10213
03065,No aplica,Calle,10214
03065,No aplica,Calle,10215
03065,No aplica,Calle,10216
03065,No aplica,Calle,10217
03065,Recta,Carretera,10218
03065,Curva señalizada,Carretera,10219
03065,Recta,Carretera,10220
03065,Recta,Carretera,10221
03065,No aplica,Calle,10222
03065,Curva señalizada,Carretera,10223
03065,No aplica,Calle,10224
03065,No aplica,Calle,10225
03065,No aplica,Calle,10226
03065,No aplica,Calle,10227
03065,No aplica,Calle,10228
03065,No aplica,Calle,10229
03065,Recta,Carretera,10230
03065,No aplica,Calle,10231
03065,No aplica,Calle,10232
03065,No aplica,Calle,10233
03065,Curva señalizada,Carretera,10234
03065,No aplica,Calle,10235
03065,No aplica,Calle,10236
03065,No aplica,Calle,10237
03065,Recta,Carretera,10238
03065,No aplica,Calle,10239
03065,Recta,Carretera,10240
03065,No aplica,Calle,10241
03065,No aplica,Calle,10242
03065,No aplica,Calle,10243
03065,No aplica,Calle,10244
03065,Curva sin señalizar,Carretera,10245
03065,No aplica,Calle,10246
03065,No aplica,Calle,10247
03065,No aplica,Calle,10248
03065,No aplica,Calle,10249
03065,No aplica,Calle,10250
03065,Recta,Carretera,10251
03065,No aplica,Calle,10252
03065,No aplica,Calle,10253
03065,Curva señalizada,Carretera,10254
03065,No aplica,Calle,10255
03065,No aplica,Calle,10256
03065,No aplica,Calle,10257
03065,No aplica,Calle,10258
03065,Recta,Carretera,10259
03065,No aplica,Calle,10260
03065,No aplica,Calle,10261
03065,No aplica,Calle,10262
03065,Curva señalizada,Carretera,10263
03065,No aplica,Calle,10264
03065,Recta,Carretera,10265
03065,Curva sin señalizar,Carretera,10266
03065,No aplica,Calle,10267
03065,No aplica,Calle,10268
03065,No aplica,Calle,10269
03065,Curva señalizada,Carretera,10270
03065,No aplica,Calle,10271
03065,No aplica,Calle,10272
03065,No aplica,Calle,10273
03065,No aplica,Calle,10274
03065,Recta,Carretera,10275
03065,No aplica,Calle,10276
03065,No aplica,Calle,10277
03065,No aplica,Calle,10278
03065,Curva señalizada,Carretera,10279
03065,No aplica,Calle,10280
03065,No aplica,Calle,10281
03065,No aplica,Calle,10282
03065,Recta,Carretera,10283
03065,No aplica,Calle,10284
03065,No aplica,Calle,10285
03065,Recta,Carretera,10286
03065,No aplica,Calle,10287
03065,No aplica,Calle,10288
03065,Recta,Carretera,10289
03065,No aplica,Calle,10290
03065,No aplica,Calle,10291
03065,Recta,Travesía,10292
03065,Recta,Carretera,10293
03065,No aplica,Calle,10294
03065,No aplica,Calle,10295
03065,No aplica,Calle,10296
03065,No aplica,Calle,10297
03065,No aplica,Calle,10298
03065,Recta,Carretera,10299
03065,No aplica,Calle,10300
03065,Curva señalizada,Carretera,10301
03065,Recta,Carretera,10302
03065,Recta,Carretera,10303
03065,Curva señalizada,Carretera,10304
03065,Recta,Carretera,10305
03065,No aplica,Calle,10306
03065,No aplica,Calle,10307
03065,No aplica,Calle,10308
03065,No aplica,Calle,10309
03065,Recta,Carretera,10310
03065,No aplica,Calle,10311
03065,No aplica,Calle,10312
03065,No aplica,Calle,10313
03065,No aplica,Calle,10314
03065,No aplica,Calle,10315
03065,No aplica,Calle,10316
03065,No aplica,Calle,10317
03065,No aplica,Calle,10318
03065,No aplica,Calle,10319
03065,No aplica,Calle,10320
03065,No aplica,Calle,10321
03065,No aplica,Calle,10322
03065,No aplica,Calle,10323
03065,No aplica,Calle,10324
03065,No aplica,Calle,10325
03065,No aplica,Calle,10326
03065,No aplica,Calle,10327
03065,No aplica,Calle,10328
03065,No aplica,Calle,10329
03065,No aplica,Calle,10330
03065,No aplica,Calle,10331
03065,No aplica,Calle,10332
03065,No aplica,Calle,10333
03065,No aplica,Calle,10334
03065,No aplica,Calle,10335
03065,No aplica,Calle,10336
03065,No aplica,Calle,10337
03065,No aplica,Calle,10338
03065,Curva señalizada,Carretera,10339
03065,No aplica,Calle,10340
03065,Recta,Carretera,10341
03065,No aplica,Calle,10342
03065,Curva señalizada,Carretera,10343
03065,No aplica,Calle,10344
03065,No aplica,Calle,10345
03065,No aplica,Calle,10346
03065,Recta,Carretera,10347
03065,Curva señalizada,Carretera,10348
03065,Recta,Carretera,10349
03065,Recta,Carretera,10350
03065,No aplica,Calle,10351
03065,No aplica,Calle,10352
03065,No aplica,Calle,10353
03065,No aplica,Calle,10354
03065,No aplica,Calle,10355
03065,No aplica,Calle,10356
03065,No aplica,Calle,10357
03065,No aplica,Calle,10358
03065,No aplica,Calle,10359
03065,No aplica,Calle,10360
03065,Curva señalizada,Carretera,10361
03065,No aplica,Calle,10362
03065,No aplica,Calle,10363
03065,Curva señalizada,Carretera,10364
03065,No aplica,Calle,10365
03065,No aplica,Calle,10366
03065,No aplica,Calle,10367
03065,No aplica,Calle,10368
03065,Curva señalizada,Carretera,10369
03065,Curva señalizada,Carretera,10370
03065,No aplica,Calle,10371
03065,No aplica,Calle,10372
03065,Curva sin señalizar,Carretera,10373
03065,No aplica,Calle,10374
03065,No aplica,Calle,10375
03065,No aplica,Calle,10376
03065,Curva señalizada,Carretera,10377
03065,No aplica,Calle,10378
03065,Curva señalizada,Carretera,10379
03065,No aplica,Calle,10380
03065,No aplica,Calle,10381
03065,No aplica,Calle,10382
03065,Curva señalizada,Carretera,10383
03065,No aplica,Calle,10384
03065,No aplica,Calle,10385
03065,No aplica,Calle,10386
03065,No aplica,Calle,10387
03065,No aplica,Calle,10388
03065,No aplica,Calle,10389
03065,Curva señalizada,Carretera,10390
03065,No aplica,Calle,10391
03065,No aplica,Calle,10392
03065,No aplica,Calle,10393
03065,No aplica,Calle,10394
03065,No aplica,Calle,10395
03065,No aplica,Calle,10396
03065,No aplica,Calle,10397
03065,No aplica,Calle,10398
03065,No aplica,Calle,10399
03065,No aplica,Calle,10400
03065,No aplica,Calle,10401
03065,Curva señalizada,Carretera,10402
03065,No aplica,Calle,10403
03065,No aplica,Calle,10404
03065,No aplica,Calle,10405
03065,No aplica,Calle,10406
03065,No aplica,Calle,10407
03065,No aplica,Calle,10408
03065,No aplica,Calle,10409
03065,No aplica,Calle,10410
03065,No aplica,Calle,10411
03065,No aplica,Calle,10412
03065,No aplica,Calle,10413
03065,No aplica,Calle,10414
03065,No aplica,Calle,10415
03065,No aplica,Calle,10416
03065,No aplica,Calle,10417
03065,No aplica,Calle,10418
03065,Recta,Carretera,10419
03065,No aplica,Calle,10420
03065,No aplica,Calle,10421
03065,No aplica,Calle,10422
03065,No aplica,Calle,10423
03065,No aplica,Calle,10424
03065,No aplica,Calle,10425
03065,No aplica,Calle,10426
03065,Curva señalizada,Carretera,10427
03065,Curva sin señalizar,Carretera,10428
03065,Curva señalizada,Carretera,10429
03065,No aplica,Calle,10430
03065,No aplica,Calle,10431
03065,No aplica,Calle,10432
03065,Curva señalizada,Carretera,10433
03065,Recta,Carretera,10434
03065,Curva señalizada,Carretera,10435
03065,Curva señalizada,Carretera,10436
03065,No aplica,Calle,10437
03065,No aplica,Calle,10438
03065,No aplica,Calle,10439
03065,No aplica,Calle,10440
03065,No aplica,Calle,10441
03065,Curva señalizada,Carretera,10442
03065,Recta,Carretera,10443
03065,Recta,Carretera,10444
03065,No aplica,Calle,10445
03065,No aplica,Calle,10446
03065,No aplica,Calle,10447
03065,No aplica,Calle,10448
03065,Recta,Carretera,10449
03065,No aplica,Calle,10450
03065,Recta,Carretera,10451
03065,Recta,Carretera,10452
03065,No aplica,Calle,10453
03065,No aplica,Calle,10454
03065,No aplica,Calle,10455
03065,No aplica,Calle,10456
03065,Curva señalizada,Carretera,10457
03065,No aplica,Calle,10458
03065,No aplica,Calle,10459
03065,No aplica,Calle,10460
03065,Curva señalizada,Carretera,10461
03065,No aplica,Calle,10462
03065,Curva señalizada,Carretera,10463
03065,No aplica,Calle,10464
03065,No aplica,Calle,10465
03065,Curva señalizada,Carretera,10466
03065,No aplica,Calle,10467
03065,No aplica,Calle,10468
03065,No aplica,Calle,10469
03065,No aplica,Calle,10470
03065,No aplica,Calle,10471
03065,Curva señalizada,Carretera,10472
03065,No aplica,Calle,10473
03065,Curva señalizada,Carretera,10474
03065,No aplica,Calle,10475
03065,No aplica,Calle,10476
03065,No aplica,Calle,10477
03065,No aplica,Calle,10478
03065,No aplica,Calle,10479
03065,No aplica,Calle,10480
03065,Recta,Carretera,10481
03065,No aplica,Calle,10482
03065,No aplica,Calle,10483
03065,No aplica,Calle,10484
03065,No aplica,Calle,10485
03065,No aplica,Calle,10486
03065,Curva señalizada,Carretera,10487
03065,Curva señalizada,Carretera,10488
03065,No aplica,Calle,10489
03065,Recta,Carretera,10490
03065,No aplica,Calle,10491
03065,No aplica,Calle,10492
03065,No aplica,Calle,10493
03065,No aplica,Calle,10494
03065,No aplica,Calle,10495
03065,Curva señalizada,Carretera,10496
03065,Recta,Carretera,10497
03065,Recta,Carretera,10498
03065,No aplica,Calle,10499
03065,No aplica,Calle,10500
03065,No aplica,Calle,10501
03065,Recta,Carretera,10502
03065,No aplica,Calle,10503
03065,No aplica,Calle,10504
03065,No aplica,Calle,10505
03065,Recta,Carretera,10506
03065,No aplica,Calle,10507
03065,No aplica,Calle,10508
03065,No aplica,Calle,10509
03065,No aplica,Calle,10510
03065,Recta,Carretera,10511
03065,Recta,Carretera,10512
03065,No aplica,Calle,10513
03065,Recta,Carretera,10514
03065,No aplica,Calle,10515
03065,No aplica,Calle,10516
03065,No aplica,Calle,10517
03065,No aplica,Calle,10518
03065,No aplica,Calle,10519
03065,No aplica,Calle,10520
03065,No aplica,Calle,10521
03065,No aplica,Calle,10522
03065,No aplica,Calle,10523
03065,No aplica,Calle,10524
03065,No aplica,Calle,10525
03065,No aplica,Calle,10526
03065,No aplica,Calle,10527
03065,No aplica,Calle,10528
03065,No aplica,Calle,10529
03065,No aplica,Calle,10530
03065,No aplica,Calle,10531
03065,No aplica,Calle,10532
03065,No aplica,Calle,10533
03065,No aplica,Calle,10534
03065,No aplica,Calle,10535
03065,No aplica,Calle,10536
03065,No aplica,Calle,10537
03065,Curva sin señalizar,Carretera,10538
03065,Curva señalizada,Carretera,10539
03065,Recta,Carretera,10540
03065,Curva señalizada,Carretera,10541
03065,No aplica,Calle,10542
03065,No aplica,Calle,10543
03065,No aplica,Calle,10544
03065,No aplica,Calle,10545
03065,Curva señalizada,Carretera,10546
03065,No aplica,Calle,10547
03065,No aplica,Calle,10548
03065,No aplica,Calle,10549
03065,No aplica,Calle,10550
03065,No aplica,Calle,10551
03065,No aplica,Calle,10552
03065,No aplica,Calle,10553
03065,No aplica,Calle,10554
03065,Recta,Carretera,10555
03065,Recta,Carretera,10556
03065,Recta,Carretera,10557
03065,Curva señalizada,Carretera,10558
03065,Curva señalizada,Carretera,10559
03065,Curva señalizada,Carretera,10560
03065,Recta,Carretera,10561
03065,Recta,Carretera,10562
03065,Recta,Carretera,10563
03065,Recta,Carretera,10564
03065,Recta,Carretera,10565
03065,Recta,Carretera,10566
03065,Curva señalizada,Carretera,10567
03065,Curva sin señalizar,Carretera,10568
03065,Curva señalizada,Carretera,10569
03066,No aplica,Calle,10570
03066,No aplica,Calle,10571
03066,Curva sin señalizar,Carretera,10572
03066,No aplica,Calle,10573
03066,No aplica,Calle,10574
03066,No aplica,Calle,10575
03066,Curva señalizada,Carretera,10576
03066,No aplica,Calle,10577
03066,No aplica,Calle,10578
03066,No aplica,Calle,10579
03066,No aplica,Calle,10580
03066,No aplica,Calle,10581
03066,No aplica,Calle,10582
03066,Recta,Carretera,10583
03066,No aplica,Calle,10584
03066,No aplica,Calle,10585
03066,No aplica,Calle,10586
03066,No aplica,Calle,10587
03066,No aplica,Calle,10588
03066,No aplica,Calle,10589
03066,No aplica,Calle,10590
03066,No aplica,Calle,10591
03066,No aplica,Calle,10592
03066,No aplica,Calle,10593
03066,No aplica,Calle,10594
03066,No aplica,Calle,10595
03066,No aplica,Calle,10596
03066,No aplica,Calle,10597
03066,Curva señalizada,Carretera,10598
03066,No aplica,Calle,10599
03066,No aplica,Calle,10600
03066,No aplica,Calle,10601
03066,No aplica,Calle,10602
03066,No aplica,Calle,10603
03066,No aplica,Calle,10604
03066,No aplica,Calle,10605
03066,Curva señalizada,Carretera,10606
03066,Curva señalizada,Carretera,10607
03066,Curva señalizada,Carretera,10608
03066,No aplica,Calle,10609
03066,Curva señalizada,Carretera,10610
03066,No aplica,Calle,10611
03066,No aplica,Calle,10612
03066,No aplica,Calle,10613
03066,No aplica,Calle,10614
03066,No aplica,Calle,10615
03066,No aplica,Calle,10616
03066,Curva sin señalizar,Carretera,10617
03066,No aplica,Calle,10618
03066,No aplica,Calle,10619
03066,No aplica,Calle,10620
03066,Recta,Carretera,10621
03066,No aplica,Calle,10622
03066,No aplica,Calle,10623
00000,Recta,Carretera,10624
00000,Curva señalizada,Carretera,10625
03069,Recta,Carretera,10626
03069,No aplica,Calle,10627
03069,Recta,Carretera,10628
03069,No aplica,Calle,10629
03069,No aplica,Calle,10630
03069,Recta,Carretera,10631
03069,No aplica,Calle,10632
03069,No aplica,Calle,10633
03069,No aplica,Calle,10634
03069,No aplica,Calle,10635
03069,No aplica,Calle,10636
03069,Curva señalizada,Carretera,10637
03069,No aplica,Calle,10638
03069,No aplica,Calle,10639
03069,Recta,Carretera,10640
03069,Recta,Carretera,10641
03069,Recta,Carretera,10642
03069,No aplica,Calle,10643
03069,Recta,Carretera,10644
03069,Recta,Carretera,10645
03069,Recta,Carretera,10646
03069,Curva señalizada,Carretera,10647
03069,No aplica,Calle,10648
03069,Recta,Carretera,10649
03069,Curva señalizada,Carretera,10650
03069,No aplica,Calle,10651
03069,No aplica,Calle,10652
03069,No aplica,Calle,10653
03069,No aplica,Calle,10654
03069,Recta,Carretera,10655
03069,No aplica,Calle,10656
03069,Curva señalizada,Carretera,10657
03069,Recta,Carretera,10658
03069,No aplica,Calle,10659
03069,No aplica,Calle,10660
03069,No aplica,Calle,10661
03069,No aplica,Calle,10662
03069,Recta,Carretera,10663
03069,Curva señalizada,Carretera,10664
00000,Recta,Carretera,10665
00000,Recta,Carretera,10666
00000,Recta,Carretera,10667
00000,Curva señalizada,Carretera,10668
00000,Recta,Carretera,10669
03071,Recta,Carretera,10670
03071,Curva sin señalizar,Carretera,10671
03071,Recta,Carretera,10672
03071,Recta,Carretera,10673
03071,Curva señalizada,Carretera,10674
03071,Recta,Carretera,10675
03071,Recta,Carretera,10676
00000,Curva señalizada,Carretera,10677
00000,Curva sin señalizar,Carretera,10678
00000,Curva señalizada,Carretera,10679
00000,Recta,Carretera,10680
00000,Recta,Carretera,10681
00000,Recta,Carretera,10682
00000,Recta,Carretera,10683
03076,Curva señalizada,Carretera,10684
03076,No aplica,Calle,10685
03076,Recta,Carretera,10686
03076,Recta,Carretera,10687
03076,No aplica,Calle,10688
03076,Recta,Carretera,10689
03076,Recta,Carretera,10690
03076,Curva señalizada,Carretera,10691
03076,No aplica,Calle,10692
03076,No aplica,Calle,10693
03076,Recta,Carretera,10694
03076,Curva sin señalizar,Carretera,10695
03076,Recta,Carretera,10696
03076,Recta,Carretera,10697
03076,Recta,Carretera,10698
03076,Recta,Carretera,10699
03076,No aplica,Calle,10700
03076,No aplica,Calle,10701
03076,No aplica,Calle,10702
03076,Recta,Carretera,10703
03076,Recta,Carretera,10704
03076,No aplica,Calle,10705
03076,No aplica,Calle,10706
03076,Recta,Carretera,10707
03076,No aplica,Calle,10708
03076,No aplica,Calle,10709
03076,No aplica,Calle,10710
03076,Curva señalizada,Carretera,10711
00000,Se desconoce,Carretera,10712
00000,Recta,Carretera,10713
03079,Recta,Carretera,10714
03079,Curva señalizada,Carretera,10715
03079,No aplica,Calle,10716
03079,No aplica,Calle,10717
03079,No aplica,Calle,10718
03079,Curva señalizada,Carretera,10719
03079,No aplica,Calle,10720
03079,No aplica,Calle,10721
03079,No aplica,Calle,10722
03079,No aplica,Calle,10723
03079,No aplica,Calle,10724
03079,No aplica,Calle,10725
03079,No aplica,Calle,10726
03079,Curva señalizada,Carretera,10727
03079,Recta,Carretera,10728
03079,Curva sin señalizar,Carretera,10729
03079,Recta,Carretera,10730
03079,Recta,Carretera,10731
03079,Curva señalizada,Carretera,10732
03079,Recta,Carretera,10733
03079,Recta,Carretera,10734
03079,Curva señalizada,Carretera,10735
03079,Recta,Carretera,10736
00000,Curva señalizada,Carretera,10737
00000,No aplica,Calle,10738
00000,Recta,Carretera,10739
00000,Recta,Carretera,10740
00000,Curva señalizada,Carretera,10741
00000,Recta,Carretera,10742
00000,Curva señalizada,Carretera,10743
00000,Curva señalizada,Carretera,10744
03082,Recta,Carretera,10745
03082,Curva señalizada,Carretera,10746
03082,Curva señalizada,Carretera,10747
03082,Curva sin señalizar,Carretera,10748
03082,Recta,Carretera,10749
03082,Recta,Carretera,10750
03082,Recta,Carretera,10751
03082,Recta,Carretera,10752
03082,Curva señalizada,Carretera,10753
03082,Recta,Carretera,10754
03082,Recta,Carretera,10755
03082,Recta,Carretera,10756
03082,Recta,Carretera,10757
03082,Curva señalizada,Carretera,10758
03082,Recta,Carretera,10759
03082,No aplica,Calle,10760
03082,No aplica,Calle,10761
03082,No aplica,Calle,10762
03082,No aplica,Calle,10763
03082,No aplica,Calle,10764
03082,No aplica,Calle,10765
03082,Recta,Carretera,10766
03082,Curva señalizada,Carretera,10767
03082,Curva señalizada,Carretera,10768
03083,Curva señalizada,Carretera,10769
03083,No aplica,Calle,10770
03083,Curva señalizada,Carretera,10771
03083,Curva señalizada,Carretera,10772
03083,Curva señalizada,Carretera,10773
03083,Curva señalizada,Carretera,10774
03083,Curva señalizada,Carretera,10775
03083,Curva sin señalizar,Carretera,10776
03083,Curva señalizada,Carretera,10777
03083,Recta,Carretera,10778
03083,Recta,Carretera,10779
03083,No aplica,Calle,10780
03083,Curva señalizada,Carretera,10781
03083,Curva sin señalizar,Carretera,10782
03083,Recta,Carretera,10783
03083,Curva señalizada,Carretera,10784
03083,Recta,Carretera,10785
00000,Recta,Carretera,10786
00000,Recta,Carretera,10787
00000,Recta,Carretera,10788
03088,Recta,Carretera,10789
03088,Recta,Carretera,10790
03088,Curva señalizada,Carretera,10791
03088,Curva sin señalizar,Carretera,10792
03088,Recta,Carretera,10793
03088,Recta,Carretera,10794
03088,Recta,Carretera,10795
03088,Curva señalizada,Carretera,10796
03088,Curva señalizada,Carretera,10797
03088,Recta,Carretera,10798
03088,Recta,Carretera,10799
03088,Curva sin señalizar,Carretera,10800
03088,Recta,Carretera,10801
03088,Recta,Carretera,10802
03088,Recta,Carretera,10803
03088,Curva señalizada,Carretera,10804
03088,Recta,Carretera,10805
03088,Recta,Carretera,10806
03088,Recta,Carretera,10807
03088,Recta,Carretera,10808
03088,Recta,Carretera,10809
03088,Recta,Carretera,10810
03088,Recta,Carretera,10811
03088,Recta,Carretera,10812
03088,Curva señalizada,Carretera,10813
03088,Recta,Carretera,10814
03089,Recta,Carretera,10815
03089,No aplica,Calle,10816
03089,Recta,Carretera,10817
03089,Recta,Carretera,10818
03089,Recta,Carretera,10819
03089,Recta,Carretera,10820
03089,No aplica,Calle,10821
03089,No aplica,Calle,10822
03089,No aplica,Calle,10823
03089,Recta,Carretera,10824
03089,No aplica,Calle,10825
03089,No aplica,Calle,10826
03089,No aplica,Calle,10827
03089,No aplica,Calle,10828
03089,No aplica,Calle,10829
03089,No aplica,Calle,10830
03089,No aplica,Calle,10831
03089,No aplica,Calle,10832
03090,Recta,Carretera,10833
03090,Curva señalizada,Carretera,10834
03090,Curva señalizada,Carretera,10835
03090,Recta,Carretera,10836
03090,Recta,Carretera,10837
03090,Recta,Carretera,10838
03090,Recta,Carretera,10839
03090,Curva señalizada,Carretera,10840
03090,Curva señalizada,Carretera,10841
03090,No aplica,Calle,10842
03090,Curva señalizada,Carretera,10843
03090,Recta,Carretera,10844
03090,Curva señalizada,Carretera,10845
03090,No aplica,Calle,10846
03090,No aplica,Calle,10847
03090,No aplica,Calle,10848
03090,No aplica,Calle,10849
03090,No aplica,Calle,10850
03090,Curva señalizada,Carretera,10851
03090,No aplica,Calle,10852
03090,Recta,Carretera,10853
03090,Curva señalizada,Carretera,10854
03090,Recta,Carretera,10855
03090,Curva señalizada,Carretera,10856
03090,Curva señalizada,Carretera,10857
03090,Curva señalizada,Carretera,10858
03090,Recta,Carretera,10859
03090,Recta,Carretera,10860
03090,Curva señalizada,Carretera,10861
03090,Curva señalizada,Carretera,10862
03090,Recta,Carretera,10863
03090,Curva señalizada,Carretera,10864
03090,Recta,Carretera,10865
03090,Recta,Carretera,10866
03090,Curva señalizada,Carretera,10867
03090,No aplica,Calle,10868
03090,No aplica,Calle,10869
03090,No aplica,Calle,10870
03090,No aplica,Calle,10871
03090,No aplica,Calle,10872
03090,No aplica,Calle,10873
03090,Curva señalizada,Carretera,10874
03090,Curva sin señalizar,Carretera,10875
03090,Recta,Carretera,10876
03090,Recta,Carretera,10877
03090,Curva señalizada,Carretera,10878
03090,Curva señalizada,Carretera,10879
00000,Recta,Carretera,10880
03092,Curva señalizada,Carretera,10881
03092,Recta,Carretera,10882
03092,Curva sin señalizar,Carretera,10883
03092,No aplica,Calle,10884
03092,Curva señalizada,Carretera,10885
03092,Curva sin señalizar,Carretera,10886
03092,Curva señalizada,Carretera,10887
03092,No aplica,Calle,10888
03092,No aplica,Calle,10889
03092,No aplica,Calle,10890
03092,Curva señalizada,Carretera,10891
03092,Recta,Carretera,10892
03092,Recta,Carretera,10893
03092,No aplica,Calle,10894
03092,No aplica,Calle,10895
03092,Recta,Carretera,10896
03092,No aplica,Calle,10897
03093,Curva sin señalizar,Carretera,10898
03093,Recta,Carretera,10899
03093,Recta,Carretera,10900
03093,Recta,Carretera,10901
03093,Curva sin señalizar,Carretera,10902
03093,Recta,Carretera,10903
03093,Recta,Carretera,10904
03093,Curva señalizada,Carretera,10905
03093,Curva señalizada,Carretera,10906
03093,Recta,Carretera,10907
03093,No aplica,Calle,10908
03093,Curva señalizada,Carretera,10909
03093,Recta,Carretera,10910
03093,Curva sin señalizar,Carretera,10911
03093,Curva sin señalizar,Carretera,10912
03093,Curva señalizada,Carretera,10913
03093,No aplica,Calle,10914
03093,Curva señalizada,Carretera,10915
03093,No aplica,Calle,10916
03093,No aplica,Calle,10917
03093,Curva señalizada,Carretera,10918
03093,No aplica,Calle,10919
03093,Recta,Carretera,10920
03093,Recta,Carretera,10921
03093,Recta,Carretera,10922
03094,Curva señalizada,Carretera,10923
03094,Recta,Carretera,10924
03094,Recta,Carretera,10925
03094,Curva señalizada,Carretera,10926
03094,Curva señalizada,Carretera,10927
03094,Curva señalizada,Carretera,10928
03094,Recta,Carretera,10929
03094,Recta,Carretera,10930
03094,Recta,Carretera,10931
03094,Recta,Carretera,10932
03094,Recta,Carretera,10933
03094,Curva señalizada,Carretera,10934
03094,Curva señalizada,Carretera,10935
03094,Curva señalizada,Carretera,10936
03094,Recta,Carretera,10937
03094,Curva señalizada,Carretera,10938
03094,Recta,Carretera,10939
03094,Recta,Carretera,10940
03094,Curva sin señalizar,Carretera,10941
03094,No aplica,Calle,10942
03094,Recta,Travesía,10943
03094,No aplica,Calle,10944
03094,Recta,Carretera,10945
03094,Curva señalizada,Carretera,10946
03094,Curva señalizada,Carretera,10947
03094,Recta,Carretera,10948
03094,Recta,Carretera,10949
03095,Curva señalizada,Carretera,10950
03095,Recta,Carretera,10951
03095,Curva señalizada,Carretera,10952
03095,Recta,Carretera,10953
03095,Curva señalizada,Carretera,10954
03095,Curva señalizada,Carretera,10955
03096,Recta,Carretera,10956
03096,Curva señalizada,Carretera,10957
03096,Recta,Carretera,10958
03096,Curva señalizada,Carretera,10959
00000,Curva señalizada,Carretera,10960
00000,Recta,Carretera,10961
00000,Curva señalizada,Carretera,10962
00000,Curva sin señalizar,Carretera,10963
03099,Recta,Carretera,10964
03099,Recta,Carretera,10965
03099,Recta,Carretera,10966
03099,Recta,Carretera,10967
03099,Recta,Carretera,10968
03099,No aplica,Calle,10969
03099,Recta,Carretera,10970
03099,No aplica,Calle,10971
03099,Recta,Carretera,10972
03099,Curva señalizada,Carretera,10973
03099,Recta,Carretera,10974
03099,Recta,Carretera,10975
03099,Recta,Carretera,10976
03099,Recta,Carretera,10977
03099,Curva señalizada,Carretera,10978
03099,No aplica,Calle,10979
03099,Recta,Carretera,10980
03099,No aplica,Calle,10981
03099,Recta,Carretera,10982
03099,Curva sin señalizar,Carretera,10983
03099,Curva señalizada,Carretera,10984
03099,Curva señalizada,Carretera,10985
03099,Recta,Carretera,10986
03099,Recta,Carretera,10987
03099,Recta,Carretera,10988
03099,Recta,Carretera,10989
03099,No aplica,Calle,10990
03099,No aplica,Calle,10991
03099,No aplica,Calle,10992
03099,Curva señalizada,Carretera,10993
03099,No aplica,Calle,10994
03099,Recta,Carretera,10995
03099,Recta,Carretera,10996
03099,Recta,Carretera,10997
03099,No aplica,Calle,10998
03099,No aplica,Calle,10999
03099,No aplica,Calle,11000
03099,No aplica,Calle,11001
03099,Recta,Carretera,11002
03099,Curva señalizada,Carretera,11003
03099,Recta,Carretera,11004
03099,Recta,Carretera,11005
03099,No aplica,Calle,11006
03099,Recta,Carretera,11007
03099,No aplica,Calle,11008
03099,Curva señalizada,Carretera,11009
03099,No aplica,Calle,11010
03099,No aplica,Calle,11011
03099,No aplica,Calle,11012
03099,No aplica,Calle,11013
03099,No aplica,Calle,11014
03099,Recta,Carretera,11015
03099,Curva sin señalizar,Carretera,11016
03099,Recta,Carretera,11017
03099,Curva señalizada,Carretera,11018
03099,Recta,Carretera,11019
03099,No aplica,Calle,11020
03099,Curva señalizada,Travesía,11021
03099,Recta,Carretera,11022
03099,No aplica,Calle,11023
03099,No aplica,Calle,11024
03099,No aplica,Calle,11025
03099,Recta,Carretera,11026
03099,No aplica,Calle,11027
03099,No aplica,Calle,11028
03099,Recta,Carretera,11029
03099,Curva señalizada,Carretera,11030
03099,Recta,Carretera,11031
03099,Recta,Carretera,11032
03099,Curva señalizada,Carretera,11033
03099,No aplica,Calle,11034
03099,No aplica,Calle,11035
03099,Recta,Carretera,11036
03099,No aplica,Calle,11037
03099,No aplica,Calle,11038
03099,No aplica,Calle,11039
03099,Recta,Carretera,11040
03099,No aplica,Calle,11041
03099,Recta,Carretera,11042
03099,No aplica,Calle,11043
03099,No aplica,Calle,11044
03099,Recta,Carretera,11045
03099,No aplica,Calle,11046
03099,No aplica,Calle,11047
03099,No aplica,Calle,11048
03099,Recta,Travesía,11049
03099,No aplica,Calle,11050
03099,No aplica,Calle,11051
03099,Curva señalizada,Carretera,11052
03099,Curva señalizada,Carretera,11053
03099,No aplica,Calle,11054
03099,Curva señalizada,Travesía,11055
03099,No aplica,Calle,11056
03099,No aplica,Calle,11057
03099,Curva señalizada,Carretera,11058
03099,Recta,Carretera,11059
03099,Recta,Travesía,11060
03099,No aplica,Calle,11061
03099,No aplica,Calle,11062
03099,Curva señalizada,Carretera,11063
03099,Curva señalizada,Carretera,11064
03099,Recta,Carretera,11065
03099,Recta,Carretera,11066
03099,No aplica,Calle,11067
03099,No aplica,Calle,11068
03099,No aplica,Calle,11069
03099,No aplica,Calle,11070
03099,No aplica,Calle,11071
03099,No aplica,Calle,11072
03099,No aplica,Calle,11073
03099,No aplica,Calle,11074
03099,Curva señalizada,Travesía,11075
03099,No aplica,Calle,11076
03099,Recta,Carretera,11077
03099,Recta,Carretera,11078
03099,No aplica,Calle,11079
03099,No aplica,Calle,11080
03099,Recta,Carretera,11081
03099,Recta,Carretera,11082
03099,Recta,Carretera,11083
03099,Recta,Carretera,11084
03099,Curva señalizada,Carretera,11085
03099,Curva señalizada,Carretera,11086
03099,No aplica,Calle,11087
03099,Recta,Carretera,11088
03099,Recta,Carretera,11089
03099,Curva señalizada,Carretera,11090
03099,Recta,Carretera,11091
03099,Curva señalizada,Carretera,11092
03099,No aplica,Calle,11093
03099,No aplica,Calle,11094
03099,No aplica,Calle,11095
03099,No aplica,Calle,11096
03099,Recta,Carretera,11097
03099,Recta,Carretera,11098
03099,No aplica,Calle,11099
03099,Curva señalizada,Carretera,11100
03099,Recta,Carretera,11101
03099,Curva señalizada,Carretera,11102
03099,Recta,Carretera,11103
03099,No aplica,Calle,11104
03099,No aplica,Calle,11105
03099,Curva señalizada,Carretera,11106
03099,No aplica,Calle,11107
03099,Curva señalizada,Carretera,11108
03099,No aplica,Calle,11109
03099,Recta,Carretera,11110
03099,Curva señalizada,Carretera,11111
03099,Curva señalizada,Carretera,11112
03099,Recta,Carretera,11113
03099,No aplica,Calle,11114
03099,Recta,Carretera,11115
03099,Recta,Carretera,11116
03099,Curva señalizada,Carretera,11117
03099,No aplica,Calle,11118
03099,Curva señalizada,Carretera,11119
03099,Recta,Carretera,11120
03099,Recta,Carretera,11121
03099,No aplica,Calle,11122
03099,No aplica,Calle,11123
03099,No aplica,Calle,11124
03099,No aplica,Calle,11125
03099,No aplica,Calle,11126
03099,No aplica,Calle,11127
03099,Recta,Carretera,11128
03099,Curva señalizada,Carretera,11129
03099,Recta,Carretera,11130
03099,No aplica,Calle,11131
03099,Recta,Carretera,11132
03099,Curva señalizada,Carretera,11133
03099,Recta,Carretera,11134
03099,Recta,Carretera,11135
03099,No aplica,Calle,11136
03099,Recta,Carretera,11137
03099,Recta,Carretera,11138
03099,Recta,Carretera,11139
03099,Recta,Carretera,11140
03099,Curva señalizada,Carretera,11141
03099,Curva señalizada,Carretera,11142
00000,Curva señalizada,Carretera,11143
00000,Curva señalizada,Carretera,11144
03101,Curva señalizada,Carretera,11145
03101,Curva señalizada,Carretera,11146
03101,No aplica,Calle,11147
03101,No aplica,Calle,11148
03101,No aplica,Calle,11149
03101,Recta,Carretera,11150
03101,Recta,Carretera,11151
03101,Recta,Carretera,11152
03101,No aplica,Calle,11153
03101,No aplica,Calle,11154
03101,No aplica,Calle,11155
03101,No aplica,Calle,11156
03101,Curva sin señalizar,Carretera,11157
03101,No aplica,Calle,11158
03102,Recta,Carretera,11159
03102,Curva señalizada,Carretera,11160
03102,Recta,Carretera,11161
03102,Recta,Carretera,11162
03102,No aplica,Calle,11163
03102,No aplica,Calle,11164
03102,No aplica,Calle,11165
03102,No aplica,Calle,11166
03102,No aplica,Calle,11167
03102,No aplica,Calle,11168
03102,Recta,Carretera,11169
03102,No aplica,Calle,11170
03102,Recta,Carretera,11171
03102,Recta,Carretera,11172
00000,Recta,Carretera,11173
03104,Recta,Carretera,11174
03104,Curva señalizada,Carretera,11175
03104,No aplica,Calle,11176
03104,No aplica,Calle,11177
03104,No aplica,Calle,11178
03104,No aplica,Calle,11179
03104,No aplica,Calle,11180
03104,No aplica,Calle,11181
03104,No aplica,Calle,11182
03104,Curva señalizada,Carretera,11183
03104,Recta,Carretera,11184
03104,No aplica,Calle,11185
03104,No aplica,Calle,11186
03104,No aplica,Calle,11187
03104,Curva señalizada,Carretera,11188
03104,No aplica,Calle,11189
03104,No aplica,Calle,11190
03104,No aplica,Calle,11191
03104,No aplica,Calle,11192
03104,Curva sin señalizar,Carretera,11193
03104,No aplica,Calle,11194
03104,Curva señalizada,Carretera,11195
03104,Recta,Carretera,11196
03104,Curva señalizada,Carretera,11197
03104,Curva sin señalizar,Carretera,11198
03104,Curva sin señalizar,Carretera,11199
03104,Recta,Carretera,11200
03104,Recta,Carretera,11201
03104,No aplica,Calle,11202
03104,No aplica,Calle,11203
03104,Curva señalizada,Carretera,11204
03104,Recta,Carretera,11205
03104,No aplica,Calle,11206
03104,Curva señalizada,Carretera,11207
03104,No aplica,Calle,11208
03104,Recta,Carretera,11209
03104,Recta,Carretera,11210
03104,No aplica,Calle,11211
03104,No aplica,Calle,11212
03104,No aplica,Calle,11213
03104,No aplica,Calle,11214
03104,No aplica,Calle,11215
03104,No aplica,Calle,11216
03104,No aplica,Calle,11217
03104,No aplica,Calle,11218
03104,No aplica,Calle,11219
03104,No aplica,Calle,11220
03104,No aplica,Calle,11221
03104,No aplica,Calle,11222
03104,No aplica,Calle,11223
03104,No aplica,Calle,11224
03104,No aplica,Calle,11225
03104,No aplica,Calle,11226
03104,No aplica,Calle,11227
03104,No aplica,Calle,11228
03104,No aplica,Calle,11229
03104,No aplica,Calle,11230
03104,No aplica,Calle,11231
03104,No aplica,Calle,11232
03104,No aplica,Calle,11233
03104,No aplica,Calle,11234
03104,No aplica,Calle,11235
03104,No aplica,Calle,11236
03104,No aplica,Calle,11237
03104,No aplica,Calle,11238
03104,No aplica,Calle,11239
03105,Recta,Carretera,11240
03105,Recta,Carretera,11241
03105,Recta,Carretera,11242
03105,Recta,Carretera,11243
03105,Curva señalizada,Carretera,11244
03105,Recta,Carretera,11245
00000,Curva señalizada,Carretera,11246
00000,Curva sin señalizar,Carretera,11247
00000,Curva sin señalizar,Carretera,11248
00000,Curva señalizada,Carretera,11249
00000,Recta,Carretera,11250
00000,Curva señalizada,Carretera,11251
00000,Curva señalizada,Carretera,11252
00000,Recta,Carretera,11253
03048,Recta,Carretera,11254
00000,Recta,Carretera,11255
00000,Curva señalizada,Carretera,11256
00000,Curva señalizada,Carretera,11257
03111,Recta,Carretera,11258
03111,Recta,Carretera,11259
03111,Recta,Carretera,11260
03111,No aplica,Calle,11261
03111,No aplica,Calle,11262
03111,No aplica,Calle,11263
03111,No aplica,Calle,11264
03111,No aplica,Calle,11265
03111,Recta,Carretera,11266
03111,No aplica,Calle,11267
03111,No aplica,Calle,11268
03111,No aplica,Calle,11269
03111,No aplica,Calle,11270
03111,No aplica,Calle,11271
03111,Recta,Carretera,11272
03111,No aplica,Calle,11273
00000,Curva señalizada,Carretera,11274
00000,Curva sin señalizar,Carretera,11275
03113,Recta,Carretera,11276
03113,Recta,Carretera,11277
03113,Recta,Carretera,11278
03113,Recta,Carretera,11279
03113,Recta,Carretera,11280
03113,Curva señalizada,Carretera,11281
03113,Recta,Carretera,11282
03113,Curva señalizada,Carretera,11283
03113,Recta,Carretera,11284
03113,Recta,Carretera,11285
03113,Recta,Carretera,11286
03113,Recta,Carretera,11287
03113,Recta,Carretera,11288
03113,Curva sin señalizar,Carretera,11289
03113,Curva señalizada,Carretera,11290
03113,Curva señalizada,Carretera,11291
03113,Recta,Carretera,11292
03113,Curva señalizada,Carretera,11293
00000,Curva sin señalizar,Carretera,11294
00000,Recta,Carretera,11295
00000,Recta,Carretera,11296
00000,Recta,Carretera,11297
00000,Curva señalizada,Carretera,11298
00000,Recta,Carretera,11299
00000,Recta,Carretera,11300
03118,Recta,Carretera,11301
03118,Curva señalizada,Carretera,11302
03118,Recta,Carretera,11303
03118,Curva señalizada,Carretera,11304
03118,Recta,Carretera,11305
03118,Curva señalizada,Carretera,11306
03118,Curva señalizada,Carretera,11307
03118,Recta,Carretera,11308
03118,Recta,Carretera,11309
03118,Curva señalizada,Carretera,11310
03119,No aplica,Calle,11311
03119,No aplica,Calle,11312
03119,Recta,Carretera,11313
03119,Curva sin señalizar,Carretera,11314
03119,No aplica,Calle,11315
03119,No aplica,Calle,11316
03119,No aplica,Calle,11317
03119,No aplica,Calle,11318
03119,Curva señalizada,Carretera,11319
03119,No aplica,Calle,11320
03119,No aplica,Calle,11321
03119,Curva señalizada,Carretera,11322
03119,No aplica,Calle,11323
03119,No aplica,Calle,11324
03119,No aplica,Calle,11325
03119,No aplica,Calle,11326
03119,No aplica,Calle,11327
03119,No aplica,Calle,11328
03119,No aplica,Calle,11329
03119,Recta,Carretera,11330
03119,No aplica,Calle,11331
03120,Recta,Carretera,11332
03120,Recta,Carretera,11333
03120,Curva señalizada,Carretera,11334
03120,Recta,Carretera,11335
03120,Curva sin señalizar,Carretera,11336
03120,Curva sin señalizar,Carretera,11337
03120,Recta,Carretera,11338
03120,Curva señalizada,Carretera,11339
03120,Curva señalizada,Carretera,11340
03120,Recta,Carretera,11341
03120,Recta,Carretera,11342
03120,Recta,Carretera,11343
03120,Recta,Carretera,11344
03120,Recta,Carretera,11345
03120,Recta,Carretera,11346
03120,Curva señalizada,Carretera,11347
03120,No aplica,Calle,11348
03121,No aplica,Calle,11349
03121,No aplica,Calle,11350
03121,Curva señalizada,Carretera,11351
03121,No aplica,Calle,11352
03121,Curva señalizada,Carretera,11353
03121,No aplica,Calle,11354
03121,Recta,Carretera,11355
03121,Recta,Carretera,11356
03121,No aplica,Calle,11357
03121,No aplica,Calle,11358
03121,No aplica,Calle,11359
03121,Curva señalizada,Carretera,11360
03121,Recta,Carretera,11361
03121,No aplica,Calle,11362
03121,Curva señalizada,Carretera,11363
03121,No aplica,Calle,11364
03121,Curva señalizada,Carretera,11365
03121,No aplica,Calle,11366
03121,Curva señalizada,Carretera,11367
03121,Recta,Carretera,11368
03121,No aplica,Calle,11369
03121,Recta,Carretera,11370
03121,No aplica,Calle,11371
03121,Recta,Carretera,11372
03121,No aplica,Calle,11373
03121,Curva señalizada,Carretera,11374
03121,Recta,Carretera,11375
03121,No aplica,Calle,11376
03121,Curva señalizada,Carretera,11377
03121,No aplica,Calle,11378
03121,Recta,Carretera,11379
03121,Curva señalizada,Carretera,11380
03121,No aplica,Calle,11381
03121,Recta,Carretera,11382
03121,Recta,Carretera,11383
03121,Curva señalizada,Carretera,11384
03121,Recta,Carretera,11385
03121,No aplica,Calle,11386
03121,No aplica,Calle,11387
03121,No aplica,Calle,11388
03121,No aplica,Calle,11389
03121,Recta,Carretera,11390
03121,Recta,Carretera,11391
03121,Curva señalizada,Carretera,11392
03121,Curva señalizada,Carretera,11393
03121,No aplica,Calle,11394
03121,No aplica,Calle,11395
03121,Recta,Carretera,11396
03121,Recta,Carretera,11397
03121,Recta,Carretera,11398
03122,Recta,Carretera,11399
03122,Recta,Carretera,11400
03122,No aplica,Calle,11401
03122,Recta,Carretera,11402
03122,No aplica,Calle,11403
03122,Recta,Carretera,11404
03122,No aplica,Calle,11405
03122,No aplica,Calle,11406
03122,Curva señalizada,Carretera,11407
03122,Recta,Carretera,11408
03122,No aplica,Calle,11409
03122,Recta,Carretera,11410
03122,No aplica,Calle,11411
03122,Recta,Carretera,11412
03122,No aplica,Calle,11413
03122,No aplica,Calle,11414
03122,Recta,Carretera,11415
03122,Recta,Carretera,11416
03122,Recta,Carretera,11417
03122,Recta,Carretera,11418
03122,Recta,Carretera,11419
03122,Curva señalizada,Carretera,11420
03122,Recta,Carretera,11421
03122,Curva señalizada,Carretera,11422
03123,Recta,Carretera,11423
03123,Recta,Carretera,11424
03123,No aplica,Calle,11425
03123,No aplica,Calle,11426
03123,Recta,Carretera,11427
03123,Recta,Carretera,11428
03123,Recta,Carretera,11429
03123,Curva sin señalizar,Carretera,11430
03123,No aplica,Calle,11431
03123,No aplica,Calle,11432
03123,Recta,Carretera,11433
03123,Recta,Carretera,11434
03123,Recta,Carretera,11435
03123,No aplica,Calle,11436
03123,Recta,Carretera,11437
03123,Recta,Carretera,11438
00000,Curva señalizada,Carretera,11439
00000,Curva señalizada,Carretera,11440
00000,Curva señalizada,Carretera,11441
00000,Curva señalizada,Carretera,11442
00000,Curva sin señalizar,Carretera,11443
00000,Curva señalizada,Carretera,11444
03128,Curva sin señalizar,Carretera,11445
03128,Recta,Carretera,11446
03128,Curva señalizada,Carretera,11447
03128,Recta,Carretera,11448
03128,Curva señalizada,Carretera,11449
03128,Curva señalizada,Carretera,11450
03128,Recta,Carretera,11451
03128,Curva señalizada,Carretera,11452
03128,Curva sin señalizar,Carretera,11453
03128,Recta,Carretera,11454
00000,Curva señalizada,Carretera,11455
00000,Recta,Carretera,11456
00000,Curva señalizada,Carretera,11457
00000,Curva señalizada,Carretera,11458
00000,Recta,Carretera,11459
00000,Recta,Carretera,11460
00000,Recta,Carretera,11461
00000,Recta,Carretera,11462
00000,Curva sin señalizar,Carretera,11463
00000,Recta,Carretera,11464
00000,Curva señalizada,Carretera,11465
00000,Curva señalizada,Carretera,11466
03133,No aplica,Calle,11467
03133,Recta,Carretera,11468
03133,Curva señalizada,Carretera,11469
03133,No aplica,Calle,11470
03133,No aplica,Calle,11471
03133,No aplica,Calle,11472
03133,No aplica,Calle,11473
03133,No aplica,Calle,11474
03133,No aplica,Calle,11475
03133,Recta,Carretera,11476
03133,Recta,Carretera,11477
03133,Recta,Carretera,11478
03133,Recta,Carretera,11479
03133,Curva señalizada,Carretera,11480
03133,No aplica,Calle,11481
03133,No aplica,Calle,11482
03133,No aplica,Calle,11483
03133,No aplica,Calle,11484
03133,No aplica,Calle,11485
03133,No aplica,Calle,11486
03133,No aplica,Calle,11487
03133,No aplica,Calle,11488
03133,No aplica,Calle,11489
03133,No aplica,Calle,11490
03133,No aplica,Calle,11491
03133,No aplica,Calle,11492
03133,No aplica,Calle,11493
03133,No aplica,Calle,11494
03133,Curva señalizada,Carretera,11495
03133,Curva señalizada,Carretera,11496
03133,Curva señalizada,Carretera,11497
03133,Recta,Carretera,11498
03133,Recta,Carretera,11499
03133,Curva señalizada,Carretera,11500
03133,Recta,Carretera,11501
03133,Recta,Carretera,11502
03133,Recta,Carretera,11503
03133,Curva señalizada,Carretera,11504
03133,Curva señalizada,Carretera,11505
03133,Recta,Carretera,11506
03133,Curva señalizada,Carretera,11507
03133,Recta,Carretera,11508
03133,Recta,Carretera,11509
03133,Recta,Carretera,11510
03133,Recta,Carretera,11511
03133,Recta,Carretera,11512
03133,Curva señalizada,Carretera,11513
03133,Recta,Carretera,11514
03133,Recta,Carretera,11515
03133,Recta,Carretera,11516
03133,Recta,Carretera,11517
03133,Recta,Carretera,11518
03133,Curva señalizada,Carretera,11519
03133,Recta,Carretera,11520
03133,Recta,Carretera,11521
03099,Recta,Carretera,11522
03133,Recta,Carretera,11523
03133,Curva señalizada,Carretera,11524
03133,Curva sin señalizar,Carretera,11525
03133,Recta,Carretera,11526
03133,Recta,Carretera,11527
03133,Curva señalizada,Carretera,11528
03133,Curva señalizada,Carretera,11529
03133,No aplica,Calle,11530
03133,No aplica,Calle,11531
03133,No aplica,Calle,11532
03133,No aplica,Calle,11533
03133,No aplica,Calle,11534
03133,No aplica,Calle,11535
03133,No aplica,Calle,11536
03133,No aplica,Calle,11537
03133,No aplica,Calle,11538
03133,No aplica,Calle,11539
03133,No aplica,Calle,11540
03133,No aplica,Calle,11541
03133,No aplica,Calle,11542
03133,No aplica,Calle,11543
03133,No aplica,Calle,11544
03133,No aplica,Calle,11545
03133,No aplica,Calle,11546
03133,No aplica,Calle,11547
03133,No aplica,Calle,11548
03133,No aplica,Calle,11549
03133,No aplica,Calle,11550
03133,No aplica,Calle,11551
03133,Se desconoce,Carretera,11552
03133,No aplica,Calle,11553
03133,No aplica,Calle,11554
03133,No aplica,Calle,11555
03133,No aplica,Calle,11556
03133,Recta,Carretera,11557
03133,Curva señalizada,Carretera,11558
03133,No aplica,Calle,11559
03133,No aplica,Calle,11560
03133,No aplica,Calle,11561
03133,No aplica,Calle,11562
03133,No aplica,Calle,11563
03133,No aplica,Calle,11564
03133,No aplica,Calle,11565
03133,No aplica,Calle,11566
03133,No aplica,Calle,11567
03133,No aplica,Calle,11568
03133,No aplica,Calle,11569
03133,No aplica,Calle,11570
03133,No aplica,Calle,11571
03133,No aplica,Calle,11572
03133,No aplica,Calle,11573
03133,Recta,Carretera,11574
03133,No aplica,Calle,11575
03133,No aplica,Calle,11576
03133,No aplica,Calle,11577
03133,No aplica,Calle,11578
03133,No aplica,Calle,11579
03133,No aplica,Calle,11580
03133,No aplica,Calle,11581
03133,No aplica,Calle,11582
03133,Recta,Carretera,11583
03133,No aplica,Calle,11584
03133,No aplica,Calle,11585
03133,No aplica,Calle,11586
03133,No aplica,Calle,11587
03133,No aplica,Calle,11588
03133,No aplica,Calle,11589
03133,No aplica,Calle,11590
03133,No aplica,Calle,11591
03133,No aplica,Calle,11592
03133,No aplica,Calle,11593
03133,No aplica,Calle,11594
03133,No aplica,Calle,11595
03133,No aplica,Calle,11596
03133,No aplica,Calle,11597
03133,No aplica,Calle,11598
03133,No aplica,Calle,11599
03133,No aplica,Calle,11600
03133,No aplica,Calle,11601
03133,No aplica,Calle,11602
03133,No aplica,Calle,11603
03133,No aplica,Calle,11604
03133,No aplica,Calle,11605
03133,No aplica,Calle,11606
03133,No aplica,Calle,11607
03133,No aplica,Calle,11608
03133,No aplica,Calle,11609
03133,No aplica,Calle,11610
03133,No aplica,Calle,11611
03133,No aplica,Calle,11612
03133,No aplica,Calle,11613
03133,No aplica,Calle,11614
03133,No aplica,Calle,11615
03133,No aplica,Calle,11616
03133,No aplica,Calle,11617
03133,No aplica,Calle,11618
03133,No aplica,Calle,11619
03133,No aplica,Calle,11620
03133,No aplica,Calle,11621
03133,No aplica,Calle,11622
03133,No aplica,Calle,11623
03133,No aplica,Calle,11624
03133,No aplica,Calle,11625
03133,No aplica,Calle,11626
03133,No aplica,Calle,11627
03133,No aplica,Calle,11628
03133,No aplica,Calle,11629
03133,No aplica,Calle,11630
03133,No aplica,Calle,11631
03133,No aplica,Calle,11632
03133,No aplica,Calle,11633
03133,No aplica,Calle,11634
03133,No aplica,Calle,11635
03133,No aplica,Calle,11636
03133,No aplica,Calle,11637
03133,No aplica,Calle,11638
03133,No aplica,Calle,11639
03133,No aplica,Calle,11640
03133,No aplica,Calle,11641
03133,No aplica,Calle,11642
03133,No aplica,Calle,11643
03133,No aplica,Calle,11644
03133,No aplica,Calle,11645
03133,No aplica,Calle,11646
03133,No aplica,Calle,11647
03133,No aplica,Calle,11648
03133,No aplica,Calle,11649
03133,No aplica,Calle,11650
03133,Recta,Carretera,11651
03133,No aplica,Calle,11652
03133,No aplica,Calle,11653
03133,No aplica,Calle,11654
03133,No aplica,Calle,11655
03133,No aplica,Calle,11656
03133,No aplica,Calle,11657
03133,No aplica,Calle,11658
03133,No aplica,Calle,11659
00000,No aplica,Calle,11660
00000,Curva señalizada,Carretera,11661
00000,No aplica,Calle,11662
00000,Curva sin señalizar,Carretera,11663
00000,No aplica,Calle,11664
00000,No aplica,Calle,11665
00000,No aplica,Calle,11666
00000,Curva señalizada,Carretera,11667
03139,Recta,Carretera,11668
03139,Recta,Carretera,11669
03139,Recta,Carretera,11670
03139,Recta,Carretera,11671
03139,Recta,Carretera,11672
03139,Recta,Carretera,11673
03139,Curva señalizada,Carretera,11674
03139,Curva señalizada,Carretera,11675
03139,Curva señalizada,Carretera,11676
03139,Recta,Carretera,11677
03139,Recta,Carretera,11678
03139,Curva sin señalizar,Carretera,11679
03140,No aplica,Calle,11680
03140,No aplica,Calle,11681
03140,Recta,Carretera,11682
00000,Curva sin señalizar,Carretera,11683
03140,Curva sin señalizar,Carretera,11684
03140,Curva señalizada,Carretera,11685
03140,Recta,Carretera,11686
03140,Recta,Carretera,11687
03140,Curva señalizada,Carretera,11688
03140,Recta,Carretera,11689
03140,No aplica,Calle,11690
03140,No aplica,Calle,11691
03140,No aplica,Calle,11692
03140,Recta,Carretera,11693
03140,Curva señalizada,Carretera,11694
03140,No aplica,Calle,11695
03140,No aplica,Calle,11696
03140,No aplica,Calle,11697
03140,Recta,Carretera,11698
03140,No aplica,Calle,11699
03140,No aplica,Calle,11700
03140,No aplica,Calle,11701
03140,Recta,Carretera,11702
03140,No aplica,Calle,11703
03140,No aplica,Calle,11704
03140,Recta,Carretera,11705
03140,No aplica,Calle,11706
03140,Curva señalizada,Carretera,11707
03140,Recta,Carretera,11708
03140,Recta,Carretera,11709
03122,Recta,Carretera,11710
03140,No aplica,Calle,11711
03140,No aplica,Calle,11712
03140,Recta,Carretera,11713
03140,Recta,Carretera,11714
03140,Recta,Carretera,11715
03140,No aplica,Calle,11716
03140,Recta,Carretera,11717
03140,No aplica,Calle,11718
03140,Recta,Carretera,11719
03140,Recta,Carretera,11720
03140,Curva señalizada,Carretera,11721
03140,Recta,Carretera,11722
03140,No aplica,Calle,11723
03140,No aplica,Calle,11724
03140,Recta,Carretera,11725
03140,No aplica,Calle,11726
03140,No aplica,Calle,11727
03140,No aplica,Calle,11728
03140,No aplica,Calle,11729
03140,No aplica,Calle,11730
03140,Recta,Carretera,11731
03140,Recta,Carretera,11732
00000,Recta,Carretera,11733
03902,Recta,Carretera,11734
03902,Recta,Carretera,11735
03902,Recta,Carretera,11736
03902,Recta,Carretera,11737
03902,Recta,Carretera,11738
03902,Recta,Carretera,11739
03902,Recta,Carretera,11740
03902,Curva señalizada,Carretera,11741
03902,Curva señalizada,Carretera,11742
03902,Recta,Carretera,11743
03902,Curva señalizada,Carretera,11744
03902,Recta,Carretera,11745
00000,Recta,Carretera,11746
00000,Curva señalizada,Carretera,11747
00000,Recta,Carretera,11748
00000,Recta,Carretera,11749
00000,Recta,Carretera,11750
00000,Curva señalizada,Carretera,11751
00000,No aplica,Calle,11752
00000,Recta,Carretera,11753
00000,Recta,Carretera,11754
00000,Recta,Carretera,11755
00000,Recta,Carretera,11756
00000,Recta,Carretera,11757
00000,Recta,Carretera,11758
00000,Curva sin señalizar,Carretera,11759
00000,No aplica,Calle,11760
00000,Recta,Carretera,11761
00000,Recta,Carretera,11762
00000,Recta,Carretera,11763
00000,Recta,Carretera,11764
00000,Recta,Carretera,11765
00000,Recta,Carretera,11766
00000,Recta,Carretera,11767
00000,Recta,Carretera,11768
00000,Curva sin señalizar,Carretera,11769
03009,Curva sin señalizar,Carretera,11770
03014,No aplica,Calle,11771
03014,No aplica,Calle,11772
03014,No aplica,Calle,11773
03014,No aplica,Calle,11774
03014,No aplica,Calle,11775
03014,No aplica,Calle,11776
03014,No aplica,Calle,11777
03014,Recta,Carretera,11778
03014,No aplica,Calle,11779
03014,No aplica,Calle,11780
03014,No aplica,Calle,11781
03014,No aplica,Calle,11782
00000,Curva señalizada,Carretera,11783
03018,No aplica,Calle,11784
03018,No aplica,Calle,11785
03018,No aplica,Calle,11786
03018,No aplica,Calle,11787
03018,No aplica,Calle,11788
03019,Recta,Carretera,11789
03031,No aplica,Calle,11790
03031,No aplica,Calle,11791
03031,No aplica,Calle,11792
03055,Recta,Carretera,11793
03063,No aplica,Calle,11794
03063,No aplica,Calle,11795
03063,No aplica,Calle,11796
03063,No aplica,Calle,11797
03063,No aplica,Calle,11798
03063,No aplica,Calle,11799
03063,No aplica,Calle,11800
03063,No aplica,Calle,11801
03063,No aplica,Calle,11802
03063,No aplica,Calle,11803
03065,Curva señalizada,Carretera,11804
03065,Recta,Carretera,11805
03065,Recta,Carretera,11806
03066,No aplica,Calle,11807
03069,No aplica,Calle,11808
03079,No aplica,Calle,11809
03079,No aplica,Calle,11810
03079,No aplica,Calle,11811
03079,No aplica,Calle,11812
03079,No aplica,Calle,11813
03079,No aplica,Calle,11814
03079,No aplica,Calle,11815
03079,No aplica,Calle,11816
03079,No aplica,Calle,11817
03079,No aplica,Calle,11818
03079,No aplica,Calle,11819
03079,No aplica,Calle,11820
03079,No aplica,Calle,11821
03079,No aplica,Calle,11822
03088,No aplica,Calle,11823
03088,No aplica,Calle,11824
03089,Curva sin señalizar,Carretera,11825
03090,Recta,Carretera,11826
03093,No aplica,Calle,11827
03093,No aplica,Calle,11828
03093,No aplica,Calle,11829
03093,No aplica,Calle,11830
03093,No aplica,Calle,11831
03093,No aplica,Calle,11832
03093,No aplica,Calle,11833
03093,No aplica,Calle,11834
03093,No aplica,Calle,11835
03093,No aplica,Calle,11836
03093,No aplica,Calle,11837
03093,No aplica,Calle,11838
03093,No aplica,Calle,11839
03093,No aplica,Calle,11840
03093,No aplica,Calle,11841
03093,No aplica,Calle,11842
03094,No aplica,Calle,11843
03094,No aplica,Calle,11844
03095,No aplica,Calle,11845
03099,No aplica,Calle,11846
03099,No aplica,Calle,11847
03099,No aplica,Calle,11848
03119,No aplica,Calle,11849
03133,No aplica,Calle,11850
03133,No aplica,Calle,11851
03139,No aplica,Calle,11852
03139,No aplica,Calle,11853
03140,No aplica,Calle,11854
03902,Curva señalizada,Carretera,11855
03902,No aplica,Calle,11856
00000,Recta,Carretera,11857
00000,Recta,Carretera,11858
00000,Curva señalizada,Carretera,11859
00000,Recta,Carretera,11860
00000,Recta,Carretera,11861
00000,Curva señalizada,Carretera,11862
00000,Curva señalizada,Carretera,11863
00000,Curva señalizada,Carretera,11864
00000,Recta,Carretera,11865
00000,Recta,Carretera,11866
00000,Recta,Carretera,11867
00000,Curva sin señalizar,Carretera,11868
00000,Curva señalizada,Carretera,11869
00000,Curva sin señalizar,Carretera,11870
00000,Curva señalizada,Carretera,11871
00000,Curva señalizada,Carretera,11872
03005,Recta,Carretera,11873
03005,No aplica,Calle,11874
03005,No aplica,Calle,11875
03005,Curva señalizada,Carretera,11876
03005,Curva sin señalizar,Carretera,11877
03005,Recta,Carretera,11878
03005,No aplica,Calle,11879
03005,Curva señalizada,Carretera,11880
03005,Recta,Carretera,11881
03005,Recta,Carretera,11882
03005,Curva sin señalizar,Carretera,11883
03005,Recta,Carretera,11884
03005,Recta,Carretera,11885
03005,Recta,Carretera,11886
03005,Curva señalizada,Carretera,11887
03005,Recta,Carretera,11888
03005,Curva señalizada,Carretera,11889
03005,Recta,Carretera,11890
03005,Curva sin señalizar,Carretera,11891
00000,Recta,Carretera,11892
00000,Recta,Carretera,11893
03005,No aplica,Calle,11894
03005,No aplica,Calle,11895
03005,No aplica,Calle,11896
03005,No aplica,Calle,11897
03005,No aplica,Calle,11898
03005,No aplica,Calle,11899
00000,Recta,Carretera,11900
00000,Curva señalizada,Carretera,11901
00000,Recta,Carretera,11902
00000,Curva señalizada,Carretera,11903
00000,Recta,Carretera,11904
00000,Curva señalizada,Carretera,11905
00000,Curva sin señalizar,Carretera,11906
00000,Curva señalizada,Carretera,11907
00000,Curva señalizada,Carretera,11908
00000,Curva señalizada,Carretera,11909
00000,Curva señalizada,Carretera,11910
03009,No aplica,Calle,11911
03009,No aplica,Calle,11912
03009,No aplica,Calle,11913
03056,Recta,Carretera,11914
03009,No aplica,Calle,11915
03009,No aplica,Calle,11916
03009,Curva señalizada,Carretera,11917
03009,No aplica,Calle,11918
03009,No aplica,Calle,11919
03009,Curva señalizada,Carretera,11920
03009,No aplica,Calle,11921
03009,Recta,Carretera,11922
03056,Recta,Carretera,11923
03009,No aplica,Calle,11924
03009,No aplica,Calle,11925
03009,No aplica,Calle,11926
03009,No aplica,Calle,11927
03009,No aplica,Calle,11928
03009,No aplica,Calle,11929
03056,Recta,Carretera,11930
03009,No aplica,Calle,11931
03009,No aplica,Calle,11932
03009,No aplica,Calle,11933
03009,No aplica,Calle,11934
03009,No aplica,Calle,11935
03009,No aplica,Calle,11936
03009,No aplica,Calle,11937
03009,Recta,Carretera,11938
03009,No aplica,Calle,11939
03009,No aplica,Calle,11940
03056,Recta,Carretera,11941
03009,No aplica,Calle,11942
03009,Recta,Carretera,11943
03009,No aplica,Calle,11944
03009,No aplica,Calle,11945
03009,No aplica,Calle,11946
03056,Curva sin señalizar,Carretera,11947
03009,No aplica,Calle,11948
03009,No aplica,Calle,11949
03056,Recta,Carretera,11950
03009,No aplica,Calle,11951
03009,No aplica,Calle,11952
03056,Recta,Carretera,11953
03009,No aplica,Calle,11954
03009,No aplica,Calle,11955
03009,No aplica,Calle,11956
03009,No aplica,Calle,11957
03009,No aplica,Calle,11958
03009,No aplica,Calle,11959
03009,No aplica,Calle,11960
03009,No aplica,Calle,11961
03009,No aplica,Calle,11962
03009,No aplica,Calle,11963
03009,Recta,Carretera,11964
00000,Curva sin señalizar,Carretera,11965
03011,Recta,Carretera,11966
03011,No aplica,Calle,11967
03011,No aplica,Calle,11968
03011,No aplica,Calle,11969
03011,No aplica,Calle,11970
03011,Recta,Carretera,11971
03011,No aplica,Calle,11972
03011,No aplica,Calle,11973
03011,Recta,Carretera,11974
03011,No aplica,Calle,11975
03011,No aplica,Calle,11976
03011,No aplica,Calle,11977
03011,No aplica,Calle,11978
03011,No aplica,Calle,11979
03011,No aplica,Calle,11980
03011,No aplica,Calle,11981
03011,No aplica,Calle,11982
03011,Curva señalizada,Carretera,11983
03011,Recta,Carretera,11984
03011,Recta,Carretera,11985
03011,Recta,Carretera,11986
03011,Recta,Carretera,11987
03011,Recta,Carretera,11988
03011,Recta,Carretera,11989
03011,No aplica,Calle,11990
03011,No aplica,Calle,11991
03011,No aplica,Calle,11992
03011,Curva señalizada,Carretera,11993
03011,No aplica,Calle,11994
03011,Recta,Carretera,11995
03011,Recta,Carretera,11996
03011,No aplica,Calle,11997
03011,Recta,Carretera,11998
03011,No aplica,Calle,11999
03011,Recta,Carretera,12000
03011,No aplica,Calle,12001
03011,No aplica,Calle,12002
03011,No aplica,Calle,12003
00000,Recta,Carretera,12004
00000,Recta,Carretera,12005
00000,Curva señalizada,Carretera,12006
03903,Recta,Carretera,12007
03014,Recta,Carretera,12008
03014,Curva señalizada,Carretera,12009
03014,Recta,Carretera,12010
03014,Curva señalizada,Carretera,12011
03014,Recta,Carretera,12012
03014,Recta,Carretera,12013
03014,No aplica,Calle,12014
03014,Curva señalizada,Carretera,12015
03014,Curva señalizada,Carretera,12016
03014,Recta,Carretera,12017
03014,Recta,Carretera,12018
03014,Recta,Carretera,12019
03090,Curva señalizada,Carretera,12020
03014,Recta,Carretera,12021
03014,Curva sin señalizar,Carretera,12022
03014,Curva señalizada,Carretera,12023
03014,No aplica,Calle,12024
03014,No aplica,Calle,12025
03014,Recta,Carretera,12026
03014,No aplica,Calle,12027
03014,Curva señalizada,Carretera,12028
03014,No aplica,Calle,12029
03014,Recta,Carretera,12030
03014,Recta,Carretera,12031
03014,Curva señalizada,Carretera,12032
03014,Curva señalizada,Carretera,12033
03014,Recta,Carretera,12034
03014,Recta,Carretera,12035
03014,Curva señalizada,Carretera,12036
03014,Recta,Carretera,12037
03122,Curva señalizada,Carretera,12038
03014,Recta,Carretera,12039
03014,No aplica,Calle,12040
03014,Curva señalizada,Travesía,12041
03014,Recta,Carretera,12042
03014,No aplica,Calle,12043
03014,Recta,Carretera,12044
03014,No aplica,Calle,12045
03014,Recta,Carretera,12046
03014,Recta,Carretera,12047
03014,Recta,Carretera,12048
03014,Curva señalizada,Carretera,12049
03014,Curva sin señalizar,Carretera,12050
03014,No aplica,Calle,12051
03014,No aplica,Calle,12052
03014,Curva señalizada,Carretera,12053
03014,No aplica,Calle,12054
03014,No aplica,Calle,12055
03014,Curva sin señalizar,Carretera,12056
03014,No aplica,Calle,12057
03014,Recta,Carretera,12058
03014,Recta,Carretera,12059
03014,Recta,Carretera,12060
03014,No aplica,Calle,12061
03014,No aplica,Calle,12062
03014,No aplica,Calle,12063
03014,Recta,Carretera,12064
03014,Recta,Carretera,12065
03065,Recta,Carretera,12066
03014,Recta,Carretera,12067
03014,Curva sin señalizar,Carretera,12068
03090,Curva señalizada,Carretera,12069
03014,Recta,Carretera,12070
03014,Recta,Carretera,12071
03014,Curva sin señalizar,Carretera,12072
03014,Curva señalizada,Carretera,12073
03014,Recta,Carretera,12074
03014,Recta,Carretera,12075
03014,Curva señalizada,Carretera,12076
03014,No aplica,Calle,12077
03014,Recta,Carretera,12078
03014,Recta,Carretera,12079
03014,Recta,Carretera,12080
03014,Curva sin señalizar,Carretera,12081
03014,Recta,Carretera,12082
03014,Curva señalizada,Carretera,12083
03014,Curva sin señalizar,Carretera,12084
03014,No aplica,Calle,12085
03014,No aplica,Calle,12086
03014,Recta,Carretera,12087
03014,No aplica,Calle,12088
03014,No aplica,Calle,12089
03014,No aplica,Calle,12090
03014,No aplica,Calle,12091
03014,No aplica,Calle,12092
03014,Recta,Carretera,12093
03014,Recta,Carretera,12094
03014,Curva sin señalizar,Carretera,12095
03014,Recta,Carretera,12096
03014,Curva señalizada,Carretera,12097
03014,Recta,Carretera,12098
03014,No aplica,Calle,12099
03014,Curva señalizada,Carretera,12100
03014,Curva sin señalizar,Carretera,12101
03090,Recta,Carretera,12102
03014,Recta,Carretera,12103
03014,Recta,Carretera,12104
03014,Curva señalizada,Carretera,12105
03014,No aplica,Calle,12106
03014,No aplica,Calle,12107
03014,Recta,Carretera,12108
03014,No aplica,Calle,12109
03014,Recta,Carretera,12110
03014,Curva señalizada,Carretera,12111
03014,Curva señalizada,Carretera,12112
03014,Curva señalizada,Carretera,12113
03014,Recta,Carretera,12114
03014,Recta,Carretera,12115
03014,Recta,Carretera,12116
03014,Recta,Carretera,12117
03014,Recta,Carretera,12118
03014,Recta,Carretera,12119
03014,Curva señalizada,Carretera,12120
03014,Recta,Carretera,12121
03014,Recta,Carretera,12122
03014,Recta,Carretera,12123
03014,Recta,Carretera,12124
03090,Recta,Carretera,12125
03014,No aplica,Calle,12126
03014,Curva señalizada,Carretera,12127
03014,Recta,Carretera,12128
03014,Recta,Carretera,12129
03014,Recta,Carretera,12130
03014,Recta,Carretera,12131
03014,Recta,Carretera,12132
03015,Recta,Carretera,12133
03015,Recta,Carretera,12134
03015,Recta,Carretera,12135
03015,Recta,Carretera,12136
03015,Recta,Carretera,12137
03015,Recta,Carretera,12138
03015,Recta,Carretera,12139
03055,Recta,Carretera,12140
00000,Se desconoce,Carretera,12141
03018,Recta,Carretera,12142
03018,Recta,Carretera,12143
03018,Recta,Carretera,12144
03018,Curva sin señalizar,Carretera,12145
03018,Recta,Carretera,12146
03018,Recta,Carretera,12147
03018,No aplica,Calle,12148
03018,No aplica,Calle,12149
03018,No aplica,Calle,12150
03018,No aplica,Calle,12151
03018,Curva señalizada,Carretera,12152
03018,Recta,Carretera,12153
03018,No aplica,Calle,12154
03018,No aplica,Calle,12155
03018,No aplica,Calle,12156
03018,No aplica,Calle,12157
03018,Curva señalizada,Carretera,12158
03018,Curva sin señalizar,Carretera,12159
03018,Curva señalizada,Carretera,12160
03018,Curva señalizada,Carretera,12161
03018,No aplica,Calle,12162
03018,No aplica,Calle,12163
03018,No aplica,Calle,12164
03018,No aplica,Calle,12165
03018,No aplica,Calle,12166
03018,Recta,Carretera,12167
03018,Recta,Carretera,12168
03018,Recta,Carretera,12169
03018,No aplica,Calle,12170
03018,No aplica,Calle,12171
03018,No aplica,Calle,12172
03018,Recta,Carretera,12173
03018,No aplica,Calle,12174
03018,No aplica,Calle,12175
03018,No aplica,Calle,12176
03018,No aplica,Calle,12177
03018,No aplica,Calle,12178
03018,No aplica,Calle,12179
03018,Recta,Carretera,12180
03018,No aplica,Calle,12181
03018,No aplica,Calle,12182
03018,No aplica,Calle,12183
03018,No aplica,Calle,12184
03018,Curva señalizada,Carretera,12185
03018,No aplica,Calle,12186
03018,No aplica,Calle,12187
03018,No aplica,Calle,12188
03018,No aplica,Calle,12189
03018,No aplica,Calle,12190
03018,No aplica,Calle,12191
03018,No aplica,Calle,12192
03018,No aplica,Calle,12193
03018,No aplica,Calle,12194
03018,No aplica,Calle,12195
03065,Curva sin señalizar,Carretera,12196
03019,Recta,Carretera,12197
03019,Recta,Carretera,12198
03019,Curva señalizada,Carretera,12199
03019,Recta,Carretera,12200
03019,Recta,Carretera,12201
03019,Recta,Carretera,12202
03019,Recta,Carretera,12203
03019,Se desconoce,Carretera,12204
03019,Recta,Carretera,12205
03019,Curva señalizada,Carretera,12206
03019,Recta,Carretera,12207
03093,Curva señalizada,Carretera,12208
03019,Recta,Carretera,12209
03021,No aplica,Calle,12210
03021,Recta,Carretera,12211
03021,Curva señalizada,Carretera,12212
03021,Curva sin señalizar,Carretera,12213
03021,Curva señalizada,Carretera,12214
00000,Curva señalizada,Carretera,12215
00000,Curva señalizada,Carretera,12216
00000,Recta,Carretera,12217
00000,No aplica,Calle,12218
00000,Recta,Carretera,12219
03024,Recta,Carretera,12220
03024,Recta,Carretera,12221
03024,Curva señalizada,Carretera,12222
03024,No aplica,Calle,12223
03099,Recta,Carretera,12224
00000,Recta,Carretera,12225
00000,No aplica,Calle,12226
00000,Curva sin señalizar,Carretera,12227
00000,Curva señalizada,Carretera,12228
00000,Recta,Carretera,12229
00000,Recta,Carretera,12230
00000,Curva señalizada,Carretera,12231
00000,Recta,Carretera,12232
00000,Curva señalizada,Carretera,12233
00000,Recta,Carretera,12234
03031,No aplica,Calle,12235
03031,No aplica,Calle,12236
03031,No aplica,Calle,12237
03031,No aplica,Calle,12238
03031,Recta,Carretera,12239
03031,No aplica,Calle,12240
03031,Recta,Carretera,12241
03031,No aplica,Calle,12242
03031,No aplica,Calle,12243
03031,No aplica,Calle,12244
03031,No aplica,Calle,12245
03031,No aplica,Calle,12246
03031,Recta,Carretera,12247
03031,No aplica,Calle,12248
03031,No aplica,Calle,12249
03031,No aplica,Calle,12250
03031,No aplica,Calle,12251
03031,Curva señalizada,Carretera,12252
03031,No aplica,Calle,12253
03031,No aplica,Calle,12254
03031,No aplica,Calle,12255
03031,No aplica,Calle,12256
03031,No aplica,Calle,12257
03031,No aplica,Calle,12258
03031,Recta,Carretera,12259
03031,Curva señalizada,Carretera,12260
03031,No aplica,Calle,12261
03031,No aplica,Calle,12262
03031,No aplica,Calle,12263
03031,Recta,Carretera,12264
03031,No aplica,Calle,12265
03031,No aplica,Calle,12266
03031,No aplica,Calle,12267
03031,No aplica,Calle,12268
03031,No aplica,Calle,12269
03031,No aplica,Calle,12270
03031,No aplica,Calle,12271
03031,No aplica,Calle,12272
03031,No aplica,Calle,12273
03031,No aplica,Calle,12274
03031,No aplica,Calle,12275
03031,Recta,Carretera,12276
03031,No aplica,Calle,12277
03031,No aplica,Calle,12278
03031,No aplica,Calle,12279
03031,Recta,Carretera,12280
03031,Curva señalizada,Carretera,12281
03031,No aplica,Calle,12282
03031,No aplica,Calle,12283
03031,No aplica,Calle,12284
03031,No aplica,Calle,12285
03031,No aplica,Calle,12286
03031,No aplica,Calle,12287
03031,No aplica,Calle,12288
03031,No aplica,Calle,12289
03031,No aplica,Calle,12290
03031,No aplica,Calle,12291
03031,Recta,Carretera,12292
03031,No aplica,Calle,12293
03031,No aplica,Calle,12294
03031,No aplica,Calle,12295
03031,No aplica,Calle,12296
03031,No aplica,Calle,12297
03031,No aplica,Calle,12298
03031,No aplica,Calle,12299
03031,Curva señalizada,Carretera,12300
03031,No aplica,Calle,12301
03031,No aplica,Calle,12302
03031,Recta,Carretera,12303
03031,No aplica,Calle,12304
03031,No aplica,Calle,12305
03031,No aplica,Calle,12306
03031,No aplica,Calle,12307
03094,Curva señalizada,Carretera,12308
03031,Curva señalizada,Carretera,12309
03031,No aplica,Calle,12310
03031,No aplica,Calle,12311
03031,No aplica,Calle,12312
03031,No aplica,Calle,12313
03031,No aplica,Calle,12314
03031,No aplica,Calle,12315
03031,No aplica,Calle,12316
03031,No aplica,Calle,12317
03031,No aplica,Calle,12318
03031,Curva señalizada,Carretera,12319
03031,No aplica,Calle,12320
03031,No aplica,Calle,12321
03031,No aplica,Calle,12322
03031,No aplica,Calle,12323
03031,No aplica,Calle,12324
03031,No aplica,Calle,12325
03031,No aplica,Calle,12326
03031,No aplica,Calle,12327
03031,No aplica,Calle,12328
03031,No aplica,Calle,12329
03031,No aplica,Calle,12330
03031,No aplica,Calle,12331
03031,No aplica,Calle,12332
03031,No aplica,Calle,12333
03031,Recta,Carretera,12334
03031,No aplica,Calle,12335
03031,No aplica,Calle,12336
03031,No aplica,Calle,12337
03031,No aplica,Calle,12338
03031,Recta,Carretera,12339
03031,No aplica,Calle,12340
03031,No aplica,Calle,12341
03031,Recta,Carretera,12342
03031,No aplica,Calle,12343
03031,No aplica,Calle,12344
03031,No aplica,Calle,12345
03031,No aplica,Calle,12346
03031,Recta,Carretera,12347
03031,No aplica,Calle,12348
03031,No aplica,Calle,12349
03031,No aplica,Calle,12350
03031,No aplica,Calle,12351
03031,No aplica,Calle,12352
03031,Curva señalizada,Carretera,12353
03031,No aplica,Calle,12354
03031,No aplica,Calle,12355
03031,Curva señalizada,Carretera,12356
03031,No aplica,Calle,12357
03031,Recta,Carretera,12358
03031,No aplica,Calle,12359
03031,No aplica,Calle,12360
03031,No aplica,Calle,12361
03031,No aplica,Calle,12362
03031,No aplica,Calle,12363
03031,No aplica,Calle,12364
03031,No aplica,Calle,12365
03031,No aplica,Calle,12366
03031,No aplica,Calle,12367
03031,Recta,Carretera,12368
03031,No aplica,Calle,12369
03031,No aplica,Calle,12370
03031,No aplica,Calle,12371
03031,Recta,Carretera,12372
03031,No aplica,Calle,12373
03031,No aplica,Calle,12374
03031,No aplica,Calle,12375
03031,No aplica,Calle,12376
03031,No aplica,Calle,12377
03031,Recta,Carretera,12378
03031,Curva señalizada,Carretera,12379
03031,No aplica,Calle,12380
03031,No aplica,Calle,12381
03031,Recta,Carretera,12382
03031,No aplica,Calle,12383
03031,No aplica,Calle,12384
03031,No aplica,Calle,12385
03031,No aplica,Calle,12386
03031,No aplica,Calle,12387
03031,No aplica,Calle,12388
03031,No aplica,Calle,12389
03031,No aplica,Calle,12390
03031,No aplica,Calle,12391
00000,Curva señalizada,Carretera,12392
00000,Recta,Carretera,12393
00000,Curva sin señalizar,Carretera,12394
03041,Recta,Carretera,12395
03041,Curva sin señalizar,Carretera,12396
03041,Curva señalizada,Carretera,12397
03047,Curva sin señalizar,Carretera,12398
03041,Curva señalizada,Carretera,12399
03041,Recta,Carretera,12400
03041,Curva señalizada,Carretera,12401
03041,No aplica,Calle,12402
00000,Recta,Carretera,12403
03041,Recta,Carretera,12404
00000,Recta,Carretera,12405
03041,No aplica,Calle,12406
03041,Curva señalizada,Carretera,12407
00000,Curva señalizada,Carretera,12408
00000,Recta,Carretera,12409
00000,Recta,Carretera,12410
00000,Recta,Carretera,12411
00000,No aplica,Calle,12412
00000,No aplica,Calle,12413
00000,No aplica,Calle,12414
00000,Curva sin señalizar,Carretera,12415
00000,Recta,Carretera,12416
03044,Recta,Carretera,12417
03044,Recta,Carretera,12418
03044,Recta,Carretera,12419
03044,Recta,Carretera,12420
00000,Recta,Carretera,12421
00000,Recta,Carretera,12422
00000,Curva señalizada,Carretera,12423
00000,Curva sin señalizar,Carretera,12424
00000,Recta,Carretera,12425
03050,Curva señalizada,Carretera,12426
03083,Curva señalizada,Carretera,12427
00000,Curva señalizada,Carretera,12428
03047,Recta,Carretera,12429
03047,Recta,Carretera,12430
03047,Curva señalizada,Carretera,12431
03047,Recta,Carretera,12432
03047,Recta,Carretera,12433
03018,Curva señalizada,Carretera,12434
03047,Recta,Carretera,12435
03047,Curva sin señalizar,Carretera,12436
03047,Curva señalizada,Carretera,12437
03048,Curva sin señalizar,Carretera,12438
03048,Recta,Carretera,12439
03048,Curva señalizada,Carretera,12440
03048,Recta,Carretera,12441
03048,Recta,Carretera,12442
03107,Curva señalizada,Carretera,12443
03048,Recta,Carretera,12444
03049,Recta,Carretera,12445
03049,No aplica,Calle,12446
03049,No aplica,Calle,12447
03049,Recta,Carretera,12448
03049,Recta,Carretera,12449
03049,Recta,Carretera,12450
03049,Curva señalizada,Carretera,12451
03049,Recta,Carretera,12452
03049,Recta,Carretera,12453
03049,No aplica,Calle,12454
03049,No aplica,Calle,12455
03049,Recta,Carretera,12456
03058,Recta,Carretera,12457
03049,No aplica,Calle,12458
03049,No aplica,Calle,12459
03049,No aplica,Calle,12460
03049,No aplica,Calle,12461
03049,No aplica,Calle,12462
03049,No aplica,Calle,12463
03049,No aplica,Calle,12464
03049,No aplica,Calle,12465
03049,No aplica,Calle,12466
03049,No aplica,Calle,12467
03049,No aplica,Calle,12468
03049,No aplica,Calle,12469
03049,Recta,Travesía,12470
03049,No aplica,Calle,12471
03049,Recta,Carretera,12472
03050,Recta,Carretera,12473
03050,No aplica,Calle,12474
03050,No aplica,Calle,12475
03050,No aplica,Calle,12476
03119,Recta,Carretera,12477
03050,Recta,Carretera,12478
03050,Recta,Carretera,12479
03050,Curva señalizada,Carretera,12480
03050,Curva señalizada,Carretera,12481
03119,Recta,Carretera,12482
03050,Curva señalizada,Carretera,12483
03050,Curva señalizada,Carretera,12484
03050,Recta,Carretera,12485
03050,No aplica,Calle,12486
03050,No aplica,Calle,12487
03050,No aplica,Calle,12488
03050,No aplica,Calle,12489
03050,No aplica,Calle,12490
03050,Curva señalizada,Carretera,12491
03050,No aplica,Calle,12492
03050,Se desconoce,Carretera,12493
00000,Curva señalizada,Carretera,12494
00000,Curva sin señalizar,Carretera,12495
00000,No aplica,Calle,12496
03053,Curva señalizada,Carretera,12497
03053,Recta,Carretera,12498
03053,Recta,Carretera,12499
03096,Recta,Carretera,12500
03096,Recta,Carretera,12501
00000,Recta,Carretera,12502
03053,Curva sin señalizar,Carretera,12503
03053,Curva señalizada,Carretera,12504
03053,Curva señalizada,Carretera,12505
00000,Curva señalizada,Carretera,12506
00000,Recta,Carretera,12507
00000,Curva señalizada,Carretera,12508
03055,Recta,Carretera,12509
03055,Recta,Carretera,12510
03055,Curva señalizada,Carretera,12511
03055,Curva señalizada,Carretera,12512
03056,Recta,Carretera,12513
03056,Recta,Carretera,12514
03056,No aplica,Calle,12515
03056,No aplica,Calle,12516
03056,Recta,Carretera,12517
03056,Recta,Carretera,12518
03056,Curva sin señalizar,Carretera,12519
03056,Curva señalizada,Carretera,12520
03056,Curva sin señalizar,Carretera,12521
03009,Se desconoce,Carretera,12522
03056,Recta,Carretera,12523
03056,No aplica,Calle,12524
03056,Curva señalizada,Carretera,12525
03092,Curva señalizada,Carretera,12526
03056,Curva sin señalizar,Carretera,12527
03058,Recta,Carretera,12528
03058,No aplica,Calle,12529
03058,Recta,Carretera,12530
03058,No aplica,Calle,12531
03058,Curva señalizada,Carretera,12532
03058,Curva señalizada,Carretera,12533
03058,No aplica,Calle,12534
03058,No aplica,Calle,12535
03058,Recta,Carretera,12536
03058,No aplica,Calle,12537
03058,Recta,Carretera,12538
03058,Recta,Carretera,12539
03058,Curva señalizada,Carretera,12540
03058,No aplica,Calle,12541
03058,Recta,Carretera,12542
03059,Recta,Carretera,12543
03059,Recta,Carretera,12544
03065,Recta,Carretera,12545
03059,Recta,Carretera,12546
03059,Recta,Carretera,12547
03059,Recta,Carretera,12548
03059,Curva señalizada,Carretera,12549
03059,Curva señalizada,Carretera,12550
03005,Recta,Carretera,12551
03059,Recta,Carretera,12552
03059,Recta,Carretera,12553
03059,Recta,Carretera,12554
03059,Recta,Carretera,12555
03059,Recta,Carretera,12556
03059,Recta,Carretera,12557
03059,Curva sin señalizar,Carretera,12558
03059,No aplica,Calle,12559
03059,Recta,Carretera,12560
03059,Recta,Carretera,12561
03059,No aplica,Calle,12562
03059,No aplica,Calle,12563
03059,No aplica,Calle,12564
00000,Recta,Carretera,12565
00000,Curva señalizada,Carretera,12566
00000,Recta,Carretera,12567
00000,Curva señalizada,Carretera,12568
00000,Recta,Carretera,12569
03063,Recta,Carretera,12570
03063,Curva señalizada,Carretera,12571
03063,Recta,Carretera,12572
03063,Curva señalizada,Carretera,12573
03063,Recta,Carretera,12574
03063,Curva señalizada,Carretera,12575
03063,Curva señalizada,Carretera,12576
03063,Recta,Carretera,12577
03063,Recta,Carretera,12578
03063,No aplica,Calle,12579
03063,Curva sin señalizar,Carretera,12580
03063,No aplica,Calle,12581
03063,Se desconoce,Carretera,12582
03063,No aplica,Calle,12583
03063,No aplica,Calle,12584
03063,No aplica,Calle,12585
03063,Recta,Carretera,12586
03063,Recta,Carretera,12587
03063,No aplica,Calle,12588
03063,No aplica,Calle,12589
03063,No aplica,Calle,12590
03063,No aplica,Calle,12591
03063,No aplica,Calle,12592
03063,Recta,Carretera,12593
03063,Recta,Carretera,12594
03063,Recta,Carretera,12595
03063,No aplica,Calle,12596
03063,No aplica,Calle,12597
03063,No aplica,Calle,12598
03063,No aplica,Calle,12599
03063,Recta,Carretera,12600
03063,Recta,Carretera,12601
03063,No aplica,Calle,12602
03063,No aplica,Calle,12603
03063,No aplica,Calle,12604
03063,No aplica,Calle,12605
03063,No aplica,Calle,12606
03063,No aplica,Calle,12607
03063,No aplica,Calle,12608
03063,No aplica,Calle,12609
03063,Recta,Carretera,12610
03063,No aplica,Calle,12611
03063,No aplica,Calle,12612
03063,Recta,Carretera,12613
03063,No aplica,Calle,12614
03063,Recta,Carretera,12615
03063,No aplica,Calle,12616
03063,No aplica,Calle,12617
03063,No aplica,Calle,12618
03063,No aplica,Calle,12619
03063,No aplica,Calle,12620
03063,No aplica,Calle,12621
03063,No aplica,Calle,12622
03063,No aplica,Calle,12623
03063,No aplica,Calle,12624
03063,Recta,Carretera,12625
03063,Recta,Carretera,12626
03063,No aplica,Calle,12627
03063,No aplica,Calle,12628
03063,No aplica,Calle,12629
03063,No aplica,Calle,12630
03063,No aplica,Calle,12631
03063,Recta,Carretera,12632
03063,Recta,Carretera,12633
03063,No aplica,Calle,12634
03063,Recta,Carretera,12635
03064,Recta,Carretera,12636
03064,Recta,Carretera,12637
03064,Recta,Carretera,12638
03064,Recta,Carretera,12639
03055,Recta,Carretera,12640
03065,Recta,Carretera,12641
03065,Curva señalizada,Carretera,12642
03065,Recta,Carretera,12643
03065,Recta,Carretera,12644
03065,Recta,Carretera,12645
03065,Curva señalizada,Carretera,12646
03065,Recta,Carretera,12647
03065,Recta,Carretera,12648
03014,Recta,Carretera,12649
03065,Recta,Carretera,12650
03065,Curva señalizada,Carretera,12651
03065,Recta,Carretera,12652
03065,Curva señalizada,Carretera,12653
03065,Curva señalizada,Carretera,12654
03065,Recta,Carretera,12655
03065,Recta,Carretera,12656
03065,Recta,Carretera,12657
03065,Curva señalizada,Carretera,12658
03065,Curva señalizada,Carretera,12659
03065,Recta,Carretera,12660
03065,Recta,Carretera,12661
03065,Curva sin señalizar,Carretera,12662
03065,Recta,Carretera,12663
03065,Recta,Carretera,12664
03065,No aplica,Calle,12665
03065,Recta,Carretera,12666
03065,Recta,Carretera,12667
03065,Curva señalizada,Carretera,12668
03065,Recta,Carretera,12669
03065,Recta,Carretera,12670
03088,Recta,Carretera,12671
03065,Recta,Carretera,12672
03065,Curva sin señalizar,Carretera,12673
03065,Curva señalizada,Carretera,12674
03065,Curva señalizada,Carretera,12675
03065,Recta,Carretera,12676
03065,No aplica,Calle,12677
03065,Curva señalizada,Carretera,12678
03065,Curva señalizada,Carretera,12679
03065,Curva señalizada,Carretera,12680
03065,Recta,Carretera,12681
03065,Se desconoce,Carretera,12682
03065,Recta,Carretera,12683
03065,Recta,Carretera,12684
03065,Recta,Carretera,12685
03065,Recta,Carretera,12686
03065,Curva señalizada,Carretera,12687
03065,Recta,Carretera,12688
03065,Curva señalizada,Carretera,12689
03014,Recta,Carretera,12690
03065,Recta,Carretera,12691
03065,Curva señalizada,Carretera,12692
03065,Recta,Carretera,12693
03065,Recta,Carretera,12694
03065,Recta,Carretera,12695
03065,Recta,Carretera,12696
03065,Curva señalizada,Carretera,12697
03065,Recta,Carretera,12698
03065,Recta,Carretera,12699
03065,Recta,Carretera,12700
03065,Recta,Carretera,12701
03065,Curva señalizada,Carretera,12702
03065,Recta,Carretera,12703
03065,Recta,Carretera,12704
03065,Curva señalizada,Carretera,12705
03065,Recta,Carretera,12706
03065,Recta,Carretera,12707
03065,Recta,Carretera,12708
03065,Recta,Carretera,12709
03065,Recta,Carretera,12710
03065,Recta,Carretera,12711
03065,Curva señalizada,Carretera,12712
03065,Recta,Carretera,12713
03065,Recta,Carretera,12714
03065,Recta,Carretera,12715
03065,Recta,Carretera,12716
03065,Curva señalizada,Carretera,12717
03065,Recta,Carretera,12718
03065,Recta,Carretera,12719
03065,Curva sin señalizar,Carretera,12720
03121,Recta,Carretera,12721
03065,Curva señalizada,Carretera,12722
03065,Recta,Carretera,12723
03065,Curva sin señalizar,Carretera,12724
03065,Recta,Carretera,12725
03065,Recta,Carretera,12726
03065,Recta,Carretera,12727
03065,Recta,Carretera,12728
03065,Recta,Carretera,12729
03065,Recta,Carretera,12730
03065,Recta,Carretera,12731
03065,Recta,Carretera,12732
03065,Recta,Carretera,12733
03065,Recta,Carretera,12734
03065,Recta,Carretera,12735
03065,Recta,Carretera,12736
03065,Curva señalizada,Carretera,12737
03065,Curva señalizada,Carretera,12738
03065,Recta,Carretera,12739
03065,Recta,Carretera,12740
03065,Curva señalizada,Carretera,12741
03065,Curva señalizada,Carretera,12742
03065,Curva señalizada,Carretera,12743
03065,Recta,Carretera,12744
03065,Recta,Carretera,12745
03065,Curva señalizada,Carretera,12746
03065,Recta,Carretera,12747
03065,Recta,Carretera,12748
03065,Recta,Carretera,12749
03065,Recta,Carretera,12750
03065,Recta,Carretera,12751
03121,Recta,Carretera,12752
03065,Recta,Carretera,12753
03065,Se desconoce,Carretera,12754
03065,Recta,Carretera,12755
03065,Curva señalizada,Carretera,12756
03065,Curva sin señalizar,Carretera,12757
03065,Recta,Carretera,12758
03065,Curva señalizada,Carretera,12759
03065,Curva señalizada,Carretera,12760
03059,Recta,Carretera,12761
03065,Recta,Carretera,12762
03065,Curva señalizada,Carretera,12763
03065,Recta,Carretera,12764
03065,Recta,Carretera,12765
03065,Recta,Carretera,12766
03065,Curva señalizada,Carretera,12767
03066,Curva sin señalizar,Carretera,12768
03066,No aplica,Calle,12769
03066,No aplica,Calle,12770
03066,Recta,Carretera,12771
03066,No aplica,Calle,12772
03066,No aplica,Calle,12773
03066,No aplica,Calle,12774
03066,No aplica,Calle,12775
03066,No aplica,Calle,12776
03066,No aplica,Calle,12777
03066,No aplica,Calle,12778
03066,No aplica,Calle,12779
03066,Recta,Carretera,12780
03066,No aplica,Calle,12781
03066,No aplica,Calle,12782
03066,No aplica,Calle,12783
03066,Curva sin señalizar,Carretera,12784
03066,No aplica,Calle,12785
03066,No aplica,Calle,12786
03066,No aplica,Calle,12787
03066,No aplica,Calle,12788
03066,No aplica,Calle,12789
03066,No aplica,Calle,12790
03066,No aplica,Calle,12791
03104,Curva sin señalizar,Carretera,12792
03066,No aplica,Calle,12793
03066,No aplica,Calle,12794
03066,No aplica,Calle,12795
03066,No aplica,Calle,12796
03066,No aplica,Calle,12797
03104,Recta,Carretera,12798
03066,Curva sin señalizar,Carretera,12799
03066,No aplica,Calle,12800
03066,No aplica,Calle,12801
03066,No aplica,Calle,12802
03066,No aplica,Calle,12803
03104,Recta,Carretera,12804
03104,Recta,Carretera,12805
03104,Curva sin señalizar,Carretera,12806
03066,No aplica,Calle,12807
00000,Recta,Carretera,12808
03031,Recta,Carretera,12809
03069,No aplica,Calle,12810
03069,No aplica,Calle,12811
03069,Recta,Carretera,12812
03069,Recta,Carretera,12813
03069,Curva señalizada,Carretera,12814
03069,Recta,Carretera,12815
03069,Recta,Carretera,12816
03069,No aplica,Calle,12817
03069,No aplica,Calle,12818
03069,No aplica,Calle,12819
03069,Curva señalizada,Carretera,12820
03069,Curva señalizada,Carretera,12821
03069,Curva sin señalizar,Carretera,12822
03069,Curva señalizada,Carretera,12823
03069,No aplica,Calle,12824
03069,No aplica,Calle,12825
03069,Recta,Carretera,12826
03069,No aplica,Calle,12827
03069,No aplica,Calle,12828
03069,No aplica,Calle,12829
03069,No aplica,Calle,12830
03069,Curva señalizada,Carretera,12831
00000,No aplica,Calle,12832
00000,No aplica,Calle,12833
03071,Recta,Carretera,12834
03071,Recta,Carretera,12835
03071,Recta,Carretera,12836
03071,Recta,Carretera,12837
03082,Recta,Carretera,12838
00000,Curva señalizada,Carretera,12839
00000,Recta,Carretera,12840
00000,Recta,Carretera,12841
03076,Recta,Carretera,12842
03076,Curva señalizada,Carretera,12843
03076,Recta,Carretera,12844
03113,Curva señalizada,Carretera,12845
03076,Curva señalizada,Carretera,12846
03076,Recta,Carretera,12847
03076,Recta,Carretera,12848
03076,Curva señalizada,Carretera,12849
03076,Curva señalizada,Carretera,12850
03076,Curva sin señalizar,Carretera,12851
03076,Recta,Carretera,12852
03076,Recta,Carretera,12853
00000,Curva sin señalizar,Carretera,12854
00000,Recta,Carretera,12855
00000,Recta,Carretera,12856
00000,Recta,Carretera,12857
00000,Recta,Carretera,12858
03079,No aplica,Calle,12859
03079,No aplica,Calle,12860
03079,Curva señalizada,Carretera,12861
03079,No aplica,Calle,12862
03079,No aplica,Calle,12863
03079,No aplica,Calle,12864
03079,No aplica,Calle,12865
03079,No aplica,Calle,12866
03009,Recta,Carretera,12867
03079,Curva sin señalizar,Carretera,12868
03079,Curva sin señalizar,Carretera,12869
03079,Recta,Carretera,12870
03079,Curva señalizada,Carretera,12871
03079,No aplica,Calle,12872
03079,No aplica,Calle,12873
03079,No aplica,Calle,12874
03079,Curva sin señalizar,Carretera,12875
03079,No aplica,Calle,12876
03079,Recta,Carretera,12877
03079,Curva señalizada,Carretera,12878
03079,Recta,Carretera,12879
03079,Recta,Carretera,12880
03079,Recta,Carretera,12881
03079,No aplica,Calle,12882
03079,No aplica,Calle,12883
03079,No aplica,Calle,12884
03079,Recta,Carretera,12885
03079,Curva señalizada,Carretera,12886
03079,Recta,Carretera,12887
00000,Curva señalizada,Carretera,12888
00000,Recta,Carretera,12889
00000,Curva sin señalizar,Carretera,12890
03082,Recta,Carretera,12891
03082,Curva sin señalizar,Carretera,12892
03082,Curva señalizada,Carretera,12893
03082,Curva sin señalizar,Carretera,12894
03082,Curva señalizada,Carretera,12895
03082,Curva señalizada,Carretera,12896
03082,No aplica,Calle,12897
03082,Recta,Carretera,12898
03082,Curva sin señalizar,Carretera,12899
03082,Recta,Carretera,12900
03082,Recta,Carretera,12901
03063,Curva señalizada,Carretera,12902
03082,Curva señalizada,Carretera,12903
03082,Curva sin señalizar,Carretera,12904
03082,No aplica,Calle,12905
03082,No aplica,Calle,12906
03083,Curva señalizada,Carretera,12907
03083,Curva señalizada,Carretera,12908
03083,Curva sin señalizar,Carretera,12909
03083,Curva señalizada,Carretera,12910
03083,Curva señalizada,Carretera,12911
03083,Curva señalizada,Carretera,12912
03083,Curva señalizada,Carretera,12913
03083,Curva señalizada,Carretera,12914
03083,Curva señalizada,Carretera,12915
03083,Curva sin señalizar,Carretera,12916
03083,Curva señalizada,Carretera,12917
03083,Recta,Carretera,12918
03083,Curva señalizada,Carretera,12919
03083,Recta,Carretera,12920
03083,Curva señalizada,Carretera,12921
03083,Curva señalizada,Carretera,12922
03083,Curva señalizada,Carretera,12923
03083,No aplica,Calle,12924
03083,Curva señalizada,Carretera,12925
03083,Recta,Carretera,12926
03083,Curva señalizada,Carretera,12927
03083,Curva señalizada,Carretera,12928
03083,Curva señalizada,Carretera,12929
03083,Curva señalizada,Carretera,12930
03083,Curva señalizada,Carretera,12931
03041,Recta,Carretera,12932
03088,Recta,Carretera,12933
03088,Recta,Carretera,12934
03088,Curva sin señalizar,Carretera,12935
03088,Recta,Carretera,12936
03088,Recta,Carretera,12937
03088,Curva señalizada,Carretera,12938
03088,Curva sin señalizar,Carretera,12939
03088,Recta,Carretera,12940
03089,Recta,Carretera,12941
03089,No aplica,Calle,12942
03089,No aplica,Calle,12943
03089,No aplica,Calle,12944
03089,No aplica,Calle,12945
03089,No aplica,Calle,12946
03089,No aplica,Calle,12947
03089,Curva señalizada,Carretera,12948
03090,Recta,Carretera,12949
03090,Recta,Carretera,12950
03090,Recta,Carretera,12951
03090,Curva señalizada,Carretera,12952
03090,Recta,Carretera,12953
03090,Recta,Carretera,12954
03090,Curva señalizada,Carretera,12955
03090,No aplica,Calle,12956
03090,Recta,Carretera,12957
03090,Curva señalizada,Carretera,12958
03090,Se desconoce,Carretera,12959
03090,Curva señalizada,Carretera,12960
03090,Recta,Carretera,12961
03090,Curva señalizada,Carretera,12962
03090,Recta,Carretera,12963
03090,Recta,Carretera,12964
03090,Recta,Carretera,12965
03090,Curva señalizada,Carretera,12966
03090,Recta,Carretera,12967
03090,Recta,Carretera,12968
03090,Curva sin señalizar,Carretera,12969
03090,Recta,Carretera,12970
03090,Recta,Carretera,12971
03090,Recta,Carretera,12972
03090,Recta,Carretera,12973
03090,No aplica,Calle,12974
03090,No aplica,Calle,12975
03090,No aplica,Calle,12976
03090,No aplica,Calle,12977
03090,No aplica,Calle,12978
03090,No aplica,Calle,12979
03090,No aplica,Calle,12980
03090,No aplica,Calle,12981
03090,No aplica,Calle,12982
03090,Recta,Carretera,12983
00000,Curva señalizada,Carretera,12984
03092,Curva sin señalizar,Carretera,12985
03092,Curva sin señalizar,Carretera,12986
03092,Curva sin señalizar,Carretera,12987
03092,Curva señalizada,Carretera,12988
03092,Curva señalizada,Carretera,12989
03092,Recta,Carretera,12990
03092,Curva señalizada,Carretera,12991
03092,Curva señalizada,Carretera,12992
03092,Recta,Carretera,12993
03092,Recta,Carretera,12994
03093,Recta,Carretera,12995
03093,Curva señalizada,Carretera,12996
03093,Curva señalizada,Carretera,12997
03093,Curva sin señalizar,Carretera,12998
03088,Recta,Carretera,12999
03093,Se desconoce,Carretera,13000
03093,Recta,Carretera,13001
03093,Curva señalizada,Carretera,13002
03093,Curva señalizada,Carretera,13003
03093,Curva señalizada,Carretera,13004
03093,No aplica,Calle,13005
03093,No aplica,Calle,13006
03093,No aplica,Calle,13007
03093,No aplica,Calle,13008
03093,No aplica,Calle,13009
03093,No aplica,Calle,13010
03093,No aplica,Calle,13011
03093,No aplica,Calle,13012
03093,No aplica,Calle,13013
03093,Curva señalizada,Carretera,13014
03093,Curva señalizada,Carretera,13015
03088,Curva sin señalizar,Carretera,13016
03093,Recta,Carretera,13017
03093,Curva señalizada,Carretera,13018
03093,Curva señalizada,Carretera,13019
03093,Recta,Carretera,13020
03093,Curva señalizada,Carretera,13021
03123,Recta,Carretera,13022
03093,No aplica,Calle,13023
03093,No aplica,Calle,13024
03093,No aplica,Calle,13025
03093,No aplica,Calle,13026
03093,No aplica,Calle,13027
03093,Recta,Carretera,13028
03094,Recta,Carretera,13029
03094,Recta,Carretera,13030
03094,Recta,Carretera,13031
03094,Recta,Carretera,13032
03094,Curva señalizada,Carretera,13033
03094,Curva señalizada,Carretera,13034
03031,Recta,Carretera,13035
03094,Recta,Carretera,13036
03094,Recta,Carretera,13037
03031,Curva señalizada,Carretera,13038
03094,Recta,Carretera,13039
03095,Recta,Carretera,13040
03095,Curva señalizada,Carretera,13041
03095,Recta,Carretera,13042
03095,Recta,Carretera,13043
03096,Curva señalizada,Carretera,13044
03096,Recta,Carretera,13045
03096,Curva señalizada,Carretera,13046
03096,Curva señalizada,Carretera,13047
03096,Curva señalizada,Carretera,13048
03096,Curva señalizada,Carretera,13049
03096,Curva señalizada,Carretera,13050
03096,Curva señalizada,Carretera,13051
03096,Recta,Carretera,13052
00000,Recta,Carretera,13053
00000,Recta,Carretera,13054
03099,Curva sin señalizar,Carretera,13055
03099,Recta,Carretera,13056
03099,Recta,Carretera,13057
03099,No aplica,Calle,13058
03099,No aplica,Calle,13059
03099,Curva señalizada,Carretera,13060
03099,Recta,Carretera,13061
03099,Curva señalizada,Travesía,13062
03099,Recta,Carretera,13063
03099,Curva señalizada,Carretera,13064
03099,Recta,Carretera,13065
03099,No aplica,Calle,13066
03099,Recta,Carretera,13067
03099,Recta,Carretera,13068
03099,Recta,Carretera,13069
03099,Recta,Carretera,13070
03099,Recta,Carretera,13071
03099,No aplica,Calle,13072
03099,No aplica,Calle,13073
03099,Recta,Carretera,13074
03099,Recta,Carretera,13075
03099,Recta,Travesía,13076
03099,No aplica,Calle,13077
03099,No aplica,Calle,13078
03099,No aplica,Calle,13079
03099,Recta,Travesía,13080
03099,No aplica,Calle,13081
03099,No aplica,Calle,13082
03099,No aplica,Calle,13083
03099,No aplica,Calle,13084
03099,Curva señalizada,Travesía,13085
03099,Curva señalizada,Carretera,13086
03024,Curva señalizada,Carretera,13087
03099,Curva señalizada,Carretera,13088
03099,No aplica,Calle,13089
03099,Recta,Carretera,13090
03099,No aplica,Calle,13091
03099,No aplica,Calle,13092
03099,Curva señalizada,Carretera,13093
03099,Recta,Carretera,13094
03099,Recta,Carretera,13095
03099,Recta,Carretera,13096
03099,Recta,Carretera,13097
03099,No aplica,Calle,13098
03099,No aplica,Calle,13099
03099,Curva señalizada,Carretera,13100
03058,Recta,Carretera,13101
03099,Recta,Carretera,13102
03099,Curva señalizada,Carretera,13103
03099,No aplica,Calle,13104
03099,Recta,Carretera,13105
03099,Curva señalizada,Carretera,13106
03099,Recta,Carretera,13107
03099,Recta,Carretera,13108
03099,Recta,Carretera,13109
03099,Recta,Carretera,13110
03099,Recta,Carretera,13111
03099,Recta,Carretera,13112
03099,No aplica,Calle,13113
03099,Recta,Carretera,13114
03099,No aplica,Calle,13115
03099,Curva señalizada,Carretera,13116
03099,Curva señalizada,Carretera,13117
03099,Curva señalizada,Carretera,13118
03099,Recta,Carretera,13119
03099,Recta,Carretera,13120
03099,Recta,Carretera,13121
03099,Curva señalizada,Carretera,13122
03058,Recta,Carretera,13123
03099,Curva señalizada,Carretera,13124
03099,No aplica,Calle,13125
03099,No aplica,Calle,13126
03099,No aplica,Calle,13127
03099,Curva señalizada,Carretera,13128
03099,Recta,Carretera,13129
03099,Recta,Carretera,13130
03099,No aplica,Calle,13131
03099,Recta,Carretera,13132
03099,No aplica,Calle,13133
03099,Recta,Carretera,13134
03099,No aplica,Calle,13135
03099,No aplica,Calle,13136
03099,Recta,Travesía,13137
03099,Recta,Carretera,13138
03099,Curva señalizada,Carretera,13139
03099,Curva señalizada,Carretera,13140
03099,Recta,Carretera,13141
03099,No aplica,Calle,13142
03099,Recta,Carretera,13143
03099,Recta,Carretera,13144
00000,Curva sin señalizar,Carretera,13145
03099,Curva señalizada,Carretera,13146
03099,No aplica,Calle,13147
03099,Recta,Carretera,13148
03099,Curva señalizada,Carretera,13149
03099,Curva señalizada,Carretera,13150
03099,Recta,Carretera,13151
03049,Recta,Carretera,13152
03099,Recta,Carretera,13153
03099,Recta,Carretera,13154
03099,Recta,Carretera,13155
03099,Curva señalizada,Carretera,13156
03099,Curva señalizada,Carretera,13157
03099,Recta,Carretera,13158
03099,Recta,Carretera,13159
03099,Recta,Carretera,13160
03099,Recta,Carretera,13161
03099,Recta,Carretera,13162
00000,Curva señalizada,Carretera,13163
03099,Recta,Carretera,13164
03099,Curva señalizada,Carretera,13165
03099,Recta,Carretera,13166
03111,Recta,Carretera,13167
03099,Curva señalizada,Carretera,13168
03099,Curva señalizada,Carretera,13169
03099,Recta,Carretera,13170
00000,Curva señalizada,Carretera,13171
03101,Recta,Carretera,13172
03031,Curva señalizada,Carretera,13173
03101,No aplica,Calle,13174
03071,Recta,Carretera,13175
03101,Recta,Carretera,13176
03101,Recta,Carretera,13177
03101,No aplica,Calle,13178
03101,No aplica,Calle,13179
03101,No aplica,Calle,13180
03101,No aplica,Calle,13181
03071,Recta,Carretera,13182
03101,Recta,Carretera,13183
03101,Recta,Carretera,13184
03101,Recta,Carretera,13185
03101,Curva sin señalizar,Carretera,13186
03102,Recta,Carretera,13187
03102,Recta,Carretera,13188
03102,Recta,Carretera,13189
03102,Curva sin señalizar,Carretera,13190
03102,No aplica,Calle,13191
03102,No aplica,Calle,13192
03102,No aplica,Calle,13193
03102,No aplica,Calle,13194
03102,No aplica,Calle,13195
03102,No aplica,Calle,13196
03102,No aplica,Calle,13197
03104,No aplica,Calle,13198
03104,No aplica,Calle,13199
03104,No aplica,Calle,13200
03104,No aplica,Calle,13201
03104,No aplica,Calle,13202
03104,Recta,Carretera,13203
03104,No aplica,Calle,13204
03104,No aplica,Calle,13205
03104,Recta,Carretera,13206
03104,No aplica,Calle,13207
03104,No aplica,Calle,13208
03104,No aplica,Calle,13209
03104,No aplica,Calle,13210
03104,No aplica,Calle,13211
03104,No aplica,Calle,13212
03104,No aplica,Calle,13213
03104,No aplica,Calle,13214
03104,No aplica,Calle,13215
03104,No aplica,Calle,13216
03104,No aplica,Calle,13217
03104,No aplica,Calle,13218
03104,No aplica,Calle,13219
03104,No aplica,Calle,13220
03104,No aplica,Calle,13221
03104,No aplica,Calle,13222
03104,No aplica,Calle,13223
03104,Recta,Carretera,13224
03104,No aplica,Calle,13225
03104,No aplica,Calle,13226
03104,No aplica,Calle,13227
03104,No aplica,Calle,13228
03104,No aplica,Calle,13229
03104,No aplica,Calle,13230
03105,Recta,Carretera,13231
03105,Recta,Carretera,13232
03105,Curva señalizada,Carretera,13233
03105,Curva señalizada,Carretera,13234
03105,Curva señalizada,Carretera,13235
03105,Recta,Carretera,13236
03107,No aplica,Calle,13237
00000,Curva señalizada,Carretera,13238
03099,Recta,Carretera,13239
00000,Recta,Carretera,13240
00000,Recta,Carretera,13241
00000,Curva señalizada,Carretera,13242
03111,Curva señalizada,Carretera,13243
03111,No aplica,Calle,13244
03111,Curva sin señalizar,Carretera,13245
03111,No aplica,Calle,13246
03111,Recta,Carretera,13247
00000,Recta,Carretera,13248
03099,Recta,Carretera,13249
00000,Curva señalizada,Carretera,13250
00000,Curva sin señalizar,Carretera,13251
00000,Curva señalizada,Carretera,13252
03113,Curva señalizada,Carretera,13253
03113,Recta,Carretera,13254
03113,Recta,Carretera,13255
03113,Curva señalizada,Carretera,13256
03113,Curva sin señalizar,Carretera,13257
03113,Curva señalizada,Carretera,13258
03113,Recta,Carretera,13259
03113,Recta,Carretera,13260
03113,Recta,Carretera,13261
03113,Recta,Carretera,13262
03113,Curva sin señalizar,Carretera,13263
03113,Recta,Carretera,13264
03113,Recta,Carretera,13265
00000,Recta,Carretera,13266
00000,Recta,Carretera,13267
00000,Recta,Carretera,13268
00000,No aplica,Calle,13269
00000,Curva señalizada,Carretera,13270
00000,Curva señalizada,Carretera,13271
00000,Recta,Carretera,13272
00000,Curva sin señalizar,Carretera,13273
03118,Recta,Carretera,13274
03118,Curva señalizada,Carretera,13275
03118,Curva señalizada,Carretera,13276
03118,Recta,Carretera,13277
03064,Recta,Carretera,13278
03118,Curva señalizada,Carretera,13279
03118,Recta,Carretera,13280
03118,Recta,Carretera,13281
03118,Recta,Carretera,13282
03119,No aplica,Calle,13283
03119,No aplica,Calle,13284
03119,No aplica,Calle,13285
03119,No aplica,Calle,13286
03119,No aplica,Calle,13287
03119,No aplica,Calle,13288
03119,No aplica,Calle,13289
03119,No aplica,Calle,13290
03119,No aplica,Calle,13291
03119,No aplica,Calle,13292
03014,Recta,Carretera,13293
03119,No aplica,Calle,13294
03119,No aplica,Calle,13295
03120,Recta,Carretera,13296
03120,No aplica,Calle,13297
03120,Recta,Carretera,13298
03120,Recta,Carretera,13299
03120,Recta,Carretera,13300
03120,Recta,Carretera,13301
03120,Curva señalizada,Carretera,13302
03120,Recta,Carretera,13303
03120,Curva señalizada,Carretera,13304
03120,Curva señalizada,Carretera,13305
03120,Recta,Carretera,13306
03121,Curva sin señalizar,Carretera,13307
03121,Recta,Carretera,13308
03121,Recta,Carretera,13309
03121,Recta,Carretera,13310
03121,No aplica,Calle,13311
03121,Recta,Carretera,13312
03121,Curva señalizada,Carretera,13313
03121,No aplica,Calle,13314
03121,No aplica,Calle,13315
03121,Curva señalizada,Carretera,13316
03121,No aplica,Calle,13317
03121,Recta,Carretera,13318
03121,Recta,Carretera,13319
03121,Recta,Carretera,13320
03121,Curva señalizada,Carretera,13321
03121,No aplica,Calle,13322
03121,No aplica,Calle,13323
03121,Recta,Carretera,13324
03121,Recta,Carretera,13325
03121,Curva señalizada,Carretera,13326
03121,Curva señalizada,Carretera,13327
03121,Recta,Carretera,13328
03121,No aplica,Calle,13329
03121,No aplica,Calle,13330
03121,Curva señalizada,Carretera,13331
03121,No aplica,Calle,13332
03121,No aplica,Calle,13333
03121,Recta,Carretera,13334
03121,No aplica,Calle,13335
03121,Recta,Carretera,13336
03065,Recta,Carretera,13337
03121,No aplica,Calle,13338
03121,No aplica,Calle,13339
03121,No aplica,Calle,13340
03121,No aplica,Calle,13341
03121,No aplica,Calle,13342
03121,No aplica,Calle,13343
03121,No aplica,Calle,13344
03121,No aplica,Calle,13345
03121,No aplica,Calle,13346
03121,No aplica,Calle,13347
03121,No aplica,Calle,13348
03121,No aplica,Calle,13349
03121,No aplica,Calle,13350
03121,No aplica,Calle,13351
03121,No aplica,Calle,13352
03121,No aplica,Calle,13353
03121,No aplica,Calle,13354
03122,Recta,Carretera,13355
03122,Recta,Carretera,13356
03122,Curva señalizada,Carretera,13357
03122,Recta,Carretera,13358
03014,Recta,Carretera,13359
03122,Recta,Carretera,13360
03122,Curva señalizada,Carretera,13361
03122,Recta,Carretera,13362
03122,Curva señalizada,Carretera,13363
03122,Curva señalizada,Carretera,13364
03122,Recta,Carretera,13365
03122,Recta,Carretera,13366
03122,Recta,Carretera,13367
03014,Curva señalizada,Carretera,13368
03122,Curva señalizada,Carretera,13369
03122,Curva señalizada,Carretera,13370
03014,Recta,Carretera,13371
03122,Curva sin señalizar,Carretera,13372
03122,No aplica,Calle,13373
03014,Recta,Carretera,13374
03123,Recta,Carretera,13375
03123,Recta,Carretera,13376
03123,Recta,Carretera,13377
03123,Curva sin señalizar,Carretera,13378
03123,Recta,Carretera,13379
03123,Recta,Carretera,13380
03123,Curva señalizada,Carretera,13381
03123,Curva señalizada,Carretera,13382
03123,Recta,Carretera,13383
03123,Recta,Carretera,13384
03123,Recta,Carretera,13385
03123,Curva sin señalizar,Carretera,13386
00000,Curva señalizada,Carretera,13387
00000,Recta,Carretera,13388
00000,Recta,Carretera,13389
00000,Recta,Carretera,13390
00000,Curva sin señalizar,Carretera,13391
03128,Curva señalizada,Carretera,13392
03128,Recta,Carretera,13393
03128,Recta,Carretera,13394
03128,Recta,Carretera,13395
03128,Curva señalizada,Carretera,13396
03128,Curva señalizada,Carretera,13397
00000,Curva señalizada,Carretera,13398
00000,Curva sin señalizar,Carretera,13399
00000,Curva señalizada,Carretera,13400
00000,Recta,Carretera,13401
00000,Recta,Carretera,13402
00000,Curva señalizada,Carretera,13403
00000,Curva sin señalizar,Carretera,13404
00000,Curva señalizada,Carretera,13405
00000,Curva sin señalizar,Carretera,13406
00000,Curva señalizada,Carretera,13407
03133,Recta,Carretera,13408
03133,Recta,Carretera,13409
03133,Recta,Carretera,13410
03133,Recta,Carretera,13411
03133,Recta,Carretera,13412
03133,Recta,Carretera,13413
03133,Curva señalizada,Carretera,13414
03133,No aplica,Calle,13415
03133,No aplica,Calle,13416
03133,No aplica,Calle,13417
03133,No aplica,Calle,13418
03133,No aplica,Calle,13419
03133,No aplica,Calle,13420
03133,No aplica,Calle,13421
03133,No aplica,Calle,13422
03133,No aplica,Calle,13423
03133,No aplica,Calle,13424
03133,No aplica,Calle,13425
03133,No aplica,Calle,13426
03133,Curva señalizada,Carretera,13427
03133,Recta,Carretera,13428
03133,No aplica,Calle,13429
03133,No aplica,Calle,13430
03133,Recta,Carretera,13431
03133,Recta,Carretera,13432
03133,No aplica,Calle,13433
03133,No aplica,Calle,13434
03133,No aplica,Calle,13435
03133,No aplica,Calle,13436
03133,No aplica,Calle,13437
03133,No aplica,Calle,13438
03133,No aplica,Calle,13439
03133,No aplica,Calle,13440
03133,No aplica,Calle,13441
03133,No aplica,Calle,13442
03133,No aplica,Calle,13443
03133,No aplica,Calle,13444
03133,No aplica,Calle,13445
03133,No aplica,Calle,13446
03133,No aplica,Calle,13447
03133,No aplica,Calle,13448
03133,No aplica,Calle,13449
03133,No aplica,Calle,13450
03133,No aplica,Calle,13451
03133,No aplica,Calle,13452
03133,Recta,Carretera,13453
03133,No aplica,Calle,13454
03133,No aplica,Calle,13455
03133,No aplica,Calle,13456
03133,Recta,Carretera,13457
03133,Curva señalizada,Carretera,13458
03133,Recta,Carretera,13459
03133,Recta,Carretera,13460
03133,Curva señalizada,Carretera,13461
03133,Recta,Carretera,13462
03133,Curva señalizada,Carretera,13463
03133,Curva señalizada,Carretera,13464
03133,Recta,Carretera,13465
03133,Curva señalizada,Carretera,13466
03133,Recta,Carretera,13467
03133,Curva señalizada,Carretera,13468
03133,Recta,Carretera,13469
03133,Curva señalizada,Carretera,13470
03133,Recta,Carretera,13471
03133,Curva señalizada,Carretera,13472
03133,Recta,Carretera,13473
03133,Recta,Carretera,13474
03133,Recta,Carretera,13475
03133,Recta,Carretera,13476
03133,No aplica,Calle,13477
03133,No aplica,Calle,13478
03133,Recta,Carretera,13479
03133,No aplica,Calle,13480
03133,No aplica,Calle,13481
03133,No aplica,Calle,13482
03133,No aplica,Calle,13483
03133,No aplica,Calle,13484
03133,No aplica,Calle,13485
03133,No aplica,Calle,13486
03133,No aplica,Calle,13487
03133,No aplica,Calle,13488
03133,No aplica,Calle,13489
03133,No aplica,Calle,13490
03133,No aplica,Calle,13491
03133,No aplica,Calle,13492
03133,No aplica,Calle,13493
03133,No aplica,Calle,13494
03133,No aplica,Calle,13495
03133,No aplica,Calle,13496
03133,No aplica,Calle,13497
03133,No aplica,Calle,13498
03133,No aplica,Calle,13499
03133,No aplica,Calle,13500
03133,No aplica,Calle,13501
03133,No aplica,Calle,13502
03133,No aplica,Calle,13503
03133,No aplica,Calle,13504
03133,No aplica,Calle,13505
03133,No aplica,Calle,13506
03133,No aplica,Calle,13507
03133,No aplica,Calle,13508
03133,No aplica,Calle,13509
03133,No aplica,Calle,13510
03133,No aplica,Calle,13511
03133,No aplica,Calle,13512
03133,Recta,Carretera,13513
03133,No aplica,Calle,13514
03133,No aplica,Calle,13515
03133,No aplica,Calle,13516
03133,No aplica,Calle,13517
03133,No aplica,Calle,13518
03133,No aplica,Calle,13519
03133,No aplica,Calle,13520
03133,No aplica,Calle,13521
03133,No aplica,Calle,13522
03133,Recta,Carretera,13523
03133,No aplica,Calle,13524
03133,No aplica,Calle,13525
03133,Recta,Carretera,13526
03133,No aplica,Calle,13527
03133,No aplica,Calle,13528
03133,No aplica,Calle,13529
03133,Recta,Carretera,13530
03133,No aplica,Calle,13531
03133,No aplica,Calle,13532
03133,No aplica,Calle,13533
03133,No aplica,Calle,13534
03133,No aplica,Calle,13535
03133,No aplica,Calle,13536
03133,No aplica,Calle,13537
03133,No aplica,Calle,13538
03133,No aplica,Calle,13539
03133,No aplica,Calle,13540
03133,No aplica,Calle,13541
03133,No aplica,Calle,13542
03133,No aplica,Calle,13543
03133,No aplica,Calle,13544
03133,No aplica,Calle,13545
03133,No aplica,Calle,13546
03133,No aplica,Calle,13547
03133,No aplica,Calle,13548
03133,No aplica,Calle,13549
03133,No aplica,Calle,13550
03133,No aplica,Calle,13551
03133,Recta,Carretera,13552
00000,Curva señalizada,Carretera,13553
00000,Curva señalizada,Carretera,13554
00000,Curva señalizada,Carretera,13555
00000,Curva sin señalizar,Carretera,13556
00000,No aplica,Calle,13557
00000,Recta,Carretera,13558
00000,No aplica,Calle,13559
00000,Curva señalizada,Carretera,13560
00000,No aplica,Calle,13561
03011,Recta,Carretera,13562
03139,Curva sin señalizar,Carretera,13563
03139,No aplica,Calle,13564
03139,No aplica,Calle,13565
03139,No aplica,Calle,13566
03139,No aplica,Calle,13567
03139,No aplica,Calle,13568
03139,No aplica,Calle,13569
03139,No aplica,Calle,13570
03139,No aplica,Calle,13571
03139,No aplica,Calle,13572
03139,No aplica,Calle,13573
03139,No aplica,Calle,13574
03139,No aplica,Calle,13575
03139,No aplica,Calle,13576
03139,No aplica,Calle,13577
03139,No aplica,Calle,13578
03139,Recta,Carretera,13579
03139,Curva señalizada,Carretera,13580
03139,No aplica,Calle,13581
03139,No aplica,Calle,13582
03139,Recta,Carretera,13583
03139,Recta,Carretera,13584
03139,Curva señalizada,Carretera,13585
03139,Curva sin señalizar,Carretera,13586
03139,Recta,Carretera,13587
03139,Curva señalizada,Carretera,13588
03139,Recta,Carretera,13589
03139,Curva señalizada,Carretera,13590
03069,Curva señalizada,Carretera,13591
03139,Curva sin señalizar,Carretera,13592
03139,Recta,Carretera,13593
03139,Recta,Carretera,13594
03139,Recta,Carretera,13595
03139,Recta,Carretera,13596
03139,Recta,Carretera,13597
03140,Curva señalizada,Carretera,13598
03140,Recta,Carretera,13599
03140,No aplica,Calle,13600
03140,Recta,Carretera,13601
03140,Recta,Carretera,13602
03140,Recta,Carretera,13603
03140,Recta,Carretera,13604
03140,No aplica,Calle,13605
03140,No aplica,Calle,13606
03140,Recta,Carretera,13607
03140,Recta,Carretera,13608
03140,Curva sin señalizar,Carretera,13609
03140,Se desconoce,Carretera,13610
03140,Curva señalizada,Carretera,13611
03140,Recta,Carretera,13612
03140,Recta,Carretera,13613
03140,Recta,Carretera,13614
03140,Recta,Carretera,13615
03140,Recta,Carretera,13616
03140,Recta,Carretera,13617
03140,Curva sin señalizar,Carretera,13618
03140,Recta,Carretera,13619
03140,Curva señalizada,Carretera,13620
03140,Recta,Carretera,13621
03140,No aplica,Calle,13622
03140,Recta,Carretera,13623
03140,No aplica,Calle,13624
03140,No aplica,Calle,13625
03140,Curva sin señalizar,Carretera,13626
03140,Recta,Carretera,13627
03140,No aplica,Calle,13628
03140,Recta,Carretera,13629
03140,Recta,Carretera,13630
03902,Recta,Carretera,13631
03902,Recta,Carretera,13632
03902,Recta,Carretera,13633
03902,Curva señalizada,Carretera,13634
03902,Curva señalizada,Carretera,13635
03902,Curva señalizada,Carretera,13636
03902,Recta,Carretera,13637
03902,Recta,Carretera,13638
03902,Curva señalizada,Carretera,13639
03903,Recta,Carretera,13640
03903,Recta,Carretera,13641
03903,Curva sin señalizar,Carretera,13642
03015,Curva señalizada,Carretera,13643
00000,Curva señalizada,Carretera,13644
03903,Recta,Carretera,13645
03903,Recta,Carretera,13646
00000,Curva señalizada,Carretera,13647
00000,Recta,Carretera,13648
03005,Recta,Carretera,13649
00000,Recta,Carretera,13650
00000,Recta,Carretera,13651
00000,Recta,Carretera,13652
00000,Recta,Carretera,13653
00000,Recta,Carretera,13654
00000,Curva señalizada,Carretera,13655
03005,No aplica,Calle,13656
03005,No aplica,Calle,13657
03009,No aplica,Calle,13658
03009,No aplica,Calle,13659
03011,No aplica,Calle,13660
03011,No aplica,Calle,13661
03011,No aplica,Calle,13662
03014,Curva sin señalizar,Carretera,13663
03031,No aplica,Calle,13664
03050,No aplica,Calle,13665
03050,No aplica,Calle,13666
03050,No aplica,Calle,13667
03050,No aplica,Calle,13668
03050,No aplica,Calle,13669
03050,No aplica,Calle,13670
03050,No aplica,Calle,13671
03063,No aplica,Calle,13672
03063,Recta,Carretera,13673
03063,No aplica,Calle,13674
03065,Recta,Carretera,13675
03065,Curva sin señalizar,Carretera,13676
03065,No aplica,Calle,13677
03065,No aplica,Calle,13678
03065,No aplica,Calle,13679
03065,No aplica,Calle,13680
03065,No aplica,Calle,13681
03065,No aplica,Calle,13682
03065,No aplica,Calle,13683
03065,No aplica,Calle,13684
03065,No aplica,Calle,13685
03065,No aplica,Calle,13686
03069,No aplica,Calle,13687
03069,No aplica,Calle,13688
00000,No aplica,Calle,13689
03082,No aplica,Calle,13690
03089,No aplica,Calle,13691
03089,No aplica,Calle,13692
03090,Recta,Carretera,13693
03093,No aplica,Calle,13694
03093,No aplica,Calle,13695
03093,No aplica,Calle,13696
03093,No aplica,Calle,13697
03093,No aplica,Calle,13698
03093,No aplica,Calle,13699
03093,No aplica,Calle,13700
03093,No aplica,Calle,13701
03093,No aplica,Calle,13702
03093,No aplica,Calle,13703
03093,No aplica,Calle,13704
03099,No aplica,Calle,13705
03099,No aplica,Calle,13706
03099,No aplica,Calle,13707
03104,No aplica,Calle,13708
03104,No aplica,Calle,13709
03104,No aplica,Calle,13710
03104,No aplica,Calle,13711
03105,No aplica,Calle,13712
03119,No aplica,Calle,13713
03119,No aplica,Calle,13714
03122,Curva señalizada,Carretera,13715
03133,No aplica,Calle,13716
03133,No aplica,Calle,13717
03133,No aplica,Calle,13718
03133,No aplica,Calle,13719
03133,No aplica,Calle,13720
03133,No aplica,Calle,13721
03133,No aplica,Calle,13722
03133,No aplica,Calle,13723
03133,Curva señalizada,Carretera,13724
03133,No aplica,Calle,13725
03133,No aplica,Calle,13726
03133,No aplica,Calle,13727
00000,No aplica,Calle,13728
00000,No aplica,Calle,13729
00000,No aplica,Calle,13730
03139,No aplica,Calle,13731
03139,No aplica,Calle,13732
03139,No aplica,Calle,13733
03139,No aplica,Calle,13734
03139,No aplica,Calle,13735
03139,No aplica,Calle,13736
03139,No aplica,Calle,13737
03140,No aplica,Calle,13738
00000,Recta,Carretera,13739
00000,Curva señalizada,Carretera,13740
00000,Curva señalizada,Carretera,13741
00000,Curva señalizada,Carretera,13742
00000,Recta,Carretera,13743
00000,Curva señalizada,Carretera,13744
00000,Recta,Carretera,13745
00000,Curva señalizada,Carretera,13746
03005,Recta,Carretera,13747
03005,Curva señalizada,Carretera,13748
03005,Recta,Carretera,13749
03005,No aplica,Calle,13750
03005,No aplica,Calle,13751
03005,No aplica,Calle,13752
00000,Curva sin señalizar,Carretera,13753
03005,No aplica,Calle,13754
00000,Recta,Carretera,13755
03005,No aplica,Calle,13756
03005,Recta,Carretera,13757
03005,Recta,Carretera,13758
03005,No aplica,Calle,13759
03005,Recta,Carretera,13760
03005,Recta,Carretera,13761
03005,Recta,Carretera,13762
03005,Curva señalizada,Carretera,13763
03005,No aplica,Calle,13764
03005,Curva sin señalizar,Carretera,13765
03005,No aplica,Calle,13766
03005,No aplica,Calle,13767
03005,No aplica,Calle,13768
03005,Recta,Carretera,13769
03005,Curva señalizada,Carretera,13770
03099,Recta,Carretera,13771
03005,No aplica,Calle,13772
03005,Recta,Carretera,13773
03005,No aplica,Calle,13774
00000,Curva señalizada,Carretera,13775
00000,Recta,Carretera,13776
03009,No aplica,Calle,13777
03009,Recta,Carretera,13778
03009,No aplica,Calle,13779
03009,No aplica,Calle,13780
03009,Curva señalizada,Carretera,13781
03009,No aplica,Calle,13782
03009,No aplica,Calle,13783
03009,Curva señalizada,Carretera,13784
03009,No aplica,Calle,13785
03009,No aplica,Calle,13786
03009,No aplica,Calle,13787
03009,Curva señalizada,Carretera,13788
03009,No aplica,Calle,13789
03009,No aplica,Calle,13790
03009,No aplica,Calle,13791
03009,No aplica,Calle,13792
03009,No aplica,Calle,13793
03009,No aplica,Calle,13794
03009,No aplica,Calle,13795
03009,No aplica,Calle,13796
03009,No aplica,Calle,13797
03009,No aplica,Calle,13798
03009,Curva sin señalizar,Carretera,13799
03009,No aplica,Calle,13800
03009,Recta,Carretera,13801
03009,Recta,Carretera,13802
03009,No aplica,Calle,13803
03009,No aplica,Calle,13804
03009,Curva sin señalizar,Carretera,13805
03009,Curva señalizada,Carretera,13806
03009,Curva señalizada,Autopista o autovía urbana,13807
03009,Curva sin señalizar,Carretera,13808
03009,Curva sin señalizar,Carretera,13809
03009,No aplica,Calle,13810
03009,Recta,Carretera,13811
03009,No aplica,Calle,13812
03009,No aplica,Calle,13813
03009,No aplica,Calle,13814
03009,No aplica,Calle,13815
03009,No aplica,Calle,13816
03009,No aplica,Calle,13817
03009,No aplica,Calle,13818
03009,No aplica,Calle,13819
03009,No aplica,Calle,13820
03009,No aplica,Calle,13821
03009,Curva señalizada,Carretera,13822
03009,No aplica,Calle,13823
03009,No aplica,Calle,13824
03009,No aplica,Calle,13825
03009,Curva señalizada,Carretera,13826
03009,No aplica,Calle,13827
03009,No aplica,Calle,13828
03009,No aplica,Calle,13829
03009,No aplica,Calle,13830
03009,No aplica,Calle,13831
03009,Curva señalizada,Carretera,13832
03009,No aplica,Calle,13833
03009,No aplica,Calle,13834
03009,Curva señalizada,Carretera,13835
03009,Curva señalizada,Carretera,13836
03009,No aplica,Calle,13837
03009,Curva señalizada,Carretera,13838
03009,No aplica,Calle,13839
03009,Recta,Carretera,13840
03009,No aplica,Calle,13841
03009,No aplica,Calle,13842
03009,No aplica,Calle,13843
03009,No aplica,Calle,13844
03009,No aplica,Calle,13845
03009,No aplica,Calle,13846
03009,No aplica,Calle,13847
00000,Curva señalizada,Carretera,13848
03011,Recta,Carretera,13849
03011,Recta,Carretera,13850
03011,No aplica,Calle,13851
03011,No aplica,Calle,13852
03011,No aplica,Calle,13853
03011,No aplica,Calle,13854
03011,No aplica,Calle,13855
03011,No aplica,Calle,13856
03011,No aplica,Calle,13857
03011,No aplica,Calle,13858
03011,No aplica,Calle,13859
03011,No aplica,Calle,13860
03011,No aplica,Calle,13861
03011,No aplica,Calle,13862
03011,No aplica,Calle,13863
03011,Recta,Carretera,13864
03011,No aplica,Calle,13865
03011,No aplica,Calle,13866
03011,No aplica,Calle,13867
03011,No aplica,Calle,13868
03011,No aplica,Calle,13869
03011,No aplica,Calle,13870
00000,Curva señalizada,Carretera,13871
00000,Curva señalizada,Carretera,13872
00000,Curva sin señalizar,Carretera,13873
00000,Recta,Carretera,13874
00000,Recta,Carretera,13875
00000,Recta,Carretera,13876
00000,Curva señalizada,Carretera,13877
00000,Curva señalizada,Carretera,13878
00000,Recta,Carretera,13879
00000,Curva señalizada,Carretera,13880
00000,Recta,Carretera,13881
00000,Recta,Carretera,13882
00000,Recta,Carretera,13883
00000,Recta,Carretera,13884
00000,Curva señalizada,Carretera,13885
03014,Curva señalizada,Carretera,13886
03014,Curva señalizada,Carretera,13887
03014,Curva señalizada,Carretera,13888
03014,Recta,Carretera,13889
03014,No aplica,Calle,13890
03014,Recta,Carretera,13891
03014,Recta,Carretera,13892
03014,Recta,Carretera,13893
03014,Recta,Autopista o autovía urbana,13894
03014,Curva señalizada,Carretera,13895
03014,Recta,Carretera,13896
03014,Recta,Carretera,13897
03014,No aplica,Calle,13898
03014,Recta,Carretera,13899
03014,No aplica,Calle,13900
03014,No aplica,Calle,13901
03014,No aplica,Calle,13902
03014,No aplica,Calle,13903
03014,No aplica,Calle,13904
03014,No aplica,Calle,13905
03014,No aplica,Calle,13906
03014,No aplica,Calle,13907
03014,No aplica,Calle,13908
03014,No aplica,Calle,13909
03014,Recta,Carretera,13910
03014,No aplica,Calle,13911
03014,No aplica,Calle,13912
03014,No aplica,Calle,13913
03014,No aplica,Calle,13914
03014,Curva señalizada,Carretera,13915
03014,Recta,Carretera,13916
03014,Recta,Carretera,13917
03014,Recta,Carretera,13918
03014,No aplica,Calle,13919
03014,No aplica,Calle,13920
03014,No aplica,Calle,13921
03014,No aplica,Calle,13922
03014,Recta,Carretera,13923
03014,No aplica,Calle,13924
03014,No aplica,Calle,13925
03014,No aplica,Calle,13926
03014,No aplica,Calle,13927
03014,No aplica,Calle,13928
03014,No aplica,Calle,13929
03014,No aplica,Calle,13930
03014,No aplica,Calle,13931
03014,No aplica,Calle,13932
03014,No aplica,Calle,13933
03014,No aplica,Calle,13934
03014,No aplica,Calle,13935
03014,No aplica,Calle,13936
03014,No aplica,Calle,13937
03014,Recta,Carretera,13938
03014,Curva señalizada,Carretera,13939
03014,No aplica,Calle,13940
03014,No aplica,Calle,13941
03014,No aplica,Calle,13942
03014,No aplica,Calle,13943
03014,No aplica,Calle,13944
03014,No aplica,Calle,13945
03014,No aplica,Calle,13946
03014,No aplica,Calle,13947
03014,No aplica,Calle,13948
03014,No aplica,Calle,13949
03014,No aplica,Calle,13950
03014,No aplica,Calle,13951
03014,No aplica,Calle,13952
03014,No aplica,Calle,13953
03014,No aplica,Calle,13954
03014,No aplica,Calle,13955
03014,No aplica,Calle,13956
03014,No aplica,Calle,13957
03014,No aplica,Calle,13958
03014,No aplica,Calle,13959
03014,No aplica,Calle,13960
03014,Recta,Carretera,13961
03122,Recta,Carretera,13962
03014,Curva sin señalizar,Carretera,13963
03014,Recta,Carretera,13964
03014,Recta,Carretera,13965
03065,Recta,Carretera,13966
03014,Recta,Carretera,13967
03088,Curva señalizada,Carretera,13968
03014,No aplica,Calle,13969
03014,No aplica,Calle,13970
03014,No aplica,Calle,13971
03014,Recta,Carretera,13972
03014,No aplica,Calle,13973
03014,No aplica,Calle,13974
03014,Recta,Carretera,13975
03014,Curva señalizada,Carretera,13976
03014,No aplica,Calle,13977
03014,No aplica,Calle,13978
03014,No aplica,Calle,13979
03014,Curva señalizada,Carretera,13980
03014,No aplica,Calle,13981
03014,No aplica,Calle,13982
03014,No aplica,Calle,13983
03014,Recta,Carretera,13984
03014,Recta,Carretera,13985
03014,No aplica,Calle,13986
03014,Recta,Carretera,13987
03014,No aplica,Calle,13988
03014,Curva sin señalizar,Carretera,13989
03014,Recta,Carretera,13990
03014,No aplica,Calle,13991
03014,No aplica,Calle,13992
03014,Curva sin señalizar,Carretera,13993
03014,Recta,Carretera,13994
03014,Curva señalizada,Carretera,13995
03014,Recta,Carretera,13996
03090,Recta,Carretera,13997
03014,Curva señalizada,Carretera,13998
03014,Curva señalizada,Carretera,13999
03014,No aplica,Calle,14000
00000,Se desconoce,Carretera,14001
03014,No aplica,Calle,14002
03014,Recta,Autopista o autovía urbana,14003
03014,Curva señalizada,Carretera,14004
03014,No aplica,Calle,14005
03014,No aplica,Calle,14006
03014,No aplica,Calle,14007
03014,No aplica,Calle,14008
03014,Recta,Carretera,14009
03014,No aplica,Calle,14010
03014,No aplica,Calle,14011
03014,Curva señalizada,Carretera,14012
03014,Curva sin señalizar,Carretera,14013
03014,No aplica,Calle,14014
03014,No aplica,Calle,14015
03014,No aplica,Calle,14016
03014,Recta,Carretera,14017
03014,Recta,Carretera,14018
03014,Recta,Carretera,14019
03014,Recta,Carretera,14020
03014,No aplica,Calle,14021
03014,Recta,Carretera,14022
03014,Recta,Carretera,14023
03014,No aplica,Calle,14024
03014,No aplica,Calle,14025
03014,No aplica,Calle,14026
03014,Recta,Carretera,14027
03014,No aplica,Calle,14028
03014,Recta,Carretera,14029
03014,Recta,Carretera,14030
03119,Curva sin señalizar,Carretera,14031
03014,Curva señalizada,Carretera,14032
03014,Curva señalizada,Carretera,14033
03014,Recta,Carretera,14034
03014,Recta,Carretera,14035
03014,Recta,Carretera,14036
03014,Recta,Carretera,14037
03014,Recta,Carretera,14038
03014,No aplica,Calle,14039
03014,No aplica,Calle,14040
03014,Recta,Carretera,14041
03014,Recta,Carretera,14042
03014,No aplica,Calle,14043
03014,No aplica,Calle,14044
03014,Recta,Carretera,14045
03014,No aplica,Calle,14046
03014,No aplica,Calle,14047
03014,No aplica,Calle,14048
03014,No aplica,Calle,14049
03014,No aplica,Calle,14050
03014,No aplica,Calle,14051
03014,Recta,Carretera,14052
03014,Recta,Carretera,14053
03014,Recta,Carretera,14054
03014,No aplica,Calle,14055
03014,No aplica,Calle,14056
03014,No aplica,Calle,14057
03014,No aplica,Calle,14058
03014,No aplica,Calle,14059
03014,No aplica,Calle,14060
03014,No aplica,Calle,14061
03014,Curva señalizada,Carretera,14062
03014,No aplica,Calle,14063
03014,No aplica,Calle,14064
03014,Recta,Carretera,14065
03014,Recta,Carretera,14066
03014,No aplica,Calle,14067
03014,No aplica,Calle,14068
03014,No aplica,Calle,14069
03014,Recta,Carretera,14070
03014,Curva señalizada,Carretera,14071
03014,No aplica,Calle,14072
03014,Recta,Carretera,14073
03014,Recta,Carretera,14074
03014,No aplica,Calle,14075
03014,No aplica,Calle,14076
03014,Recta,Carretera,14077
03014,No aplica,Calle,14078
03014,Recta,Carretera,14079
03014,Curva señalizada,Carretera,14080
03014,No aplica,Calle,14081
03014,Curva señalizada,Carretera,14082
03014,Recta,Carretera,14083
03014,No aplica,Calle,14084
03014,Recta,Carretera,14085
03014,Curva sin señalizar,Carretera,14086
03014,No aplica,Calle,14087
03014,Curva señalizada,Carretera,14088
03014,Recta,Carretera,14089
03014,No aplica,Calle,14090
03014,Recta,Carretera,14091
03014,Recta,Carretera,14092
03014,No aplica,Calle,14093
03014,Curva señalizada,Carretera,14094
03014,Recta,Carretera,14095
03014,Recta,Carretera,14096
03014,Recta,Carretera,14097
03014,Recta,Carretera,14098
03014,No aplica,Calle,14099
03014,No aplica,Calle,14100
03014,No aplica,Calle,14101
03014,No aplica,Calle,14102
03014,No aplica,Calle,14103
03014,No aplica,Calle,14104
03014,No aplica,Calle,14105
03014,No aplica,Calle,14106
03014,No aplica,Calle,14107
03014,No aplica,Calle,14108
03014,No aplica,Calle,14109
03014,No aplica,Calle,14110
03014,No aplica,Calle,14111
03014,No aplica,Calle,14112
03014,No aplica,Calle,14113
03014,No aplica,Calle,14114
03014,No aplica,Calle,14115
03014,No aplica,Calle,14116
03014,No aplica,Calle,14117
03014,No aplica,Calle,14118
03014,No aplica,Calle,14119
03014,No aplica,Calle,14120
03014,No aplica,Calle,14121
03014,No aplica,Calle,14122
03014,No aplica,Calle,14123
03014,No aplica,Calle,14124
03014,No aplica,Calle,14125
03014,No aplica,Calle,14126
03014,No aplica,Calle,14127
03014,No aplica,Calle,14128
03014,No aplica,Calle,14129
03014,Recta,Carretera,14130
03014,Curva señalizada,Carretera,14131
03014,No aplica,Calle,14132
03014,Recta,Carretera,14133
03014,No aplica,Calle,14134
03014,Recta,Carretera,14135
03014,Recta,Carretera,14136
03014,Recta,Carretera,14137
03014,No aplica,Calle,14138
03014,No aplica,Calle,14139
03014,No aplica,Calle,14140
03014,No aplica,Calle,14141
03014,No aplica,Calle,14142
03014,Se desconoce,Carretera,14143
03014,No aplica,Calle,14144
03014,Recta,Carretera,14145
03014,No aplica,Calle,14146
03014,No aplica,Calle,14147
03014,Recta,Carretera,14148
03014,No aplica,Calle,14149
03014,No aplica,Calle,14150
03014,Recta,Carretera,14151
03014,Curva señalizada,Carretera,14152
03014,No aplica,Calle,14153
03014,No aplica,Calle,14154
03014,Recta,Carretera,14155
03014,No aplica,Calle,14156
03014,Recta,Carretera,14157
03014,Recta,Carretera,14158
03014,Curva señalizada,Carretera,14159
03014,No aplica,Calle,14160
03014,No aplica,Calle,14161
03014,No aplica,Calle,14162
03014,No aplica,Calle,14163
03014,No aplica,Calle,14164
03014,No aplica,Calle,14165
03014,Recta,Carretera,14166
03014,Curva señalizada,Carretera,14167
03014,Recta,Carretera,14168
03014,No aplica,Calle,14169
03014,No aplica,Calle,14170
03024,Curva señalizada,Carretera,14171
03014,Recta,Carretera,14172
03014,Recta,Carretera,14173
03014,No aplica,Calle,14174
03014,No aplica,Calle,14175
03014,No aplica,Calle,14176
03014,No aplica,Calle,14177
03014,No aplica,Calle,14178
03014,Recta,Carretera,14179
03014,No aplica,Calle,14180
03014,No aplica,Calle,14181
03014,No aplica,Calle,14182
03014,No aplica,Calle,14183
03014,Recta,Carretera,14184
03014,Curva señalizada,Carretera,14185
03014,No aplica,Calle,14186
03014,Curva señalizada,Carretera,14187
03014,Recta,Carretera,14188
03014,No aplica,Calle,14189
03014,Recta,Carretera,14190
03014,Recta,Carretera,14191
03014,No aplica,Calle,14192
03014,No aplica,Calle,14193
03014,No aplica,Calle,14194
03014,No aplica,Calle,14195
03014,No aplica,Calle,14196
03014,No aplica,Calle,14197
03014,No aplica,Calle,14198
03014,No aplica,Calle,14199
03014,No aplica,Calle,14200
03014,No aplica,Calle,14201
03015,Curva señalizada,Carretera,14202
03015,Recta,Carretera,14203
03015,Recta,Carretera,14204
03015,Recta,Carretera,14205
03015,Curva sin señalizar,Carretera,14206
00000,Recta,Carretera,14207
03055,Recta,Autopista o autovía urbana,14208
03015,Recta,Autopista o autovía urbana,14209
03015,Recta,Carretera,14210
03015,Recta,Carretera,14211
03015,Curva señalizada,Carretera,14212
03015,Curva señalizada,Carretera,14213
03015,Recta,Carretera,14214
00000,Recta,Carretera,14215
03015,Curva sin señalizar,Carretera,14216
03015,Recta,Carretera,14217
03024,Recta,Carretera,14218
03015,Recta,Carretera,14219
03018,No aplica,Calle,14220
03018,No aplica,Calle,14221
03018,No aplica,Calle,14222
03018,Recta,Carretera,14223
03018,Curva señalizada,Carretera,14224
03018,No aplica,Calle,14225
03018,No aplica,Calle,14226
03018,No aplica,Calle,14227
03018,No aplica,Calle,14228
03018,Curva señalizada,Carretera,14229
03018,No aplica,Calle,14230
03018,No aplica,Calle,14231
03018,Recta,Carretera,14232
03018,No aplica,Calle,14233
03018,No aplica,Calle,14234
03018,Curva señalizada,Carretera,14235
03018,No aplica,Calle,14236
03018,No aplica,Calle,14237
03018,No aplica,Calle,14238
03018,No aplica,Calle,14239
03018,Recta,Carretera,14240
03018,No aplica,Calle,14241
03018,No aplica,Calle,14242
03018,Curva señalizada,Carretera,14243
03018,No aplica,Calle,14244
03018,No aplica,Calle,14245
03018,No aplica,Calle,14246
03018,Recta,Carretera,14247
03018,Recta,Carretera,14248
03018,Recta,Carretera,14249
03018,No aplica,Calle,14250
03018,No aplica,Calle,14251
03018,Recta,Carretera,14252
03018,Recta,Carretera,14253
03018,No aplica,Calle,14254
03018,No aplica,Calle,14255
03018,No aplica,Calle,14256
03018,No aplica,Calle,14257
03018,No aplica,Calle,14258
03018,No aplica,Calle,14259
03018,No aplica,Calle,14260
03018,No aplica,Calle,14261
03018,No aplica,Calle,14262
03018,No aplica,Calle,14263
03018,No aplica,Calle,14264
03018,No aplica,Calle,14265
03018,No aplica,Calle,14266
03018,No aplica,Calle,14267
03018,No aplica,Calle,14268
03018,No aplica,Calle,14269
03018,No aplica,Calle,14270
03018,No aplica,Calle,14271
03018,No aplica,Calle,14272
03018,Curva señalizada,Carretera,14273
03018,Curva señalizada,Carretera,14274
03018,Recta,Carretera,14275
03019,Curva sin señalizar,Carretera,14276
03019,Se desconoce,Carretera,14277
03019,Curva señalizada,Carretera,14278
03065,Curva señalizada,Carretera,14279
03019,Curva sin señalizar,Carretera,14280
03019,Curva sin señalizar,Carretera,14281
03019,Curva sin señalizar,Carretera,14282
03019,Curva señalizada,Carretera,14283
03019,Curva sin señalizar,Carretera,14284
03019,Curva señalizada,Carretera,14285
03019,Recta,Carretera,14286
03093,Curva señalizada,Carretera,14287
03019,Recta,Carretera,14288
03019,Recta,Carretera,14289
03019,Curva señalizada,Carretera,14290
03021,Curva sin señalizar,Carretera,14291
03021,Curva señalizada,Carretera,14292
03021,Recta,Carretera,14293
03021,Curva señalizada,Carretera,14294
03009,Curva señalizada,Carretera,14295
03009,Curva señalizada,Carretera,14296
03021,Curva señalizada,Carretera,14297
03009,Curva señalizada,Carretera,14298
00000,No aplica,Calle,14299
00000,Recta,Carretera,14300
00000,Curva sin señalizar,Carretera,14301
00000,Recta,Carretera,14302
00000,No aplica,Calle,14303
03099,Recta,Carretera,14304
03024,Curva señalizada,Carretera,14305
03024,Recta,Carretera,14306
03024,Curva señalizada,Carretera,14307
00000,Curva señalizada,Carretera,14308
00000,Curva sin señalizar,Carretera,14309
00000,Recta,Carretera,14310
00000,Recta,Carretera,14311
00000,No aplica,Calle,14312
00000,Recta,Carretera,14313
00000,Curva señalizada,Carretera,14314
00000,Curva señalizada,Carretera,14315
00000,Curva señalizada,Carretera,14316
00000,Recta,Carretera,14317
00000,No aplica,Calle,14318
00000,Recta,Carretera,14319
00000,Recta,Carretera,14320
03031,No aplica,Calle,14321
03031,No aplica,Calle,14322
03031,No aplica,Calle,14323
03031,Recta,Carretera,14324
03031,No aplica,Calle,14325
03031,No aplica,Calle,14326
03031,No aplica,Calle,14327
03031,No aplica,Calle,14328
03031,No aplica,Calle,14329
03031,Recta,Carretera,14330
03031,Recta,Autopista o autovía urbana,14331
03031,Curva señalizada,Carretera,14332
03031,No aplica,Calle,14333
03031,No aplica,Calle,14334
03031,No aplica,Calle,14335
03031,No aplica,Calle,14336
03031,No aplica,Calle,14337
03031,No aplica,Calle,14338
03031,No aplica,Calle,14339
03031,No aplica,Calle,14340
03031,No aplica,Calle,14341
03031,No aplica,Calle,14342
03031,No aplica,Calle,14343
03031,No aplica,Calle,14344
03031,No aplica,Calle,14345
03031,No aplica,Calle,14346
03069,Recta,Carretera,14347
03031,Recta,Carretera,14348
03031,No aplica,Calle,14349
03031,No aplica,Calle,14350
03031,No aplica,Calle,14351
03031,No aplica,Calle,14352
03031,No aplica,Calle,14353
03031,No aplica,Calle,14354
03031,No aplica,Calle,14355
03031,No aplica,Calle,14356
03031,No aplica,Calle,14357
03031,No aplica,Calle,14358
03031,No aplica,Calle,14359
03031,No aplica,Calle,14360
03031,No aplica,Calle,14361
03031,No aplica,Calle,14362
03031,No aplica,Calle,14363
03031,No aplica,Calle,14364
03031,No aplica,Calle,14365
03031,No aplica,Calle,14366
03031,No aplica,Calle,14367
03031,No aplica,Calle,14368
03031,No aplica,Calle,14369
03031,No aplica,Calle,14370
03031,No aplica,Calle,14371
03031,Recta,Carretera,14372
03031,No aplica,Calle,14373
03031,No aplica,Calle,14374
03031,No aplica,Calle,14375
03031,No aplica,Calle,14376
03031,Recta,Carretera,14377
03031,Recta,Carretera,14378
03031,No aplica,Calle,14379
03031,No aplica,Calle,14380
03031,No aplica,Calle,14381
03031,No aplica,Calle,14382
03031,No aplica,Calle,14383
03031,Curva señalizada,Carretera,14384
03031,No aplica,Calle,14385
03031,No aplica,Calle,14386
03031,No aplica,Calle,14387
03031,No aplica,Calle,14388
03031,No aplica,Calle,14389
03031,No aplica,Calle,14390
03031,No aplica,Calle,14391
03031,No aplica,Calle,14392
03031,No aplica,Calle,14393
03031,No aplica,Calle,14394
03031,No aplica,Calle,14395
03031,No aplica,Calle,14396
03031,No aplica,Calle,14397
03031,No aplica,Calle,14398
03031,No aplica,Calle,14399
03031,No aplica,Calle,14400
03031,Recta,Carretera,14401
03031,No aplica,Calle,14402
03031,No aplica,Calle,14403
03031,No aplica,Calle,14404
03031,No aplica,Calle,14405
03031,No aplica,Calle,14406
03031,No aplica,Calle,14407
03031,No aplica,Calle,14408
03031,No aplica,Calle,14409
03031,No aplica,Calle,14410
03031,No aplica,Calle,14411
03031,No aplica,Calle,14412
03031,No aplica,Calle,14413
03031,No aplica,Calle,14414
03031,No aplica,Calle,14415
03031,No aplica,Calle,14416
03031,No aplica,Calle,14417
03031,No aplica,Calle,14418
03031,No aplica,Calle,14419
03031,No aplica,Calle,14420
03031,No aplica,Calle,14421
03018,Recta,Carretera,14422
03031,No aplica,Calle,14423
03031,No aplica,Calle,14424
03031,No aplica,Calle,14425
03031,No aplica,Calle,14426
03031,No aplica,Calle,14427
03031,No aplica,Calle,14428
03069,Recta,Carretera,14429
03031,No aplica,Calle,14430
03031,No aplica,Calle,14431
03031,No aplica,Calle,14432
03031,No aplica,Calle,14433
03031,No aplica,Calle,14434
03031,No aplica,Calle,14435
03031,No aplica,Calle,14436
03031,No aplica,Calle,14437
03031,No aplica,Calle,14438
03031,No aplica,Calle,14439
03031,No aplica,Calle,14440
03031,No aplica,Calle,14441
03031,No aplica,Calle,14442
03031,No aplica,Calle,14443
03031,Curva señalizada,Carretera,14444
03031,No aplica,Calle,14445
03031,No aplica,Calle,14446
03031,No aplica,Calle,14447
03094,Curva señalizada,Carretera,14448
03031,No aplica,Calle,14449
03031,No aplica,Calle,14450
03031,No aplica,Calle,14451
03031,No aplica,Calle,14452
03031,No aplica,Calle,14453
03031,No aplica,Calle,14454
03031,No aplica,Calle,14455
03031,No aplica,Calle,14456
03031,No aplica,Calle,14457
03031,No aplica,Calle,14458
03031,No aplica,Calle,14459
03031,No aplica,Calle,14460
03031,No aplica,Calle,14461
03031,No aplica,Calle,14462
03031,No aplica,Calle,14463
03031,No aplica,Calle,14464
03031,Curva señalizada,Carretera,14465
03031,Recta,Carretera,14466
03031,No aplica,Calle,14467
03031,No aplica,Calle,14468
03031,No aplica,Calle,14469
03031,Recta,Carretera,14470
03031,No aplica,Calle,14471
03031,No aplica,Calle,14472
03031,No aplica,Calle,14473
03031,No aplica,Calle,14474
03031,No aplica,Calle,14475
03031,No aplica,Calle,14476
03031,No aplica,Calle,14477
03031,No aplica,Calle,14478
03031,No aplica,Calle,14479
03031,No aplica,Calle,14480
03031,No aplica,Calle,14481
03031,No aplica,Calle,14482
03031,No aplica,Calle,14483
03031,No aplica,Calle,14484
03031,No aplica,Calle,14485
03031,No aplica,Calle,14486
03031,No aplica,Calle,14487
03031,No aplica,Calle,14488
03031,No aplica,Calle,14489
03031,No aplica,Calle,14490
03031,No aplica,Calle,14491
03031,No aplica,Calle,14492
03031,Recta,Carretera,14493
03031,No aplica,Calle,14494
03031,No aplica,Calle,14495
03031,No aplica,Calle,14496
03031,No aplica,Calle,14497
03031,No aplica,Calle,14498
03031,No aplica,Calle,14499
03031,No aplica,Calle,14500
03031,No aplica,Calle,14501
03031,No aplica,Calle,14502
03031,No aplica,Calle,14503
03031,No aplica,Calle,14504
03031,No aplica,Calle,14505
03031,No aplica,Calle,14506
03031,No aplica,Calle,14507
03031,Recta,Carretera,14508
03031,No aplica,Calle,14509
03031,No aplica,Calle,14510
03031,No aplica,Calle,14511
03031,No aplica,Calle,14512
03031,No aplica,Calle,14513
03031,No aplica,Calle,14514
03031,No aplica,Calle,14515
03031,No aplica,Calle,14516
03031,No aplica,Calle,14517
03031,No aplica,Calle,14518
03031,No aplica,Calle,14519
03031,No aplica,Calle,14520
03009,Recta,Carretera,14521
00000,Curva señalizada,Carretera,14522
00000,Curva señalizada,Carretera,14523
00000,Curva señalizada,Carretera,14524
00000,Recta,Carretera,14525
00000,Curva señalizada,Carretera,14526
00000,Recta,Carretera,14527
00000,Recta,Carretera,14528
00000,Curva señalizada,Carretera,14529
00000,Curva señalizada,Carretera,14530
00000,Curva señalizada,Carretera,14531
00000,Recta,Carretera,14532
00000,Recta,Carretera,14533
03041,No aplica,Calle,14534
03041,Curva señalizada,Carretera,14535
03041,Curva señalizada,Carretera,14536
03041,Recta,Carretera,14537
03041,Recta,Carretera,14538
03041,Recta,Carretera,14539
03041,Recta,Carretera,14540
03041,Curva señalizada,Carretera,14541
03041,Curva señalizada,Carretera,14542
03041,Curva señalizada,Carretera,14543
03041,Se desconoce,Carretera,14544
03041,Curva señalizada,Carretera,14545
03041,Recta,Carretera,14546
03041,Curva señalizada,Carretera,14547
03041,Curva señalizada,Carretera,14548
03041,Curva señalizada,Carretera,14549
03041,Recta,Carretera,14550
00000,Recta,Carretera,14551
00000,Curva señalizada,Carretera,14552
03099,Curva señalizada,Carretera,14553
03044,Recta,Carretera,14554
03044,Recta,Carretera,14555
03044,Recta,Carretera,14556
03044,Curva señalizada,Carretera,14557
00000,Se desconoce,Carretera,14558
00000,Se desconoce,Carretera,14559
00000,Curva señalizada,Carretera,14560
00000,Curva señalizada,Carretera,14561
00000,Recta,Carretera,14562
03047,Recta,Carretera,14563
03041,Curva señalizada,Carretera,14564
03041,Curva señalizada,Carretera,14565
03047,Curva sin señalizar,Carretera,14566
03047,Curva sin señalizar,Carretera,14567
03018,Curva señalizada,Carretera,14568
03047,Recta,Carretera,14569
03047,Recta,Carretera,14570
03048,Curva señalizada,Carretera,14571
03048,Recta,Carretera,14572
03049,Recta,Carretera,14573
03049,Curva señalizada,Carretera,14574
03049,Curva señalizada,Carretera,14575
03049,Curva señalizada,Carretera,14576
03049,Recta,Carretera,14577
03049,Recta,Carretera,14578
03049,Recta,Carretera,14579
03049,Recta,Carretera,14580
03049,Curva señalizada,Carretera,14581
03049,Curva señalizada,Carretera,14582
03050,Curva señalizada,Carretera,14583
03050,Curva sin señalizar,Carretera,14584
03050,Curva señalizada,Carretera,14585
03050,Curva sin señalizar,Carretera,14586
03050,Curva sin señalizar,Carretera,14587
03050,Recta,Carretera,14588
03050,Curva señalizada,Carretera,14589
03050,Recta,Carretera,14590
03050,Curva señalizada,Carretera,14591
03050,Curva señalizada,Carretera,14592
03050,Recta,Carretera,14593
03050,Recta,Carretera,14594
03050,Recta,Carretera,14595
03050,Curva sin señalizar,Carretera,14596
03050,Recta,Carretera,14597
03014,Recta,Carretera,14598
00000,Recta,Carretera,14599
03053,Recta,Carretera,14600
03053,Curva señalizada,Carretera,14601
03053,Curva señalizada,Carretera,14602
03096,Recta,Carretera,14603
03053,Curva sin señalizar,Carretera,14604
03053,Recta,Carretera,14605
03096,Recta,Carretera,14606
03053,Recta,Carretera,14607
00000,Curva señalizada,Carretera,14608
03053,Recta,Carretera,14609
00000,Curva señalizada,Carretera,14610
03059,Curva señalizada,Carretera,14611
03055,No aplica,Calle,14612
03055,Recta,Carretera,14613
03055,No aplica,Calle,14614
03055,No aplica,Calle,14615
03055,No aplica,Calle,14616
03055,No aplica,Calle,14617
03055,Recta,Carretera,14618
03055,Curva señalizada,Carretera,14619
03059,Recta,Travesía,14620
03055,Recta,Carretera,14621
03055,Recta,Carretera,14622
03055,Recta,Carretera,14623
03056,Curva señalizada,Carretera,14624
03056,Curva sin señalizar,Carretera,14625
03056,Recta,Carretera,14626
03009,Recta,Carretera,14627
03056,Recta,Carretera,14628
03056,Recta,Carretera,14629
03056,Curva señalizada,Carretera,14630
03056,Curva señalizada,Carretera,14631
03056,Curva sin señalizar,Carretera,14632
00000,Curva señalizada,Carretera,14633
03056,Curva sin señalizar,Carretera,14634
03056,Recta,Autopista o autovía urbana,14635
03056,Curva señalizada,Carretera,14636
03056,Curva señalizada,Carretera,14637
03056,Curva señalizada,Carretera,14638
03056,Curva señalizada,Carretera,14639
03058,No aplica,Calle,14640
03058,Recta,Carretera,14641
03058,Recta,Carretera,14642
03058,No aplica,Calle,14643
03058,Recta,Carretera,14644
03058,Recta,Carretera,14645
03058,No aplica,Calle,14646
03058,No aplica,Calle,14647
03058,No aplica,Calle,14648
03058,No aplica,Calle,14649
03058,No aplica,Calle,14650
03058,Recta,Carretera,14651
03058,No aplica,Calle,14652
03058,No aplica,Calle,14653
03058,No aplica,Calle,14654
03058,No aplica,Calle,14655
03058,No aplica,Calle,14656
03058,No aplica,Calle,14657
03058,No aplica,Calle,14658
03065,Recta,Carretera,14659
03059,Recta,Carretera,14660
03059,Recta,Carretera,14661
03059,Curva señalizada,Carretera,14662
03059,Curva sin señalizar,Carretera,14663
03065,Curva señalizada,Carretera,14664
03099,Curva señalizada,Carretera,14665
03059,Recta,Carretera,14666
03059,Recta,Carretera,14667
03059,Recta,Carretera,14668
03059,Recta,Carretera,14669
03059,Curva sin señalizar,Carretera,14670
03059,Curva señalizada,Carretera,14671
03059,No aplica,Calle,14672
03059,Curva señalizada,Carretera,14673
03059,Recta,Carretera,14674
03059,Recta,Carretera,14675
03059,No aplica,Calle,14676
03059,Recta,Carretera,14677
03059,No aplica,Calle,14678
03059,Curva señalizada,Carretera,14679
03059,Curva señalizada,Carretera,14680
03059,Curva sin señalizar,Carretera,14681
03059,Recta,Carretera,14682
03059,Recta,Carretera,14683
03059,Recta,Carretera,14684
03059,Curva sin señalizar,Carretera,14685
03059,Recta,Carretera,14686
03059,Recta,Carretera,14687
03059,Recta,Carretera,14688
03059,Curva señalizada,Carretera,14689
03059,Recta,Autopista o autovía urbana,14690
03059,Recta,Carretera,14691
03059,Curva señalizada,Carretera,14692
03059,Recta,Carretera,14693
03059,Recta,Carretera,14694
03059,Recta,Carretera,14695
03059,Recta,Carretera,14696
03059,Curva señalizada,Carretera,14697
03065,Curva señalizada,Carretera,14698
03059,Recta,Carretera,14699
03019,Recta,Carretera,14700
03059,Recta,Carretera,14701
03059,Recta,Carretera,14702
03059,No aplica,Calle,14703
03059,No aplica,Calle,14704
03059,Recta,Carretera,14705
03059,Recta,Carretera,14706
03065,Curva señalizada,Carretera,14707
03059,Recta,Carretera,14708
03059,Recta,Carretera,14709
03059,Recta,Carretera,14710
03059,Recta,Carretera,14711
03099,Se desconoce,Travesía,14712
03059,Recta,Carretera,14713
03065,Se desconoce,Carretera,14714
00000,Curva señalizada,Carretera,14715
00000,Recta,Carretera,14716
00000,Recta,Travesía,14717
00000,Recta,Carretera,14718
03063,Recta,Carretera,14719
03063,Curva señalizada,Carretera,14720
03063,No aplica,Calle,14721
03063,No aplica,Calle,14722
03063,Recta,Carretera,14723
03063,Curva señalizada,Carretera,14724
03063,Curva señalizada,Carretera,14725
03063,No aplica,Calle,14726
03063,No aplica,Calle,14727
03063,Curva sin señalizar,Carretera,14728
03063,No aplica,Calle,14729
03063,Curva señalizada,Carretera,14730
03063,No aplica,Calle,14731
03063,No aplica,Calle,14732
03063,No aplica,Calle,14733
03063,Recta,Carretera,14734
03063,No aplica,Calle,14735
03063,No aplica,Calle,14736
03063,No aplica,Calle,14737
03063,No aplica,Calle,14738
03063,No aplica,Calle,14739
03063,No aplica,Calle,14740
03063,No aplica,Calle,14741
03063,No aplica,Calle,14742
03063,No aplica,Calle,14743
03063,Curva sin señalizar,Carretera,14744
03063,No aplica,Calle,14745
03063,Curva señalizada,Carretera,14746
03063,Recta,Carretera,14747
03063,Recta,Carretera,14748
03063,Curva señalizada,Carretera,14749
03082,Recta,Carretera,14750
03063,Curva señalizada,Carretera,14751
03063,Curva señalizada,Carretera,14752
03063,Curva sin señalizar,Carretera,14753
03063,Recta,Carretera,14754
03063,Recta,Carretera,14755
03063,No aplica,Calle,14756
03063,Recta,Carretera,14757
03063,Recta,Carretera,14758
03071,Recta,Carretera,14759
03063,No aplica,Calle,14760
03063,No aplica,Calle,14761
03063,No aplica,Calle,14762
03082,Curva sin señalizar,Carretera,14763
03063,No aplica,Calle,14764
03063,No aplica,Calle,14765
03063,Recta,Carretera,14766
03063,Recta,Carretera,14767
03063,No aplica,Calle,14768
03063,No aplica,Calle,14769
03063,No aplica,Calle,14770
03063,No aplica,Calle,14771
03063,No aplica,Calle,14772
03063,Recta,Carretera,14773
03063,Recta,Carretera,14774
03063,No aplica,Calle,14775
03063,No aplica,Calle,14776
03063,No aplica,Calle,14777
03063,No aplica,Calle,14778
03063,Recta,Carretera,14779
03063,No aplica,Calle,14780
03064,Recta,Carretera,14781
03055,Recta,Carretera,14782
03064,Recta,Carretera,14783
03065,Recta,Carretera,14784
03065,Curva sin señalizar,Carretera,14785
03065,Recta,Carretera,14786
03065,No aplica,Calle,14787
03065,Curva señalizada,Carretera,14788
03065,Recta,Carretera,14789
03121,Recta,Carretera,14790
03065,Curva señalizada,Carretera,14791
03065,Curva sin señalizar,Carretera,14792
03065,Recta,Carretera,14793
03065,Recta,Carretera,14794
03065,Recta,Carretera,14795
03065,Recta,Carretera,14796
03065,Recta,Carretera,14797
03065,Curva señalizada,Carretera,14798
03065,Recta,Carretera,14799
03065,Curva señalizada,Carretera,14800
03065,Recta,Carretera,14801
03065,Recta,Carretera,14802
03065,Recta,Carretera,14803
03065,Curva señalizada,Carretera,14804
03065,Recta,Carretera,14805
03065,Recta,Carretera,14806
03065,Recta,Carretera,14807
03065,Recta,Carretera,14808
03065,Curva señalizada,Carretera,14809
03065,Recta,Carretera,14810
03065,Curva señalizada,Carretera,14811
03065,Curva señalizada,Carretera,14812
03065,Recta,Carretera,14813
03065,Recta,Carretera,14814
03065,Curva señalizada,Carretera,14815
03065,Recta,Carretera,14816
03065,Curva señalizada,Carretera,14817
03065,Curva señalizada,Carretera,14818
03065,Recta,Autopista o autovía urbana,14819
03065,Curva señalizada,Carretera,14820
03065,Recta,Carretera,14821
03065,Recta,Carretera,14822
03065,Curva señalizada,Carretera,14823
03065,Recta,Carretera,14824
03065,Recta,Carretera,14825
03065,Recta,Carretera,14826
03065,Curva señalizada,Carretera,14827
03065,Curva sin señalizar,Autopista o autovía urbana,14828
03065,Recta,Carretera,14829
03065,Curva señalizada,Carretera,14830
03065,Curva señalizada,Carretera,14831
03065,Recta,Carretera,14832
03065,Recta,Carretera,14833
03065,Curva señalizada,Carretera,14834
03014,Recta,Carretera,14835
03065,Recta,Carretera,14836
03065,Recta,Carretera,14837
03065,Recta,Carretera,14838
03065,Recta,Carretera,14839
03065,Recta,Carretera,14840
03065,Recta,Carretera,14841
03065,Recta,Carretera,14842
03065,Curva sin señalizar,Carretera,14843
03065,Recta,Carretera,14844
03065,Curva sin señalizar,Carretera,14845
03065,Curva señalizada,Carretera,14846
03065,Curva señalizada,Carretera,14847
03065,Curva señalizada,Carretera,14848
03065,Recta,Carretera,14849
03065,Curva señalizada,Carretera,14850
03065,Recta,Carretera,14851
03065,Curva señalizada,Carretera,14852
03065,Recta,Carretera,14853
03065,Recta,Carretera,14854
03065,Recta,Carretera,14855
03065,Se desconoce,Carretera,14856
03065,Recta,Carretera,14857
03065,No aplica,Calle,14858
03119,Recta,Carretera,14859
03121,Curva señalizada,Carretera,14860
03065,Recta,Carretera,14861
03065,Recta,Carretera,14862
03065,Curva señalizada,Carretera,14863
03065,Curva señalizada,Carretera,14864
03065,Recta,Carretera,14865
03065,Recta,Carretera,14866
03065,Curva señalizada,Carretera,14867
03065,Recta,Carretera,14868
03065,Recta,Carretera,14869
03065,Curva señalizada,Carretera,14870
03065,Recta,Carretera,14871
03121,Recta,Carretera,14872
03065,Recta,Carretera,14873
03065,Recta,Carretera,14874
03065,Curva señalizada,Autopista o autovía urbana,14875
03065,Recta,Carretera,14876
03065,Recta,Carretera,14877
03065,Curva señalizada,Carretera,14878
03065,Recta,Carretera,14879
03065,Recta,Carretera,14880
03065,Recta,Carretera,14881
03065,Recta,Carretera,14882
03065,Curva señalizada,Carretera,14883
03065,Recta,Carretera,14884
03065,Recta,Carretera,14885
03065,Recta,Carretera,14886
03065,Recta,Carretera,14887
03065,Curva señalizada,Carretera,14888
03065,Recta,Carretera,14889
03065,Recta,Carretera,14890
03065,Recta,Carretera,14891
03065,Recta,Carretera,14892
03065,Recta,Carretera,14893
03065,Recta,Carretera,14894
03065,Recta,Carretera,14895
03065,Recta,Carretera,14896
03065,Recta,Carretera,14897
03065,Curva señalizada,Carretera,14898
03065,Curva señalizada,Carretera,14899
03065,Curva señalizada,Carretera,14900
03065,Curva señalizada,Carretera,14901
03065,Recta,Carretera,14902
03065,Curva señalizada,Carretera,14903
03065,Curva sin señalizar,Carretera,14904
03065,Curva sin señalizar,Carretera,14905
03065,Se desconoce,Carretera,14906
03065,Recta,Carretera,14907
03065,Curva señalizada,Carretera,14908
03065,Recta,Carretera,14909
03065,Recta,Carretera,14910
03065,Recta,Carretera,14911
03065,Recta,Carretera,14912
03065,Curva señalizada,Carretera,14913
03065,Recta,Carretera,14914
03065,No aplica,Calle,14915
03065,No aplica,Calle,14916
03065,No aplica,Calle,14917
03065,Curva señalizada,Carretera,14918
03065,No aplica,Calle,14919
03065,Recta,Carretera,14920
03065,Curva señalizada,Carretera,14921
03065,Recta,Carretera,14922
03065,Recta,Carretera,14923
03065,Recta,Carretera,14924
03065,Curva señalizada,Carretera,14925
03065,Curva señalizada,Carretera,14926
03104,Recta,Carretera,14927
03066,Recta,Carretera,14928
03066,Curva señalizada,Carretera,14929
03104,Curva señalizada,Autopista o autovía urbana,14930
03066,Recta,Carretera,14931
03093,Curva sin señalizar,Carretera,14932
03066,Curva sin señalizar,Carretera,14933
03066,No aplica,Calle,14934
03066,Curva sin señalizar,Carretera,14935
03066,No aplica,Calle,14936
03066,Recta,Carretera,14937
03066,No aplica,Calle,14938
03066,No aplica,Calle,14939
03066,No aplica,Calle,14940
03066,No aplica,Calle,14941
03066,No aplica,Calle,14942
03066,No aplica,Calle,14943
03066,Recta,Carretera,14944
03069,Recta,Carretera,14945
03069,Recta,Carretera,14946
03069,No aplica,Calle,14947
03069,No aplica,Calle,14948
03069,Curva señalizada,Carretera,14949
03069,No aplica,Calle,14950
03069,No aplica,Calle,14951
03069,Recta,Carretera,14952
03069,No aplica,Calle,14953
03069,No aplica,Calle,14954
03069,Recta,Carretera,14955
03069,No aplica,Calle,14956
03069,No aplica,Calle,14957
03069,No aplica,Calle,14958
03069,No aplica,Calle,14959
03069,No aplica,Calle,14960
03069,No aplica,Calle,14961
03069,No aplica,Calle,14962
03069,Curva señalizada,Carretera,14963
03069,Recta,Carretera,14964
03069,No aplica,Calle,14965
03069,No aplica,Calle,14966
03069,No aplica,Calle,14967
03069,No aplica,Calle,14968
03069,Curva señalizada,Carretera,14969
03069,Recta,Carretera,14970
03069,No aplica,Calle,14971
03069,No aplica,Calle,14972
03069,No aplica,Calle,14973
03069,Curva señalizada,Carretera,14974
00000,Recta,Carretera,14975
00000,Recta,Carretera,14976
00000,Recta,Carretera,14977
00000,No aplica,Calle,14978
00000,Recta,Carretera,14979
00000,Curva señalizada,Carretera,14980
00000,No aplica,Calle,14981
00000,Recta,Carretera,14982
03071,Curva señalizada,Carretera,14983
03082,Recta,Carretera,14984
03071,Recta,Carretera,14985
03071,Curva sin señalizar,Carretera,14986
03071,Recta,Carretera,14987
03076,Curva señalizada,Carretera,14988
03076,Recta,Carretera,14989
03076,Curva señalizada,Carretera,14990
03076,Recta,Carretera,14991
03076,Curva señalizada,Carretera,14992
03113,Recta,Carretera,14993
03076,Curva señalizada,Carretera,14994
03076,Curva señalizada,Carretera,14995
03076,Recta,Carretera,14996
03076,Curva señalizada,Carretera,14997
03076,Recta,Carretera,14998
03076,Curva señalizada,Carretera,14999
03076,No aplica,Calle,15000
03076,No aplica,Calle,15001
03076,No aplica,Calle,15002
03076,No aplica,Calle,15003
03076,No aplica,Calle,15004
03076,No aplica,Calle,15005
03076,No aplica,Calle,15006
03076,No aplica,Calle,15007
03076,No aplica,Calle,15008
03076,No aplica,Calle,15009
03076,No aplica,Calle,15010
03076,No aplica,Calle,15011
03076,Recta,Carretera,15012
03076,No aplica,Calle,15013
03076,No aplica,Calle,15014
03076,Recta,Carretera,15015
03076,Recta,Carretera,15016
03076,Recta,Carretera,15017
03076,Curva sin señalizar,Carretera,15018
03076,Recta,Carretera,15019
00000,Recta,Carretera,15020
00000,Curva sin señalizar,Carretera,15021
00000,Curva señalizada,Carretera,15022
00000,Curva señalizada,Carretera,15023
03079,Recta,Autopista o autovía urbana,15024
03079,Recta,Carretera,15025
03053,Recta,Carretera,15026
03079,No aplica,Calle,15027
03079,No aplica,Calle,15028
03079,No aplica,Calle,15029
03079,No aplica,Calle,15030
00000,Curva señalizada,Carretera,15031
03079,Recta,Carretera,15032
03079,No aplica,Calle,15033
03079,No aplica,Calle,15034
03079,No aplica,Calle,15035
03079,No aplica,Calle,15036
03079,No aplica,Calle,15037
03079,No aplica,Calle,15038
03079,Curva sin señalizar,Carretera,15039
03079,Curva señalizada,Carretera,15040
03079,No aplica,Calle,15041
03079,No aplica,Calle,15042
03079,No aplica,Calle,15043
03079,Curva señalizada,Carretera,15044
03079,No aplica,Calle,15045
03079,No aplica,Calle,15046
03079,No aplica,Calle,15047
03079,No aplica,Calle,15048
03079,Curva sin señalizar,Carretera,15049
03079,Recta,Carretera,15050
03079,Recta,Carretera,15051
03079,No aplica,Calle,15052
03079,No aplica,Calle,15053
03079,No aplica,Calle,15054
03079,Curva sin señalizar,Carretera,15055
03014,Recta,Carretera,15056
03079,No aplica,Calle,15057
03079,No aplica,Calle,15058
03079,No aplica,Calle,15059
03079,Recta,Carretera,15060
03079,Recta,Carretera,15061
03079,Recta,Carretera,15062
03079,Recta,Carretera,15063
03079,No aplica,Calle,15064
03079,No aplica,Calle,15065
03079,No aplica,Calle,15066
00000,Curva señalizada,Carretera,15067
00000,Curva señalizada,Carretera,15068
00000,Recta,Carretera,15069
00000,Curva señalizada,Carretera,15070
00000,Recta,Carretera,15071
00000,Recta,Carretera,15072
00000,Recta,Carretera,15073
03063,Curva señalizada,Carretera,15074
03082,Curva señalizada,Carretera,15075
03082,Recta,Carretera,15076
03082,Curva señalizada,Carretera,15077
03082,No aplica,Calle,15078
03082,No aplica,Calle,15079
03082,Recta,Carretera,15080
03082,Recta,Carretera,15081
03082,Recta,Carretera,15082
03082,Recta,Carretera,15083
03082,Recta,Carretera,15084
03082,Curva señalizada,Carretera,15085
03082,Recta,Carretera,15086
03082,Curva señalizada,Carretera,15087
03082,Curva sin señalizar,Carretera,15088
03082,Recta,Carretera,15089
03082,Curva señalizada,Carretera,15090
03082,No aplica,Calle,15091
03082,No aplica,Calle,15092
03082,Curva señalizada,Carretera,15093
03082,Curva señalizada,Carretera,15094
03082,Recta,Carretera,15095
03082,Recta,Carretera,15096
03082,Recta,Carretera,15097
03082,Recta,Carretera,15098
03083,Curva sin señalizar,Carretera,15099
03083,Curva señalizada,Carretera,15100
03083,Curva señalizada,Carretera,15101
03083,Curva señalizada,Carretera,15102
03083,Curva señalizada,Carretera,15103
03083,Curva señalizada,Carretera,15104
03083,Curva señalizada,Carretera,15105
03083,Curva señalizada,Carretera,15106
03083,Curva sin señalizar,Carretera,15107
03083,Recta,Carretera,15108
03083,Curva señalizada,Carretera,15109
03083,Curva señalizada,Carretera,15110
03083,Recta,Carretera,15111
03083,Curva señalizada,Carretera,15112
03083,Curva señalizada,Carretera,15113
03083,Curva sin señalizar,Carretera,15114
03083,Curva señalizada,Carretera,15115
03083,Recta,Carretera,15116
03083,Curva señalizada,Carretera,15117
03088,Recta,Carretera,15118
03088,Curva señalizada,Carretera,15119
03088,Curva señalizada,Carretera,15120
03088,Recta,Carretera,15121
03088,Recta,Carretera,15122
03088,Recta,Carretera,15123
03088,Recta,Carretera,15124
03088,Recta,Carretera,15125
03088,Recta,Carretera,15126
03088,Curva señalizada,Carretera,15127
03088,Recta,Carretera,15128
03088,Recta,Carretera,15129
03088,Recta,Autopista o autovía urbana,15130
03088,Recta,Carretera,15131
03088,Recta,Carretera,15132
03088,Curva sin señalizar,Autopista o autovía urbana,15133
03088,Recta,Carretera,15134
03088,Curva sin señalizar,Carretera,15135
03088,Recta,Carretera,15136
03088,Recta,Carretera,15137
03093,Recta,Carretera,15138
03088,Curva señalizada,Carretera,15139
03088,Recta,Carretera,15140
03088,Recta,Carretera,15141
03088,Recta,Carretera,15142
03088,Recta,Carretera,15143
03088,Recta,Carretera,15144
03088,Recta,Carretera,15145
03089,Recta,Carretera,15146
03089,Recta,Carretera,15147
03089,Curva señalizada,Carretera,15148
03089,No aplica,Calle,15149
03089,No aplica,Calle,15150
03089,No aplica,Calle,15151
03089,Recta,Carretera,15152
03089,No aplica,Calle,15153
03089,Curva señalizada,Carretera,15154
03090,Recta,Carretera,15155
03090,Recta,Carretera,15156
03090,Recta,Carretera,15157
03090,Recta,Carretera,15158
03090,Curva señalizada,Carretera,15159
03090,No aplica,Calle,15160
03119,Recta,Carretera,15161
03090,Recta,Carretera,15162
03090,Recta,Carretera,15163
03090,No aplica,Calle,15164
03090,Se desconoce,Carretera,15165
03090,Recta,Carretera,15166
03090,Recta,Carretera,15167
03090,Recta,Carretera,15168
03090,Recta,Carretera,15169
03090,Recta,Carretera,15170
03090,Curva sin señalizar,Carretera,15171
03090,Recta,Carretera,15172
03090,Recta,Carretera,15173
03090,Recta,Carretera,15174
03090,Curva señalizada,Carretera,15175
03090,Curva señalizada,Carretera,15176
03090,Recta,Carretera,15177
03090,No aplica,Calle,15178
03090,No aplica,Calle,15179
03090,Recta,Carretera,15180
03090,Curva sin señalizar,Carretera,15181
03090,Curva señalizada,Carretera,15182
03090,Curva sin señalizar,Carretera,15183
03090,Recta,Carretera,15184
03090,Recta,Carretera,15185
03090,Recta,Carretera,15186
03090,Curva señalizada,Carretera,15187
03090,No aplica,Calle,15188
03090,Recta,Carretera,15189
03092,Recta,Carretera,15190
03092,Recta,Carretera,15191
03092,Curva sin señalizar,Carretera,15192
03056,Recta,Carretera,15193
03093,Recta,Carretera,15194
03093,Curva sin señalizar,Carretera,15195
03093,Recta,Carretera,15196
03093,Curva sin señalizar,Carretera,15197
03093,Recta,Carretera,15198
03093,Curva señalizada,Carretera,15199
03093,No aplica,Calle,15200
03093,No aplica,Calle,15201
00000,Recta,Carretera,15202
03093,Recta,Carretera,15203
03093,No aplica,Calle,15204
03093,Recta,Carretera,15205
03093,No aplica,Calle,15206
03093,No aplica,Calle,15207
03093,Recta,Autopista o autovía urbana,15208
03093,Recta,Carretera,15209
03088,Recta,Carretera,15210
03093,No aplica,Calle,15211
03093,Curva señalizada,Carretera,15212
03093,Recta,Carretera,15213
03093,Recta,Autopista o autovía urbana,15214
03093,Curva señalizada,Carretera,15215
03093,Recta,Carretera,15216
03093,Curva señalizada,Carretera,15217
03093,Recta,Carretera,15218
03093,Curva sin señalizar,Carretera,15219
03093,Curva señalizada,Carretera,15220
03088,Recta,Carretera,15221
03093,Recta,Carretera,15222
03093,No aplica,Calle,15223
03093,Curva señalizada,Carretera,15224
03093,Recta,Carretera,15225
03093,Curva señalizada,Carretera,15226
03093,Curva sin señalizar,Carretera,15227
03093,Se desconoce,Carretera,15228
03031,Recta,Carretera,15229
03094,Curva sin señalizar,Carretera,15230
03094,Recta,Carretera,15231
03094,Recta,Carretera,15232
03094,Recta,Carretera,15233
03094,Curva señalizada,Carretera,15234
03031,Curva señalizada,Carretera,15235
03031,Curva señalizada,Carretera,15236
03094,Recta,Carretera,15237
03094,Recta,Carretera,15238
03094,Recta,Carretera,15239
03094,Curva sin señalizar,Carretera,15240
03094,Recta,Carretera,15241
03094,Recta,Carretera,15242
03094,Recta,Carretera,15243
03031,Recta,Carretera,15244
03094,Recta,Carretera,15245
03095,Recta,Carretera,15246
03095,No aplica,Calle,15247
03095,Recta,Carretera,15248
03095,Curva sin señalizar,Carretera,15249
03101,Recta,Carretera,15250
03095,Recta,Carretera,15251
03095,Curva señalizada,Carretera,15252
03095,Curva sin señalizar,Carretera,15253
03096,Curva sin señalizar,Carretera,15254
03096,Curva señalizada,Carretera,15255
03096,Recta,Carretera,15256
03096,Curva señalizada,Carretera,15257
03021,Curva señalizada,Carretera,15258
03096,Recta,Carretera,15259
03053,Curva señalizada,Carretera,15260
03096,Curva señalizada,Carretera,15261
00000,Recta,Carretera,15262
03096,Curva señalizada,Carretera,15263
03096,Curva señalizada,Carretera,15264
03096,Curva señalizada,Carretera,15265
00000,Curva señalizada,Carretera,15266
00000,Recta,Carretera,15267
00000,Recta,Carretera,15268
00000,Curva señalizada,Carretera,15269
00000,Recta,Carretera,15270
00000,Curva señalizada,Carretera,15271
03099,Curva señalizada,Carretera,15272
03099,Curva señalizada,Carretera,15273
03099,Curva señalizada,Carretera,15274
03099,Recta,Carretera,15275
03099,Recta,Carretera,15276
03099,Recta,Travesía,15277
03099,No aplica,Calle,15278
03099,Recta,Carretera,15279
03099,Recta,Carretera,15280
03099,No aplica,Calle,15281
03099,Recta,Carretera,15282
03099,No aplica,Calle,15283
03099,Recta,Carretera,15284
03099,Recta,Carretera,15285
03099,No aplica,Calle,15286
03099,Recta,Carretera,15287
03099,No aplica,Calle,15288
03099,Recta,Carretera,15289
03099,Recta,Carretera,15290
03099,Recta,Carretera,15291
03099,Curva señalizada,Carretera,15292
03099,No aplica,Calle,15293
03099,No aplica,Calle,15294
03099,Recta,Travesía,15295
03099,No aplica,Calle,15296
03099,No aplica,Calle,15297
03099,No aplica,Calle,15298
03099,No aplica,Calle,15299
03099,Recta,Travesía,15300
03099,No aplica,Calle,15301
03099,No aplica,Calle,15302
03099,No aplica,Calle,15303
03099,Recta,Carretera,15304
03099,No aplica,Calle,15305
03099,Recta,Carretera,15306
03099,Curva sin señalizar,Carretera,15307
03099,Recta,Carretera,15308
03099,No aplica,Calle,15309
03099,No aplica,Calle,15310
03099,Recta,Carretera,15311
03099,Curva señalizada,Carretera,15312
03099,No aplica,Calle,15313
03099,No aplica,Calle,15314
03099,No aplica,Calle,15315
03099,Curva señalizada,Carretera,15316
03099,Curva señalizada,Carretera,15317
03099,Recta,Carretera,15318
03099,Curva señalizada,Carretera,15319
03099,Curva señalizada,Carretera,15320
03099,Curva señalizada,Carretera,15321
03099,No aplica,Calle,15322
03099,No aplica,Calle,15323
03099,No aplica,Calle,15324
03099,No aplica,Calle,15325
03099,Recta,Carretera,15326
03099,No aplica,Calle,15327
03099,No aplica,Calle,15328
03099,No aplica,Calle,15329
03099,Recta,Carretera,15330
03099,No aplica,Calle,15331
03099,No aplica,Calle,15332
03099,Recta,Carretera,15333
03099,Recta,Travesía,15334
03099,Curva señalizada,Carretera,15335
03099,No aplica,Calle,15336
03099,No aplica,Calle,15337
03099,Recta,Carretera,15338
03099,Recta,Carretera,15339
03099,Curva señalizada,Carretera,15340
03099,Recta,Carretera,15341
03099,Recta,Carretera,15342
03099,Recta,Carretera,15343
03099,No aplica,Calle,15344
03099,No aplica,Calle,15345
03099,Recta,Carretera,15346
03099,No aplica,Calle,15347
03099,Recta,Carretera,15348
03099,Curva señalizada,Carretera,15349
03099,No aplica,Calle,15350
03099,No aplica,Calle,15351
03099,Recta,Carretera,15352
03099,Recta,Carretera,15353
03099,Recta,Autopista o autovía urbana,15354
03099,No aplica,Calle,15355
03099,No aplica,Calle,15356
03099,No aplica,Calle,15357
03099,Curva señalizada,Carretera,15358
03099,No aplica,Calle,15359
03065,Curva sin señalizar,Carretera,15360
03099,No aplica,Calle,15361
03099,Curva señalizada,Carretera,15362
03099,Recta,Carretera,15363
03099,Recta,Carretera,15364
03099,Recta,Carretera,15365
03099,Recta,Carretera,15366
03099,Curva señalizada,Carretera,15367
03099,Curva señalizada,Carretera,15368
03099,Recta,Carretera,15369
03099,Curva señalizada,Carretera,15370
03099,Recta,Carretera,15371
03099,Curva señalizada,Carretera,15372
03099,No aplica,Calle,15373
03099,Recta,Carretera,15374
03099,Curva señalizada,Carretera,15375
03099,Curva señalizada,Carretera,15376
03099,Recta,Carretera,15377
03099,Recta,Carretera,15378
03099,No aplica,Calle,15379
03099,Curva señalizada,Carretera,15380
03099,Recta,Carretera,15381
03099,Curva señalizada,Carretera,15382
03099,Recta,Carretera,15383
03099,Recta,Carretera,15384
03099,Curva señalizada,Carretera,15385
03099,Recta,Carretera,15386
03099,No aplica,Calle,15387
03099,Curva señalizada,Carretera,15388
03099,No aplica,Calle,15389
03099,Recta,Carretera,15390
03099,Recta,Carretera,15391
00000,Curva sin señalizar,Carretera,15392
03099,Recta,Carretera,15393
03099,Curva señalizada,Carretera,15394
03099,No aplica,Calle,15395
03099,Recta,Carretera,15396
03099,Recta,Travesía,15397
03099,No aplica,Calle,15398
03099,Recta,Carretera,15399
03099,Recta,Carretera,15400
03099,No aplica,Calle,15401
03099,Recta,Carretera,15402
03099,Recta,Carretera,15403
03099,Recta,Carretera,15404
03099,Recta,Carretera,15405
03099,Recta,Carretera,15406
03099,Curva señalizada,Carretera,15407
03099,Recta,Carretera,15408
03099,No aplica,Calle,15409
03099,No aplica,Calle,15410
03099,Recta,Carretera,15411
03099,Recta,Carretera,15412
03099,Curva señalizada,Carretera,15413
03099,Recta,Carretera,15414
03099,Recta,Carretera,15415
03099,No aplica,Calle,15416
03099,No aplica,Calle,15417
03099,Curva señalizada,Carretera,15418
03099,Recta,Carretera,15419
03099,Curva señalizada,Carretera,15420
03099,No aplica,Calle,15421
03099,Curva señalizada,Carretera,15422
03099,No aplica,Calle,15423
03099,Curva señalizada,Carretera,15424
03099,No aplica,Calle,15425
03099,Recta,Carretera,15426
03099,Recta,Carretera,15427
03099,Recta,Carretera,15428
00000,Curva señalizada,Carretera,15429
03101,Recta,Carretera,15430
03101,Curva sin señalizar,Carretera,15431
03101,Recta,Carretera,15432
03101,No aplica,Calle,15433
03101,Curva señalizada,Carretera,15434
00000,Curva señalizada,Carretera,15435
03101,No aplica,Calle,15436
03101,No aplica,Calle,15437
03101,No aplica,Calle,15438
03101,Curva señalizada,Carretera,15439
03101,No aplica,Calle,15440
03101,Recta,Travesía,15441
03101,No aplica,Calle,15442
03101,Recta,Travesía,15443
03101,Recta,Carretera,15444
03101,No aplica,Calle,15445
03101,No aplica,Calle,15446
03071,Recta,Carretera,15447
03101,Recta,Travesía,15448
03101,No aplica,Calle,15449
03101,Recta,Carretera,15450
03101,Curva señalizada,Carretera,15451
03101,Recta,Carretera,15452
03102,Recta,Carretera,15453
03102,Curva señalizada,Carretera,15454
03102,Recta,Carretera,15455
03102,No aplica,Calle,15456
03102,No aplica,Calle,15457
03102,No aplica,Calle,15458
03102,No aplica,Calle,15459
03102,No aplica,Calle,15460
03102,No aplica,Calle,15461
03102,Recta,Carretera,15462
03102,Curva señalizada,Carretera,15463
03102,Curva señalizada,Carretera,15464
03102,Curva señalizada,Carretera,15465
03063,Recta,Carretera,15466
03102,Curva señalizada,Carretera,15467
03102,No aplica,Calle,15468
00000,Curva señalizada,Carretera,15469
00000,Curva señalizada,Carretera,15470
00000,Recta,Carretera,15471
00000,Curva señalizada,Carretera,15472
03104,Curva sin señalizar,Carretera,15473
03104,No aplica,Calle,15474
03104,No aplica,Calle,15475
03104,Curva sin señalizar,Carretera,15476
03104,No aplica,Calle,15477
03104,Recta,Carretera,15478
03093,Recta,Carretera,15479
03104,No aplica,Calle,15480
03104,Recta,Carretera,15481
03104,No aplica,Calle,15482
03104,No aplica,Calle,15483
03104,Curva señalizada,Carretera,15484
03104,No aplica,Calle,15485
03104,Recta,Autopista o autovía urbana,15486
03104,Recta,Carretera,15487
03104,No aplica,Calle,15488
03104,No aplica,Calle,15489
03104,No aplica,Calle,15490
03104,No aplica,Calle,15491
03104,No aplica,Calle,15492
03104,No aplica,Calle,15493
03104,No aplica,Calle,15494
03104,No aplica,Calle,15495
03105,Curva señalizada,Carretera,15496
03105,No aplica,Calle,15497
03105,No aplica,Calle,15498
03105,No aplica,Calle,15499
03105,No aplica,Calle,15500
03105,Recta,Carretera,15501
00000,Recta,Carretera,15502
03105,Recta,Carretera,15503
03105,No aplica,Calle,15504
00000,Recta,Carretera,15505
00000,Recta,Carretera,15506
00000,No aplica,Calle,15507
03107,Curva señalizada,Carretera,15508
03107,Curva sin señalizar,Carretera,15509
03107,Curva señalizada,Carretera,15510
03107,Recta,Carretera,15511
03107,Curva señalizada,Carretera,15512
03107,Curva señalizada,Carretera,15513
03099,Curva señalizada,Carretera,15514
03099,Curva señalizada,Carretera,15515
00000,Recta,Carretera,15516
03099,Recta,Carretera,15517
00000,Curva señalizada,Carretera,15518
03049,Curva sin señalizar,Carretera,15519
03111,Recta,Carretera,15520
03111,Recta,Carretera,15521
03111,Curva señalizada,Carretera,15522
00000,Curva señalizada,Carretera,15523
00000,No aplica,Calle,15524
00000,Recta,Carretera,15525
00000,Curva señalizada,Carretera,15526
00000,Curva señalizada,Carretera,15527
03113,Curva sin señalizar,Carretera,15528
03113,Curva sin señalizar,Carretera,15529
03113,Recta,Carretera,15530
03113,Recta,Carretera,15531
03113,Curva señalizada,Carretera,15532
03113,Curva señalizada,Carretera,15533
03113,Curva señalizada,Carretera,15534
03113,Recta,Carretera,15535
03113,Recta,Carretera,15536
03133,Recta,Carretera,15537
03113,Curva señalizada,Carretera,15538
03113,Curva señalizada,Carretera,15539
03113,Recta,Carretera,15540
03113,Curva señalizada,Carretera,15541
03113,Recta,Carretera,15542
00000,No aplica,Calle,15543
03089,Curva señalizada,Carretera,15544
00000,Curva señalizada,Carretera,15545
00000,Curva sin señalizar,Carretera,15546
00000,Recta,Carretera,15547
00000,Curva señalizada,Carretera,15548
00000,No aplica,Calle,15549
03118,Recta,Carretera,15550
03065,Recta,Carretera,15551
03118,Curva señalizada,Carretera,15552
03118,Recta,Carretera,15553
03119,No aplica,Calle,15554
03119,No aplica,Calle,15555
03119,No aplica,Calle,15556
03014,Recta,Carretera,15557
03119,No aplica,Calle,15558
03014,Recta,Carretera,15559
03119,Curva señalizada,Carretera,15560
03090,Recta,Carretera,15561
03119,Recta,Carretera,15562
03119,No aplica,Calle,15563
03119,No aplica,Calle,15564
03119,Curva señalizada,Carretera,15565
03119,No aplica,Calle,15566
03119,No aplica,Calle,15567
03119,No aplica,Calle,15568
03119,Recta,Carretera,15569
03119,No aplica,Calle,15570
03119,No aplica,Calle,15571
03119,Recta,Travesía,15572
03119,No aplica,Calle,15573
03119,Recta,Travesía,15574
03119,No aplica,Calle,15575
03119,Curva sin señalizar,Carretera,15576
03119,No aplica,Calle,15577
03119,Recta,Travesía,15578
03120,Recta,Carretera,15579
03120,Curva sin señalizar,Carretera,15580
03120,Recta,Carretera,15581
03120,Curva señalizada,Carretera,15582
03099,Recta,Carretera,15583
03120,Recta,Carretera,15584
03120,Curva sin señalizar,Carretera,15585
03120,Curva sin señalizar,Carretera,15586
03120,Curva sin señalizar,Travesía,15587
03133,Curva señalizada,Carretera,15588
03120,Recta,Carretera,15589
03120,Se desconoce,Carretera,15590
03120,Curva señalizada,Carretera,15591
03121,No aplica,Calle,15592
03121,No aplica,Calle,15593
03121,Recta,Carretera,15594
03121,Recta,Carretera,15595
03121,Recta,Carretera,15596
03121,No aplica,Calle,15597
03121,Recta,Carretera,15598
03121,Recta,Carretera,15599
03121,No aplica,Calle,15600
03121,Recta,Carretera,15601
03121,No aplica,Calle,15602
03121,Recta,Carretera,15603
03121,No aplica,Calle,15604
03121,Curva señalizada,Carretera,15605
03121,Recta,Carretera,15606
03121,Curva señalizada,Carretera,15607
03121,No aplica,Calle,15608
03121,No aplica,Calle,15609
03121,No aplica,Calle,15610
03121,No aplica,Calle,15611
03121,No aplica,Calle,15612
03121,No aplica,Calle,15613
03121,No aplica,Calle,15614
03121,No aplica,Calle,15615
03121,Recta,Carretera,15616
03121,Recta,Carretera,15617
03121,No aplica,Calle,15618
03121,No aplica,Calle,15619
03121,No aplica,Calle,15620
03121,No aplica,Calle,15621
03121,Recta,Carretera,15622
03121,Recta,Carretera,15623
03121,No aplica,Calle,15624
03121,No aplica,Calle,15625
03121,No aplica,Calle,15626
03121,Curva señalizada,Carretera,15627
03121,Recta,Carretera,15628
03121,Recta,Carretera,15629
03121,No aplica,Calle,15630
03121,No aplica,Calle,15631
03121,No aplica,Calle,15632
03121,No aplica,Calle,15633
03121,No aplica,Calle,15634
03121,No aplica,Calle,15635
03121,Curva señalizada,Carretera,15636
03121,No aplica,Calle,15637
03121,Recta,Carretera,15638
03121,No aplica,Calle,15639
03121,Recta,Carretera,15640
03121,Recta,Carretera,15641
03121,No aplica,Calle,15642
03121,Curva sin señalizar,Carretera,15643
03121,No aplica,Calle,15644
03121,Recta,Carretera,15645
03121,Recta,Carretera,15646
03121,Recta,Carretera,15647
03121,Recta,Carretera,15648
03121,Recta,Carretera,15649
03121,No aplica,Calle,15650
03121,Recta,Carretera,15651
03121,Curva sin señalizar,Carretera,15652
03121,Curva señalizada,Carretera,15653
03121,No aplica,Calle,15654
03121,No aplica,Calle,15655
03121,Curva sin señalizar,Carretera,15656
03121,Recta,Carretera,15657
03121,Recta,Carretera,15658
03121,No aplica,Calle,15659
03121,Recta,Carretera,15660
03119,Recta,Carretera,15661
03122,Curva señalizada,Carretera,15662
03122,Recta,Carretera,15663
00000,Recta,Carretera,15664
03014,Recta,Carretera,15665
03122,Curva señalizada,Carretera,15666
03014,Curva sin señalizar,Autopista o autovía urbana,15667
03014,Recta,Carretera,15668
03122,Curva señalizada,Carretera,15669
03122,Curva señalizada,Carretera,15670
03122,Curva señalizada,Carretera,15671
03122,Recta,Carretera,15672
03014,Recta,Carretera,15673
03122,Curva señalizada,Carretera,15674
03122,Curva señalizada,Carretera,15675
03122,Recta,Carretera,15676
03014,Recta,Carretera,15677
03122,Recta,Carretera,15678
03123,Recta,Autopista o autovía urbana,15679
03104,Curva señalizada,Carretera,15680
03123,Recta,Carretera,15681
03123,Recta,Carretera,15682
03123,No aplica,Calle,15683
03123,No aplica,Calle,15684
03123,Recta,Carretera,15685
03123,Recta,Carretera,15686
00000,Recta,Carretera,15687
03128,No aplica,Calle,15688
03128,Curva sin señalizar,Carretera,15689
03128,Recta,Carretera,15690
03128,Recta,Carretera,15691
03128,Curva señalizada,Carretera,15692
00000,Curva sin señalizar,Autopista o autovía urbana,15693
00000,Curva sin señalizar,Autopista o autovía urbana,15694
00000,Recta,Carretera,15695
00000,Recta,Autopista o autovía urbana,15696
00000,Curva señalizada,Carretera,15697
00000,Curva sin señalizar,Carretera,15698
00000,Curva sin señalizar,Carretera,15699
00000,Se desconoce,Carretera,15700
00000,Curva sin señalizar,Carretera,15701
00000,Curva señalizada,Carretera,15702
00000,Curva señalizada,Carretera,15703
00000,Curva señalizada,Carretera,15704
03133,Recta,Carretera,15705
03133,Recta,Carretera,15706
03133,Curva señalizada,Carretera,15707
03133,No aplica,Calle,15708
03133,No aplica,Calle,15709
03133,Curva sin señalizar,Carretera,15710
03133,Recta,Carretera,15711
03133,Recta,Carretera,15712
03133,No aplica,Calle,15713
03133,No aplica,Calle,15714
03133,No aplica,Calle,15715
03133,No aplica,Calle,15716
03133,No aplica,Calle,15717
03133,No aplica,Calle,15718
03133,No aplica,Calle,15719
03133,No aplica,Calle,15720
03133,Recta,Carretera,15721
03133,Recta,Carretera,15722
03133,No aplica,Calle,15723
03113,Recta,Carretera,15724
03133,Curva señalizada,Carretera,15725
03133,Curva señalizada,Carretera,15726
03133,Recta,Carretera,15727
03133,No aplica,Calle,15728
03133,Curva señalizada,Carretera,15729
03133,No aplica,Calle,15730
03133,Curva señalizada,Carretera,15731
03133,Recta,Carretera,15732
03133,Recta,Carretera,15733
03133,Recta,Carretera,15734
03133,Recta,Carretera,15735
03133,Curva señalizada,Carretera,15736
03133,Recta,Carretera,15737
03133,Recta,Carretera,15738
03133,Curva señalizada,Carretera,15739
03133,Curva señalizada,Carretera,15740
03133,Curva señalizada,Carretera,15741
03133,No aplica,Calle,15742
03133,Curva señalizada,Carretera,15743
03133,Recta,Carretera,15744
03133,Recta,Carretera,15745
03133,Recta,Carretera,15746
03133,Curva señalizada,Carretera,15747
03133,Curva señalizada,Carretera,15748
03902,Curva señalizada,Carretera,15749
03133,Recta,Carretera,15750
03133,Recta,Carretera,15751
03133,Recta,Carretera,15752
03133,No aplica,Calle,15753
03133,Recta,Carretera,15754
03133,Recta,Carretera,15755
03133,Recta,Carretera,15756
03133,Recta,Carretera,15757
03133,Recta,Carretera,15758
03133,Recta,Carretera,15759
03133,Recta,Carretera,15760
03133,No aplica,Calle,15761
03133,No aplica,Calle,15762
03133,No aplica,Calle,15763
03133,No aplica,Calle,15764
03133,No aplica,Calle,15765
03133,Recta,Carretera,15766
03133,No aplica,Calle,15767
03133,No aplica,Calle,15768
03133,No aplica,Calle,15769
03133,No aplica,Calle,15770
03133,No aplica,Calle,15771
03133,No aplica,Calle,15772
03133,No aplica,Calle,15773
03133,Recta,Carretera,15774
03133,No aplica,Calle,15775
03133,No aplica,Calle,15776
03133,No aplica,Calle,15777
03133,No aplica,Calle,15778
03133,No aplica,Calle,15779
03133,No aplica,Calle,15780
03133,No aplica,Calle,15781
03133,No aplica,Calle,15782
03133,No aplica,Calle,15783
03133,No aplica,Calle,15784
03133,No aplica,Calle,15785
03133,No aplica,Calle,15786
03133,No aplica,Calle,15787
03133,No aplica,Calle,15788
03133,No aplica,Calle,15789
03133,No aplica,Calle,15790
03133,No aplica,Calle,15791
03133,Recta,Carretera,15792
03133,Recta,Carretera,15793
03133,No aplica,Calle,15794
03133,No aplica,Calle,15795
03133,No aplica,Calle,15796
03133,No aplica,Calle,15797
03133,No aplica,Calle,15798
03133,No aplica,Calle,15799
03133,No aplica,Calle,15800
03133,No aplica,Calle,15801
03133,No aplica,Calle,15802
03133,No aplica,Calle,15803
03133,No aplica,Calle,15804
03133,No aplica,Calle,15805
03133,No aplica,Calle,15806
03133,No aplica,Calle,15807
00000,Curva señalizada,Carretera,15808
00000,Curva sin señalizar,Carretera,15809
00000,Curva sin señalizar,Carretera,15810
00000,No aplica,Calle,15811
00000,No aplica,Calle,15812
00000,No aplica,Calle,15813
00000,No aplica,Calle,15814
00000,No aplica,Calle,15815
00000,No aplica,Calle,15816
00000,No aplica,Calle,15817
00000,No aplica,Calle,15818
00000,No aplica,Calle,15819
00000,No aplica,Calle,15820
00000,No aplica,Calle,15821
00000,No aplica,Calle,15822
00000,No aplica,Calle,15823
00000,Recta,Carretera,15824
03139,Recta,Carretera,15825
03139,No aplica,Calle,15826
03139,No aplica,Calle,15827
03139,No aplica,Calle,15828
03139,No aplica,Calle,15829
03139,No aplica,Calle,15830
03139,No aplica,Calle,15831
03139,No aplica,Calle,15832
03139,No aplica,Calle,15833
03139,No aplica,Calle,15834
03139,No aplica,Calle,15835
03139,No aplica,Calle,15836
03139,No aplica,Calle,15837
03139,Recta,Carretera,15838
03139,Recta,Autopista o autovía urbana,15839
03139,Recta,Carretera,15840
03139,No aplica,Calle,15841
03139,No aplica,Calle,15842
03139,No aplica,Calle,15843
03139,No aplica,Calle,15844
03139,No aplica,Calle,15845
03139,No aplica,Calle,15846
03139,No aplica,Calle,15847
03139,No aplica,Calle,15848
03139,No aplica,Calle,15849
03139,No aplica,Calle,15850
03139,No aplica,Calle,15851
03139,No aplica,Calle,15852
03139,No aplica,Calle,15853
03139,Recta,Carretera,15854
03139,No aplica,Calle,15855
03139,No aplica,Calle,15856
03139,Recta,Carretera,15857
03139,Recta,Carretera,15858
03139,Recta,Carretera,15859
03139,Recta,Carretera,15860
03139,Recta,Carretera,15861
03139,Recta,Carretera,15862
03139,Recta,Carretera,15863
03056,Curva señalizada,Carretera,15864
03050,Curva señalizada,Carretera,15865
03139,Curva señalizada,Carretera,15866
03139,Curva señalizada,Carretera,15867
03139,No aplica,Calle,15868
03139,Recta,Carretera,15869
03140,Recta,Carretera,15870
03140,Recta,Autopista o autovía urbana,15871
03140,Recta,Carretera,15872
03140,No aplica,Calle,15873
03140,Recta,Carretera,15874
03140,No aplica,Calle,15875
03140,Recta,Carretera,15876
03140,No aplica,Calle,15877
03140,No aplica,Calle,15878
03140,Curva señalizada,Carretera,15879
03140,No aplica,Calle,15880
03140,No aplica,Calle,15881
03140,Recta,Carretera,15882
03140,Recta,Carretera,15883
03140,Curva señalizada,Carretera,15884
03140,Curva sin señalizar,Carretera,15885
03140,No aplica,Calle,15886
03140,No aplica,Calle,15887
03140,No aplica,Calle,15888
03140,Curva sin señalizar,Carretera,15889
03140,Recta,Carretera,15890
03140,Recta,Carretera,15891
03140,Recta,Carretera,15892
03140,Recta,Carretera,15893
03140,No aplica,Calle,15894
03140,No aplica,Calle,15895
03140,No aplica,Calle,15896
03140,Curva sin señalizar,Carretera,15897
03140,No aplica,Calle,15898
03140,No aplica,Calle,15899
03140,No aplica,Calle,15900
03140,Recta,Carretera,15901
03140,Recta,Carretera,15902
03140,Curva sin señalizar,Carretera,15903
03140,Recta,Carretera,15904
03140,No aplica,Calle,15905
03140,Recta,Carretera,15906
03140,No aplica,Calle,15907
03140,No aplica,Calle,15908
03140,No aplica,Calle,15909
03140,Recta,Carretera,15910
03140,Curva señalizada,Carretera,15911
03140,No aplica,Calle,15912
03063,Recta,Carretera,15913
00000,Recta,Carretera,15914
00000,Curva señalizada,Carretera,15915
03902,Curva señalizada,Carretera,15916
03902,Recta,Carretera,15917
03902,Recta,Carretera,15918
03902,No aplica,Calle,15919
03902,Curva señalizada,Carretera,15920
03902,Curva sin señalizar,Autopista o autovía urbana,15921
03902,Curva señalizada,Carretera,15922
03902,Recta,Carretera,15923
03902,Curva señalizada,Carretera,15924
03902,Recta,Carretera,15925
03902,Curva señalizada,Carretera,15926
03902,Recta,Carretera,15927
03902,Curva sin señalizar,Carretera,15928
03902,Recta,Carretera,15929
03902,Recta,Carretera,15930
03015,Recta,Carretera,15931
03903,Recta,Carretera,15932
03133,Recta,Carretera,15933
03133,Curva señalizada,Carretera,15934
03903,Recta,Carretera,15935
03903,Curva sin señalizar,Carretera,15936
03133,Curva señalizada,Carretera,15937
00000,Curva sin señalizar,Carretera,15938
00000,Recta,Carretera,15939
00000,Recta,Carretera,15940
00000,No aplica,Calle,15941
00000,Recta,Carretera,15942
00000,Recta,Autopista o autovía urbana,15943
00000,Recta,Carretera,15944
00000,Recta,Carretera,15945
00000,Recta,Carretera,15946
00000,Curva sin señalizar,Carretera,15947
03009,No aplica,Calle,15948
03009,Recta,Carretera,15949
03014,Recta,Carretera,15950
03014,No aplica,Calle,15951
03014,No aplica,Calle,15952
03014,No aplica,Calle,15953
03019,No aplica,Calle,15954
03019,No aplica,Calle,15955
03019,No aplica,Calle,15956
03019,No aplica,Calle,15957
03019,No aplica,Calle,15958
03019,No aplica,Calle,15959
03019,No aplica,Calle,15960
03019,No aplica,Calle,15961
03019,No aplica,Calle,15962
03019,No aplica,Calle,15963
03019,No aplica,Calle,15964
03019,No aplica,Calle,15965
03019,No aplica,Calle,15966
03019,No aplica,Calle,15967
03019,No aplica,Calle,15968
03019,No aplica,Calle,15969
03019,No aplica,Calle,15970
03019,No aplica,Calle,15971
03019,No aplica,Calle,15972
03019,No aplica,Calle,15973
03019,No aplica,Calle,15974
03031,No aplica,Calle,15975
03055,No aplica,Calle,15976
03055,No aplica,Calle,15977
03055,No aplica,Calle,15978
03055,No aplica,Calle,15979
03056,No aplica,Calle,15980
03056,No aplica,Calle,15981
03056,No aplica,Calle,15982
03056,No aplica,Calle,15983
03056,No aplica,Calle,15984
03056,No aplica,Calle,15985
03056,No aplica,Calle,15986
03056,No aplica,Calle,15987
03056,No aplica,Calle,15988
03058,No aplica,Calle,15989
03059,No aplica,Calle,15990
03059,No aplica,Calle,15991
03059,No aplica,Calle,15992
03059,No aplica,Calle,15993
03059,No aplica,Calle,15994
03059,No aplica,Calle,15995
03065,Recta,Carretera,15996
03065,Recta,Carretera,15997
03065,Curva señalizada,Carretera,15998
03065,No aplica,Calle,15999
03066,No aplica,Calle,16000
03069,No aplica,Calle,16001
00000,No aplica,Calle,16002
03076,No aplica,Calle,16003
03076,No aplica,Calle,16004
03076,No aplica,Calle,16005
03079,No aplica,Calle,16006
03082,No aplica,Calle,16007
03082,No aplica,Calle,16008
03089,No aplica,Calle,16009
03102,No aplica,Calle,16010
03104,Recta,Carretera,16011
03104,No aplica,Calle,16012
03113,No aplica,Calle,16013
03113,No aplica,Calle,16014
03113,No aplica,Calle,16015
03121,No aplica,Calle,16016
03133,No aplica,Calle,16017
03133,No aplica,Calle,16018
03133,No aplica,Calle,16019
03133,No aplica,Calle,16020
03133,No aplica,Calle,16021
03133,No aplica,Calle,16022
03133,No aplica,Calle,16023
03133,No aplica,Calle,16024
03133,No aplica,Calle,16025
03133,Curva señalizada,Carretera,16026
03133,No aplica,Calle,16027
03133,No aplica,Calle,16028
03133,No aplica,Calle,16029
03133,No aplica,Calle,16030
03133,No aplica,Calle,16031
03133,No aplica,Calle,16032
03133,Curva señalizada,Carretera,16033
03133,No aplica,Calle,16034
03133,No aplica,Calle,16035
03133,No aplica,Calle,16036
03133,No aplica,Calle,16037
03133,No aplica,Calle,16038
03133,No aplica,Calle,16039
03133,No aplica,Calle,16040
03133,No aplica,Calle,16041
03133,No aplica,Calle,16042
03133,No aplica,Calle,16043
03133,No aplica,Calle,16044
03133,No aplica,Calle,16045
03133,No aplica,Calle,16046
03133,No aplica,Calle,16047
03133,No aplica,Calle,16048
03133,No aplica,Calle,16049
03133,No aplica,Calle,16050
03133,No aplica,Calle,16051
03133,No aplica,Calle,16052
03133,No aplica,Calle,16053
03133,No aplica,Calle,16054
03133,No aplica,Calle,16055
03133,No aplica,Calle,16056
03133,No aplica,Calle,16057
03133,No aplica,Calle,16058
03133,No aplica,Calle,16059
03133,No aplica,Calle,16060
03133,No aplica,Calle,16061
03133,No aplica,Calle,16062
03133,No aplica,Calle,16063
03133,No aplica,Calle,16064
03133,No aplica,Calle,16065
03133,No aplica,Calle,16066
03133,No aplica,Calle,16067
03133,No aplica,Calle,16068
03133,No aplica,Calle,16069
03133,No aplica,Calle,16070
03133,No aplica,Calle,16071
03133,No aplica,Calle,16072
03133,No aplica,Calle,16073
03133,No aplica,Calle,16074
03133,No aplica,Calle,16075
03133,No aplica,Calle,16076
03133,No aplica,Calle,16077
03133,No aplica,Calle,16078
03133,No aplica,Calle,16079
03133,No aplica,Calle,16080
03133,No aplica,Calle,16081
03133,No aplica,Calle,16082
03133,No aplica,Calle,16083
03133,No aplica,Calle,16084
03133,No aplica,Calle,16085
03133,No aplica,Calle,16086
03133,No aplica,Calle,16087
00000,No aplica,Calle,16088
00000,No aplica,Calle,16089
03139,No aplica,Calle,16090
03139,No aplica,Calle,16091
03139,No aplica,Calle,16092
03139,No aplica,Calle,16093
03139,No aplica,Calle,16094
03139,No aplica,Calle,16095
03139,No aplica,Calle,16096
03139,No aplica,Calle,16097
03139,No aplica,Calle,16098
03139,No aplica,Calle,16099
03139,No aplica,Calle,16100
03139,No aplica,Calle,16101
03139,No aplica,Calle,16102
03139,No aplica,Calle,16103
03139,No aplica,Calle,16104
03139,No aplica,Calle,16105
03139,No aplica,Calle,16106
03139,No aplica,Calle,16107
03139,No aplica,Calle,16108
03139,No aplica,Calle,16109
03139,No aplica,Calle,16110
03139,No aplica,Calle,16111
03139,No aplica,Calle,16112
03139,No aplica,Calle,16113
03139,No aplica,Calle,16114
03139,No aplica,Calle,16115
03139,No aplica,Calle,16116
03139,No aplica,Calle,16117
03139,No aplica,Calle,16118
03139,No aplica,Calle,16119
03902,No aplica,Calle,16120
03902,No aplica,Calle,16121
03902,No aplica,Calle,16122
03902,No aplica,Calle,16123
03902,No aplica,Calle,16124
03902,No aplica,Calle,16125
03902,No aplica,Calle,16126
03902,No aplica,Calle,16127
03902,No aplica,Calle,16128
03902,No aplica,Calle,16129
03902,No aplica,Calle,16130
03902,No aplica,Calle,16131
03902,No aplica,Calle,16132
03902,No aplica,Calle,16133
03902,No aplica,Calle,16134
03902,No aplica,Calle,16135
03902,No aplica,Calle,16136
03902,No aplica,Calle,16137
03902,No aplica,Calle,16138
03902,No aplica,Calle,16139
03902,No aplica,Calle,16140
03902,No aplica,Calle,16141
03902,No aplica,Calle,16142
00000,Curva señalizada,Carretera,16143
03102,Recta,Carretera,16144
00000,Curva señalizada,Carretera,16145
00000,Recta,Carretera,16146
00000,Recta,Carretera,16147
00000,Curva señalizada,Carretera,16148
00000,Recta,Carretera,16149
00000,Curva señalizada,Carretera,16150
00000,Curva señalizada,Carretera,16151
00000,Curva señalizada,Carretera,16152
00000,Curva señalizada,Carretera,16153
00000,Curva señalizada,Carretera,16154
00000,Curva sin señalizar,Carretera,16155
03005,Recta,Carretera,16156
03005,Recta,Carretera,16157
03005,Recta,Carretera,16158
00000,Se desconoce,Carretera,16159
03005,Curva señalizada,Carretera,16160
03005,Recta,Carretera,16161
03005,Recta,Carretera,16162
03005,Recta,Carretera,16163
00000,Recta,Carretera,16164
03005,No aplica,Calle,16165
03005,No aplica,Calle,16166
03005,Recta,Carretera,16167
03005,Curva señalizada,Carretera,16168
03005,Recta,Carretera,16169
03005,Recta,Carretera,16170
00000,Curva sin señalizar,Carretera,16171
03005,Recta,Carretera,16172
03005,Recta,Carretera,16173
03005,No aplica,Calle,16174
00000,Recta,Carretera,16175
03005,Recta,Carretera,16176
00000,Recta,Carretera,16177
00000,Curva señalizada,Carretera,16178
00000,No aplica,Calle,16179
03009,No aplica,Calle,16180
03009,Curva señalizada,Carretera,16181
03009,Recta,Carretera,16182
03009,Curva señalizada,Carretera,16183
03009,No aplica,Calle,16184
03009,No aplica,Calle,16185
03009,No aplica,Calle,16186
03009,No aplica,Calle,16187
03009,No aplica,Calle,16188
03009,Curva señalizada,Carretera,16189
03009,No aplica,Calle,16190
03009,Curva señalizada,Carretera,16191
03009,No aplica,Calle,16192
03009,No aplica,Calle,16193
03009,No aplica,Calle,16194
03009,Recta,Carretera,16195
03009,Recta,Carretera,16196
03009,No aplica,Calle,16197
03009,No aplica,Calle,16198
03009,No aplica,Calle,16199
03009,No aplica,Calle,16200
03009,No aplica,Calle,16201
03009,No aplica,Calle,16202
03009,No aplica,Calle,16203
03009,No aplica,Calle,16204
03009,No aplica,Calle,16205
03009,Curva señalizada,Carretera,16206
03009,No aplica,Calle,16207
03009,No aplica,Calle,16208
03009,No aplica,Calle,16209
03009,No aplica,Calle,16210
03009,No aplica,Calle,16211
03009,Curva señalizada,Carretera,16212
03009,No aplica,Calle,16213
03009,No aplica,Calle,16214
03009,No aplica,Calle,16215
03009,No aplica,Calle,16216
03009,Recta,Carretera,16217
03009,No aplica,Calle,16218
03009,No aplica,Calle,16219
03009,Curva señalizada,Carretera,16220
03009,No aplica,Calle,16221
03009,Recta,Carretera,16222
03009,No aplica,Calle,16223
03009,No aplica,Calle,16224
03009,No aplica,Calle,16225
03009,No aplica,Calle,16226
03009,No aplica,Calle,16227
03014,Recta,Carretera,16228
03009,No aplica,Calle,16229
03009,Recta,Carretera,16230
03009,Curva señalizada,Carretera,16231
03009,No aplica,Calle,16232
03009,No aplica,Calle,16233
03009,No aplica,Calle,16234
03009,Recta,Carretera,16235
03009,Curva señalizada,Carretera,16236
00000,Curva señalizada,Carretera,16237
03011,No aplica,Calle,16238
03011,No aplica,Calle,16239
03011,No aplica,Calle,16240
03011,No aplica,Calle,16241
03011,No aplica,Calle,16242
03011,No aplica,Calle,16243
03011,Recta,Carretera,16244
03011,Curva señalizada,Carretera,16245
03011,No aplica,Calle,16246
03011,No aplica,Calle,16247
03011,No aplica,Calle,16248
03011,No aplica,Calle,16249
03011,No aplica,Calle,16250
03011,No aplica,Calle,16251
03011,No aplica,Calle,16252
03011,No aplica,Calle,16253
03011,No aplica,Calle,16254
00000,Recta,Carretera,16255
00000,Curva señalizada,Carretera,16256
00000,Recta,Carretera,16257
00000,Recta,Carretera,16258
00000,Recta,Carretera,16259
03014,Recta,Carretera,16260
03014,Curva señalizada,Carretera,16261
03014,Recta,Carretera,16262
03014,No aplica,Calle,16263
03014,No aplica,Calle,16264
03014,Recta,Carretera,16265
03014,Curva señalizada,Carretera,16266
03014,No aplica,Calle,16267
03014,No aplica,Calle,16268
03014,Recta,Carretera,16269
03014,Recta,Carretera,16270
03014,Recta,Carretera,16271
03014,Recta,Carretera,16272
03014,Recta,Carretera,16273
03014,Recta,Carretera,16274
03014,Curva señalizada,Carretera,16275
03014,Recta,Carretera,16276
03014,No aplica,Calle,16277
03014,Recta,Carretera,16278
03014,Recta,Carretera,16279
03014,Curva señalizada,Carretera,16280
03014,Recta,Carretera,16281
03014,Recta,Carretera,16282
03014,Recta,Carretera,16283
03014,No aplica,Calle,16284
03014,Recta,Carretera,16285
03014,Recta,Carretera,16286
03014,Curva señalizada,Carretera,16287
03014,No aplica,Calle,16288
03014,No aplica,Calle,16289
03014,Recta,Carretera,16290
03014,No aplica,Calle,16291
03014,Recta,Carretera,16292
03014,Recta,Carretera,16293
03014,Curva señalizada,Carretera,16294
03014,Curva señalizada,Carretera,16295
03014,Recta,Carretera,16296
03014,Curva señalizada,Carretera,16297
03014,Curva señalizada,Carretera,16298
03014,Recta,Carretera,16299
03014,Recta,Carretera,16300
03014,Recta,Carretera,16301
03014,No aplica,Calle,16302
03014,No aplica,Calle,16303
03014,Recta,Carretera,16304
03014,Curva señalizada,Carretera,16305
03014,Recta,Carretera,16306
03014,Recta,Carretera,16307
03014,Recta,Carretera,16308
03014,Recta,Carretera,16309
03014,Recta,Carretera,16310
03014,Recta,Carretera,16311
03014,Recta,Carretera,16312
03014,Curva señalizada,Carretera,16313
03014,Recta,Carretera,16314
03014,Recta,Carretera,16315
03014,Recta,Carretera,16316
03014,Recta,Carretera,16317
03014,No aplica,Calle,16318
03014,No aplica,Calle,16319
03014,No aplica,Calle,16320
03014,Recta,Carretera,16321
03014,No aplica,Calle,16322
03014,No aplica,Calle,16323
03014,No aplica,Calle,16324
03014,No aplica,Calle,16325
03014,No aplica,Calle,16326
03014,No aplica,Calle,16327
03014,Recta,Carretera,16328
03014,Recta,Carretera,16329
03014,Recta,Carretera,16330
03014,Recta,Carretera,16331
03014,No aplica,Calle,16332
03014,Curva señalizada,Carretera,16333
03014,Recta,Carretera,16334
03014,Curva sin señalizar,Carretera,16335
03014,No aplica,Calle,16336
03014,No aplica,Calle,16337
03014,No aplica,Calle,16338
03014,Recta,Carretera,16339
03014,Curva señalizada,Carretera,16340
03014,No aplica,Calle,16341
03014,Curva sin señalizar,Carretera,16342
03014,Recta,Carretera,16343
03014,Recta,Carretera,16344
03014,Curva sin señalizar,Carretera,16345
03014,Recta,Carretera,16346
03014,No aplica,Calle,16347
03014,No aplica,Calle,16348
03014,No aplica,Calle,16349
03014,No aplica,Calle,16350
03014,No aplica,Calle,16351
03014,No aplica,Calle,16352
03014,No aplica,Calle,16353
03014,No aplica,Calle,16354
03014,Recta,Carretera,16355
03014,No aplica,Calle,16356
03014,No aplica,Calle,16357
03014,No aplica,Calle,16358
03014,No aplica,Calle,16359
03014,No aplica,Calle,16360
03014,No aplica,Calle,16361
03014,No aplica,Calle,16362
03014,Recta,Carretera,16363
03014,No aplica,Calle,16364
03014,No aplica,Calle,16365
03014,No aplica,Calle,16366
03014,No aplica,Calle,16367
03014,No aplica,Calle,16368
03014,No aplica,Calle,16369
03014,No aplica,Calle,16370
03014,No aplica,Calle,16371
03014,No aplica,Calle,16372
03014,No aplica,Calle,16373
03014,No aplica,Calle,16374
03014,Recta,Carretera,16375
03014,No aplica,Calle,16376
03014,No aplica,Calle,16377
03014,No aplica,Calle,16378
03014,No aplica,Calle,16379
03014,Recta,Carretera,16380
03014,No aplica,Calle,16381
03014,No aplica,Calle,16382
03014,No aplica,Calle,16383
03014,No aplica,Calle,16384
03014,No aplica,Calle,16385
03014,Recta,Carretera,16386
03014,Recta,Carretera,16387
03014,Recta,Carretera,16388
03014,Curva señalizada,Carretera,16389
03014,Recta,Carretera,16390
03014,Curva sin señalizar,Carretera,16391
03014,Recta,Carretera,16392
03014,Recta,Carretera,16393
03014,Recta,Carretera,16394
03014,Recta,Carretera,16395
03088,Recta,Carretera,16396
03014,Curva señalizada,Carretera,16397
03014,Recta,Carretera,16398
03088,Recta,Carretera,16399
03014,No aplica,Calle,16400
03014,No aplica,Calle,16401
03014,No aplica,Calle,16402
03014,Curva sin señalizar,Carretera,16403
03014,Recta,Carretera,16404
03014,Curva señalizada,Carretera,16405
03014,Curva señalizada,Carretera,16406
03014,No aplica,Calle,16407
03014,No aplica,Calle,16408
03014,No aplica,Calle,16409
03014,No aplica,Calle,16410
03014,No aplica,Calle,16411
03014,No aplica,Calle,16412
03014,No aplica,Calle,16413
03014,No aplica,Calle,16414
03014,No aplica,Calle,16415
03014,No aplica,Calle,16416
03014,No aplica,Calle,16417
03014,No aplica,Calle,16418
03014,No aplica,Calle,16419
03014,No aplica,Calle,16420
03014,No aplica,Calle,16421
03014,Recta,Carretera,16422
03014,Recta,Carretera,16423
03014,Curva señalizada,Carretera,16424
03014,Recta,Carretera,16425
03014,No aplica,Calle,16426
03014,Recta,Carretera,16427
03014,Recta,Carretera,16428
03014,Recta,Carretera,16429
03014,Recta,Carretera,16430
03014,Recta,Carretera,16431
03014,Recta,Carretera,16432
03014,Recta,Carretera,16433
03014,No aplica,Calle,16434
03014,No aplica,Calle,16435
03014,Recta,Carretera,16436
03014,No aplica,Calle,16437
03014,No aplica,Calle,16438
03014,Recta,Carretera,16439
03014,No aplica,Calle,16440
03014,Curva señalizada,Carretera,16441
03014,No aplica,Calle,16442
03014,Recta,Carretera,16443
03014,No aplica,Calle,16444
03014,No aplica,Calle,16445
03014,No aplica,Calle,16446
03014,No aplica,Calle,16447
03014,No aplica,Calle,16448
03014,Recta,Carretera,16449
03014,Recta,Carretera,16450
03014,Recta,Carretera,16451
03014,No aplica,Calle,16452
03014,Curva señalizada,Carretera,16453
03014,Recta,Carretera,16454
03014,Recta,Carretera,16455
03014,Recta,Carretera,16456
03014,Recta,Carretera,16457
03014,No aplica,Calle,16458
03014,No aplica,Calle,16459
03014,No aplica,Calle,16460
03014,No aplica,Calle,16461
03014,Curva señalizada,Carretera,16462
03014,No aplica,Calle,16463
03014,No aplica,Calle,16464
03014,No aplica,Calle,16465
03014,No aplica,Calle,16466
03014,No aplica,Calle,16467
03014,Recta,Carretera,16468
03014,Recta,Carretera,16469
03014,Recta,Carretera,16470
03014,No aplica,Calle,16471
03014,Curva señalizada,Carretera,16472
03014,No aplica,Calle,16473
03014,Recta,Carretera,16474
03014,No aplica,Calle,16475
03014,No aplica,Calle,16476
03014,Recta,Carretera,16477
03014,Curva señalizada,Carretera,16478
03014,Recta,Carretera,16479
03014,Curva señalizada,Carretera,16480
03014,No aplica,Calle,16481
03014,No aplica,Calle,16482
03014,No aplica,Calle,16483
03014,No aplica,Calle,16484
03014,No aplica,Calle,16485
03014,No aplica,Calle,16486
03014,No aplica,Calle,16487
03014,No aplica,Calle,16488
03014,No aplica,Calle,16489
03014,No aplica,Calle,16490
03014,Recta,Carretera,16491
03014,Recta,Carretera,16492
03014,No aplica,Calle,16493
03014,Curva sin señalizar,Carretera,16494
03014,No aplica,Calle,16495
03014,Recta,Carretera,16496
03014,Recta,Carretera,16497
03014,Recta,Carretera,16498
03014,Recta,Carretera,16499
03014,Recta,Carretera,16500
03014,Curva señalizada,Carretera,16501
03014,Recta,Carretera,16502
03014,Recta,Carretera,16503
03014,No aplica,Calle,16504
03014,No aplica,Calle,16505
03014,No aplica,Calle,16506
03014,No aplica,Calle,16507
03014,No aplica,Calle,16508
03014,Recta,Carretera,16509
03014,Recta,Carretera,16510
03014,No aplica,Calle,16511
03014,No aplica,Calle,16512
03014,Recta,Carretera,16513
03014,Recta,Carretera,16514
03014,Recta,Carretera,16515
03015,Curva señalizada,Carretera,16516
03015,No aplica,Calle,16517
03015,No aplica,Calle,16518
03015,No aplica,Calle,16519
03015,Recta,Carretera,16520
03015,No aplica,Calle,16521
03015,Recta,Carretera,16522
03015,No aplica,Calle,16523
03015,Recta,Carretera,16524
03015,No aplica,Calle,16525
03015,No aplica,Calle,16526
03015,No aplica,Calle,16527
03024,Recta,Carretera,16528
00000,Curva señalizada,Carretera,16529
00000,Recta,Carretera,16530
03015,Recta,Carretera,16531
03015,Recta,Carretera,16532
03024,Recta,Carretera,16533
03015,Curva señalizada,Carretera,16534
03015,Recta,Carretera,16535
03015,Curva señalizada,Carretera,16536
03015,Recta,Carretera,16537
03015,No aplica,Calle,16538
03015,Recta,Carretera,16539
03015,No aplica,Calle,16540
03015,No aplica,Calle,16541
03015,No aplica,Calle,16542
03015,Recta,Carretera,16543
03133,Curva sin señalizar,Carretera,16544
03015,No aplica,Calle,16545
03015,No aplica,Calle,16546
03015,Curva señalizada,Carretera,16547
03015,No aplica,Calle,16548
03056,Recta,Carretera,16549
03018,Recta,Carretera,16550
03047,Recta,Carretera,16551
03018,Recta,Carretera,16552
03018,Curva señalizada,Carretera,16553
03018,Recta,Carretera,16554
03018,Recta,Carretera,16555
03018,Recta,Carretera,16556
03018,Curva señalizada,Carretera,16557
03018,Recta,Carretera,16558
03018,No aplica,Calle,16559
03018,No aplica,Calle,16560
03018,No aplica,Calle,16561
03018,Recta,Carretera,16562
03018,No aplica,Calle,16563
03094,Recta,Carretera,16564
03018,No aplica,Calle,16565
03018,No aplica,Calle,16566
03018,Recta,Carretera,16567
03018,Recta,Carretera,16568
03019,Curva sin señalizar,Carretera,16569
03019,Recta,Carretera,16570
03019,Curva señalizada,Carretera,16571
03019,Recta,Carretera,16572
03019,Recta,Carretera,16573
03019,Recta,Carretera,16574
03019,Curva sin señalizar,Carretera,16575
03019,No aplica,Calle,16576
03019,Curva sin señalizar,Carretera,16577
03019,Recta,Carretera,16578
03019,Recta,Carretera,16579
03019,Recta,Carretera,16580
03019,Recta,Carretera,16581
03019,No aplica,Calle,16582
03019,No aplica,Calle,16583
03019,No aplica,Calle,16584
03019,No aplica,Calle,16585
03019,No aplica,Calle,16586
03019,No aplica,Calle,16587
03019,Curva sin señalizar,Carretera,16588
03019,No aplica,Calle,16589
03019,No aplica,Calle,16590
03019,No aplica,Calle,16591
03019,No aplica,Calle,16592
03019,No aplica,Calle,16593
03019,No aplica,Calle,16594
03019,No aplica,Calle,16595
03019,No aplica,Calle,16596
03019,No aplica,Calle,16597
03065,Curva señalizada,Carretera,16598
03093,Recta,Carretera,16599
03019,Recta,Carretera,16600
03019,No aplica,Calle,16601
03019,No aplica,Calle,16602
03019,No aplica,Calle,16603
03019,Recta,Carretera,16604
03019,No aplica,Calle,16605
03019,No aplica,Calle,16606
03019,No aplica,Calle,16607
03019,No aplica,Calle,16608
03021,Recta,Carretera,16609
03009,Curva señalizada,Carretera,16610
03021,Curva señalizada,Carretera,16611
03021,Recta,Carretera,16612
03021,Curva señalizada,Carretera,16613
03021,No aplica,Calle,16614
03021,No aplica,Calle,16615
00000,Recta,Carretera,16616
00000,Curva sin señalizar,Carretera,16617
00000,Recta,Carretera,16618
00000,Recta,Carretera,16619
03024,Recta,Carretera,16620
03024,Curva señalizada,Carretera,16621
03099,Curva señalizada,Carretera,16622
00000,Recta,Carretera,16623
00000,Curva señalizada,Carretera,16624
00000,Recta,Carretera,16625
00000,Curva señalizada,Carretera,16626
00000,Recta,Carretera,16627
00000,Curva sin señalizar,Carretera,16628
00000,Curva señalizada,Carretera,16629
00000,No aplica,Calle,16630
00000,Curva señalizada,Carretera,16631
03101,Recta,Carretera,16632
00000,Recta,Carretera,16633
00000,Curva sin señalizar,Carretera,16634
03031,No aplica,Calle,16635
03031,No aplica,Calle,16636
03031,No aplica,Calle,16637
03031,No aplica,Calle,16638
03031,No aplica,Calle,16639
03031,No aplica,Calle,16640
03031,Recta,Carretera,16641
03031,No aplica,Calle,16642
03031,No aplica,Calle,16643
03031,No aplica,Calle,16644
03031,Recta,Carretera,16645
03031,No aplica,Calle,16646
03031,No aplica,Calle,16647
03031,Recta,Carretera,16648
03031,No aplica,Calle,16649
03031,No aplica,Calle,16650
03031,No aplica,Calle,16651
03031,No aplica,Calle,16652
03031,No aplica,Calle,16653
03031,No aplica,Calle,16654
03031,Curva señalizada,Carretera,16655
03031,No aplica,Calle,16656
03031,No aplica,Calle,16657
03031,Curva señalizada,Carretera,16658
03031,No aplica,Calle,16659
03031,No aplica,Calle,16660
03031,Curva señalizada,Carretera,16661
00000,Recta,Carretera,16662
03031,No aplica,Calle,16663
03031,No aplica,Calle,16664
03031,No aplica,Calle,16665
03031,No aplica,Calle,16666
03031,No aplica,Calle,16667
03031,No aplica,Calle,16668
03031,No aplica,Calle,16669
03031,No aplica,Calle,16670
03031,No aplica,Calle,16671
03031,No aplica,Calle,16672
03031,No aplica,Calle,16673
03031,No aplica,Calle,16674
03031,No aplica,Calle,16675
03031,No aplica,Calle,16676
03031,Recta,Carretera,16677
03031,No aplica,Calle,16678
03031,No aplica,Calle,16679
03031,No aplica,Calle,16680
03031,No aplica,Calle,16681
03031,No aplica,Calle,16682
03128,Recta,Carretera,16683
03031,No aplica,Calle,16684
03031,No aplica,Calle,16685
03031,No aplica,Calle,16686
03031,No aplica,Calle,16687
03031,No aplica,Calle,16688
03031,No aplica,Calle,16689
03031,No aplica,Calle,16690
03031,No aplica,Calle,16691
03031,No aplica,Calle,16692
03031,No aplica,Calle,16693
03031,No aplica,Calle,16694
03031,No aplica,Calle,16695
03031,No aplica,Calle,16696
03031,No aplica,Calle,16697
03031,No aplica,Calle,16698
03031,No aplica,Calle,16699
03031,Recta,Carretera,16700
03031,No aplica,Calle,16701
03031,No aplica,Calle,16702
03031,No aplica,Calle,16703
03031,Curva señalizada,Carretera,16704
03031,No aplica,Calle,16705
03031,No aplica,Calle,16706
03031,No aplica,Calle,16707
03031,No aplica,Calle,16708
03031,No aplica,Calle,16709
03031,No aplica,Calle,16710
03031,No aplica,Calle,16711
03031,No aplica,Calle,16712
03031,No aplica,Calle,16713
03031,No aplica,Calle,16714
03031,No aplica,Calle,16715
03031,No aplica,Calle,16716
03031,Recta,Carretera,16717
03031,No aplica,Calle,16718
03031,No aplica,Calle,16719
03031,No aplica,Calle,16720
03031,No aplica,Calle,16721
03031,No aplica,Calle,16722
03031,Recta,Carretera,16723
03031,Curva señalizada,Carretera,16724
03031,No aplica,Calle,16725
03031,No aplica,Calle,16726
03031,No aplica,Calle,16727
03031,No aplica,Calle,16728
03031,No aplica,Calle,16729
03031,No aplica,Calle,16730
03031,No aplica,Calle,16731
03031,No aplica,Calle,16732
03031,No aplica,Calle,16733
03031,No aplica,Calle,16734
03031,No aplica,Calle,16735
03031,No aplica,Calle,16736
03031,Curva señalizada,Carretera,16737
03031,No aplica,Calle,16738
03031,No aplica,Calle,16739
03031,Curva señalizada,Carretera,16740
03031,Recta,Carretera,16741
03031,No aplica,Calle,16742
03031,No aplica,Calle,16743
03031,No aplica,Calle,16744
03031,No aplica,Calle,16745
03031,No aplica,Calle,16746
03031,No aplica,Calle,16747
03031,No aplica,Calle,16748
03031,No aplica,Calle,16749
03031,No aplica,Calle,16750
03031,No aplica,Calle,16751
03031,No aplica,Calle,16752
03031,No aplica,Calle,16753
03031,No aplica,Calle,16754
03031,No aplica,Calle,16755
03031,No aplica,Calle,16756
03031,No aplica,Calle,16757
03031,No aplica,Calle,16758
03031,No aplica,Calle,16759
03031,No aplica,Calle,16760
03031,No aplica,Calle,16761
03031,No aplica,Calle,16762
03031,No aplica,Calle,16763
03031,No aplica,Calle,16764
03031,No aplica,Calle,16765
03031,No aplica,Calle,16766
03031,No aplica,Calle,16767
03031,No aplica,Calle,16768
03031,Recta,Carretera,16769
03031,No aplica,Calle,16770
03031,No aplica,Calle,16771
03031,No aplica,Calle,16772
03031,No aplica,Calle,16773
03031,No aplica,Calle,16774
03031,No aplica,Calle,16775
03031,No aplica,Calle,16776
03031,Recta,Carretera,16777
03031,Recta,Carretera,16778
03031,No aplica,Calle,16779
03031,No aplica,Calle,16780
03031,No aplica,Calle,16781
03031,No aplica,Calle,16782
03031,No aplica,Calle,16783
03031,No aplica,Calle,16784
03031,No aplica,Calle,16785
03031,No aplica,Calle,16786
03031,No aplica,Calle,16787
03031,No aplica,Calle,16788
03031,No aplica,Calle,16789
03031,No aplica,Calle,16790
03031,No aplica,Calle,16791
03031,No aplica,Calle,16792
03031,No aplica,Calle,16793
03031,No aplica,Calle,16794
03031,No aplica,Calle,16795
03031,No aplica,Calle,16796
03031,No aplica,Calle,16797
03031,No aplica,Calle,16798
03031,No aplica,Calle,16799
03031,No aplica,Calle,16800
03031,No aplica,Calle,16801
03031,No aplica,Calle,16802
03031,No aplica,Calle,16803
03031,No aplica,Calle,16804
03031,No aplica,Calle,16805
03031,No aplica,Calle,16806
03031,No aplica,Calle,16807
03031,No aplica,Calle,16808
03031,No aplica,Calle,16809
03031,No aplica,Calle,16810
03031,No aplica,Calle,16811
03031,No aplica,Calle,16812
03031,No aplica,Calle,16813
03031,No aplica,Calle,16814
03031,No aplica,Calle,16815
03031,No aplica,Calle,16816
03031,No aplica,Calle,16817
03031,No aplica,Calle,16818
03031,No aplica,Calle,16819
03031,No aplica,Calle,16820
03031,No aplica,Calle,16821
03031,No aplica,Calle,16822
03031,No aplica,Calle,16823
03031,No aplica,Calle,16824
03031,No aplica,Calle,16825
03031,No aplica,Calle,16826
03031,No aplica,Calle,16827
03031,No aplica,Calle,16828
03031,Recta,Carretera,16829
03031,No aplica,Calle,16830
03031,No aplica,Calle,16831
03031,No aplica,Calle,16832
03031,No aplica,Calle,16833
03031,No aplica,Calle,16834
03031,No aplica,Calle,16835
03031,No aplica,Calle,16836
03031,Recta,Carretera,16837
03031,No aplica,Calle,16838
03031,No aplica,Calle,16839
03031,No aplica,Calle,16840
03031,Recta,Carretera,16841
03031,No aplica,Calle,16842
03031,No aplica,Calle,16843
03031,No aplica,Calle,16844
00000,Curva sin señalizar,Carretera,16845
00000,Curva señalizada,Carretera,16846
00000,Curva señalizada,Carretera,16847
00000,Recta,Carretera,16848
00000,Curva señalizada,Carretera,16849
00000,Curva señalizada,Carretera,16850
00000,Recta,Carretera,16851
00000,Curva señalizada,Carretera,16852
00000,Curva señalizada,Carretera,16853
00000,Curva señalizada,Carretera,16854
00000,Curva señalizada,Carretera,16855
00000,Curva señalizada,Carretera,16856
00000,Recta,Carretera,16857
03041,Recta,Carretera,16858
03041,Curva señalizada,Carretera,16859
03041,Curva señalizada,Carretera,16860
03041,Curva señalizada,Carretera,16861
03041,Recta,Carretera,16862
03041,Curva señalizada,Carretera,16863
03041,Curva señalizada,Carretera,16864
00000,Recta,Carretera,16865
03041,Recta,Carretera,16866
03041,Curva sin señalizar,Carretera,16867
03041,Curva señalizada,Carretera,16868
03041,Recta,Carretera,16869
03041,Recta,Carretera,16870
03041,Curva señalizada,Carretera,16871
03041,Recta,Carretera,16872
03041,Recta,Carretera,16873
03041,Curva señalizada,Carretera,16874
03041,Recta,Carretera,16875
03041,Curva señalizada,Carretera,16876
03041,Curva sin señalizar,Carretera,16877
03041,Recta,Carretera,16878
03041,Recta,Carretera,16879
03041,Recta,Carretera,16880
03041,Curva señalizada,Carretera,16881
03041,Recta,Carretera,16882
03041,Recta,Carretera,16883
03041,Recta,Carretera,16884
03041,Curva señalizada,Carretera,16885
03041,Curva señalizada,Carretera,16886
00000,Recta,Carretera,16887
03128,Curva señalizada,Carretera,16888
03082,Recta,Carretera,16889
00000,No aplica,Calle,16890
00000,No aplica,Calle,16891
00000,No aplica,Calle,16892
00000,No aplica,Calle,16893
00000,No aplica,Calle,16894
00000,No aplica,Calle,16895
00000,No aplica,Calle,16896
00000,Recta,Carretera,16897
00000,Recta,Carretera,16898
03021,Recta,Carretera,16899
00000,Curva señalizada,Carretera,16900
00000,Curva señalizada,Carretera,16901
00000,Curva señalizada,Carretera,16902
00000,Curva sin señalizar,Carretera,16903
00000,Recta,Carretera,16904
03019,Curva sin señalizar,Carretera,16905
03140,Recta,Carretera,16906
03099,Curva señalizada,Carretera,16907
00000,Recta,Carretera,16908
00000,Curva señalizada,Carretera,16909
03041,Curva señalizada,Carretera,16910
03047,Curva señalizada,Carretera,16911
03049,Recta,Carretera,16912
03049,Recta,Carretera,16913
03049,Curva sin señalizar,Carretera,16914
03049,Curva señalizada,Carretera,16915
03099,Recta,Carretera,16916
03049,Recta,Carretera,16917
03049,Recta,Carretera,16918
03049,Curva señalizada,Carretera,16919
03049,Recta,Carretera,16920
03049,Recta,Carretera,16921
03049,Recta,Carretera,16922
03049,Recta,Carretera,16923
03049,Recta,Carretera,16924
03049,Recta,Carretera,16925
03049,Curva señalizada,Carretera,16926
03050,Recta,Carretera,16927
03050,Recta,Carretera,16928
03050,Curva señalizada,Carretera,16929
03050,No aplica,Calle,16930
03050,Recta,Carretera,16931
03050,Curva sin señalizar,Carretera,16932
03050,No aplica,Calle,16933
03050,No aplica,Calle,16934
03050,No aplica,Calle,16935
03050,No aplica,Calle,16936
03050,No aplica,Calle,16937
03050,No aplica,Calle,16938
03050,No aplica,Calle,16939
03050,No aplica,Calle,16940
03050,Recta,Carretera,16941
03090,Curva señalizada,Carretera,16942
03050,Curva señalizada,Carretera,16943
03050,Curva señalizada,Carretera,16944
03050,Recta,Carretera,16945
03050,Recta,Carretera,16946
03050,Recta,Carretera,16947
03050,No aplica,Calle,16948
03050,No aplica,Calle,16949
03050,No aplica,Calle,16950
03050,No aplica,Calle,16951
03050,Recta,Carretera,16952
03050,Curva señalizada,Carretera,16953
03050,No aplica,Calle,16954
03050,No aplica,Calle,16955
03050,No aplica,Calle,16956
03050,No aplica,Calle,16957
03050,No aplica,Calle,16958
03050,No aplica,Calle,16959
03050,Curva señalizada,Carretera,16960
03050,No aplica,Calle,16961
03050,No aplica,Calle,16962
03050,Recta,Carretera,16963
03050,No aplica,Calle,16964
03050,No aplica,Calle,16965
03050,No aplica,Calle,16966
03050,Curva señalizada,Carretera,16967
03053,Recta,Carretera,16968
03053,Curva señalizada,Carretera,16969
03053,Curva señalizada,Carretera,16970
03053,Recta,Carretera,16971
03096,Recta,Carretera,16972
03053,Curva sin señalizar,Carretera,16973
03053,Curva señalizada,Carretera,16974
03053,Curva señalizada,Carretera,16975
03053,Recta,Carretera,16976
03053,Recta,Carretera,16977
00000,Curva señalizada,Carretera,16978
03055,Recta,Carretera,16979
03055,Recta,Carretera,16980
03059,Curva señalizada,Carretera,16981
03055,Recta,Carretera,16982
03055,No aplica,Calle,16983
03055,No aplica,Calle,16984
03055,No aplica,Calle,16985
03059,Curva señalizada,Carretera,16986
03055,Curva sin señalizar,Carretera,16987
03055,No aplica,Calle,16988
03055,No aplica,Calle,16989
03055,Curva señalizada,Carretera,16990
03059,Curva señalizada,Carretera,16991
03055,Curva señalizada,Carretera,16992
03056,Curva señalizada,Carretera,16993
03056,Curva señalizada,Carretera,16994
03056,No aplica,Calle,16995
03056,Recta,Carretera,16996
03056,No aplica,Calle,16997
03056,Curva señalizada,Carretera,16998
03056,Curva señalizada,Carretera,16999
03056,No aplica,Calle,17000
03056,Curva sin señalizar,Carretera,17001
03056,Curva señalizada,Carretera,17002
03056,Recta,Carretera,17003
03056,Recta,Carretera,17004
00000,Curva señalizada,Carretera,17005
03056,Curva señalizada,Carretera,17006
03056,Curva señalizada,Carretera,17007
03056,Curva señalizada,Carretera,17008
03056,Curva señalizada,Carretera,17009
00000,Curva señalizada,Carretera,17010
03058,No aplica,Calle,17011
03058,Recta,Carretera,17012
03058,Recta,Carretera,17013
03058,Recta,Carretera,17014
03058,No aplica,Calle,17015
03058,Curva sin señalizar,Carretera,17016
03058,Recta,Carretera,17017
03058,No aplica,Calle,17018
03058,No aplica,Calle,17019
03058,No aplica,Calle,17020
03058,No aplica,Calle,17021
03058,Recta,Carretera,17022
03058,Recta,Carretera,17023
03058,No aplica,Calle,17024
03058,No aplica,Calle,17025
03059,Recta,Carretera,17026
03059,Curva señalizada,Carretera,17027
03059,Recta,Carretera,17028
03059,Curva señalizada,Carretera,17029
03065,Recta,Carretera,17030
03059,Recta,Carretera,17031
03059,Recta,Carretera,17032
03059,Recta,Carretera,17033
03059,Recta,Carretera,17034
03059,Curva sin señalizar,Carretera,17035
03059,Recta,Carretera,17036
03065,Recta,Carretera,17037
03059,Curva señalizada,Carretera,17038
03059,Curva señalizada,Carretera,17039
03059,Recta,Carretera,17040
03059,No aplica,Calle,17041
03059,Recta,Carretera,17042
03059,Recta,Carretera,17043
03059,Recta,Carretera,17044
03059,Recta,Carretera,17045
03059,Recta,Carretera,17046
03099,Curva señalizada,Carretera,17047
03059,Recta,Carretera,17048
03059,Curva señalizada,Carretera,17049
03059,Recta,Carretera,17050
03059,Recta,Carretera,17051
03059,No aplica,Calle,17052
03059,Recta,Carretera,17053
03059,Recta,Carretera,17054
03059,Recta,Carretera,17055
03059,Recta,Carretera,17056
03059,Curva señalizada,Carretera,17057
00000,Curva señalizada,Carretera,17058
00000,Recta,Carretera,17059
00000,Recta,Carretera,17060
00000,Recta,Carretera,17061
00000,Recta,Carretera,17062
00000,Recta,Carretera,17063
00000,Curva señalizada,Carretera,17064
03063,Recta,Carretera,17065
03063,Curva señalizada,Carretera,17066
03063,Recta,Carretera,17067
03063,Recta,Carretera,17068
03063,Recta,Carretera,17069
03063,Recta,Carretera,17070
03063,Recta,Carretera,17071
03063,Recta,Carretera,17072
03063,No aplica,Calle,17073
03063,No aplica,Calle,17074
03063,Recta,Carretera,17075
03063,Recta,Carretera,17076
03063,No aplica,Calle,17077
03063,No aplica,Calle,17078
03063,No aplica,Calle,17079
03063,No aplica,Calle,17080
03063,Recta,Carretera,17081
03063,Recta,Carretera,17082
03063,No aplica,Calle,17083
03063,No aplica,Calle,17084
03063,No aplica,Calle,17085
03063,No aplica,Calle,17086
03063,No aplica,Calle,17087
03063,Recta,Carretera,17088
03063,No aplica,Calle,17089
03063,Recta,Travesía,17090
03063,No aplica,Calle,17091
03063,No aplica,Calle,17092
03063,Recta,Carretera,17093
03063,Curva sin señalizar,Carretera,17094
03063,Recta,Carretera,17095
03063,No aplica,Calle,17096
03063,Recta,Carretera,17097
03063,Recta,Carretera,17098
03063,Recta,Carretera,17099
03063,No aplica,Calle,17100
03063,Curva señalizada,Carretera,17101
03063,Recta,Carretera,17102
03063,No aplica,Calle,17103
03063,No aplica,Calle,17104
03063,No aplica,Calle,17105
03063,No aplica,Calle,17106
03063,No aplica,Calle,17107
03063,Curva señalizada,Carretera,17108
03063,No aplica,Calle,17109
03063,No aplica,Calle,17110
03063,No aplica,Calle,17111
03063,No aplica,Calle,17112
03063,No aplica,Calle,17113
03063,No aplica,Calle,17114
03063,No aplica,Calle,17115
03063,No aplica,Calle,17116
03063,No aplica,Calle,17117
03063,No aplica,Calle,17118
03063,No aplica,Calle,17119
03063,Recta,Carretera,17120
03063,No aplica,Calle,17121
03063,No aplica,Calle,17122
03063,Curva sin señalizar,Carretera,17123
03063,Recta,Carretera,17124
03063,No aplica,Calle,17125
03063,Recta,Carretera,17126
03063,No aplica,Calle,17127
03063,No aplica,Calle,17128
03063,No aplica,Calle,17129
03063,Curva sin señalizar,Carretera,17130
03063,Curva señalizada,Carretera,17131
03063,Curva señalizada,Carretera,17132
03064,No aplica,Calle,17133
03064,No aplica,Calle,17134
03064,No aplica,Calle,17135
03064,Recta,Carretera,17136
03064,Recta,Carretera,17137
03064,Recta,Carretera,17138
03064,Curva sin señalizar,Carretera,17139
03064,Recta,Carretera,17140
03064,Recta,Carretera,17141
03064,No aplica,Calle,17142
03064,No aplica,Calle,17143
03064,No aplica,Calle,17144
03064,Curva señalizada,Carretera,17145
03065,Curva señalizada,Carretera,17146
03065,Curva señalizada,Carretera,17147
03065,Recta,Carretera,17148
03065,Recta,Carretera,17149
03065,Recta,Carretera,17150
03065,Curva señalizada,Carretera,17151
03065,Recta,Carretera,17152
03065,Recta,Carretera,17153
03065,Recta,Carretera,17154
03065,Recta,Carretera,17155
03065,Recta,Carretera,17156
03065,Recta,Carretera,17157
03065,Curva señalizada,Carretera,17158
03065,Curva señalizada,Carretera,17159
03065,Recta,Carretera,17160
03065,Recta,Carretera,17161
03059,Recta,Carretera,17162
03065,Recta,Carretera,17163
03065,Recta,Carretera,17164
03065,Recta,Carretera,17165
03065,Curva señalizada,Carretera,17166
03065,Recta,Carretera,17167
03065,Curva señalizada,Carretera,17168
03065,Curva sin señalizar,Carretera,17169
03065,Recta,Carretera,17170
03065,Curva señalizada,Carretera,17171
03065,Recta,Carretera,17172
03065,Curva señalizada,Carretera,17173
03065,Recta,Carretera,17174
03065,Recta,Carretera,17175
03065,Curva señalizada,Carretera,17176
03065,Recta,Carretera,17177
03065,Curva señalizada,Carretera,17178
03065,Recta,Carretera,17179
03065,Recta,Carretera,17180
03065,Recta,Carretera,17181
03065,Recta,Carretera,17182
03065,Curva señalizada,Carretera,17183
03065,Recta,Carretera,17184
03065,Recta,Carretera,17185
03065,Recta,Carretera,17186
03065,Curva señalizada,Carretera,17187
03065,Curva sin señalizar,Carretera,17188
03065,Recta,Carretera,17189
03065,Recta,Carretera,17190
03065,Recta,Carretera,17191
03065,Recta,Carretera,17192
03065,Curva señalizada,Carretera,17193
03065,Curva señalizada,Carretera,17194
03065,Recta,Carretera,17195
03065,Curva sin señalizar,Carretera,17196
03065,No aplica,Calle,17197
03065,No aplica,Calle,17198
03065,No aplica,Calle,17199
03065,No aplica,Calle,17200
03065,No aplica,Calle,17201
03065,No aplica,Calle,17202
03065,No aplica,Calle,17203
03065,No aplica,Calle,17204
03065,No aplica,Calle,17205
03065,No aplica,Calle,17206
03065,No aplica,Calle,17207
03065,No aplica,Calle,17208
03065,No aplica,Calle,17209
03065,No aplica,Calle,17210
03065,No aplica,Calle,17211
03065,No aplica,Calle,17212
03065,No aplica,Calle,17213
03065,No aplica,Calle,17214
03065,No aplica,Calle,17215
03065,No aplica,Calle,17216
03065,No aplica,Calle,17217
03065,No aplica,Calle,17218
03065,No aplica,Calle,17219
03065,No aplica,Calle,17220
03065,No aplica,Calle,17221
03065,No aplica,Calle,17222
03065,No aplica,Calle,17223
03065,No aplica,Calle,17224
03065,No aplica,Calle,17225
03065,No aplica,Calle,17226
03065,No aplica,Calle,17227
03065,No aplica,Calle,17228
03065,No aplica,Calle,17229
03065,No aplica,Calle,17230
03065,No aplica,Calle,17231
03065,No aplica,Calle,17232
03065,No aplica,Calle,17233
03065,No aplica,Calle,17234
03065,No aplica,Calle,17235
03065,No aplica,Calle,17236
03065,No aplica,Calle,17237
03065,No aplica,Calle,17238
03065,No aplica,Calle,17239
03065,No aplica,Calle,17240
03065,No aplica,Calle,17241
03065,No aplica,Calle,17242
03065,No aplica,Calle,17243
03065,No aplica,Calle,17244
03065,No aplica,Calle,17245
03065,No aplica,Calle,17246
03065,No aplica,Calle,17247
03065,No aplica,Calle,17248
03065,No aplica,Calle,17249
03065,No aplica,Calle,17250
03065,No aplica,Calle,17251
03065,No aplica,Calle,17252
03065,No aplica,Calle,17253
03065,No aplica,Calle,17254
03065,No aplica,Calle,17255
03065,No aplica,Calle,17256
03065,No aplica,Calle,17257
03065,No aplica,Calle,17258
03065,No aplica,Calle,17259
03065,No aplica,Calle,17260
03065,No aplica,Calle,17261
03065,No aplica,Calle,17262
03065,No aplica,Calle,17263
03065,No aplica,Calle,17264
03065,No aplica,Calle,17265
03065,No aplica,Calle,17266
03065,No aplica,Calle,17267
03065,No aplica,Calle,17268
03065,No aplica,Calle,17269
03065,No aplica,Calle,17270
03065,No aplica,Calle,17271
03065,No aplica,Calle,17272
03065,No aplica,Calle,17273
03065,No aplica,Calle,17274
03065,No aplica,Calle,17275
03065,No aplica,Calle,17276
03065,No aplica,Calle,17277
03065,No aplica,Calle,17278
03065,No aplica,Calle,17279
03065,No aplica,Calle,17280
03065,No aplica,Calle,17281
03065,No aplica,Calle,17282
03065,No aplica,Calle,17283
03065,No aplica,Calle,17284
03065,No aplica,Calle,17285
03065,No aplica,Calle,17286
03065,No aplica,Calle,17287
03065,No aplica,Calle,17288
03065,No aplica,Calle,17289
03065,No aplica,Calle,17290
03065,No aplica,Calle,17291
03065,No aplica,Calle,17292
03065,No aplica,Calle,17293
03065,No aplica,Calle,17294
03065,No aplica,Calle,17295
03065,No aplica,Calle,17296
03065,No aplica,Calle,17297
03065,No aplica,Calle,17298
03065,No aplica,Calle,17299
03065,No aplica,Calle,17300
03065,No aplica,Calle,17301
03065,No aplica,Calle,17302
03065,No aplica,Calle,17303
03065,No aplica,Calle,17304
03065,No aplica,Calle,17305
03065,No aplica,Calle,17306
03065,No aplica,Calle,17307
03065,No aplica,Calle,17308
03065,No aplica,Calle,17309
03065,No aplica,Calle,17310
03065,No aplica,Calle,17311
03065,No aplica,Calle,17312
03065,No aplica,Calle,17313
03065,No aplica,Calle,17314
03065,No aplica,Calle,17315
03065,No aplica,Calle,17316
03065,No aplica,Calle,17317
03065,No aplica,Calle,17318
03065,No aplica,Calle,17319
03065,No aplica,Calle,17320
03065,No aplica,Calle,17321
03065,No aplica,Calle,17322
03065,No aplica,Calle,17323
03065,No aplica,Calle,17324
03065,No aplica,Calle,17325
03065,No aplica,Calle,17326
03065,No aplica,Calle,17327
03065,No aplica,Calle,17328
03065,No aplica,Calle,17329
03065,No aplica,Calle,17330
03065,No aplica,Calle,17331
03065,No aplica,Calle,17332
03065,No aplica,Calle,17333
03065,No aplica,Calle,17334
03065,No aplica,Calle,17335
03065,No aplica,Calle,17336
03065,No aplica,Calle,17337
03065,No aplica,Calle,17338
03065,No aplica,Calle,17339
03065,No aplica,Calle,17340
03065,No aplica,Calle,17341
03065,No aplica,Calle,17342
03065,No aplica,Calle,17343
03065,No aplica,Calle,17344
03065,No aplica,Calle,17345
03065,No aplica,Calle,17346
03065,No aplica,Calle,17347
03065,No aplica,Calle,17348
03065,No aplica,Calle,17349
03065,No aplica,Calle,17350
03065,No aplica,Calle,17351
03065,No aplica,Calle,17352
03065,No aplica,Calle,17353
03065,No aplica,Calle,17354
03065,No aplica,Calle,17355
03065,No aplica,Calle,17356
03065,No aplica,Calle,17357
03065,No aplica,Calle,17358
03065,No aplica,Calle,17359
03065,No aplica,Calle,17360
03065,No aplica,Calle,17361
03065,No aplica,Calle,17362
03065,No aplica,Calle,17363
03065,No aplica,Calle,17364
03065,No aplica,Calle,17365
03065,No aplica,Calle,17366
03065,No aplica,Calle,17367
03065,No aplica,Calle,17368
03065,No aplica,Calle,17369
03065,No aplica,Calle,17370
03065,No aplica,Calle,17371
03065,No aplica,Calle,17372
03065,No aplica,Calle,17373
03065,No aplica,Calle,17374
03065,No aplica,Calle,17375
03065,No aplica,Calle,17376
03065,No aplica,Calle,17377
03065,No aplica,Calle,17378
03065,No aplica,Calle,17379
03065,No aplica,Calle,17380
03065,No aplica,Calle,17381
03065,No aplica,Calle,17382
03065,No aplica,Calle,17383
03065,No aplica,Calle,17384
03065,No aplica,Calle,17385
03065,No aplica,Calle,17386
03065,No aplica,Calle,17387
03065,No aplica,Calle,17388
03065,No aplica,Calle,17389
03065,No aplica,Calle,17390
03065,No aplica,Calle,17391
03065,No aplica,Calle,17392
03065,No aplica,Calle,17393
03065,No aplica,Calle,17394
03065,No aplica,Calle,17395
03065,No aplica,Calle,17396
03065,No aplica,Calle,17397
03065,No aplica,Calle,17398
03065,No aplica,Calle,17399
03065,No aplica,Calle,17400
03065,No aplica,Calle,17401
03065,No aplica,Calle,17402
03065,No aplica,Calle,17403
03065,No aplica,Calle,17404
03065,No aplica,Calle,17405
03065,No aplica,Calle,17406
03065,No aplica,Calle,17407
03065,No aplica,Calle,17408
03065,No aplica,Calle,17409
03065,No aplica,Calle,17410
03065,No aplica,Calle,17411
03065,No aplica,Calle,17412
03065,No aplica,Calle,17413
03065,No aplica,Calle,17414
03065,No aplica,Calle,17415
03065,No aplica,Calle,17416
03065,No aplica,Calle,17417
03065,No aplica,Calle,17418
03065,No aplica,Calle,17419
03065,No aplica,Calle,17420
03065,No aplica,Calle,17421
03065,No aplica,Calle,17422
03065,No aplica,Calle,17423
03065,No aplica,Calle,17424
03065,No aplica,Calle,17425
03065,No aplica,Calle,17426
03065,No aplica,Calle,17427
03065,No aplica,Calle,17428
03065,No aplica,Calle,17429
03065,No aplica,Calle,17430
03065,No aplica,Calle,17431
03065,No aplica,Calle,17432
03065,No aplica,Calle,17433
03065,No aplica,Calle,17434
03065,No aplica,Calle,17435
03065,No aplica,Calle,17436
03065,No aplica,Calle,17437
03065,No aplica,Calle,17438
03065,No aplica,Calle,17439
03065,No aplica,Calle,17440
03065,No aplica,Calle,17441
03065,No aplica,Calle,17442
03065,No aplica,Calle,17443
03065,No aplica,Calle,17444
03065,No aplica,Calle,17445
03065,No aplica,Calle,17446
03065,No aplica,Calle,17447
03065,No aplica,Calle,17448
03065,No aplica,Calle,17449
03065,No aplica,Calle,17450
03065,No aplica,Calle,17451
03065,No aplica,Calle,17452
03065,No aplica,Calle,17453
03065,No aplica,Calle,17454
03065,No aplica,Calle,17455
03065,No aplica,Calle,17456
03065,No aplica,Calle,17457
03065,No aplica,Calle,17458
03065,No aplica,Calle,17459
03065,No aplica,Calle,17460
03065,No aplica,Calle,17461
03065,No aplica,Calle,17462
03065,No aplica,Calle,17463
03065,No aplica,Calle,17464
03065,No aplica,Calle,17465
03065,No aplica,Calle,17466
03065,No aplica,Calle,17467
03065,No aplica,Calle,17468
03065,No aplica,Calle,17469
03065,No aplica,Calle,17470
03065,No aplica,Calle,17471
03065,No aplica,Calle,17472
03065,No aplica,Calle,17473
03065,No aplica,Calle,17474
03065,No aplica,Calle,17475
03065,No aplica,Calle,17476
03065,No aplica,Calle,17477
03065,No aplica,Calle,17478
03065,No aplica,Calle,17479
03065,No aplica,Calle,17480
03065,No aplica,Calle,17481
03065,No aplica,Calle,17482
03065,No aplica,Calle,17483
03065,No aplica,Calle,17484
03065,No aplica,Calle,17485
03065,No aplica,Calle,17486
03065,No aplica,Calle,17487
03065,No aplica,Calle,17488
03065,No aplica,Calle,17489
03065,No aplica,Calle,17490
03065,No aplica,Calle,17491
03065,No aplica,Calle,17492
03065,No aplica,Calle,17493
03065,No aplica,Calle,17494
03065,No aplica,Calle,17495
03065,No aplica,Calle,17496
03065,No aplica,Calle,17497
03065,No aplica,Calle,17498
03065,No aplica,Calle,17499
03065,Recta,Carretera,17500
03065,No aplica,Calle,17501
03065,No aplica,Calle,17502
03065,No aplica,Calle,17503
03065,No aplica,Calle,17504
03065,No aplica,Calle,17505
03065,No aplica,Calle,17506
03065,No aplica,Calle,17507
03065,No aplica,Calle,17508
03065,No aplica,Calle,17509
03065,No aplica,Calle,17510
03065,No aplica,Calle,17511
03065,No aplica,Calle,17512
03065,No aplica,Calle,17513
03065,No aplica,Calle,17514
03065,No aplica,Calle,17515
03065,Curva señalizada,Carretera,17516
03065,Recta,Carretera,17517
03065,No aplica,Calle,17518
03065,No aplica,Calle,17519
03065,Curva señalizada,Carretera,17520
03065,Recta,Carretera,17521
03065,No aplica,Calle,17522
03065,No aplica,Calle,17523
03065,No aplica,Calle,17524
03065,No aplica,Calle,17525
03065,No aplica,Calle,17526
03065,No aplica,Calle,17527
03065,No aplica,Calle,17528
03065,No aplica,Calle,17529
03065,No aplica,Calle,17530
03065,No aplica,Calle,17531
03065,No aplica,Calle,17532
03065,No aplica,Calle,17533
03065,No aplica,Calle,17534
03065,No aplica,Calle,17535
03065,No aplica,Calle,17536
03065,No aplica,Calle,17537
03065,No aplica,Calle,17538
03065,No aplica,Calle,17539
03065,No aplica,Calle,17540
03065,No aplica,Calle,17541
03065,No aplica,Calle,17542
03065,No aplica,Calle,17543
03065,No aplica,Calle,17544
03065,Curva señalizada,Carretera,17545
03065,No aplica,Calle,17546
03065,No aplica,Calle,17547
03065,No aplica,Calle,17548
03065,No aplica,Calle,17549
03065,No aplica,Calle,17550
03065,No aplica,Calle,17551
03065,No aplica,Calle,17552
03065,No aplica,Calle,17553
03065,No aplica,Calle,17554
03065,No aplica,Calle,17555
03065,No aplica,Calle,17556
03065,No aplica,Calle,17557
03065,No aplica,Calle,17558
03065,No aplica,Calle,17559
03065,No aplica,Calle,17560
03065,No aplica,Calle,17561
03065,No aplica,Calle,17562
03065,No aplica,Calle,17563
03065,Curva señalizada,Carretera,17564
03065,No aplica,Calle,17565
03065,No aplica,Calle,17566
03065,No aplica,Calle,17567
03065,No aplica,Calle,17568
03065,Recta,Carretera,17569
03065,No aplica,Calle,17570
03065,No aplica,Calle,17571
03065,No aplica,Calle,17572
03065,Curva sin señalizar,Carretera,17573
03065,Recta,Carretera,17574
03065,No aplica,Calle,17575
03065,No aplica,Calle,17576
03065,Curva señalizada,Carretera,17577
03065,No aplica,Calle,17578
03065,No aplica,Calle,17579
03065,No aplica,Calle,17580
03065,No aplica,Calle,17581
03065,No aplica,Calle,17582
03065,No aplica,Calle,17583
03065,No aplica,Calle,17584
03065,No aplica,Calle,17585
03065,No aplica,Calle,17586
03065,No aplica,Calle,17587
03065,No aplica,Calle,17588
03065,No aplica,Calle,17589
03065,No aplica,Calle,17590
03065,No aplica,Calle,17591
03065,No aplica,Calle,17592
03065,Recta,Carretera,17593
03065,No aplica,Calle,17594
03065,No aplica,Calle,17595
03065,No aplica,Calle,17596
03065,No aplica,Calle,17597
03065,No aplica,Calle,17598
03065,No aplica,Calle,17599
03065,No aplica,Calle,17600
03065,No aplica,Calle,17601
03065,No aplica,Calle,17602
03065,Curva sin señalizar,Carretera,17603
03065,No aplica,Calle,17604
03065,No aplica,Calle,17605
03065,No aplica,Calle,17606
03065,Curva sin señalizar,Carretera,17607
03065,No aplica,Calle,17608
03065,No aplica,Calle,17609
03065,No aplica,Calle,17610
03065,No aplica,Calle,17611
03065,No aplica,Calle,17612
03065,Curva señalizada,Carretera,17613
03065,No aplica,Calle,17614
03065,No aplica,Calle,17615
03065,No aplica,Calle,17616
03065,Curva señalizada,Carretera,17617
03065,No aplica,Calle,17618
03065,No aplica,Calle,17619
03065,Curva señalizada,Carretera,17620
03065,No aplica,Calle,17621
03065,No aplica,Calle,17622
03065,No aplica,Calle,17623
03065,No aplica,Calle,17624
03065,Curva señalizada,Carretera,17625
03065,Curva señalizada,Carretera,17626
03065,No aplica,Calle,17627
03065,No aplica,Calle,17628
03065,No aplica,Calle,17629
03065,No aplica,Calle,17630
03065,No aplica,Calle,17631
03065,No aplica,Calle,17632
03065,No aplica,Calle,17633
03065,No aplica,Calle,17634
03065,No aplica,Calle,17635
03065,No aplica,Calle,17636
03065,No aplica,Calle,17637
03065,No aplica,Calle,17638
03065,No aplica,Calle,17639
03088,Curva señalizada,Carretera,17640
03065,Curva señalizada,Carretera,17641
03065,Recta,Carretera,17642
03065,No aplica,Calle,17643
03065,Recta,Carretera,17644
03065,No aplica,Calle,17645
03065,No aplica,Calle,17646
03065,Curva sin señalizar,Carretera,17647
03065,No aplica,Calle,17648
03065,No aplica,Calle,17649
03065,No aplica,Calle,17650
03065,Recta,Carretera,17651
03065,No aplica,Calle,17652
03065,No aplica,Calle,17653
03065,No aplica,Calle,17654
03065,No aplica,Calle,17655
03065,No aplica,Calle,17656
03065,No aplica,Calle,17657
03065,No aplica,Calle,17658
03065,No aplica,Calle,17659
03065,No aplica,Calle,17660
03065,No aplica,Calle,17661
03065,Recta,Carretera,17662
03065,No aplica,Calle,17663
03065,No aplica,Calle,17664
03065,No aplica,Calle,17665
03065,Recta,Carretera,17666
03065,No aplica,Calle,17667
03065,No aplica,Calle,17668
03065,No aplica,Calle,17669
03065,No aplica,Calle,17670
03065,No aplica,Calle,17671
03065,No aplica,Calle,17672
03065,No aplica,Calle,17673
03065,No aplica,Calle,17674
03065,No aplica,Calle,17675
03065,No aplica,Calle,17676
03065,Curva señalizada,Carretera,17677
03065,Recta,Carretera,17678
03065,No aplica,Calle,17679
03065,No aplica,Calle,17680
03065,No aplica,Calle,17681
03065,No aplica,Calle,17682
03065,No aplica,Calle,17683
03065,No aplica,Calle,17684
03065,No aplica,Calle,17685
03065,No aplica,Calle,17686
03065,No aplica,Calle,17687
03065,No aplica,Calle,17688
03065,Curva señalizada,Carretera,17689
03065,No aplica,Calle,17690
03065,No aplica,Calle,17691
03065,No aplica,Calle,17692
03065,No aplica,Calle,17693
03065,No aplica,Calle,17694
03065,No aplica,Calle,17695
03065,No aplica,Calle,17696
03065,No aplica,Calle,17697
03065,No aplica,Calle,17698
03065,No aplica,Calle,17699
03065,Recta,Carretera,17700
03065,No aplica,Calle,17701
03065,No aplica,Calle,17702
03065,No aplica,Calle,17703
03065,No aplica,Calle,17704
03065,No aplica,Calle,17705
03065,No aplica,Calle,17706
03065,No aplica,Calle,17707
03065,No aplica,Calle,17708
03065,No aplica,Calle,17709
03065,No aplica,Calle,17710
03065,No aplica,Calle,17711
03065,No aplica,Calle,17712
03065,Recta,Carretera,17713
03065,No aplica,Calle,17714
03065,No aplica,Calle,17715
03065,No aplica,Calle,17716
03065,No aplica,Calle,17717
03065,No aplica,Calle,17718
03065,No aplica,Calle,17719
03065,No aplica,Calle,17720
03065,No aplica,Calle,17721
03065,No aplica,Calle,17722
03065,Recta,Carretera,17723
03065,Curva señalizada,Carretera,17724
03065,Recta,Carretera,17725
03065,No aplica,Calle,17726
03065,Curva señalizada,Carretera,17727
03065,No aplica,Calle,17728
03065,No aplica,Calle,17729
03065,No aplica,Calle,17730
03065,No aplica,Calle,17731
03065,Recta,Carretera,17732
03065,No aplica,Calle,17733
03065,Recta,Carretera,17734
03065,No aplica,Calle,17735
03065,No aplica,Calle,17736
03065,No aplica,Calle,17737
03065,Recta,Carretera,17738
03065,No aplica,Calle,17739
03065,No aplica,Calle,17740
03065,No aplica,Calle,17741
03065,No aplica,Calle,17742
03065,No aplica,Calle,17743
03065,No aplica,Calle,17744
03065,No aplica,Calle,17745
03065,Recta,Carretera,17746
03065,No aplica,Calle,17747
03065,No aplica,Calle,17748
03065,No aplica,Calle,17749
03065,No aplica,Calle,17750
03065,No aplica,Calle,17751
03065,No aplica,Calle,17752
03065,No aplica,Calle,17753
03065,No aplica,Calle,17754
03065,No aplica,Calle,17755
03065,No aplica,Calle,17756
03065,No aplica,Calle,17757
03065,No aplica,Calle,17758
03065,No aplica,Calle,17759
03065,No aplica,Calle,17760
03065,No aplica,Calle,17761
03065,No aplica,Calle,17762
03065,No aplica,Calle,17763
03065,No aplica,Calle,17764
03065,No aplica,Calle,17765
03065,No aplica,Calle,17766
03065,No aplica,Calle,17767
03065,No aplica,Calle,17768
03065,No aplica,Calle,17769
03065,No aplica,Calle,17770
03065,No aplica,Calle,17771
03065,No aplica,Calle,17772
03065,No aplica,Calle,17773
03065,No aplica,Calle,17774
03065,No aplica,Calle,17775
03065,No aplica,Calle,17776
03065,No aplica,Calle,17777
03065,No aplica,Calle,17778
03065,Curva señalizada,Carretera,17779
03065,Recta,Carretera,17780
03065,No aplica,Calle,17781
03065,No aplica,Calle,17782
03065,No aplica,Calle,17783
03065,No aplica,Calle,17784
03065,No aplica,Calle,17785
03065,No aplica,Calle,17786
03065,No aplica,Calle,17787
03065,Curva señalizada,Carretera,17788
03065,No aplica,Calle,17789
03065,No aplica,Calle,17790
03065,No aplica,Calle,17791
03065,No aplica,Calle,17792
03065,No aplica,Calle,17793
03065,No aplica,Calle,17794
03065,Curva señalizada,Carretera,17795
03065,Recta,Carretera,17796
03065,No aplica,Calle,17797
03065,No aplica,Calle,17798
03065,No aplica,Calle,17799
03065,Recta,Carretera,17800
03065,No aplica,Calle,17801
03065,Recta,Carretera,17802
03065,No aplica,Calle,17803
03065,No aplica,Calle,17804
03065,No aplica,Calle,17805
03065,No aplica,Calle,17806
03065,No aplica,Calle,17807
03065,No aplica,Calle,17808
03065,Recta,Carretera,17809
03065,No aplica,Calle,17810
03065,No aplica,Calle,17811
03065,No aplica,Calle,17812
03065,Recta,Carretera,17813
03065,No aplica,Calle,17814
03065,No aplica,Calle,17815
03065,No aplica,Calle,17816
03065,No aplica,Calle,17817
03065,No aplica,Calle,17818
03065,No aplica,Calle,17819
03065,No aplica,Calle,17820
03065,No aplica,Calle,17821
03065,No aplica,Calle,17822
03065,No aplica,Calle,17823
03065,No aplica,Calle,17824
03065,No aplica,Calle,17825
03065,Curva señalizada,Carretera,17826
03065,No aplica,Calle,17827
03065,No aplica,Calle,17828
03065,No aplica,Calle,17829
03065,No aplica,Calle,17830
03065,Recta,Carretera,17831
03065,No aplica,Calle,17832
03065,No aplica,Calle,17833
03065,Recta,Carretera,17834
03065,No aplica,Calle,17835
03065,No aplica,Calle,17836
03065,No aplica,Calle,17837
03065,Curva señalizada,Carretera,17838
03065,Recta,Carretera,17839
03065,No aplica,Calle,17840
03065,No aplica,Calle,17841
03065,No aplica,Calle,17842
03065,No aplica,Calle,17843
03065,No aplica,Calle,17844
03065,No aplica,Calle,17845
03065,Recta,Carretera,17846
03065,No aplica,Calle,17847
03065,No aplica,Calle,17848
03065,Curva sin señalizar,Carretera,17849
03065,No aplica,Calle,17850
03065,No aplica,Calle,17851
03065,No aplica,Calle,17852
03065,Curva señalizada,Carretera,17853
03065,No aplica,Calle,17854
03065,No aplica,Calle,17855
03065,No aplica,Calle,17856
03065,No aplica,Calle,17857
03065,No aplica,Calle,17858
03065,No aplica,Calle,17859
03065,No aplica,Calle,17860
03065,No aplica,Calle,17861
03065,No aplica,Calle,17862
03065,Recta,Carretera,17863
03065,No aplica,Calle,17864
03065,Curva señalizada,Carretera,17865
03065,Curva señalizada,Carretera,17866
03065,No aplica,Calle,17867
03065,Recta,Carretera,17868
03065,No aplica,Calle,17869
03065,No aplica,Calle,17870
03065,No aplica,Calle,17871
03065,Curva señalizada,Carretera,17872
03065,No aplica,Calle,17873
03065,No aplica,Calle,17874
03065,No aplica,Calle,17875
03065,Recta,Carretera,17876
03065,Curva señalizada,Carretera,17877
03065,No aplica,Calle,17878
03065,No aplica,Calle,17879
03065,No aplica,Calle,17880
03065,No aplica,Calle,17881
03065,No aplica,Calle,17882
03065,No aplica,Calle,17883
03065,No aplica,Calle,17884
03065,No aplica,Calle,17885
03065,No aplica,Calle,17886
03065,No aplica,Calle,17887
03065,No aplica,Calle,17888
03065,No aplica,Calle,17889
03065,No aplica,Calle,17890
03065,No aplica,Calle,17891
03065,Recta,Carretera,17892
03065,No aplica,Calle,17893
03065,Recta,Carretera,17894
03121,Recta,Carretera,17895
03065,No aplica,Calle,17896
03065,No aplica,Calle,17897
03065,No aplica,Calle,17898
03065,Se desconoce,Carretera,17899
03065,No aplica,Calle,17900
03065,No aplica,Calle,17901
03065,Curva señalizada,Carretera,17902
03065,Curva señalizada,Carretera,17903
03065,No aplica,Calle,17904
03065,No aplica,Calle,17905
03065,No aplica,Calle,17906
03065,Recta,Carretera,17907
03065,No aplica,Calle,17908
03065,No aplica,Calle,17909
03065,No aplica,Calle,17910
03065,No aplica,Calle,17911
03065,No aplica,Calle,17912
03065,No aplica,Calle,17913
03065,No aplica,Calle,17914
03065,No aplica,Calle,17915
03065,No aplica,Calle,17916
03065,No aplica,Calle,17917
03065,No aplica,Calle,17918
03065,No aplica,Calle,17919
03065,No aplica,Calle,17920
03065,No aplica,Calle,17921
03065,Recta,Carretera,17922
03065,Recta,Carretera,17923
03065,No aplica,Calle,17924
03065,Recta,Carretera,17925
03065,No aplica,Calle,17926
03065,No aplica,Calle,17927
03065,No aplica,Calle,17928
03065,No aplica,Calle,17929
03065,Recta,Carretera,17930
03065,No aplica,Calle,17931
03065,No aplica,Calle,17932
03065,No aplica,Calle,17933
03065,No aplica,Calle,17934
03065,No aplica,Calle,17935
03065,No aplica,Calle,17936
03065,Recta,Carretera,17937
03065,No aplica,Calle,17938
03065,No aplica,Calle,17939
03065,No aplica,Calle,17940
03065,No aplica,Calle,17941
03065,No aplica,Calle,17942
03065,No aplica,Calle,17943
03065,No aplica,Calle,17944
03065,No aplica,Calle,17945
03065,Recta,Carretera,17946
03065,No aplica,Calle,17947
03065,No aplica,Calle,17948
03065,Recta,Carretera,17949
03065,No aplica,Calle,17950
03065,No aplica,Calle,17951
03065,No aplica,Calle,17952
03065,No aplica,Calle,17953
03065,Recta,Carretera,17954
03065,No aplica,Calle,17955
03065,No aplica,Calle,17956
03065,No aplica,Calle,17957
03065,No aplica,Calle,17958
03065,No aplica,Calle,17959
03065,No aplica,Calle,17960
03065,No aplica,Calle,17961
03065,No aplica,Calle,17962
03065,No aplica,Calle,17963
03065,No aplica,Calle,17964
03065,No aplica,Calle,17965
03065,Curva señalizada,Carretera,17966
03065,No aplica,Calle,17967
03065,No aplica,Calle,17968
03066,No aplica,Calle,17969
03066,No aplica,Calle,17970
03066,No aplica,Calle,17971
03066,No aplica,Calle,17972
03066,No aplica,Calle,17973
03066,No aplica,Calle,17974
03066,No aplica,Calle,17975
03066,No aplica,Calle,17976
03066,No aplica,Calle,17977
03066,No aplica,Calle,17978
03066,No aplica,Calle,17979
03066,Recta,Carretera,17980
00000,Curva señalizada,Carretera,17981
03069,No aplica,Calle,17982
03069,Recta,Carretera,17983
03069,Recta,Carretera,17984
03069,Recta,Carretera,17985
03069,No aplica,Calle,17986
03069,No aplica,Calle,17987
03069,Recta,Carretera,17988
03069,Recta,Carretera,17989
03069,No aplica,Calle,17990
03069,No aplica,Calle,17991
03069,No aplica,Calle,17992
03069,No aplica,Calle,17993
03069,Curva señalizada,Carretera,17994
03069,Curva señalizada,Carretera,17995
03069,Recta,Carretera,17996
03069,No aplica,Calle,17997
03069,No aplica,Calle,17998
03069,No aplica,Calle,17999
03069,No aplica,Calle,18000
03069,Recta,Carretera,18001
03069,Curva señalizada,Carretera,18002
03069,No aplica,Calle,18003
03069,No aplica,Calle,18004
03069,No aplica,Calle,18005
03069,No aplica,Calle,18006
03069,No aplica,Calle,18007
03069,No aplica,Calle,18008
03069,No aplica,Calle,18009
03069,No aplica,Calle,18010
03069,No aplica,Calle,18011
03069,Se desconoce,Carretera,18012
03069,No aplica,Calle,18013
00000,Recta,Carretera,18014
03069,No aplica,Calle,18015
03069,No aplica,Calle,18016
03069,No aplica,Calle,18017
03069,Curva señalizada,Carretera,18018
03069,No aplica,Calle,18019
00000,Recta,Carretera,18020
00000,Curva señalizada,Carretera,18021
03071,Recta,Carretera,18022
03071,Recta,Carretera,18023
03071,Recta,Carretera,18024
00000,Recta,Carretera,18025
00000,Recta,Carretera,18026
00000,Recta,Carretera,18027
00000,Curva señalizada,Carretera,18028
00000,Curva sin señalizar,Carretera,18029
00000,Recta,Carretera,18030
00000,Recta,Carretera,18031
00000,Curva señalizada,Carretera,18032
03076,No aplica,Calle,18033
03076,No aplica,Calle,18034
03076,No aplica,Calle,18035
03076,No aplica,Calle,18036
03076,Curva señalizada,Carretera,18037
03076,No aplica,Calle,18038
03076,Recta,Carretera,18039
03076,No aplica,Calle,18040
03113,Curva señalizada,Carretera,18041
03076,Curva señalizada,Carretera,18042
03076,No aplica,Calle,18043
03076,No aplica,Calle,18044
03076,Recta,Carretera,18045
03076,Recta,Carretera,18046
03076,No aplica,Calle,18047
03076,Curva señalizada,Carretera,18048
03076,Recta,Carretera,18049
03076,No aplica,Calle,18050
03076,No aplica,Calle,18051
00000,Recta,Carretera,18052
00000,Recta,Carretera,18053
00000,Curva señalizada,Carretera,18054
00000,Recta,Carretera,18055
00000,Recta,Carretera,18056
00000,No aplica,Calle,18057
03079,No aplica,Calle,18058
03079,No aplica,Calle,18059
03079,Recta,Carretera,18060
03079,Recta,Carretera,18061
03079,No aplica,Calle,18062
03079,No aplica,Calle,18063
03079,No aplica,Calle,18064
03079,No aplica,Calle,18065
03079,Curva señalizada,Carretera,18066
03079,Recta,Carretera,18067
03079,No aplica,Calle,18068
03079,No aplica,Calle,18069
03079,No aplica,Calle,18070
03079,No aplica,Calle,18071
03079,Curva sin señalizar,Carretera,18072
03079,No aplica,Calle,18073
03079,No aplica,Calle,18074
03079,No aplica,Calle,18075
03079,Curva sin señalizar,Carretera,18076
03079,No aplica,Calle,18077
00000,Curva sin señalizar,Carretera,18078
03079,Curva señalizada,Carretera,18079
03079,Recta,Carretera,18080
03079,No aplica,Calle,18081
03079,No aplica,Calle,18082
00000,Curva sin señalizar,Carretera,18083
00000,Curva señalizada,Carretera,18084
03082,Recta,Carretera,18085
03082,Recta,Carretera,18086
03082,Recta,Carretera,18087
03082,Recta,Carretera,18088
03082,Recta,Carretera,18089
03063,Recta,Carretera,18090
03082,Recta,Carretera,18091
03082,Recta,Carretera,18092
03082,Recta,Carretera,18093
03082,Recta,Carretera,18094
03082,Recta,Carretera,18095
03082,Recta,Carretera,18096
03082,Curva sin señalizar,Carretera,18097
03082,Curva señalizada,Carretera,18098
03063,Curva señalizada,Carretera,18099
03082,Curva señalizada,Carretera,18100
03082,Recta,Carretera,18101
03128,Recta,Carretera,18102
03082,Recta,Carretera,18103
03083,Curva señalizada,Carretera,18104
03083,Curva señalizada,Carretera,18105
03083,Curva señalizada,Carretera,18106
03083,Recta,Carretera,18107
03083,Curva señalizada,Carretera,18108
03083,Curva señalizada,Carretera,18109
03083,No aplica,Calle,18110
03083,No aplica,Calle,18111
03083,Recta,Carretera,18112
03083,Curva señalizada,Carretera,18113
03083,Curva señalizada,Carretera,18114
03083,Curva señalizada,Carretera,18115
03083,Curva señalizada,Carretera,18116
03083,Curva señalizada,Carretera,18117
03083,Curva señalizada,Carretera,18118
03083,Curva señalizada,Carretera,18119
03014,Recta,Carretera,18120
00000,No aplica,Calle,18121
00000,Curva sin señalizar,Carretera,18122
00000,Curva sin señalizar,Carretera,18123
03088,Recta,Carretera,18124
03088,Curva sin señalizar,Carretera,18125
03088,Recta,Carretera,18126
03088,Recta,Carretera,18127
03088,Recta,Carretera,18128
03088,Recta,Carretera,18129
03088,Recta,Carretera,18130
03088,Curva señalizada,Carretera,18131
03088,Curva señalizada,Carretera,18132
03088,Recta,Carretera,18133
03088,Curva señalizada,Carretera,18134
03088,Curva señalizada,Carretera,18135
03088,Recta,Carretera,18136
03088,Recta,Carretera,18137
03088,Recta,Carretera,18138
03088,Recta,Carretera,18139
03088,Recta,Carretera,18140
03088,Curva sin señalizar,Carretera,18141
03088,No aplica,Calle,18142
03088,Recta,Carretera,18143
03088,Curva señalizada,Carretera,18144
03088,Recta,Carretera,18145
03088,Curva sin señalizar,Carretera,18146
03089,Recta,Carretera,18147
03089,Recta,Carretera,18148
03089,Recta,Carretera,18149
03089,Recta,Carretera,18150
03089,Recta,Carretera,18151
03089,Recta,Carretera,18152
03089,Recta,Carretera,18153
03089,Curva señalizada,Carretera,18154
03105,Recta,Carretera,18155
03089,Curva señalizada,Carretera,18156
03089,No aplica,Calle,18157
03089,No aplica,Calle,18158
03089,Recta,Carretera,18159
03089,Curva señalizada,Carretera,18160
03090,Recta,Carretera,18161
03119,Recta,Carretera,18162
03090,Recta,Carretera,18163
03090,No aplica,Calle,18164
03090,Recta,Carretera,18165
03090,Curva señalizada,Carretera,18166
03090,Recta,Carretera,18167
03090,Recta,Carretera,18168
03090,Recta,Carretera,18169
03090,Recta,Carretera,18170
03090,Recta,Carretera,18171
03090,Curva señalizada,Carretera,18172
03090,No aplica,Calle,18173
03090,Curva sin señalizar,Carretera,18174
03090,No aplica,Calle,18175
03090,Recta,Carretera,18176
03090,Recta,Carretera,18177
03090,Recta,Carretera,18178
03090,No aplica,Calle,18179
03014,Curva señalizada,Carretera,18180
03090,Curva sin señalizar,Carretera,18181
03090,No aplica,Calle,18182
03090,No aplica,Calle,18183
03090,Recta,Carretera,18184
03090,No aplica,Calle,18185
03090,No aplica,Calle,18186
00000,Recta,Carretera,18187
03092,Curva señalizada,Carretera,18188
03092,Curva sin señalizar,Carretera,18189
03056,Recta,Carretera,18190
03092,Recta,Carretera,18191
03092,Curva sin señalizar,Carretera,18192
03092,Recta,Carretera,18193
00000,Curva señalizada,Carretera,18194
03092,Curva sin señalizar,Carretera,18195
03093,Recta,Carretera,18196
03093,Curva señalizada,Carretera,18197
03093,Recta,Carretera,18198
03088,Curva señalizada,Carretera,18199
03093,Curva señalizada,Carretera,18200
03093,Curva sin señalizar,Carretera,18201
03093,Recta,Carretera,18202
03093,Curva señalizada,Carretera,18203
03093,Curva señalizada,Carretera,18204
03093,Curva sin señalizar,Carretera,18205
03093,Recta,Carretera,18206
03093,Recta,Carretera,18207
03093,No aplica,Calle,18208
03093,No aplica,Calle,18209
03066,Curva señalizada,Carretera,18210
03093,No aplica,Calle,18211
03093,No aplica,Calle,18212
03093,No aplica,Calle,18213
03093,No aplica,Calle,18214
03093,No aplica,Calle,18215
03093,Recta,Carretera,18216
03093,No aplica,Calle,18217
03093,No aplica,Calle,18218
03093,Curva sin señalizar,Carretera,18219
03093,Curva señalizada,Carretera,18220
03093,No aplica,Calle,18221
03093,Recta,Carretera,18222
03093,Recta,Carretera,18223
03093,No aplica,Calle,18224
03093,No aplica,Calle,18225
03093,No aplica,Calle,18226
03093,No aplica,Calle,18227
03093,No aplica,Calle,18228
03093,No aplica,Calle,18229
03093,No aplica,Calle,18230
03093,No aplica,Calle,18231
03093,Se desconoce,Carretera,18232
03093,No aplica,Calle,18233
03093,No aplica,Calle,18234
03093,Recta,Carretera,18235
03093,No aplica,Calle,18236
03093,No aplica,Calle,18237
03093,No aplica,Calle,18238
03093,No aplica,Calle,18239
03093,No aplica,Calle,18240
03093,No aplica,Calle,18241
03093,No aplica,Calle,18242
03093,Recta,Carretera,18243
03093,No aplica,Calle,18244
03093,No aplica,Calle,18245
03093,No aplica,Calle,18246
03093,No aplica,Calle,18247
03094,Recta,Carretera,18248
03094,Recta,Carretera,18249
03094,Recta,Carretera,18250
03094,Recta,Carretera,18251
03094,Recta,Carretera,18252
03031,Recta,Carretera,18253
03094,No aplica,Calle,18254
03094,Curva señalizada,Carretera,18255
03094,Curva señalizada,Carretera,18256
03094,Recta,Carretera,18257
03094,Recta,Carretera,18258
03094,Se desconoce,Carretera,18259
03094,Curva señalizada,Carretera,18260
03094,Recta,Carretera,18261
03094,Curva señalizada,Carretera,18262
03094,Recta,Carretera,18263
03094,Curva señalizada,Carretera,18264
03094,Recta,Carretera,18265
03094,No aplica,Calle,18266
03094,Recta,Carretera,18267
03094,Curva señalizada,Carretera,18268
03094,No aplica,Calle,18269
03095,Recta,Carretera,18270
03101,Recta,Carretera,18271
00000,Curva señalizada,Carretera,18272
03095,Recta,Carretera,18273
03095,Curva señalizada,Carretera,18274
03095,Curva señalizada,Carretera,18275
03095,Recta,Carretera,18276
03095,Recta,Carretera,18277
00000,Recta,Carretera,18278
03095,Recta,Carretera,18279
03101,Recta,Carretera,18280
03095,Recta,Carretera,18281
03096,Curva sin señalizar,Carretera,18282
03096,Recta,Carretera,18283
03096,Recta,Carretera,18284
03096,Recta,Carretera,18285
00000,Recta,Carretera,18286
00000,Curva señalizada,Carretera,18287
03099,Recta,Carretera,18288
03099,Recta,Carretera,18289
03099,No aplica,Calle,18290
03099,No aplica,Calle,18291
03099,Curva señalizada,Carretera,18292
03099,Recta,Carretera,18293
03099,Curva señalizada,Carretera,18294
03099,Curva señalizada,Carretera,18295
03099,Recta,Carretera,18296
03099,Curva señalizada,Carretera,18297
03099,Curva señalizada,Carretera,18298
03099,Recta,Carretera,18299
03099,Curva sin señalizar,Carretera,18300
03099,Recta,Carretera,18301
03099,Recta,Carretera,18302
03099,No aplica,Calle,18303
03099,Recta,Carretera,18304
03099,Recta,Carretera,18305
03099,No aplica,Calle,18306
03099,No aplica,Calle,18307
03099,Curva señalizada,Carretera,18308
03902,Curva señalizada,Carretera,18309
03099,Recta,Carretera,18310
03099,Curva señalizada,Carretera,18311
03099,Recta,Carretera,18312
03099,Recta,Travesía,18313
03099,No aplica,Calle,18314
03099,Recta,Carretera,18315
03099,Curva señalizada,Carretera,18316
03099,No aplica,Calle,18317
03099,Recta,Carretera,18318
03099,Curva señalizada,Carretera,18319
03099,Recta,Carretera,18320
03099,No aplica,Calle,18321
03099,No aplica,Calle,18322
03099,Curva señalizada,Carretera,18323
03099,Curva señalizada,Carretera,18324
03099,Curva señalizada,Carretera,18325
03099,Curva señalizada,Carretera,18326
03099,Curva señalizada,Carretera,18327
03099,No aplica,Calle,18328
03099,Recta,Carretera,18329
03099,Curva señalizada,Carretera,18330
03099,Recta,Carretera,18331
03099,No aplica,Calle,18332
03099,No aplica,Calle,18333
03099,No aplica,Calle,18334
03099,Recta,Carretera,18335
03099,No aplica,Calle,18336
03099,Recta,Carretera,18337
03099,Curva señalizada,Carretera,18338
03099,No aplica,Calle,18339
03902,Curva señalizada,Carretera,18340
03099,Recta,Carretera,18341
03099,Recta,Carretera,18342
03099,Curva señalizada,Carretera,18343
03099,No aplica,Calle,18344
03099,No aplica,Calle,18345
03099,Recta,Carretera,18346
03099,No aplica,Calle,18347
03099,Recta,Carretera,18348
03099,Curva señalizada,Carretera,18349
03099,Recta,Carretera,18350
03099,No aplica,Calle,18351
03099,Recta,Carretera,18352
03099,No aplica,Calle,18353
03099,Recta,Carretera,18354
03099,Recta,Carretera,18355
03099,Recta,Carretera,18356
03099,Curva señalizada,Carretera,18357
03099,No aplica,Calle,18358
03099,Recta,Carretera,18359
03099,Recta,Carretera,18360
03099,Recta,Carretera,18361
03099,Recta,Carretera,18362
03099,Curva señalizada,Carretera,18363
03099,Recta,Carretera,18364
03099,Recta,Carretera,18365
03099,No aplica,Calle,18366
03099,Curva sin señalizar,Carretera,18367
03099,Recta,Carretera,18368
03099,Recta,Carretera,18369
03099,No aplica,Calle,18370
03049,Recta,Carretera,18371
03099,Recta,Carretera,18372
03099,Recta,Carretera,18373
03099,No aplica,Calle,18374
03099,No aplica,Calle,18375
03099,No aplica,Calle,18376
03099,No aplica,Calle,18377
03099,No aplica,Calle,18378
03099,No aplica,Calle,18379
03099,Curva señalizada,Carretera,18380
03099,Curva señalizada,Carretera,18381
03099,No aplica,Calle,18382
03099,No aplica,Calle,18383
03099,Curva señalizada,Carretera,18384
03099,Recta,Carretera,18385
03099,Curva señalizada,Carretera,18386
03099,No aplica,Calle,18387
03099,Curva señalizada,Carretera,18388
03099,Recta,Carretera,18389
03099,Recta,Travesía,18390
03099,Recta,Carretera,18391
03099,Curva señalizada,Carretera,18392
03099,No aplica,Calle,18393
03099,Recta,Carretera,18394
03099,Recta,Carretera,18395
03099,Recta,Carretera,18396
03099,Recta,Travesía,18397
00000,Recta,Carretera,18398
03099,No aplica,Calle,18399
03099,Recta,Carretera,18400
03099,Curva señalizada,Carretera,18401
03099,Recta,Carretera,18402
03099,No aplica,Calle,18403
03099,Recta,Carretera,18404
03099,Recta,Carretera,18405
03099,Curva señalizada,Carretera,18406
03099,Curva señalizada,Carretera,18407
03099,Recta,Carretera,18408
03049,Curva señalizada,Carretera,18409
03099,Recta,Carretera,18410
03099,No aplica,Calle,18411
03099,Curva señalizada,Carretera,18412
03099,Curva señalizada,Carretera,18413
03099,Recta,Travesía,18414
03099,No aplica,Calle,18415
03099,Recta,Carretera,18416
03099,Curva señalizada,Carretera,18417
03099,No aplica,Calle,18418
03099,Recta,Carretera,18419
03099,Recta,Carretera,18420
03099,No aplica,Calle,18421
03099,No aplica,Calle,18422
03099,No aplica,Calle,18423
03099,No aplica,Calle,18424
03099,Recta,Travesía,18425
03099,No aplica,Calle,18426
03099,No aplica,Calle,18427
03099,Curva sin señalizar,Carretera,18428
03099,Recta,Carretera,18429
03099,No aplica,Calle,18430
03099,No aplica,Calle,18431
03099,No aplica,Calle,18432
03099,Recta,Travesía,18433
03099,No aplica,Calle,18434
03099,Recta,Carretera,18435
03099,Recta,Carretera,18436
03099,No aplica,Calle,18437
03099,No aplica,Calle,18438
03099,No aplica,Calle,18439
03099,No aplica,Calle,18440
03099,No aplica,Calle,18441
03099,No aplica,Calle,18442
03099,Recta,Carretera,18443
03099,No aplica,Calle,18444
03099,No aplica,Calle,18445
03099,No aplica,Calle,18446
03099,Recta,Carretera,18447
03099,No aplica,Calle,18448
03099,No aplica,Calle,18449
03099,No aplica,Calle,18450
03099,Recta,Carretera,18451
03099,Recta,Carretera,18452
03099,Curva señalizada,Carretera,18453
03099,Recta,Travesía,18454
03099,No aplica,Calle,18455
03099,No aplica,Calle,18456
03099,No aplica,Calle,18457
03099,Recta,Carretera,18458
03099,Recta,Carretera,18459
03099,Recta,Carretera,18460
03099,Recta,Carretera,18461
03099,Recta,Carretera,18462
03099,No aplica,Calle,18463
03099,No aplica,Calle,18464
03099,No aplica,Calle,18465
03099,No aplica,Calle,18466
00000,Recta,Carretera,18467
03101,Curva señalizada,Carretera,18468
03101,No aplica,Calle,18469
03101,Recta,Carretera,18470
03101,Curva señalizada,Carretera,18471
03101,Recta,Carretera,18472
03101,No aplica,Calle,18473
03101,Recta,Carretera,18474
03101,Recta,Carretera,18475
03101,Curva señalizada,Carretera,18476
03101,No aplica,Calle,18477
03101,Recta,Travesía,18478
03101,Recta,Carretera,18479
03101,Recta,Carretera,18480
03101,No aplica,Calle,18481
03101,No aplica,Calle,18482
03101,Recta,Carretera,18483
03101,Recta,Carretera,18484
03101,No aplica,Calle,18485
03101,No aplica,Calle,18486
03101,Recta,Carretera,18487
03101,No aplica,Calle,18488
03101,Curva señalizada,Carretera,18489
03101,Recta,Carretera,18490
03101,No aplica,Calle,18491
03101,Curva señalizada,Carretera,18492
03101,No aplica,Calle,18493
03102,Recta,Carretera,18494
03102,Recta,Carretera,18495
03102,Recta,Carretera,18496
03102,Curva señalizada,Carretera,18497
03102,Recta,Carretera,18498
03102,Curva señalizada,Carretera,18499
03102,Curva señalizada,Carretera,18500
03102,Curva señalizada,Carretera,18501
03102,Curva señalizada,Carretera,18502
03102,Recta,Carretera,18503
03102,Recta,Carretera,18504
03102,Recta,Carretera,18505
03102,Recta,Carretera,18506
03102,Curva señalizada,Carretera,18507
00000,Curva sin señalizar,Carretera,18508
03104,Recta,Carretera,18509
03104,Curva sin señalizar,Carretera,18510
03104,Recta,Carretera,18511
03104,Recta,Carretera,18512
03104,Recta,Carretera,18513
03066,Curva sin señalizar,Carretera,18514
03104,No aplica,Calle,18515
03104,No aplica,Calle,18516
03104,No aplica,Calle,18517
03104,No aplica,Calle,18518
03104,No aplica,Calle,18519
03104,Recta,Carretera,18520
03104,Recta,Carretera,18521
03104,Recta,Carretera,18522
03104,No aplica,Calle,18523
03104,No aplica,Calle,18524
03104,No aplica,Calle,18525
03104,No aplica,Calle,18526
03104,No aplica,Calle,18527
03104,No aplica,Calle,18528
03104,No aplica,Calle,18529
03104,No aplica,Calle,18530
03104,No aplica,Calle,18531
03104,No aplica,Calle,18532
03104,No aplica,Calle,18533
03104,No aplica,Calle,18534
03104,No aplica,Calle,18535
03104,No aplica,Calle,18536
03104,No aplica,Calle,18537
03104,No aplica,Calle,18538
03104,Se desconoce,Carretera,18539
03104,No aplica,Calle,18540
03104,No aplica,Calle,18541
03104,No aplica,Calle,18542
03104,No aplica,Calle,18543
03104,No aplica,Calle,18544
03104,No aplica,Calle,18545
03104,No aplica,Calle,18546
03104,No aplica,Calle,18547
03104,No aplica,Calle,18548
03104,No aplica,Calle,18549
03104,Curva sin señalizar,Carretera,18550
03104,No aplica,Calle,18551
03104,No aplica,Calle,18552
03104,No aplica,Calle,18553
03104,No aplica,Calle,18554
03105,Recta,Carretera,18555
03105,Recta,Carretera,18556
03089,Curva señalizada,Carretera,18557
03105,No aplica,Calle,18558
03105,Recta,Carretera,18559
00000,Curva señalizada,Carretera,18560
00000,Recta,Carretera,18561
03107,Curva señalizada,Carretera,18562
03107,Curva señalizada,Carretera,18563
03107,Curva señalizada,Carretera,18564
03107,Se desconoce,Carretera,18565
03107,Recta,Carretera,18566
03107,Curva sin señalizar,Carretera,18567
03099,Recta,Carretera,18568
03099,Recta,Carretera,18569
03058,Recta,Carretera,18570
03902,Recta,Carretera,18571
03111,No aplica,Calle,18572
03111,No aplica,Calle,18573
03111,No aplica,Calle,18574
03111,No aplica,Calle,18575
03111,No aplica,Calle,18576
03111,Recta,Carretera,18577
03099,Recta,Carretera,18578
00000,Curva señalizada,Carretera,18579
00000,Recta,Carretera,18580
00000,Recta,Carretera,18581
00000,Curva sin señalizar,Carretera,18582
00000,Recta,Carretera,18583
03113,Curva señalizada,Carretera,18584
03113,Recta,Carretera,18585
03113,Recta,Carretera,18586
03113,Recta,Carretera,18587
03113,Recta,Carretera,18588
03113,Curva señalizada,Carretera,18589
03113,Curva señalizada,Carretera,18590
03113,Recta,Carretera,18591
03113,Recta,Carretera,18592
00000,Recta,Carretera,18593
00000,Curva sin señalizar,Carretera,18594
00000,No aplica,Calle,18595
00000,Curva señalizada,Carretera,18596
00000,Curva sin señalizar,Carretera,18597
00000,Recta,Carretera,18598
00000,Curva señalizada,Carretera,18599
00000,Recta,Carretera,18600
00000,Recta,Carretera,18601
00000,No aplica,Calle,18602
03118,Recta,Carretera,18603
03118,Recta,Carretera,18604
03118,Curva señalizada,Carretera,18605
03118,Curva señalizada,Carretera,18606
03118,No aplica,Calle,18607
03118,Recta,Carretera,18608
03118,No aplica,Calle,18609
03118,Recta,Carretera,18610
03118,No aplica,Calle,18611
03118,Recta,Carretera,18612
03118,Recta,Carretera,18613
03119,No aplica,Calle,18614
03119,No aplica,Calle,18615
03119,No aplica,Calle,18616
03119,No aplica,Calle,18617
03119,Curva sin señalizar,Carretera,18618
03119,No aplica,Calle,18619
03119,No aplica,Calle,18620
03119,No aplica,Calle,18621
03119,No aplica,Calle,18622
03119,No aplica,Calle,18623
03119,No aplica,Calle,18624
03119,No aplica,Calle,18625
03119,No aplica,Calle,18626
03119,No aplica,Calle,18627
03119,No aplica,Calle,18628
03119,No aplica,Calle,18629
03119,No aplica,Calle,18630
03119,No aplica,Calle,18631
03119,No aplica,Calle,18632
03119,No aplica,Calle,18633
03119,No aplica,Calle,18634
03119,No aplica,Calle,18635
03090,Recta,Carretera,18636
03119,No aplica,Calle,18637
03119,No aplica,Calle,18638
03119,Recta,Carretera,18639
03120,Recta,Carretera,18640
03120,Recta,Carretera,18641
00000,Recta,Carretera,18642
03120,Curva sin señalizar,Carretera,18643
03120,Recta,Carretera,18644
03120,Curva señalizada,Carretera,18645
03121,No aplica,Calle,18646
03121,No aplica,Calle,18647
03121,Recta,Carretera,18648
03121,Recta,Carretera,18649
03121,Recta,Carretera,18650
03121,No aplica,Calle,18651
03121,No aplica,Calle,18652
03121,No aplica,Calle,18653
03121,Recta,Carretera,18654
03121,Recta,Carretera,18655
03121,Curva señalizada,Carretera,18656
03121,No aplica,Calle,18657
03121,Recta,Carretera,18658
03065,Recta,Carretera,18659
03121,Curva señalizada,Carretera,18660
03121,Curva señalizada,Carretera,18661
03121,Curva sin señalizar,Carretera,18662
03121,Curva señalizada,Carretera,18663
03121,Recta,Carretera,18664
03121,Recta,Carretera,18665
03121,Recta,Carretera,18666
03121,Recta,Carretera,18667
03121,Recta,Carretera,18668
03121,Recta,Carretera,18669
03121,Curva señalizada,Carretera,18670
03121,Recta,Carretera,18671
03121,Curva señalizada,Carretera,18672
03121,Recta,Carretera,18673
03121,Curva sin señalizar,Carretera,18674
03121,Recta,Carretera,18675
03121,Recta,Carretera,18676
03121,Curva señalizada,Carretera,18677
03121,Recta,Carretera,18678
03121,Curva señalizada,Carretera,18679
03121,Recta,Carretera,18680
03121,Recta,Carretera,18681
03121,No aplica,Calle,18682
03121,No aplica,Calle,18683
03121,No aplica,Calle,18684
03121,No aplica,Calle,18685
03121,No aplica,Calle,18686
03121,No aplica,Calle,18687
03121,No aplica,Calle,18688
03121,No aplica,Calle,18689
03121,No aplica,Calle,18690
03121,No aplica,Calle,18691
03121,No aplica,Calle,18692
03121,No aplica,Calle,18693
03121,No aplica,Calle,18694
03121,No aplica,Calle,18695
03121,No aplica,Calle,18696
03121,Recta,Carretera,18697
03121,No aplica,Calle,18698
03121,No aplica,Calle,18699
03121,No aplica,Calle,18700
03121,No aplica,Calle,18701
03121,No aplica,Calle,18702
03121,No aplica,Calle,18703
03121,No aplica,Calle,18704
03121,No aplica,Calle,18705
03121,No aplica,Calle,18706
03121,No aplica,Calle,18707
03121,No aplica,Calle,18708
03065,Recta,Carretera,18709
03121,Curva señalizada,Carretera,18710
03121,No aplica,Calle,18711
03121,No aplica,Calle,18712
03121,No aplica,Calle,18713
03121,No aplica,Calle,18714
03121,No aplica,Calle,18715
03121,No aplica,Calle,18716
03121,No aplica,Calle,18717
03121,No aplica,Calle,18718
03121,No aplica,Calle,18719
03121,No aplica,Calle,18720
03121,No aplica,Calle,18721
03121,No aplica,Calle,18722
03121,No aplica,Calle,18723
03121,No aplica,Calle,18724
03121,No aplica,Calle,18725
03121,No aplica,Calle,18726
03121,No aplica,Calle,18727
03121,No aplica,Calle,18728
03121,No aplica,Calle,18729
03121,No aplica,Calle,18730
03121,Recta,Carretera,18731
03121,No aplica,Calle,18732
03121,Recta,Carretera,18733
03121,No aplica,Calle,18734
03121,No aplica,Calle,18735
03122,Curva señalizada,Carretera,18736
03122,Recta,Carretera,18737
03014,Recta,Carretera,18738
03122,Curva señalizada,Carretera,18739
03122,Recta,Carretera,18740
03122,Curva señalizada,Carretera,18741
03014,Recta,Carretera,18742
03122,Recta,Carretera,18743
03122,Curva sin señalizar,Carretera,18744
03122,Curva señalizada,Carretera,18745
03122,Curva señalizada,Carretera,18746
03122,Recta,Carretera,18747
00000,Recta,Carretera,18748
03122,Recta,Carretera,18749
03122,Recta,Carretera,18750
03122,Curva sin señalizar,Carretera,18751
03122,No aplica,Calle,18752
03122,Curva señalizada,Carretera,18753
03122,No aplica,Calle,18754
03122,Curva señalizada,Carretera,18755
03122,No aplica,Calle,18756
03122,No aplica,Calle,18757
03122,No aplica,Calle,18758
03122,No aplica,Calle,18759
03122,Recta,Carretera,18760
03122,No aplica,Calle,18761
03122,Curva sin señalizar,Carretera,18762
03122,No aplica,Calle,18763
03122,No aplica,Calle,18764
03122,No aplica,Calle,18765
03122,No aplica,Calle,18766
03122,No aplica,Calle,18767
03122,No aplica,Calle,18768
03122,No aplica,Calle,18769
03122,No aplica,Calle,18770
03122,No aplica,Calle,18771
03122,Recta,Carretera,18772
03014,Recta,Carretera,18773
03122,No aplica,Calle,18774
03122,No aplica,Calle,18775
03014,Recta,Carretera,18776
03122,No aplica,Calle,18777
03122,Recta,Carretera,18778
03122,No aplica,Calle,18779
03122,No aplica,Calle,18780
03122,No aplica,Calle,18781
03123,Recta,Carretera,18782
03123,Curva señalizada,Carretera,18783
00000,Recta,Carretera,18784
03123,No aplica,Calle,18785
03123,No aplica,Calle,18786
03123,No aplica,Calle,18787
03123,Recta,Carretera,18788
03123,No aplica,Calle,18789
03123,No aplica,Calle,18790
03066,Curva señalizada,Carretera,18791
03123,Curva sin señalizar,Carretera,18792
03123,Recta,Carretera,18793
03123,Curva señalizada,Carretera,18794
03123,Recta,Carretera,18795
00000,Curva señalizada,Carretera,18796
00000,Recta,Carretera,18797
00000,Curva sin señalizar,Carretera,18798
03104,Recta,Carretera,18799
00000,Curva señalizada,Carretera,18800
03128,Recta,Carretera,18801
03128,Recta,Carretera,18802
03128,Recta,Carretera,18803
03128,Curva señalizada,Carretera,18804
03128,No aplica,Calle,18805
03128,Curva señalizada,Carretera,18806
03128,Recta,Carretera,18807
03128,Curva señalizada,Carretera,18808
03128,Recta,Carretera,18809
03128,Recta,Carretera,18810
03128,Recta,Carretera,18811
03128,Curva señalizada,Carretera,18812
03041,Recta,Carretera,18813
03128,Recta,Carretera,18814
03128,Curva señalizada,Carretera,18815
00000,Curva señalizada,Carretera,18816
00000,Recta,Carretera,18817
00000,Curva señalizada,Carretera,18818
00000,Curva señalizada,Carretera,18819
00000,Curva señalizada,Carretera,18820
00000,Recta,Carretera,18821
00000,Curva señalizada,Carretera,18822
00000,Recta,Carretera,18823
00000,No aplica,Calle,18824
00000,Curva sin señalizar,Carretera,18825
00000,Curva señalizada,Carretera,18826
00000,Curva sin señalizar,Carretera,18827
03133,Recta,Carretera,18828
03133,Recta,Carretera,18829
03133,No aplica,Calle,18830
03133,No aplica,Calle,18831
03133,No aplica,Calle,18832
03133,No aplica,Calle,18833
03133,No aplica,Calle,18834
03133,No aplica,Calle,18835
03133,No aplica,Calle,18836
03133,Recta,Carretera,18837
03133,Recta,Carretera,18838
03133,No aplica,Calle,18839
03133,No aplica,Calle,18840
03133,No aplica,Calle,18841
03133,No aplica,Calle,18842
03133,No aplica,Calle,18843
03133,No aplica,Calle,18844
03133,Recta,Carretera,18845
03133,Curva señalizada,Carretera,18846
03133,Recta,Carretera,18847
03133,Recta,Carretera,18848
03133,Recta,Carretera,18849
03133,Recta,Carretera,18850
03133,Recta,Carretera,18851
03133,Recta,Carretera,18852
03133,Recta,Carretera,18853
03133,Recta,Carretera,18854
03133,Curva señalizada,Carretera,18855
03133,No aplica,Calle,18856
03133,No aplica,Calle,18857
03133,No aplica,Calle,18858
03133,No aplica,Calle,18859
03133,No aplica,Calle,18860
03133,No aplica,Calle,18861
03133,No aplica,Calle,18862
03133,No aplica,Calle,18863
03133,No aplica,Calle,18864
03133,No aplica,Calle,18865
03133,No aplica,Calle,18866
03133,No aplica,Calle,18867
03133,No aplica,Calle,18868
03133,No aplica,Calle,18869
03133,No aplica,Calle,18870
03133,No aplica,Calle,18871
03133,No aplica,Calle,18872
03133,No aplica,Calle,18873
03133,No aplica,Calle,18874
03133,No aplica,Calle,18875
03133,No aplica,Calle,18876
03133,No aplica,Calle,18877
03133,No aplica,Calle,18878
03133,No aplica,Calle,18879
03133,No aplica,Calle,18880
03133,No aplica,Calle,18881
03133,Recta,Carretera,18882
03133,Recta,Carretera,18883
03133,Recta,Carretera,18884
03133,Recta,Carretera,18885
03133,Recta,Carretera,18886
03076,Recta,Carretera,18887
03133,Curva señalizada,Carretera,18888
03113,Recta,Carretera,18889
03133,Recta,Carretera,18890
03133,Curva señalizada,Carretera,18891
03133,Curva sin señalizar,Carretera,18892
03133,Recta,Carretera,18893
03133,Recta,Carretera,18894
03133,Recta,Carretera,18895
03133,No aplica,Calle,18896
03133,Recta,Carretera,18897
03133,Recta,Carretera,18898
03133,Recta,Carretera,18899
03133,Curva señalizada,Carretera,18900
03133,No aplica,Calle,18901
03133,No aplica,Calle,18902
03133,Recta,Carretera,18903
03133,Recta,Carretera,18904
03133,Recta,Carretera,18905
03133,Recta,Carretera,18906
03133,Recta,Carretera,18907
03133,Curva señalizada,Carretera,18908
03133,Recta,Carretera,18909
03133,Recta,Carretera,18910
03133,Recta,Carretera,18911
03133,No aplica,Calle,18912
03133,No aplica,Calle,18913
03133,No aplica,Calle,18914
03133,No aplica,Calle,18915
03133,Curva señalizada,Carretera,18916
03133,No aplica,Calle,18917
03133,No aplica,Calle,18918
03133,No aplica,Calle,18919
03133,No aplica,Calle,18920
03133,No aplica,Calle,18921
03133,Recta,Carretera,18922
03133,No aplica,Calle,18923
03133,No aplica,Calle,18924
03133,No aplica,Calle,18925
03133,No aplica,Calle,18926
03133,No aplica,Calle,18927
03133,No aplica,Calle,18928
03133,No aplica,Calle,18929
03133,No aplica,Calle,18930
03133,No aplica,Calle,18931
03133,No aplica,Calle,18932
03133,No aplica,Calle,18933
03133,No aplica,Calle,18934
03133,No aplica,Calle,18935
03133,No aplica,Calle,18936
03133,No aplica,Calle,18937
03133,No aplica,Calle,18938
03133,No aplica,Calle,18939
03133,No aplica,Calle,18940
03133,No aplica,Calle,18941
03133,No aplica,Calle,18942
03133,No aplica,Calle,18943
03133,Recta,Carretera,18944
03133,No aplica,Calle,18945
03133,No aplica,Calle,18946
03133,No aplica,Calle,18947
03133,No aplica,Calle,18948
03133,No aplica,Calle,18949
03133,No aplica,Calle,18950
03133,No aplica,Calle,18951
03133,No aplica,Calle,18952
03133,No aplica,Calle,18953
03133,No aplica,Calle,18954
03133,No aplica,Calle,18955
03133,No aplica,Calle,18956
03133,No aplica,Calle,18957
03133,No aplica,Calle,18958
03133,No aplica,Calle,18959
03133,No aplica,Calle,18960
03133,No aplica,Calle,18961
03133,No aplica,Calle,18962
03133,No aplica,Calle,18963
03133,No aplica,Calle,18964
03133,No aplica,Calle,18965
03133,No aplica,Calle,18966
03133,No aplica,Calle,18967
03133,No aplica,Calle,18968
03133,No aplica,Calle,18969
03133,No aplica,Calle,18970
03133,No aplica,Calle,18971
03133,No aplica,Calle,18972
03133,No aplica,Calle,18973
03133,No aplica,Calle,18974
03133,No aplica,Calle,18975
03133,No aplica,Calle,18976
03133,No aplica,Calle,18977
03133,No aplica,Calle,18978
03133,No aplica,Calle,18979
03133,No aplica,Calle,18980
03133,No aplica,Calle,18981
03133,No aplica,Calle,18982
03133,No aplica,Calle,18983
03133,No aplica,Calle,18984
03133,No aplica,Calle,18985
03133,No aplica,Calle,18986
03133,No aplica,Calle,18987
03133,No aplica,Calle,18988
03133,No aplica,Calle,18989
03133,No aplica,Calle,18990
03133,No aplica,Calle,18991
03133,No aplica,Calle,18992
03133,No aplica,Calle,18993
03133,No aplica,Calle,18994
03133,No aplica,Calle,18995
03133,Recta,Carretera,18996
03133,No aplica,Calle,18997
03133,No aplica,Calle,18998
03133,No aplica,Calle,18999
03133,No aplica,Calle,19000
03133,No aplica,Calle,19001
03133,No aplica,Calle,19002
03133,No aplica,Calle,19003
03133,No aplica,Calle,19004
03133,No aplica,Calle,19005
03133,No aplica,Calle,19006
03133,No aplica,Calle,19007
03133,No aplica,Calle,19008
03133,No aplica,Calle,19009
03133,No aplica,Calle,19010
03133,No aplica,Calle,19011
00000,Curva señalizada,Carretera,19012
00000,Curva sin señalizar,Carretera,19013
00000,Curva sin señalizar,Carretera,19014
00000,Recta,Carretera,19015
00000,Curva señalizada,Carretera,19016
00000,Curva sin señalizar,Carretera,19017
00000,Curva señalizada,Carretera,19018
00000,Curva señalizada,Carretera,19019
00000,No aplica,Calle,19020
00000,No aplica,Calle,19021
03063,Recta,Carretera,19022
00000,No aplica,Calle,19023
00000,Curva señalizada,Carretera,19024
03139,Recta,Carretera,19025
03139,Recta,Carretera,19026
03139,No aplica,Calle,19027
03139,Recta,Carretera,19028
03139,Curva señalizada,Carretera,19029
03139,Recta,Carretera,19030
03139,No aplica,Calle,19031
03139,No aplica,Calle,19032
03139,No aplica,Calle,19033
03139,No aplica,Calle,19034
03139,No aplica,Calle,19035
03139,No aplica,Calle,19036
03139,Recta,Carretera,19037
03139,No aplica,Calle,19038
03139,No aplica,Calle,19039
03139,No aplica,Calle,19040
03139,No aplica,Calle,19041
03139,No aplica,Calle,19042
03139,No aplica,Calle,19043
03139,No aplica,Calle,19044
03139,Recta,Carretera,19045
03139,Recta,Carretera,19046
03139,Recta,Carretera,19047
03139,Recta,Carretera,19048
03139,No aplica,Calle,19049
03139,No aplica,Calle,19050
03139,No aplica,Calle,19051
03139,No aplica,Calle,19052
03069,Curva señalizada,Carretera,19053
03139,Recta,Carretera,19054
03139,No aplica,Calle,19055
03139,No aplica,Calle,19056
03139,No aplica,Calle,19057
03139,No aplica,Calle,19058
03139,No aplica,Calle,19059
03139,No aplica,Calle,19060
03139,No aplica,Calle,19061
03139,No aplica,Calle,19062
03139,No aplica,Calle,19063
03139,No aplica,Calle,19064
03139,Recta,Carretera,19065
03139,No aplica,Calle,19066
03139,Recta,Carretera,19067
00000,Recta,Carretera,19068
03139,Recta,Carretera,19069
03139,Recta,Carretera,19070
03139,Curva sin señalizar,Carretera,19071
03139,No aplica,Calle,19072
03139,No aplica,Calle,19073
03139,No aplica,Calle,19074
03139,Recta,Carretera,19075
03139,No aplica,Calle,19076
03139,No aplica,Calle,19077
03139,No aplica,Calle,19078
03139,No aplica,Calle,19079
03139,No aplica,Calle,19080
03139,Recta,Carretera,19081
03139,No aplica,Calle,19082
03139,No aplica,Calle,19083
03139,No aplica,Calle,19084
03139,No aplica,Calle,19085
03139,No aplica,Calle,19086
03139,No aplica,Calle,19087
03139,No aplica,Calle,19088
03139,No aplica,Calle,19089
03139,No aplica,Calle,19090
03139,No aplica,Calle,19091
03139,No aplica,Calle,19092
03139,No aplica,Calle,19093
03139,No aplica,Calle,19094
03139,No aplica,Calle,19095
03139,No aplica,Calle,19096
03139,No aplica,Calle,19097
03139,No aplica,Calle,19098
03139,No aplica,Calle,19099
03139,No aplica,Calle,19100
03139,No aplica,Calle,19101
03139,No aplica,Calle,19102
03139,No aplica,Calle,19103
03139,No aplica,Calle,19104
03139,No aplica,Calle,19105
03139,No aplica,Calle,19106
03140,Recta,Carretera,19107
03140,Recta,Carretera,19108
03140,No aplica,Calle,19109
03140,Recta,Carretera,19110
03140,No aplica,Calle,19111
03140,No aplica,Calle,19112
03140,Recta,Carretera,19113
03140,No aplica,Calle,19114
03140,Recta,Carretera,19115
03140,No aplica,Calle,19116
03140,No aplica,Calle,19117
03140,Recta,Carretera,19118
03140,No aplica,Calle,19119
03140,Recta,Carretera,19120
03140,Recta,Carretera,19121
03140,Recta,Carretera,19122
03140,Recta,Carretera,19123
03140,Recta,Carretera,19124
00000,Recta,Carretera,19125
03140,Curva sin señalizar,Carretera,19126
03140,Recta,Carretera,19127
03140,Curva señalizada,Carretera,19128
03140,Recta,Carretera,19129
03140,Recta,Carretera,19130
03140,No aplica,Calle,19131
03140,Recta,Carretera,19132
03140,Recta,Carretera,19133
03140,Recta,Carretera,19134
03140,No aplica,Calle,19135
03140,No aplica,Calle,19136
03140,No aplica,Calle,19137
03140,Recta,Carretera,19138
03140,No aplica,Calle,19139
03140,Recta,Carretera,19140
03140,Curva señalizada,Carretera,19141
03140,Recta,Carretera,19142
03140,No aplica,Calle,19143
03140,No aplica,Calle,19144
03902,Recta,Carretera,19145
03902,Curva señalizada,Carretera,19146
03902,No aplica,Calle,19147
03902,No aplica,Calle,19148
03902,No aplica,Calle,19149
03902,No aplica,Calle,19150
03902,No aplica,Calle,19151
03902,No aplica,Calle,19152
03902,No aplica,Calle,19153
03902,No aplica,Calle,19154
03902,No aplica,Calle,19155
03902,No aplica,Calle,19156
03902,No aplica,Calle,19157
03902,No aplica,Calle,19158
03902,No aplica,Calle,19159
03902,No aplica,Calle,19160
03902,No aplica,Calle,19161
03902,No aplica,Calle,19162
03902,Recta,Carretera,19163
03902,No aplica,Calle,19164
03902,No aplica,Calle,19165
03902,No aplica,Calle,19166
03902,No aplica,Calle,19167
03902,No aplica,Calle,19168
03902,No aplica,Calle,19169
03902,No aplica,Calle,19170
03902,Recta,Carretera,19171
03902,No aplica,Calle,19172
03902,No aplica,Calle,19173
03902,No aplica,Calle,19174
03902,No aplica,Calle,19175
03902,No aplica,Calle,19176
03902,No aplica,Calle,19177
03902,Recta,Carretera,19178
03902,Curva señalizada,Carretera,19179
03902,No aplica,Calle,19180
03902,No aplica,Calle,19181
03902,No aplica,Calle,19182
03902,No aplica,Calle,19183
03902,No aplica,Calle,19184
03902,No aplica,Calle,19185
03902,No aplica,Calle,19186
03902,No aplica,Calle,19187
03902,Recta,Carretera,19188
03902,No aplica,Calle,19189
03902,No aplica,Calle,19190
03902,No aplica,Calle,19191
03902,No aplica,Calle,19192
03902,No aplica,Calle,19193
03902,No aplica,Calle,19194
03902,No aplica,Calle,19195
03902,No aplica,Calle,19196
03902,No aplica,Calle,19197
03902,No aplica,Calle,19198
03902,No aplica,Calle,19199
03902,No aplica,Calle,19200
03902,No aplica,Calle,19201
03902,No aplica,Calle,19202
03902,No aplica,Calle,19203
03902,No aplica,Calle,19204
03902,No aplica,Calle,19205
03902,Curva señalizada,Carretera,19206
03902,No aplica,Calle,19207
03902,No aplica,Calle,19208
03902,No aplica,Calle,19209
03902,No aplica,Calle,19210
03902,No aplica,Calle,19211
03902,No aplica,Calle,19212
03902,No aplica,Calle,19213
03902,Recta,Carretera,19214
03902,No aplica,Calle,19215
03902,No aplica,Calle,19216
03902,No aplica,Calle,19217
03902,No aplica,Calle,19218
03902,No aplica,Calle,19219
03902,No aplica,Calle,19220
03902,No aplica,Calle,19221
03099,Recta,Carretera,19222
03902,No aplica,Calle,19223
03902,No aplica,Calle,19224
03902,No aplica,Calle,19225
03902,No aplica,Calle,19226
03902,No aplica,Calle,19227
03902,No aplica,Calle,19228
03902,No aplica,Calle,19229
03902,No aplica,Calle,19230
03902,Curva señalizada,Carretera,19231
03902,No aplica,Calle,19232
03902,No aplica,Calle,19233
03902,No aplica,Calle,19234
03133,Curva señalizada,Carretera,19235
03903,Recta,Carretera,19236
03133,Recta,Carretera,19237
03903,Curva señalizada,Carretera,19238
03015,Curva señalizada,Carretera,19239
00000,Recta,Carretera,19240
00000,Recta,Carretera,19241
00000,Curva sin señalizar,Carretera,19242
00000,Curva sin señalizar,Carretera,19243
00000,Recta,Carretera,19244
00000,Curva señalizada,Carretera,19245
03009,No aplica,Calle,19246
03009,No aplica,Calle,19247
03009,No aplica,Calle,19248
03009,No aplica,Calle,19249
03009,No aplica,Calle,19250
03009,No aplica,Calle,19251
03009,No aplica,Calle,19252
03009,No aplica,Calle,19253
03011,No aplica,Calle,19254
03011,No aplica,Calle,19255
03011,No aplica,Calle,19256
03014,No aplica,Calle,19257
03014,No aplica,Calle,19258
03014,No aplica,Calle,19259
03014,No aplica,Calle,19260
03014,No aplica,Calle,19261
03014,No aplica,Calle,19262
03014,No aplica,Calle,19263
03014,No aplica,Calle,19264
03014,No aplica,Calle,19265
03014,No aplica,Calle,19266
03014,Curva señalizada,Carretera,19267
03014,No aplica,Calle,19268
03014,No aplica,Calle,19269
03014,No aplica,Calle,19270
03014,No aplica,Calle,19271
03014,No aplica,Calle,19272
03014,No aplica,Calle,19273
03014,No aplica,Calle,19274
03015,No aplica,Calle,19275
03019,No aplica,Calle,19276
03031,No aplica,Calle,19277
03031,No aplica,Calle,19278
03031,No aplica,Calle,19279
03031,No aplica,Calle,19280
03031,No aplica,Calle,19281
03055,No aplica,Calle,19282
03055,No aplica,Calle,19283
03055,No aplica,Calle,19284
03055,No aplica,Calle,19285
03056,No aplica,Calle,19286
03056,No aplica,Calle,19287
03056,No aplica,Calle,19288
03059,Curva señalizada,Carretera,19289
03063,No aplica,Calle,19290
03065,No aplica,Calle,19291
03065,No aplica,Calle,19292
03065,No aplica,Calle,19293
03065,No aplica,Calle,19294
03065,Recta,Carretera,19295
03065,No aplica,Calle,19296
03065,No aplica,Calle,19297
03065,No aplica,Calle,19298
03065,No aplica,Calle,19299
03065,No aplica,Calle,19300
03065,No aplica,Calle,19301
03065,No aplica,Calle,19302
03065,No aplica,Calle,19303
03065,No aplica,Calle,19304
03065,No aplica,Calle,19305
03065,No aplica,Calle,19306
03065,No aplica,Calle,19307
03065,No aplica,Calle,19308
03065,No aplica,Calle,19309
03065,No aplica,Calle,19310
03065,No aplica,Calle,19311
03065,Curva señalizada,Carretera,19312
03065,No aplica,Calle,19313
03065,No aplica,Calle,19314
03065,No aplica,Calle,19315
03065,No aplica,Calle,19316
03065,No aplica,Calle,19317
03065,No aplica,Calle,19318
03065,No aplica,Calle,19319
03065,No aplica,Calle,19320
03065,No aplica,Calle,19321
03065,No aplica,Calle,19322
03065,No aplica,Calle,19323
03065,No aplica,Calle,19324
03065,No aplica,Calle,19325
03065,No aplica,Calle,19326
03065,No aplica,Calle,19327
03065,No aplica,Calle,19328
03065,No aplica,Calle,19329
03065,No aplica,Calle,19330
03065,No aplica,Calle,19331
03065,No aplica,Calle,19332
03065,No aplica,Calle,19333
03065,Recta,Carretera,19334
03065,No aplica,Calle,19335
03065,No aplica,Calle,19336
03065,No aplica,Calle,19337
03065,No aplica,Calle,19338
03065,No aplica,Calle,19339
03065,No aplica,Calle,19340
03065,No aplica,Calle,19341
03065,No aplica,Calle,19342
03065,No aplica,Calle,19343
03065,No aplica,Calle,19344
03065,No aplica,Calle,19345
03065,No aplica,Calle,19346
03065,No aplica,Calle,19347
03065,No aplica,Calle,19348
03065,No aplica,Calle,19349
03065,No aplica,Calle,19350
03065,No aplica,Calle,19351
03065,No aplica,Calle,19352
03065,No aplica,Calle,19353
03065,No aplica,Calle,19354
03065,No aplica,Calle,19355
03065,No aplica,Calle,19356
03065,No aplica,Calle,19357
03065,No aplica,Calle,19358
03065,No aplica,Calle,19359
03079,No aplica,Calle,19360
03092,No aplica,Calle,19361
03092,No aplica,Calle,19362
03092,No aplica,Calle,19363
03093,Recta,Carretera,19364
03093,No aplica,Calle,19365
03095,No aplica,Calle,19366
03095,No aplica,Calle,19367
03095,No aplica,Calle,19368
03095,No aplica,Calle,19369
03099,No aplica,Calle,19370
03099,No aplica,Calle,19371
03099,No aplica,Calle,19372
03107,No aplica,Calle,19373
03107,No aplica,Calle,19374
03107,No aplica,Calle,19375
03107,Curva sin señalizar,Carretera,19376
03121,No aplica,Calle,19377
03121,No aplica,Calle,19378
03121,No aplica,Calle,19379
03121,Recta,Carretera,19380
03121,No aplica,Calle,19381
03121,No aplica,Calle,19382
03121,No aplica,Calle,19383
03121,No aplica,Calle,19384
03121,No aplica,Calle,19385
03122,No aplica,Calle,19386
03122,No aplica,Calle,19387
03122,No aplica,Calle,19388
03122,No aplica,Calle,19389
03122,No aplica,Calle,19390
03122,No aplica,Calle,19391
03122,No aplica,Calle,19392
03122,No aplica,Calle,19393
03133,No aplica,Calle,19394
03133,No aplica,Calle,19395
03133,No aplica,Calle,19396
03133,No aplica,Calle,19397
03133,No aplica,Calle,19398
03133,No aplica,Calle,19399
03133,No aplica,Calle,19400
03133,No aplica,Calle,19401
03133,No aplica,Calle,19402
03133,No aplica,Calle,19403
03133,No aplica,Calle,19404
03133,No aplica,Calle,19405
03133,No aplica,Calle,19406
03133,No aplica,Calle,19407
03133,No aplica,Calle,19408
03133,No aplica,Calle,19409
03133,No aplica,Calle,19410
03133,No aplica,Calle,19411
03133,No aplica,Calle,19412
03133,No aplica,Calle,19413
03133,No aplica,Calle,19414
03133,No aplica,Calle,19415
03133,No aplica,Calle,19416
03133,No aplica,Calle,19417
03133,No aplica,Calle,19418
03133,No aplica,Calle,19419
03133,No aplica,Calle,19420
03133,No aplica,Calle,19421
03133,No aplica,Calle,19422
03133,No aplica,Calle,19423
03133,No aplica,Calle,19424
03133,No aplica,Calle,19425
03133,No aplica,Calle,19426
03133,No aplica,Calle,19427
03133,No aplica,Calle,19428
03133,No aplica,Calle,19429
03133,No aplica,Calle,19430
03133,No aplica,Calle,19431
03133,No aplica,Calle,19432
03133,No aplica,Calle,19433
03133,No aplica,Calle,19434
03133,No aplica,Calle,19435
03133,No aplica,Calle,19436
03133,No aplica,Calle,19437
03133,No aplica,Calle,19438
03133,No aplica,Calle,19439
03133,No aplica,Calle,19440
03133,No aplica,Calle,19441
03133,No aplica,Calle,19442
03133,No aplica,Calle,19443
03133,No aplica,Calle,19444
03133,No aplica,Calle,19445
03133,No aplica,Calle,19446
03133,No aplica,Calle,19447
03133,No aplica,Calle,19448
03133,No aplica,Calle,19449
03133,No aplica,Calle,19450
03133,No aplica,Calle,19451
03133,No aplica,Calle,19452
03133,No aplica,Calle,19453
03133,No aplica,Calle,19454
03133,No aplica,Calle,19455
03133,No aplica,Calle,19456
03133,No aplica,Calle,19457
03133,No aplica,Calle,19458
03133,No aplica,Calle,19459
03133,No aplica,Calle,19460
03133,No aplica,Calle,19461
03133,No aplica,Calle,19462
03133,No aplica,Calle,19463
03133,No aplica,Calle,19464
03133,No aplica,Calle,19465
03102,Recta,Carretera,19466
03002,Curva señalizada,Carretera,19467
03002,No aplica,Calle,19468
03002,Curva señalizada,Carretera,19469
03002,Curva señalizada,Carretera,19470
03002,Curva señalizada,Carretera,19471
03002,No aplica,Calle,19472
03002,No aplica,Calle,19473
03002,Recta,Carretera,19474
00000,Curva señalizada,Carretera,19475
00000,Curva señalizada,Carretera,19476
00000,Recta,Carretera,19477
00000,Curva sin señalizar,Carretera,19478
00000,Curva señalizada,Carretera,19479
00000,Curva señalizada,Carretera,19480
00000,Curva señalizada,Carretera,19481
00000,Curva señalizada,Carretera,19482
00000,Recta,Carretera,19483
03005,No aplica,Calle,19484
03005,Recta,Carretera,19485
03005,No aplica,Calle,19486
03005,Curva señalizada,Carretera,19487
03005,No aplica,Calle,19488
03005,No aplica,Calle,19489
03005,No aplica,Calle,19490
03005,No aplica,Calle,19491
03005,Recta,Carretera,19492
00000,Recta,Carretera,19493
03005,No aplica,Calle,19494
00000,Recta,Carretera,19495
03005,Recta,Carretera,19496
03005,No aplica,Calle,19497
00000,Recta,Carretera,19498
03005,Recta,Carretera,19499
03005,Recta,Carretera,19500
03005,Recta,Carretera,19501
03005,Recta,Carretera,19502
03005,No aplica,Calle,19503
03005,No aplica,Calle,19504
03005,No aplica,Calle,19505
03005,Recta,Carretera,19506
00000,Recta,Carretera,19507
00000,Recta,Carretera,19508
00000,Curva señalizada,Carretera,19509
00000,Recta,Carretera,19510
00000,Curva señalizada,Carretera,19511
00000,Curva sin señalizar,Carretera,19512
00000,Curva señalizada,Carretera,19513
03009,No aplica,Calle,19514
03009,No aplica,Calle,19515
03009,No aplica,Calle,19516
03009,No aplica,Calle,19517
03009,No aplica,Calle,19518
03009,No aplica,Calle,19519
03009,Recta,Carretera,19520
03009,No aplica,Calle,19521
03009,No aplica,Calle,19522
03009,No aplica,Calle,19523
03009,No aplica,Calle,19524
03009,No aplica,Calle,19525
03009,No aplica,Calle,19526
03009,Curva señalizada,Carretera,19527
03009,No aplica,Calle,19528
03009,No aplica,Calle,19529
03009,Curva señalizada,Carretera,19530
03009,No aplica,Calle,19531
03009,No aplica,Calle,19532
03009,Recta,Carretera,19533
03009,No aplica,Calle,19534
03009,Curva señalizada,Carretera,19535
03009,No aplica,Calle,19536
03009,No aplica,Calle,19537
03009,No aplica,Calle,19538
03009,No aplica,Calle,19539
03009,No aplica,Calle,19540
03009,No aplica,Calle,19541
03009,No aplica,Calle,19542
03009,No aplica,Calle,19543
03009,No aplica,Calle,19544
03009,No aplica,Calle,19545
03009,Recta,Carretera,19546
03009,No aplica,Calle,19547
03009,No aplica,Calle,19548
03009,No aplica,Calle,19549
03009,Curva señalizada,Carretera,19550
03009,No aplica,Calle,19551
03009,Curva señalizada,Carretera,19552
03009,No aplica,Calle,19553
03009,No aplica,Calle,19554
03009,Recta,Carretera,19555
03009,No aplica,Calle,19556
03009,Curva señalizada,Carretera,19557
03009,No aplica,Calle,19558
03009,Curva señalizada,Carretera,19559
03009,Recta,Carretera,19560
03009,Curva señalizada,Carretera,19561
03009,No aplica,Calle,19562
03009,Recta,Carretera,19563
03009,No aplica,Calle,19564
03009,Curva señalizada,Carretera,19565
03009,No aplica,Calle,19566
03009,No aplica,Calle,19567
03009,No aplica,Calle,19568
03009,No aplica,Calle,19569
03009,No aplica,Calle,19570
03009,Curva señalizada,Carretera,19571
03009,No aplica,Calle,19572
03009,No aplica,Calle,19573
03009,No aplica,Calle,19574
03009,Recta,Carretera,19575
03009,Curva señalizada,Carretera,19576
03009,Curva señalizada,Carretera,19577
03009,Recta,Carretera,19578
03009,No aplica,Calle,19579
03011,Curva señalizada,Carretera,19580
03011,Curva señalizada,Carretera,19581
03011,No aplica,Calle,19582
03011,No aplica,Calle,19583
03011,No aplica,Calle,19584
03011,No aplica,Calle,19585
03011,No aplica,Calle,19586
03011,No aplica,Calle,19587
03011,No aplica,Calle,19588
03011,No aplica,Calle,19589
03011,No aplica,Calle,19590
03011,No aplica,Calle,19591
03011,No aplica,Calle,19592
03011,No aplica,Calle,19593
03011,No aplica,Calle,19594
03011,No aplica,Calle,19595
03011,No aplica,Calle,19596
03011,No aplica,Calle,19597
03011,No aplica,Calle,19598
03011,No aplica,Calle,19599
03011,No aplica,Calle,19600
03011,No aplica,Calle,19601
03011,No aplica,Calle,19602
03011,No aplica,Calle,19603
03011,Curva señalizada,Carretera,19604
03011,No aplica,Calle,19605
03011,No aplica,Calle,19606
03011,No aplica,Calle,19607
03011,No aplica,Calle,19608
03011,No aplica,Calle,19609
03011,No aplica,Calle,19610
03011,No aplica,Calle,19611
03011,No aplica,Calle,19612
03011,No aplica,Calle,19613
03011,Curva señalizada,Carretera,19614
03011,No aplica,Calle,19615
03011,No aplica,Calle,19616
03011,No aplica,Calle,19617
03011,No aplica,Calle,19618
03011,No aplica,Calle,19619
03011,No aplica,Calle,19620
03011,No aplica,Calle,19621
03011,No aplica,Calle,19622
03011,No aplica,Calle,19623
03011,No aplica,Calle,19624
03011,No aplica,Calle,19625
03011,No aplica,Calle,19626
03011,No aplica,Calle,19627
03011,No aplica,Calle,19628
03011,No aplica,Calle,19629
03011,No aplica,Calle,19630
03011,No aplica,Calle,19631
03011,No aplica,Calle,19632
03011,No aplica,Calle,19633
03011,Curva sin señalizar,Carretera,19634
03011,No aplica,Calle,19635
03011,No aplica,Calle,19636
03011,No aplica,Calle,19637
03011,No aplica,Calle,19638
03011,No aplica,Calle,19639
03011,No aplica,Calle,19640
03011,No aplica,Calle,19641
03011,No aplica,Calle,19642
03011,No aplica,Calle,19643
03011,No aplica,Calle,19644
03011,No aplica,Calle,19645
03011,No aplica,Calle,19646
03011,No aplica,Calle,19647
03011,No aplica,Calle,19648
03011,No aplica,Calle,19649
03011,No aplica,Calle,19650
03011,No aplica,Calle,19651
03011,No aplica,Calle,19652
03011,No aplica,Calle,19653
03011,No aplica,Calle,19654
03011,No aplica,Calle,19655
03011,No aplica,Calle,19656
03011,No aplica,Calle,19657
03011,No aplica,Calle,19658
03011,No aplica,Calle,19659
03011,No aplica,Calle,19660
03011,No aplica,Calle,19661
03011,No aplica,Calle,19662
03011,No aplica,Calle,19663
03011,No aplica,Calle,19664
00000,Se desconoce,Carretera,19665
00000,Recta,Carretera,19666
00000,Recta,Carretera,19667
00000,Curva señalizada,Carretera,19668
00000,Recta,Carretera,19669
03015,Recta,Carretera,19670
00000,Recta,Carretera,19671
00000,Recta,Carretera,19672
00000,Recta,Carretera,19673
03014,No aplica,Calle,19674
03014,Recta,Carretera,19675
03014,Curva señalizada,Carretera,19676
03014,Recta,Carretera,19677
03014,Recta,Carretera,19678
03014,Recta,Carretera,19679
03014,No aplica,Calle,19680
03014,No aplica,Calle,19681
03014,No aplica,Calle,19682
03014,Recta,Carretera,19683
03014,No aplica,Calle,19684
03014,No aplica,Calle,19685
03014,No aplica,Calle,19686
03014,No aplica,Calle,19687
03014,No aplica,Calle,19688
03014,Recta,Carretera,19689
03014,No aplica,Calle,19690
03014,No aplica,Calle,19691
03014,No aplica,Calle,19692
03014,No aplica,Calle,19693
03014,No aplica,Calle,19694
03090,Curva señalizada,Carretera,19695
03014,Recta,Carretera,19696
03014,Recta,Carretera,19697
03014,No aplica,Calle,19698
03014,No aplica,Calle,19699
03014,No aplica,Calle,19700
03014,Recta,Carretera,19701
03014,No aplica,Calle,19702
03014,Recta,Carretera,19703
03014,No aplica,Calle,19704
03014,No aplica,Calle,19705
03014,Recta,Carretera,19706
03014,Recta,Carretera,19707
03014,No aplica,Calle,19708
03014,Recta,Carretera,19709
03014,No aplica,Calle,19710
03014,No aplica,Calle,19711
03014,No aplica,Calle,19712
03014,Recta,Carretera,19713
03014,No aplica,Calle,19714
03014,No aplica,Calle,19715
03014,No aplica,Calle,19716
03014,Curva señalizada,Carretera,19717
03014,No aplica,Calle,19718
03014,No aplica,Calle,19719
03014,No aplica,Calle,19720
03014,Recta,Carretera,19721
03014,No aplica,Calle,19722
03014,No aplica,Calle,19723
03014,Curva señalizada,Carretera,19724
03014,Recta,Carretera,19725
03014,Recta,Carretera,19726
03014,Recta,Carretera,19727
03014,Recta,Carretera,19728
03014,No aplica,Calle,19729
03014,No aplica,Calle,19730
03014,No aplica,Calle,19731
03014,No aplica,Calle,19732
03014,No aplica,Calle,19733
03014,Recta,Carretera,19734
03014,No aplica,Calle,19735
03014,No aplica,Calle,19736
03014,No aplica,Calle,19737
03014,No aplica,Calle,19738
03014,Recta,Carretera,19739
03014,Recta,Carretera,19740
03014,Recta,Carretera,19741
03014,No aplica,Calle,19742
03014,Recta,Carretera,19743
03014,No aplica,Calle,19744
03014,No aplica,Calle,19745
03014,No aplica,Calle,19746
03014,Curva señalizada,Carretera,19747
03014,No aplica,Calle,19748
03014,Curva señalizada,Carretera,19749
03014,Curva señalizada,Carretera,19750
03014,Recta,Carretera,19751
03014,No aplica,Calle,19752
03014,No aplica,Calle,19753
03014,No aplica,Calle,19754
03014,No aplica,Calle,19755
03014,No aplica,Calle,19756
03014,No aplica,Calle,19757
03014,No aplica,Calle,19758
03014,Recta,Carretera,19759
03014,No aplica,Calle,19760
03014,Recta,Carretera,19761
03014,No aplica,Calle,19762
03014,Recta,Carretera,19763
03014,Curva señalizada,Carretera,19764
03014,Recta,Carretera,19765
03014,Recta,Carretera,19766
03014,Recta,Carretera,19767
03014,Recta,Carretera,19768
03014,Recta,Carretera,19769
03014,Recta,Carretera,19770
03065,Recta,Carretera,19771
03014,No aplica,Calle,19772
03014,No aplica,Calle,19773
03014,Recta,Carretera,19774
03014,No aplica,Calle,19775
03014,No aplica,Calle,19776
03014,Curva señalizada,Carretera,19777
03014,No aplica,Calle,19778
03014,No aplica,Calle,19779
03014,No aplica,Calle,19780
03014,Curva señalizada,Carretera,19781
03014,No aplica,Calle,19782
03014,No aplica,Calle,19783
03014,No aplica,Calle,19784
03014,No aplica,Calle,19785
03014,Recta,Carretera,19786
03014,No aplica,Calle,19787
03014,No aplica,Calle,19788
03014,No aplica,Calle,19789
03014,No aplica,Calle,19790
03014,No aplica,Calle,19791
03014,No aplica,Calle,19792
03014,No aplica,Calle,19793
03014,Curva señalizada,Carretera,19794
03014,Recta,Carretera,19795
03014,Recta,Carretera,19796
03014,No aplica,Calle,19797
03014,No aplica,Calle,19798
03014,No aplica,Calle,19799
03014,No aplica,Calle,19800
03014,No aplica,Calle,19801
03014,No aplica,Calle,19802
03014,No aplica,Calle,19803
03014,No aplica,Calle,19804
03014,No aplica,Calle,19805
03014,No aplica,Calle,19806
03014,No aplica,Calle,19807
03014,No aplica,Calle,19808
03014,Curva sin señalizar,Carretera,19809
03014,No aplica,Calle,19810
03014,No aplica,Calle,19811
03014,No aplica,Calle,19812
03014,Recta,Carretera,19813
03014,Recta,Carretera,19814
03014,No aplica,Calle,19815
03014,No aplica,Calle,19816
03014,No aplica,Calle,19817
03014,No aplica,Calle,19818
03014,No aplica,Calle,19819
03014,Curva sin señalizar,Carretera,19820
03014,Curva sin señalizar,Carretera,19821
03014,No aplica,Calle,19822
03014,Recta,Carretera,19823
03014,Curva señalizada,Carretera,19824
03014,Recta,Carretera,19825
03014,No aplica,Calle,19826
03014,No aplica,Calle,19827
03014,Recta,Carretera,19828
03014,No aplica,Calle,19829
03014,No aplica,Calle,19830
03014,No aplica,Calle,19831
03014,Curva señalizada,Carretera,19832
03014,Recta,Carretera,19833
03014,Recta,Carretera,19834
03014,No aplica,Calle,19835
03014,No aplica,Calle,19836
03014,No aplica,Calle,19837
03014,Recta,Carretera,19838
03014,No aplica,Calle,19839
03014,No aplica,Calle,19840
03014,No aplica,Calle,19841
03014,No aplica,Calle,19842
03014,No aplica,Calle,19843
03014,No aplica,Calle,19844
03014,No aplica,Calle,19845
03014,Recta,Carretera,19846
03014,No aplica,Calle,19847
03014,Recta,Carretera,19848
03014,No aplica,Calle,19849
03014,No aplica,Calle,19850
03014,Recta,Carretera,19851
03014,No aplica,Calle,19852
03014,No aplica,Calle,19853
03014,No aplica,Calle,19854
03014,No aplica,Calle,19855
03014,No aplica,Calle,19856
03014,No aplica,Calle,19857
03014,No aplica,Calle,19858
03014,Recta,Carretera,19859
03014,No aplica,Calle,19860
03014,No aplica,Calle,19861
03014,No aplica,Calle,19862
03014,No aplica,Calle,19863
03014,No aplica,Calle,19864
03014,No aplica,Calle,19865
03014,No aplica,Calle,19866
03014,No aplica,Calle,19867
03014,Recta,Carretera,19868
03014,Recta,Carretera,19869
03014,Recta,Carretera,19870
03014,No aplica,Calle,19871
03014,No aplica,Calle,19872
03014,No aplica,Calle,19873
03014,No aplica,Calle,19874
03014,No aplica,Calle,19875
03014,No aplica,Calle,19876
03014,Recta,Carretera,19877
03014,No aplica,Calle,19878
03014,Recta,Carretera,19879
03014,Recta,Carretera,19880
03014,Recta,Carretera,19881
03014,Curva señalizada,Carretera,19882
03014,Recta,Carretera,19883
03014,Recta,Carretera,19884
03014,Recta,Carretera,19885
03014,Recta,Carretera,19886
03014,No aplica,Calle,19887
03014,Curva señalizada,Carretera,19888
03014,Recta,Carretera,19889
03119,Recta,Carretera,19890
03014,Curva señalizada,Carretera,19891
03014,Recta,Carretera,19892
03014,No aplica,Calle,19893
03014,No aplica,Calle,19894
03050,Curva señalizada,Carretera,19895
03014,No aplica,Calle,19896
03014,Recta,Carretera,19897
03014,Recta,Carretera,19898
03014,Recta,Carretera,19899
03014,Recta,Carretera,19900
03014,No aplica,Calle,19901
03014,Recta,Carretera,19902
03014,Recta,Carretera,19903
03014,Recta,Carretera,19904
03014,Recta,Carretera,19905
03014,Recta,Carretera,19906
03014,No aplica,Calle,19907
03014,No aplica,Calle,19908
03014,No aplica,Calle,19909
03014,No aplica,Calle,19910
03014,No aplica,Calle,19911
03014,Curva sin señalizar,Carretera,19912
03014,Recta,Carretera,19913
03014,Recta,Carretera,19914
03014,Curva señalizada,Carretera,19915
03014,Recta,Carretera,19916
03014,Recta,Carretera,19917
03014,Curva señalizada,Carretera,19918
03014,No aplica,Calle,19919
03014,No aplica,Calle,19920
03014,No aplica,Calle,19921
03014,No aplica,Calle,19922
03122,Recta,Carretera,19923
03014,Recta,Carretera,19924
03014,Curva señalizada,Carretera,19925
03014,Recta,Carretera,19926
03014,No aplica,Calle,19927
03014,No aplica,Calle,19928
03014,Recta,Carretera,19929
03014,No aplica,Calle,19930
03014,Curva señalizada,Carretera,19931
03014,Recta,Carretera,19932
03014,Recta,Carretera,19933
03014,Curva señalizada,Carretera,19934
03014,Recta,Carretera,19935
03014,Recta,Carretera,19936
03014,Recta,Carretera,19937
03014,No aplica,Calle,19938
03014,Recta,Carretera,19939
03014,No aplica,Calle,19940
03014,Recta,Carretera,19941
03014,Curva señalizada,Carretera,19942
03014,Recta,Carretera,19943
03014,Recta,Carretera,19944
03014,Recta,Carretera,19945
03014,Recta,Carretera,19946
03014,Recta,Carretera,19947
03014,No aplica,Calle,19948
03014,No aplica,Calle,19949
03014,Recta,Carretera,19950
03014,Recta,Carretera,19951
03014,No aplica,Calle,19952
03014,No aplica,Calle,19953
03014,Curva señalizada,Carretera,19954
03014,No aplica,Calle,19955
03014,Curva sin señalizar,Carretera,19956
03014,Recta,Carretera,19957
03119,Recta,Carretera,19958
03014,Recta,Carretera,19959
03014,Curva señalizada,Carretera,19960
03014,Recta,Carretera,19961
03014,Recta,Carretera,19962
03014,Recta,Carretera,19963
03014,No aplica,Calle,19964
03014,No aplica,Calle,19965
03014,Recta,Carretera,19966
03014,No aplica,Calle,19967
03014,No aplica,Calle,19968
03014,Recta,Carretera,19969
03014,No aplica,Calle,19970
03014,No aplica,Calle,19971
03119,Curva señalizada,Carretera,19972
03014,Recta,Carretera,19973
03014,Recta,Carretera,19974
03014,Recta,Carretera,19975
03014,No aplica,Calle,19976
03090,Recta,Carretera,19977
03014,Recta,Carretera,19978
03014,Curva señalizada,Carretera,19979
03014,Recta,Carretera,19980
03014,Recta,Carretera,19981
03014,Recta,Carretera,19982
03014,Recta,Carretera,19983
03014,Recta,Carretera,19984
03014,Recta,Carretera,19985
03065,Recta,Carretera,19986
03014,Recta,Carretera,19987
03014,No aplica,Calle,19988
03014,No aplica,Calle,19989
03014,No aplica,Calle,19990
03014,No aplica,Calle,19991
03014,No aplica,Calle,19992
03014,No aplica,Calle,19993
03014,No aplica,Calle,19994
03014,No aplica,Calle,19995
03015,Recta,Carretera,19996
03015,Recta,Carretera,19997
00000,Recta,Carretera,19998
03015,Curva señalizada,Carretera,19999
03015,Recta,Carretera,20000
03015,Recta,Carretera,20001
03015,No aplica,Calle,20002
03015,Curva señalizada,Carretera,20003
03015,Curva señalizada,Carretera,20004
03015,Curva sin señalizar,Carretera,20005
03015,No aplica,Calle,20006
03015,Recta,Carretera,20007
03015,Curva señalizada,Carretera,20008
03015,Curva señalizada,Carretera,20009
03015,Recta,Carretera,20010
03015,Recta,Carretera,20011
03015,Recta,Carretera,20012
00000,Recta,Carretera,20013
03056,Curva señalizada,Carretera,20014
03094,Recta,Carretera,20015
03018,Curva señalizada,Carretera,20016
03018,Recta,Carretera,20017
03018,Recta,Carretera,20018
03018,Curva señalizada,Carretera,20019
03018,No aplica,Calle,20020
03018,No aplica,Calle,20021
03018,No aplica,Calle,20022
03018,Recta,Carretera,20023
03018,No aplica,Calle,20024
03018,No aplica,Calle,20025
03018,No aplica,Calle,20026
03018,No aplica,Calle,20027
03018,No aplica,Calle,20028
03018,No aplica,Calle,20029
03018,No aplica,Calle,20030
03018,No aplica,Calle,20031
03018,Curva señalizada,Carretera,20032
03018,Recta,Carretera,20033
03018,No aplica,Calle,20034
03018,No aplica,Calle,20035
03018,Recta,Carretera,20036
03018,No aplica,Calle,20037
03018,No aplica,Calle,20038
03018,No aplica,Calle,20039
03018,Recta,Carretera,20040
03018,Recta,Carretera,20041
03018,Recta,Carretera,20042
03018,Recta,Carretera,20043
03018,Curva señalizada,Carretera,20044
03018,Recta,Carretera,20045
03018,Recta,Carretera,20046
03018,No aplica,Calle,20047
03018,No aplica,Calle,20048
03018,No aplica,Calle,20049
03018,No aplica,Calle,20050
03018,No aplica,Calle,20051
03018,No aplica,Calle,20052
03018,No aplica,Calle,20053
03018,No aplica,Calle,20054
03018,No aplica,Calle,20055
03018,No aplica,Calle,20056
03018,No aplica,Calle,20057
03018,No aplica,Calle,20058
03018,No aplica,Calle,20059
03018,No aplica,Calle,20060
03018,No aplica,Calle,20061
03018,No aplica,Calle,20062
03018,No aplica,Calle,20063
03018,No aplica,Calle,20064
03018,No aplica,Calle,20065
03018,No aplica,Calle,20066
03018,No aplica,Calle,20067
03018,No aplica,Calle,20068
03018,No aplica,Calle,20069
03018,No aplica,Calle,20070
03018,No aplica,Calle,20071
03018,No aplica,Calle,20072
03018,No aplica,Calle,20073
03019,Curva señalizada,Carretera,20074
03019,Curva señalizada,Carretera,20075
03019,No aplica,Calle,20076
03019,Curva señalizada,Carretera,20077
03019,No aplica,Calle,20078
03019,No aplica,Calle,20079
03019,Recta,Carretera,20080
03019,Recta,Carretera,20081
03019,No aplica,Calle,20082
03019,No aplica,Calle,20083
03019,Recta,Carretera,20084
03019,No aplica,Calle,20085
03019,No aplica,Calle,20086
03019,Recta,Carretera,20087
03019,Curva señalizada,Carretera,20088
03019,Curva señalizada,Carretera,20089
03019,Curva señalizada,Carretera,20090
03019,Recta,Carretera,20091
03019,No aplica,Calle,20092
03019,Curva señalizada,Carretera,20093
03019,Recta,Carretera,20094
03019,Recta,Carretera,20095
03019,Curva señalizada,Carretera,20096
03019,Curva sin señalizar,Carretera,20097
03019,Curva señalizada,Carretera,20098
03019,Recta,Carretera,20099
03019,Curva señalizada,Carretera,20100
03019,Curva señalizada,Carretera,20101
03019,Recta,Carretera,20102
03019,Recta,Carretera,20103
03019,No aplica,Calle,20104
03019,No aplica,Calle,20105
03019,No aplica,Calle,20106
03019,No aplica,Calle,20107
03019,Recta,Carretera,20108
03019,No aplica,Calle,20109
03019,No aplica,Calle,20110
03019,No aplica,Calle,20111
03019,No aplica,Calle,20112
03019,No aplica,Calle,20113
03019,No aplica,Calle,20114
03019,No aplica,Calle,20115
03019,No aplica,Calle,20116
03019,No aplica,Calle,20117
03019,No aplica,Calle,20118
00000,Curva señalizada,Carretera,20119
03009,Curva señalizada,Carretera,20120
03021,Recta,Carretera,20121
03021,No aplica,Calle,20122
03021,No aplica,Calle,20123
03021,Recta,Carretera,20124
03021,Recta,Carretera,20125
03021,No aplica,Calle,20126
00000,Curva sin señalizar,Carretera,20127
00000,Curva señalizada,Carretera,20128
00000,Recta,Carretera,20129
03024,Recta,Carretera,20130
03024,Recta,Carretera,20131
03024,Recta,Carretera,20132
03099,Curva señalizada,Carretera,20133
03024,Recta,Carretera,20134
03024,Se desconoce,Carretera,20135
00000,Curva señalizada,Carretera,20136
00000,Recta,Carretera,20137
00000,Curva señalizada,Carretera,20138
03095,Recta,Carretera,20139
00000,Recta,Carretera,20140
00000,Recta,Travesía,20141
00000,Recta,Carretera,20142
00000,Curva señalizada,Carretera,20143
00000,Curva señalizada,Carretera,20144
00000,Recta,Carretera,20145
00000,Curva señalizada,Carretera,20146
00000,Recta,Carretera,20147
03031,No aplica,Calle,20148
03031,No aplica,Calle,20149
03031,No aplica,Calle,20150
03031,No aplica,Calle,20151
03031,No aplica,Calle,20152
03031,Recta,Carretera,20153
03031,Recta,Carretera,20154
03031,No aplica,Calle,20155
03031,No aplica,Calle,20156
03031,Recta,Carretera,20157
03031,No aplica,Calle,20158
03031,No aplica,Calle,20159
03031,No aplica,Calle,20160
03031,No aplica,Calle,20161
03031,No aplica,Calle,20162
03031,No aplica,Calle,20163
03031,No aplica,Calle,20164
03031,No aplica,Calle,20165
03031,Recta,Carretera,20166
03031,No aplica,Calle,20167
03031,No aplica,Calle,20168
03031,No aplica,Calle,20169
03031,No aplica,Calle,20170
03031,No aplica,Calle,20171
03031,No aplica,Calle,20172
03031,Recta,Carretera,20173
03031,No aplica,Calle,20174
03031,No aplica,Calle,20175
03031,No aplica,Calle,20176
03031,No aplica,Calle,20177
03031,No aplica,Calle,20178
03031,No aplica,Calle,20179
03031,No aplica,Calle,20180
03031,No aplica,Calle,20181
03031,No aplica,Calle,20182
03031,No aplica,Calle,20183
03031,No aplica,Calle,20184
03031,No aplica,Calle,20185
03031,No aplica,Calle,20186
03031,No aplica,Calle,20187
03031,No aplica,Calle,20188
03031,No aplica,Calle,20189
03031,No aplica,Calle,20190
03094,Curva señalizada,Carretera,20191
03031,No aplica,Calle,20192
03031,No aplica,Calle,20193
03031,No aplica,Calle,20194
03031,No aplica,Calle,20195
03031,No aplica,Calle,20196
03031,Recta,Carretera,20197
03031,Recta,Carretera,20198
03031,No aplica,Calle,20199
03031,No aplica,Calle,20200
03031,No aplica,Calle,20201
03031,No aplica,Calle,20202
03031,No aplica,Calle,20203
03031,No aplica,Calle,20204
03031,No aplica,Calle,20205
03031,Recta,Carretera,20206
03031,No aplica,Calle,20207
03031,No aplica,Calle,20208
03031,No aplica,Calle,20209
03031,No aplica,Calle,20210
03031,No aplica,Calle,20211
03031,No aplica,Calle,20212
03031,No aplica,Calle,20213
03031,No aplica,Calle,20214
03031,No aplica,Calle,20215
03031,No aplica,Calle,20216
03031,No aplica,Calle,20217
03031,No aplica,Calle,20218
03031,No aplica,Calle,20219
03031,No aplica,Calle,20220
03031,No aplica,Calle,20221
03031,No aplica,Calle,20222
03031,No aplica,Calle,20223
03031,No aplica,Calle,20224
03031,No aplica,Calle,20225
03031,No aplica,Calle,20226
03031,No aplica,Calle,20227
03031,No aplica,Calle,20228
03031,No aplica,Calle,20229
03031,No aplica,Calle,20230
03031,Curva señalizada,Carretera,20231
03031,No aplica,Calle,20232
03031,No aplica,Calle,20233
03031,No aplica,Calle,20234
03031,Recta,Carretera,20235
03031,No aplica,Calle,20236
03031,No aplica,Calle,20237
03031,No aplica,Calle,20238
03094,Recta,Carretera,20239
03031,No aplica,Calle,20240
03031,No aplica,Calle,20241
03031,Recta,Carretera,20242
03031,No aplica,Calle,20243
03031,No aplica,Calle,20244
03031,No aplica,Calle,20245
03031,No aplica,Calle,20246
03031,No aplica,Calle,20247
03031,No aplica,Calle,20248
03031,Recta,Carretera,20249
03031,No aplica,Calle,20250
03031,No aplica,Calle,20251
03031,No aplica,Calle,20252
03031,No aplica,Calle,20253
03031,No aplica,Calle,20254
03031,No aplica,Calle,20255
03031,Curva señalizada,Carretera,20256
03031,No aplica,Calle,20257
03031,No aplica,Calle,20258
03031,No aplica,Calle,20259
03031,Curva señalizada,Carretera,20260
03031,No aplica,Calle,20261
03031,Curva señalizada,Carretera,20262
03031,No aplica,Calle,20263
03031,No aplica,Calle,20264
03031,No aplica,Calle,20265
03031,No aplica,Calle,20266
03031,No aplica,Calle,20267
03031,No aplica,Calle,20268
03031,No aplica,Calle,20269
03031,No aplica,Calle,20270
03031,No aplica,Calle,20271
03031,No aplica,Calle,20272
03031,No aplica,Calle,20273
03031,No aplica,Calle,20274
03031,No aplica,Calle,20275
03069,Recta,Carretera,20276
03031,No aplica,Calle,20277
03031,No aplica,Calle,20278
03031,No aplica,Calle,20279
03031,No aplica,Calle,20280
03031,Recta,Carretera,20281
03031,No aplica,Calle,20282
03031,No aplica,Calle,20283
03031,No aplica,Calle,20284
03031,No aplica,Calle,20285
03031,No aplica,Calle,20286
03031,No aplica,Calle,20287
03031,No aplica,Calle,20288
03031,No aplica,Calle,20289
03031,No aplica,Calle,20290
03031,No aplica,Calle,20291
03031,No aplica,Calle,20292
03031,No aplica,Calle,20293
03031,No aplica,Calle,20294
03031,No aplica,Calle,20295
03031,No aplica,Calle,20296
03031,No aplica,Calle,20297
03031,No aplica,Calle,20298
03031,No aplica,Calle,20299
03031,No aplica,Calle,20300
03031,No aplica,Calle,20301
03031,No aplica,Calle,20302
03031,No aplica,Calle,20303
03031,No aplica,Calle,20304
03031,No aplica,Calle,20305
03031,Recta,Carretera,20306
03031,No aplica,Calle,20307
03031,No aplica,Calle,20308
03031,No aplica,Calle,20309
03031,No aplica,Calle,20310
03031,No aplica,Calle,20311
03031,No aplica,Calle,20312
03031,No aplica,Calle,20313
03031,Curva sin señalizar,Carretera,20314
03031,No aplica,Calle,20315
03031,No aplica,Calle,20316
03031,No aplica,Calle,20317
03031,Curva sin señalizar,Carretera,20318
03031,No aplica,Calle,20319
03031,No aplica,Calle,20320
03031,No aplica,Calle,20321
03031,No aplica,Calle,20322
03031,No aplica,Calle,20323
03031,No aplica,Calle,20324
03031,No aplica,Calle,20325
03031,Recta,Carretera,20326
03031,No aplica,Calle,20327
03031,No aplica,Calle,20328
03031,No aplica,Calle,20329
03031,No aplica,Calle,20330
03031,No aplica,Calle,20331
03094,Recta,Carretera,20332
03031,No aplica,Calle,20333
03031,No aplica,Calle,20334
03031,No aplica,Calle,20335
03031,No aplica,Calle,20336
03031,No aplica,Calle,20337
03031,No aplica,Calle,20338
03031,No aplica,Calle,20339
03031,No aplica,Calle,20340
03031,No aplica,Calle,20341
03031,No aplica,Calle,20342
03031,No aplica,Calle,20343
03031,No aplica,Calle,20344
03031,No aplica,Calle,20345
03031,No aplica,Calle,20346
03031,Recta,Carretera,20347
03031,No aplica,Calle,20348
03031,No aplica,Calle,20349
03031,No aplica,Calle,20350
03031,No aplica,Calle,20351
03031,No aplica,Calle,20352
03031,No aplica,Calle,20353
03031,No aplica,Calle,20354
03031,No aplica,Calle,20355
03031,No aplica,Calle,20356
03031,No aplica,Calle,20357
03031,No aplica,Calle,20358
03031,No aplica,Calle,20359
03031,No aplica,Calle,20360
03031,No aplica,Calle,20361
03031,No aplica,Calle,20362
03031,No aplica,Calle,20363
03031,No aplica,Calle,20364
03031,Curva señalizada,Carretera,20365
03031,No aplica,Calle,20366
03031,Recta,Carretera,20367
03031,No aplica,Calle,20368
03031,No aplica,Calle,20369
03031,No aplica,Calle,20370
03031,No aplica,Calle,20371
03031,No aplica,Calle,20372
03031,No aplica,Calle,20373
03031,No aplica,Calle,20374
03031,Recta,Carretera,20375
03031,No aplica,Calle,20376
03031,No aplica,Calle,20377
03031,No aplica,Calle,20378
03031,No aplica,Calle,20379
03031,No aplica,Calle,20380
03031,No aplica,Calle,20381
03031,No aplica,Calle,20382
03031,No aplica,Calle,20383
03031,No aplica,Calle,20384
03031,No aplica,Calle,20385
03031,No aplica,Calle,20386
03031,No aplica,Calle,20387
03031,No aplica,Calle,20388
03031,No aplica,Calle,20389
03031,No aplica,Calle,20390
03031,No aplica,Calle,20391
03031,No aplica,Calle,20392
03031,No aplica,Calle,20393
03031,No aplica,Calle,20394
03031,No aplica,Calle,20395
03031,No aplica,Calle,20396
03031,No aplica,Calle,20397
03031,No aplica,Calle,20398
03031,No aplica,Calle,20399
03031,No aplica,Calle,20400
03031,No aplica,Calle,20401
03031,Recta,Carretera,20402
00000,Curva señalizada,Carretera,20403
00000,Curva señalizada,Carretera,20404
00000,Recta,Carretera,20405
00000,Recta,Carretera,20406
00000,Recta,Carretera,20407
00000,Recta,Carretera,20408
03041,Curva señalizada,Carretera,20409
03041,Curva sin señalizar,Carretera,20410
03041,Curva señalizada,Carretera,20411
03041,Recta,Carretera,20412
03041,Curva sin señalizar,Carretera,20413
03041,Recta,Carretera,20414
03041,Recta,Carretera,20415
03041,Curva señalizada,Carretera,20416
03041,Recta,Carretera,20417
03041,Recta,Carretera,20418
03041,Curva señalizada,Carretera,20419
03041,Curva señalizada,Carretera,20420
03041,Recta,Carretera,20421
00000,Curva señalizada,Carretera,20422
03041,Recta,Travesía,20423
03041,Recta,Travesía,20424
03041,No aplica,Calle,20425
03041,Recta,Travesía,20426
03041,Recta,Carretera,20427
03041,No aplica,Calle,20428
03041,Recta,Carretera,20429
03041,Se desconoce,Carretera,20430
03041,Curva señalizada,Carretera,20431
03041,Recta,Carretera,20432
03041,Curva señalizada,Carretera,20433
03041,Curva sin señalizar,Carretera,20434
03041,Curva señalizada,Carretera,20435
03041,Curva señalizada,Carretera,20436
03041,Curva sin señalizar,Carretera,20437
03041,Recta,Carretera,20438
03041,Recta,Carretera,20439
03041,Curva señalizada,Carretera,20440
00000,Recta,Carretera,20441
03128,Recta,Carretera,20442
00000,Recta,Carretera,20443
00000,Recta,Carretera,20444
03044,Recta,Carretera,20445
03044,Recta,Carretera,20446
03099,Recta,Carretera,20447
03099,Recta,Carretera,20448
03044,No aplica,Calle,20449
03044,Curva señalizada,Carretera,20450
03044,Recta,Carretera,20451
03044,Recta,Carretera,20452
00000,Curva señalizada,Carretera,20453
00000,Curva señalizada,Carretera,20454
00000,Recta,Carretera,20455
00000,Curva señalizada,Carretera,20456
00000,Recta,Carretera,20457
00000,Curva señalizada,Carretera,20458
00000,Curva sin señalizar,Carretera,20459
03047,No aplica,Calle,20460
03047,No aplica,Calle,20461
03047,No aplica,Calle,20462
03047,No aplica,Calle,20463
03047,No aplica,Calle,20464
03041,Recta,Carretera,20465
03047,Curva señalizada,Carretera,20466
03047,Recta,Carretera,20467
03048,Recta,Carretera,20468
03048,Curva señalizada,Carretera,20469
03048,Curva sin señalizar,Carretera,20470
03048,Curva señalizada,Carretera,20471
03048,Recta,Carretera,20472
03048,Curva señalizada,Carretera,20473
03048,Recta,Carretera,20474
03048,Curva señalizada,Carretera,20475
03049,Curva sin señalizar,Carretera,20476
03049,Recta,Carretera,20477
03049,Curva señalizada,Carretera,20478
03048,Recta,Carretera,20479
03049,Se desconoce,Carretera,20480
03049,Recta,Carretera,20481
03049,Recta,Carretera,20482
03049,Recta,Carretera,20483
03049,Recta,Carretera,20484
03049,Recta,Carretera,20485
03049,Recta,Carretera,20486
03050,No aplica,Calle,20487
03050,No aplica,Calle,20488
03050,No aplica,Calle,20489
03050,No aplica,Calle,20490
03050,No aplica,Calle,20491
03050,Recta,Carretera,20492
03050,No aplica,Calle,20493
03050,No aplica,Calle,20494
03050,No aplica,Calle,20495
03050,No aplica,Calle,20496
03050,Curva señalizada,Carretera,20497
03050,Recta,Carretera,20498
03050,Curva señalizada,Carretera,20499
03050,No aplica,Calle,20500
03119,Recta,Carretera,20501
03050,Recta,Carretera,20502
03090,Recta,Carretera,20503
03050,Recta,Carretera,20504
03050,Recta,Carretera,20505
03050,Curva señalizada,Carretera,20506
03050,Recta,Carretera,20507
03050,Recta,Carretera,20508
03050,No aplica,Calle,20509
03050,No aplica,Calle,20510
03050,No aplica,Calle,20511
03050,No aplica,Calle,20512
03050,No aplica,Calle,20513
03050,No aplica,Calle,20514
03050,Recta,Carretera,20515
03050,No aplica,Calle,20516
03050,Curva sin señalizar,Carretera,20517
03050,No aplica,Calle,20518
03050,No aplica,Calle,20519
03050,No aplica,Calle,20520
03050,No aplica,Calle,20521
03050,Curva señalizada,Carretera,20522
03050,Curva sin señalizar,Carretera,20523
00000,Curva sin señalizar,Carretera,20524
00000,Curva señalizada,Carretera,20525
03053,Recta,Carretera,20526
03053,Recta,Carretera,20527
03053,Curva señalizada,Carretera,20528
03053,Recta,Carretera,20529
03053,Recta,Carretera,20530
03053,Recta,Carretera,20531
03053,Recta,Carretera,20532
03053,Recta,Carretera,20533
03053,Recta,Carretera,20534
03053,Recta,Carretera,20535
03053,Recta,Carretera,20536
03096,Recta,Carretera,20537
00000,Curva señalizada,Carretera,20538
00000,Curva señalizada,Carretera,20539
00000,Curva señalizada,Carretera,20540
03055,Recta,Carretera,20541
03055,Curva señalizada,Carretera,20542
03055,Recta,Carretera,20543
03055,No aplica,Calle,20544
03055,No aplica,Calle,20545
03055,No aplica,Calle,20546
03055,No aplica,Calle,20547
03055,Curva sin señalizar,Carretera,20548
03055,Recta,Carretera,20549
03055,Recta,Carretera,20550
03055,Curva señalizada,Carretera,20551
03055,Curva sin señalizar,Carretera,20552
03055,Curva señalizada,Carretera,20553
03055,Recta,Carretera,20554
03056,Curva señalizada,Carretera,20555
03056,Recta,Carretera,20556
03056,Curva sin señalizar,Carretera,20557
03056,Curva señalizada,Carretera,20558
03056,Curva señalizada,Carretera,20559
03056,Curva sin señalizar,Carretera,20560
03056,Recta,Carretera,20561
03056,No aplica,Calle,20562
03056,Recta,Carretera,20563
03056,Curva señalizada,Carretera,20564
03056,Recta,Carretera,20565
03056,Curva señalizada,Carretera,20566
03056,Recta,Carretera,20567
03056,Recta,Carretera,20568
03056,Recta,Carretera,20569
03056,Curva sin señalizar,Carretera,20570
03056,No aplica,Calle,20571
03056,No aplica,Calle,20572
03056,No aplica,Calle,20573
03056,Recta,Carretera,20574
00000,Recta,Carretera,20575
00000,Curva señalizada,Carretera,20576
03058,No aplica,Calle,20577
03058,No aplica,Calle,20578
03058,No aplica,Calle,20579
03058,No aplica,Calle,20580
03058,Curva señalizada,Carretera,20581
03058,No aplica,Calle,20582
03058,No aplica,Calle,20583
03058,No aplica,Calle,20584
03058,No aplica,Calle,20585
03058,Curva señalizada,Carretera,20586
03058,Recta,Carretera,20587
03058,Curva señalizada,Carretera,20588
03058,No aplica,Calle,20589
03058,Recta,Carretera,20590
03058,Recta,Carretera,20591
03058,Curva sin señalizar,Carretera,20592
03058,Recta,Carretera,20593
03058,Recta,Carretera,20594
03058,Recta,Carretera,20595
03058,Recta,Carretera,20596
03059,Recta,Carretera,20597
03059,Recta,Carretera,20598
03059,Recta,Carretera,20599
03059,Recta,Carretera,20600
03059,Recta,Carretera,20601
03059,Recta,Carretera,20602
03059,Recta,Carretera,20603
03065,Recta,Carretera,20604
03059,Recta,Carretera,20605
03059,No aplica,Calle,20606
03059,No aplica,Calle,20607
03059,No aplica,Calle,20608
03059,No aplica,Calle,20609
03059,Recta,Carretera,20610
03059,No aplica,Calle,20611
03059,Curva señalizada,Carretera,20612
03059,Curva sin señalizar,Carretera,20613
03059,Recta,Carretera,20614
03059,Recta,Carretera,20615
03059,Curva señalizada,Carretera,20616
03059,Recta,Carretera,20617
03059,Recta,Carretera,20618
03059,Recta,Carretera,20619
03059,Recta,Carretera,20620
03065,Recta,Carretera,20621
03059,Recta,Carretera,20622
03055,Recta,Carretera,20623
03059,Recta,Carretera,20624
03059,Curva señalizada,Carretera,20625
03059,Recta,Carretera,20626
03059,Recta,Carretera,20627
03059,Recta,Carretera,20628
03059,Recta,Carretera,20629
03059,Recta,Carretera,20630
03059,Recta,Carretera,20631
00000,Recta,Carretera,20632
03015,Recta,Carretera,20633
00000,No aplica,Calle,20634
00000,No aplica,Calle,20635
00000,Recta,Carretera,20636
00000,Curva señalizada,Carretera,20637
00000,Recta,Carretera,20638
00000,No aplica,Calle,20639
00000,Recta,Carretera,20640
00000,Recta,Carretera,20641
00000,Recta,Carretera,20642
00000,Recta,Carretera,20643
03063,No aplica,Calle,20644
03063,Curva sin señalizar,Carretera,20645
03063,No aplica,Calle,20646
03063,No aplica,Calle,20647
03063,No aplica,Calle,20648
03063,Curva señalizada,Carretera,20649
03063,No aplica,Calle,20650
03063,No aplica,Calle,20651
03063,No aplica,Calle,20652
03063,Curva señalizada,Carretera,20653
03063,Curva señalizada,Carretera,20654
03063,No aplica,Calle,20655
03063,Recta,Carretera,20656
03063,No aplica,Calle,20657
03063,Recta,Carretera,20658
03063,No aplica,Calle,20659
03063,No aplica,Calle,20660
03063,Recta,Carretera,20661
03063,Recta,Carretera,20662
03063,No aplica,Calle,20663
03063,Recta,Carretera,20664
03063,Recta,Carretera,20665
03063,Recta,Carretera,20666
03095,Recta,Carretera,20667
03063,Curva señalizada,Carretera,20668
03063,Recta,Carretera,20669
03063,Recta,Carretera,20670
03063,Recta,Carretera,20671
03063,No aplica,Calle,20672
03063,Recta,Carretera,20673
03063,Recta,Carretera,20674
03063,Curva sin señalizar,Carretera,20675
03095,Recta,Carretera,20676
03063,No aplica,Calle,20677
03063,Curva señalizada,Carretera,20678
03063,No aplica,Calle,20679
03063,Recta,Carretera,20680
03063,Recta,Carretera,20681
03063,Curva señalizada,Carretera,20682
03063,No aplica,Calle,20683
03063,No aplica,Calle,20684
03063,No aplica,Calle,20685
03063,No aplica,Calle,20686
03063,No aplica,Calle,20687
03063,No aplica,Calle,20688
03063,No aplica,Calle,20689
03063,Recta,Carretera,20690
03063,No aplica,Calle,20691
03063,Recta,Carretera,20692
03063,Recta,Carretera,20693
03063,Recta,Carretera,20694
03063,No aplica,Calle,20695
03063,No aplica,Calle,20696
03063,No aplica,Calle,20697
03063,Curva sin señalizar,Carretera,20698
03063,Recta,Carretera,20699
03063,No aplica,Calle,20700
03063,Curva señalizada,Carretera,20701
03063,No aplica,Calle,20702
03063,Recta,Carretera,20703
03063,Recta,Carretera,20704
03063,Curva señalizada,Carretera,20705
03063,No aplica,Calle,20706
03063,No aplica,Calle,20707
03063,No aplica,Calle,20708
03063,Curva señalizada,Carretera,20709
03063,No aplica,Calle,20710
03063,No aplica,Calle,20711
03064,Curva señalizada,Carretera,20712
03064,Recta,Carretera,20713
03064,Curva señalizada,Carretera,20714
03064,No aplica,Calle,20715
03064,Curva señalizada,Carretera,20716
03064,Recta,Carretera,20717
03065,Curva sin señalizar,Carretera,20718
03065,No aplica,Calle,20719
03065,No aplica,Calle,20720
03065,No aplica,Calle,20721
03065,Curva señalizada,Carretera,20722
03065,Curva señalizada,Carretera,20723
03065,Recta,Carretera,20724
03065,Curva señalizada,Carretera,20725
03065,No aplica,Calle,20726
03065,No aplica,Calle,20727
03065,No aplica,Calle,20728
03065,No aplica,Calle,20729
03065,No aplica,Calle,20730
03065,No aplica,Calle,20731
03065,No aplica,Calle,20732
03065,No aplica,Calle,20733
03065,No aplica,Calle,20734
03065,No aplica,Calle,20735
03065,No aplica,Calle,20736
03065,No aplica,Calle,20737
03065,Recta,Carretera,20738
03065,Curva señalizada,Carretera,20739
03065,No aplica,Calle,20740
03065,No aplica,Calle,20741
03065,No aplica,Calle,20742
03065,No aplica,Calle,20743
03065,No aplica,Calle,20744
03065,No aplica,Calle,20745
03065,No aplica,Calle,20746
03065,No aplica,Calle,20747
03065,No aplica,Calle,20748
03065,No aplica,Calle,20749
03065,No aplica,Calle,20750
03065,No aplica,Calle,20751
03065,No aplica,Calle,20752
03065,No aplica,Calle,20753
03065,Recta,Carretera,20754
03065,No aplica,Calle,20755
03065,No aplica,Calle,20756
03065,No aplica,Calle,20757
03065,Recta,Carretera,20758
03065,No aplica,Calle,20759
03065,No aplica,Calle,20760
03065,No aplica,Calle,20761
03065,No aplica,Calle,20762
03065,No aplica,Calle,20763
03065,No aplica,Calle,20764
03065,Curva sin señalizar,Carretera,20765
03065,No aplica,Calle,20766
03065,No aplica,Calle,20767
03065,No aplica,Calle,20768
03065,No aplica,Calle,20769
03065,No aplica,Calle,20770
03065,No aplica,Calle,20771
03065,No aplica,Calle,20772
03065,No aplica,Calle,20773
03065,Recta,Carretera,20774
03065,No aplica,Calle,20775
03065,No aplica,Calle,20776
03065,No aplica,Calle,20777
03065,Recta,Carretera,20778
03065,Recta,Carretera,20779
03065,No aplica,Calle,20780
03065,Recta,Carretera,20781
03065,No aplica,Calle,20782
03065,No aplica,Calle,20783
03065,No aplica,Calle,20784
03065,No aplica,Calle,20785
03065,No aplica,Calle,20786
03065,No aplica,Calle,20787
03065,No aplica,Calle,20788
03065,Curva señalizada,Carretera,20789
03065,No aplica,Calle,20790
03065,No aplica,Calle,20791
03065,No aplica,Calle,20792
03065,No aplica,Calle,20793
03065,No aplica,Calle,20794
03065,No aplica,Calle,20795
03065,No aplica,Calle,20796
03065,No aplica,Calle,20797
03065,No aplica,Calle,20798
03065,No aplica,Calle,20799
03065,No aplica,Calle,20800
03065,No aplica,Calle,20801
03065,Recta,Carretera,20802
03065,No aplica,Calle,20803
03065,No aplica,Calle,20804
03065,No aplica,Calle,20805
03065,No aplica,Calle,20806
03065,No aplica,Calle,20807
03065,No aplica,Calle,20808
03065,No aplica,Calle,20809
03065,Recta,Carretera,20810
03065,No aplica,Calle,20811
03065,No aplica,Calle,20812
03065,No aplica,Calle,20813
03065,No aplica,Calle,20814
03065,No aplica,Calle,20815
03065,No aplica,Calle,20816
03065,Recta,Carretera,20817
03065,No aplica,Calle,20818
03065,No aplica,Calle,20819
03065,No aplica,Calle,20820
03065,No aplica,Calle,20821
03065,No aplica,Calle,20822
03065,No aplica,Calle,20823
03065,No aplica,Calle,20824
03065,No aplica,Calle,20825
03065,No aplica,Calle,20826
03065,No aplica,Calle,20827
03065,No aplica,Calle,20828
03065,No aplica,Calle,20829
03065,No aplica,Calle,20830
03065,No aplica,Calle,20831
03065,No aplica,Calle,20832
03065,No aplica,Calle,20833
03065,No aplica,Calle,20834
03065,No aplica,Calle,20835
03065,No aplica,Calle,20836
03065,No aplica,Calle,20837
03065,No aplica,Calle,20838
03065,No aplica,Calle,20839
03065,No aplica,Calle,20840
03065,No aplica,Calle,20841
03065,Recta,Carretera,20842
03065,No aplica,Calle,20843
03065,No aplica,Calle,20844
03065,No aplica,Calle,20845
03065,No aplica,Calle,20846
03065,Curva señalizada,Carretera,20847
03065,No aplica,Calle,20848
03065,No aplica,Calle,20849
03065,Curva señalizada,Carretera,20850
03065,No aplica,Calle,20851
03065,Recta,Carretera,20852
03065,Recta,Carretera,20853
03065,Recta,Carretera,20854
03065,Curva sin señalizar,Carretera,20855
03065,No aplica,Calle,20856
03065,No aplica,Calle,20857
03065,No aplica,Calle,20858
03065,No aplica,Calle,20859
03065,No aplica,Calle,20860
03065,No aplica,Calle,20861
03065,No aplica,Calle,20862
03065,No aplica,Calle,20863
03065,No aplica,Calle,20864
03065,No aplica,Calle,20865
03065,No aplica,Calle,20866
03065,No aplica,Calle,20867
03065,No aplica,Calle,20868
03065,No aplica,Calle,20869
03065,No aplica,Calle,20870
03065,No aplica,Calle,20871
03065,No aplica,Calle,20872
03065,No aplica,Calle,20873
03065,No aplica,Calle,20874
03065,No aplica,Calle,20875
03065,No aplica,Calle,20876
03065,No aplica,Calle,20877
03065,No aplica,Calle,20878
03065,No aplica,Calle,20879
03065,No aplica,Calle,20880
03065,No aplica,Calle,20881
03065,No aplica,Calle,20882
03065,No aplica,Calle,20883
03065,No aplica,Calle,20884
03065,No aplica,Calle,20885
03065,No aplica,Calle,20886
03065,No aplica,Calle,20887
03065,Recta,Carretera,20888
03065,No aplica,Calle,20889
03065,No aplica,Calle,20890
03065,No aplica,Calle,20891
03065,No aplica,Calle,20892
03065,No aplica,Calle,20893
03065,No aplica,Calle,20894
03065,No aplica,Calle,20895
03065,No aplica,Calle,20896
03065,No aplica,Calle,20897
03065,No aplica,Calle,20898
03065,No aplica,Calle,20899
03065,No aplica,Calle,20900
03065,No aplica,Calle,20901
03065,No aplica,Calle,20902
03065,No aplica,Calle,20903
03065,No aplica,Calle,20904
03065,No aplica,Calle,20905
03065,No aplica,Calle,20906
03065,No aplica,Calle,20907
03065,No aplica,Calle,20908
03065,No aplica,Calle,20909
03065,No aplica,Calle,20910
03065,No aplica,Calle,20911
03065,No aplica,Calle,20912
03065,No aplica,Calle,20913
03065,No aplica,Calle,20914
03065,No aplica,Calle,20915
03065,No aplica,Calle,20916
03065,No aplica,Calle,20917
03065,No aplica,Calle,20918
03065,No aplica,Calle,20919
03065,No aplica,Calle,20920
03065,No aplica,Calle,20921
03065,No aplica,Calle,20922
03065,No aplica,Calle,20923
03065,Curva señalizada,Carretera,20924
03065,No aplica,Calle,20925
03065,Recta,Carretera,20926
03065,No aplica,Calle,20927
03065,No aplica,Calle,20928
03065,No aplica,Calle,20929
03065,No aplica,Calle,20930
03065,No aplica,Calle,20931
03065,No aplica,Calle,20932
03065,No aplica,Calle,20933
03065,No aplica,Calle,20934
03065,No aplica,Calle,20935
03065,Recta,Carretera,20936
03065,No aplica,Calle,20937
03065,No aplica,Calle,20938
03065,No aplica,Calle,20939
03065,No aplica,Calle,20940
03065,No aplica,Calle,20941
03065,Curva sin señalizar,Carretera,20942
03065,No aplica,Calle,20943
03065,Recta,Carretera,20944
03065,Recta,Carretera,20945
03065,Curva señalizada,Carretera,20946
03065,No aplica,Calle,20947
03065,No aplica,Calle,20948
03065,No aplica,Calle,20949
03065,No aplica,Calle,20950
03065,No aplica,Calle,20951
03065,No aplica,Calle,20952
03065,Recta,Carretera,20953
03065,No aplica,Calle,20954
03065,No aplica,Calle,20955
03065,No aplica,Calle,20956
03065,No aplica,Calle,20957
03065,Recta,Carretera,20958
03065,No aplica,Calle,20959
03065,Recta,Carretera,20960
03065,No aplica,Calle,20961
03065,No aplica,Calle,20962
03065,No aplica,Calle,20963
03065,No aplica,Calle,20964
03065,Recta,Carretera,20965
03065,Curva señalizada,Carretera,20966
03065,No aplica,Calle,20967
03065,No aplica,Calle,20968
03065,No aplica,Calle,20969
03065,No aplica,Calle,20970
03065,No aplica,Calle,20971
03065,No aplica,Calle,20972
03065,No aplica,Calle,20973
03065,No aplica,Calle,20974
03065,No aplica,Calle,20975
03065,No aplica,Calle,20976
03065,No aplica,Calle,20977
03065,No aplica,Calle,20978
03065,No aplica,Calle,20979
03065,No aplica,Calle,20980
03065,Curva señalizada,Carretera,20981
03065,No aplica,Calle,20982
03065,No aplica,Calle,20983
03065,Recta,Carretera,20984
03065,No aplica,Calle,20985
03065,Recta,Carretera,20986
03065,No aplica,Calle,20987
03065,No aplica,Calle,20988
03065,Recta,Carretera,20989
03065,No aplica,Calle,20990
03065,No aplica,Calle,20991
03065,No aplica,Calle,20992
03065,No aplica,Calle,20993
03065,No aplica,Calle,20994
03065,No aplica,Calle,20995
03065,No aplica,Calle,20996
03065,Recta,Carretera,20997
03065,No aplica,Calle,20998
03065,No aplica,Calle,20999
03065,No aplica,Calle,21000
03065,No aplica,Calle,21001
03065,No aplica,Calle,21002
03065,No aplica,Calle,21003
03065,No aplica,Calle,21004
03065,No aplica,Calle,21005
03065,No aplica,Calle,21006
03065,No aplica,Calle,21007
03065,No aplica,Calle,21008
03065,No aplica,Calle,21009
03065,No aplica,Calle,21010
03065,No aplica,Calle,21011
03065,No aplica,Calle,21012
03065,No aplica,Calle,21013
03065,No aplica,Calle,21014
03065,No aplica,Calle,21015
03065,No aplica,Calle,21016
03065,Recta,Carretera,21017
03065,No aplica,Calle,21018
03065,No aplica,Calle,21019
03065,Curva señalizada,Carretera,21020
03065,Recta,Carretera,21021
03065,No aplica,Calle,21022
03065,No aplica,Calle,21023
03065,No aplica,Calle,21024
03065,No aplica,Calle,21025
03065,No aplica,Calle,21026
03065,No aplica,Calle,21027
03065,No aplica,Calle,21028
03065,No aplica,Calle,21029
03065,Recta,Carretera,21030
03065,No aplica,Calle,21031
03065,No aplica,Calle,21032
03065,No aplica,Calle,21033
03065,No aplica,Calle,21034
03065,No aplica,Calle,21035
03065,Recta,Carretera,21036
03065,No aplica,Calle,21037
03065,No aplica,Calle,21038
03065,No aplica,Calle,21039
03065,No aplica,Calle,21040
03065,No aplica,Calle,21041
03065,No aplica,Calle,21042
03065,No aplica,Calle,21043
03065,No aplica,Calle,21044
03065,Recta,Carretera,21045
03065,No aplica,Calle,21046
03065,No aplica,Calle,21047
03065,No aplica,Calle,21048
03065,No aplica,Calle,21049
03065,No aplica,Calle,21050
03065,No aplica,Calle,21051
03065,No aplica,Calle,21052
03065,No aplica,Calle,21053
03065,No aplica,Calle,21054
03065,No aplica,Calle,21055
03065,Recta,Carretera,21056
03065,No aplica,Calle,21057
03065,No aplica,Calle,21058
03065,No aplica,Calle,21059
03065,No aplica,Calle,21060
03065,No aplica,Calle,21061
03065,No aplica,Calle,21062
03065,No aplica,Calle,21063
03065,No aplica,Calle,21064
03065,No aplica,Calle,21065
03065,No aplica,Calle,21066
03065,No aplica,Calle,21067
03065,No aplica,Calle,21068
03065,No aplica,Calle,21069
03065,No aplica,Calle,21070
03065,No aplica,Calle,21071
03065,No aplica,Calle,21072
03065,No aplica,Calle,21073
03065,No aplica,Calle,21074
03065,No aplica,Calle,21075
03065,No aplica,Calle,21076
03065,No aplica,Calle,21077
03065,No aplica,Calle,21078
03065,No aplica,Calle,21079
03065,No aplica,Calle,21080
03065,No aplica,Calle,21081
03065,No aplica,Calle,21082
03065,No aplica,Calle,21083
03065,No aplica,Calle,21084
03065,No aplica,Calle,21085
03065,No aplica,Calle,21086
03065,Recta,Carretera,21087
03065,No aplica,Calle,21088
03065,No aplica,Calle,21089
03065,Recta,Carretera,21090
03065,No aplica,Calle,21091
03065,No aplica,Calle,21092
03065,No aplica,Calle,21093
03065,No aplica,Calle,21094
03065,No aplica,Calle,21095
03065,No aplica,Calle,21096
03065,No aplica,Calle,21097
03065,No aplica,Calle,21098
03065,No aplica,Calle,21099
03065,No aplica,Calle,21100
03065,No aplica,Calle,21101
03065,Curva señalizada,Carretera,21102
03065,Curva señalizada,Carretera,21103
03065,No aplica,Calle,21104
03065,No aplica,Calle,21105
03065,No aplica,Calle,21106
03065,No aplica,Calle,21107
03065,No aplica,Calle,21108
03065,No aplica,Calle,21109
03065,No aplica,Calle,21110
03065,No aplica,Calle,21111
03065,No aplica,Calle,21112
03065,No aplica,Calle,21113
03065,No aplica,Calle,21114
03065,No aplica,Calle,21115
03065,No aplica,Calle,21116
03065,No aplica,Calle,21117
03065,No aplica,Calle,21118
03065,No aplica,Calle,21119
03065,No aplica,Calle,21120
03065,No aplica,Calle,21121
03065,Recta,Carretera,21122
03065,No aplica,Calle,21123
03065,No aplica,Calle,21124
03065,Recta,Carretera,21125
03065,No aplica,Calle,21126
03065,No aplica,Calle,21127
03065,No aplica,Calle,21128
03065,Recta,Carretera,21129
03065,No aplica,Calle,21130
03065,Recta,Carretera,21131
03065,No aplica,Calle,21132
03065,Recta,Carretera,21133
03065,No aplica,Calle,21134
03065,No aplica,Calle,21135
03065,No aplica,Calle,21136
03065,No aplica,Calle,21137
03065,Recta,Carretera,21138
03065,No aplica,Calle,21139
03065,No aplica,Calle,21140
03065,No aplica,Calle,21141
03065,No aplica,Calle,21142
03065,No aplica,Calle,21143
03065,No aplica,Calle,21144
03065,No aplica,Calle,21145
03065,No aplica,Calle,21146
03065,No aplica,Calle,21147
03065,No aplica,Calle,21148
03065,No aplica,Calle,21149
03065,No aplica,Calle,21150
03065,Curva señalizada,Carretera,21151
03065,No aplica,Calle,21152
03065,No aplica,Calle,21153
03065,No aplica,Calle,21154
03065,Recta,Carretera,21155
03065,No aplica,Calle,21156
03065,Curva señalizada,Carretera,21157
03065,No aplica,Calle,21158
03065,No aplica,Calle,21159
03065,No aplica,Calle,21160
03065,Recta,Carretera,21161
03065,No aplica,Calle,21162
03065,Recta,Carretera,21163
03065,No aplica,Calle,21164
03065,No aplica,Calle,21165
03065,No aplica,Calle,21166
03065,No aplica,Calle,21167
03065,No aplica,Calle,21168
03065,No aplica,Calle,21169
03065,No aplica,Calle,21170
03065,Recta,Carretera,21171
03065,No aplica,Calle,21172
03065,No aplica,Calle,21173
03065,No aplica,Calle,21174
03065,No aplica,Calle,21175
03065,No aplica,Calle,21176
03065,No aplica,Calle,21177
03065,No aplica,Calle,21178
03065,No aplica,Calle,21179
03065,No aplica,Calle,21180
03065,No aplica,Calle,21181
03065,No aplica,Calle,21182
03065,No aplica,Calle,21183
03065,No aplica,Calle,21184
03065,No aplica,Calle,21185
03065,No aplica,Calle,21186
03065,No aplica,Calle,21187
03065,No aplica,Calle,21188
03065,No aplica,Calle,21189
03065,No aplica,Calle,21190
03065,No aplica,Calle,21191
03065,No aplica,Calle,21192
03065,No aplica,Calle,21193
03065,Recta,Carretera,21194
03065,No aplica,Calle,21195
03065,No aplica,Calle,21196
03065,No aplica,Calle,21197
03065,No aplica,Calle,21198
03065,Recta,Carretera,21199
03065,Recta,Carretera,21200
03065,No aplica,Calle,21201
03065,No aplica,Calle,21202
03065,No aplica,Calle,21203
03065,No aplica,Calle,21204
03065,No aplica,Calle,21205
03065,No aplica,Calle,21206
03065,Recta,Carretera,21207
03065,Recta,Carretera,21208
03065,No aplica,Calle,21209
03065,No aplica,Calle,21210
03065,No aplica,Calle,21211
03065,No aplica,Calle,21212
03065,No aplica,Calle,21213
03065,No aplica,Calle,21214
03065,No aplica,Calle,21215
03065,No aplica,Calle,21216
03065,No aplica,Calle,21217
03065,No aplica,Calle,21218
03014,Recta,Carretera,21219
03065,No aplica,Calle,21220
03065,No aplica,Calle,21221
03065,No aplica,Calle,21222
03065,No aplica,Calle,21223
03065,No aplica,Calle,21224
03065,No aplica,Calle,21225
03065,No aplica,Calle,21226
03065,No aplica,Calle,21227
03065,No aplica,Calle,21228
03065,No aplica,Calle,21229
03065,No aplica,Calle,21230
03065,No aplica,Calle,21231
03065,No aplica,Calle,21232
03065,Recta,Carretera,21233
03065,Curva señalizada,Carretera,21234
03065,No aplica,Calle,21235
03065,No aplica,Calle,21236
03065,No aplica,Calle,21237
03065,No aplica,Calle,21238
03065,No aplica,Calle,21239
03065,No aplica,Calle,21240
03065,No aplica,Calle,21241
03065,No aplica,Calle,21242
03065,No aplica,Calle,21243
03065,No aplica,Calle,21244
03065,No aplica,Calle,21245
03065,No aplica,Calle,21246
03065,No aplica,Calle,21247
03065,Recta,Carretera,21248
03065,No aplica,Calle,21249
03065,No aplica,Calle,21250
03065,Curva señalizada,Carretera,21251
03065,Recta,Carretera,21252
03065,Recta,Carretera,21253
03065,Recta,Carretera,21254
03065,No aplica,Calle,21255
03065,No aplica,Calle,21256
03065,No aplica,Calle,21257
03065,No aplica,Calle,21258
03059,Curva señalizada,Carretera,21259
03065,No aplica,Calle,21260
03065,No aplica,Calle,21261
03065,No aplica,Calle,21262
03065,Curva señalizada,Carretera,21263
03065,No aplica,Calle,21264
03065,Recta,Carretera,21265
03065,No aplica,Calle,21266
03065,No aplica,Calle,21267
03065,No aplica,Calle,21268
03065,No aplica,Calle,21269
03065,No aplica,Calle,21270
03065,No aplica,Calle,21271
03065,No aplica,Calle,21272
03065,Recta,Carretera,21273
03065,No aplica,Calle,21274
03065,No aplica,Calle,21275
03065,No aplica,Calle,21276
03065,No aplica,Calle,21277
03065,No aplica,Calle,21278
03065,No aplica,Calle,21279
03065,Curva señalizada,Carretera,21280
03065,No aplica,Calle,21281
03065,No aplica,Calle,21282
03065,No aplica,Calle,21283
03065,No aplica,Calle,21284
03065,No aplica,Calle,21285
03065,No aplica,Calle,21286
03065,No aplica,Calle,21287
03065,No aplica,Calle,21288
03065,No aplica,Calle,21289
03065,No aplica,Calle,21290
03065,No aplica,Calle,21291
03065,No aplica,Calle,21292
03065,No aplica,Calle,21293
03065,No aplica,Calle,21294
03065,Curva señalizada,Carretera,21295
03065,No aplica,Calle,21296
03065,Curva señalizada,Carretera,21297
03065,No aplica,Calle,21298
03065,Curva señalizada,Carretera,21299
03065,No aplica,Calle,21300
03065,Recta,Carretera,21301
03065,Recta,Carretera,21302
03065,Curva señalizada,Carretera,21303
03065,No aplica,Calle,21304
03065,No aplica,Calle,21305
03065,No aplica,Calle,21306
03065,No aplica,Calle,21307
03065,No aplica,Calle,21308
03065,No aplica,Calle,21309
03065,No aplica,Calle,21310
03065,Recta,Carretera,21311
03065,No aplica,Calle,21312
03065,No aplica,Calle,21313
03065,No aplica,Calle,21314
03065,No aplica,Calle,21315
03065,Curva sin señalizar,Carretera,21316
03065,No aplica,Calle,21317
03065,Curva señalizada,Carretera,21318
03065,No aplica,Calle,21319
03065,No aplica,Calle,21320
03065,Curva señalizada,Carretera,21321
03065,No aplica,Calle,21322
03065,No aplica,Calle,21323
03065,No aplica,Calle,21324
03065,No aplica,Calle,21325
03065,Recta,Carretera,21326
03065,No aplica,Calle,21327
03065,No aplica,Calle,21328
03065,No aplica,Calle,21329
03065,No aplica,Calle,21330
03065,No aplica,Calle,21331
03059,Recta,Carretera,21332
03065,No aplica,Calle,21333
03065,No aplica,Calle,21334
03065,Curva señalizada,Carretera,21335
03065,No aplica,Calle,21336
03065,No aplica,Calle,21337
03065,Recta,Carretera,21338
03121,Recta,Carretera,21339
03065,No aplica,Calle,21340
03065,Recta,Carretera,21341
03065,No aplica,Calle,21342
03065,No aplica,Calle,21343
03065,Recta,Carretera,21344
03065,No aplica,Calle,21345
03065,No aplica,Calle,21346
03065,Recta,Carretera,21347
03065,No aplica,Calle,21348
03065,No aplica,Calle,21349
03065,No aplica,Calle,21350
03065,No aplica,Calle,21351
03065,No aplica,Calle,21352
03065,No aplica,Calle,21353
03065,No aplica,Calle,21354
03065,No aplica,Calle,21355
03065,No aplica,Calle,21356
03065,No aplica,Calle,21357
03065,No aplica,Calle,21358
03065,Curva señalizada,Carretera,21359
03065,No aplica,Calle,21360
03065,No aplica,Calle,21361
03065,No aplica,Calle,21362
03065,Curva señalizada,Carretera,21363
03065,Recta,Carretera,21364
03065,No aplica,Calle,21365
03065,No aplica,Calle,21366
03065,No aplica,Calle,21367
03065,No aplica,Calle,21368
03065,No aplica,Calle,21369
03065,No aplica,Calle,21370
03065,Curva señalizada,Carretera,21371
03065,No aplica,Calle,21372
03065,No aplica,Calle,21373
03065,No aplica,Calle,21374
03065,Curva señalizada,Carretera,21375
03065,Recta,Carretera,21376
03065,No aplica,Calle,21377
03065,No aplica,Calle,21378
03065,No aplica,Calle,21379
03065,No aplica,Calle,21380
03065,No aplica,Calle,21381
03065,No aplica,Calle,21382
03065,No aplica,Calle,21383
03065,No aplica,Calle,21384
03065,No aplica,Calle,21385
03065,No aplica,Calle,21386
03065,No aplica,Calle,21387
03065,No aplica,Calle,21388
03065,No aplica,Calle,21389
03065,Recta,Carretera,21390
03065,No aplica,Calle,21391
03065,Curva señalizada,Carretera,21392
03065,No aplica,Calle,21393
03065,Curva señalizada,Carretera,21394
03065,No aplica,Calle,21395
03065,No aplica,Calle,21396
03065,Recta,Carretera,21397
03065,No aplica,Calle,21398
03065,Curva señalizada,Carretera,21399
03065,No aplica,Calle,21400
03065,No aplica,Calle,21401
03065,Recta,Carretera,21402
03065,Recta,Carretera,21403
03065,No aplica,Calle,21404
03065,No aplica,Calle,21405
03014,Recta,Carretera,21406
03065,No aplica,Calle,21407
03065,No aplica,Calle,21408
03065,No aplica,Calle,21409
03065,No aplica,Calle,21410
03065,No aplica,Calle,21411
03065,Recta,Carretera,21412
03065,No aplica,Calle,21413
03065,No aplica,Calle,21414
03065,No aplica,Calle,21415
03065,No aplica,Calle,21416
03065,Recta,Carretera,21417
03065,No aplica,Calle,21418
03065,No aplica,Calle,21419
03065,No aplica,Calle,21420
03065,No aplica,Calle,21421
03065,No aplica,Calle,21422
03065,No aplica,Calle,21423
03065,Recta,Carretera,21424
03065,No aplica,Calle,21425
03065,No aplica,Calle,21426
03065,No aplica,Calle,21427
03065,No aplica,Calle,21428
03065,No aplica,Calle,21429
03065,No aplica,Calle,21430
03065,No aplica,Calle,21431
03065,No aplica,Calle,21432
03065,No aplica,Calle,21433
03065,Recta,Carretera,21434
03065,No aplica,Calle,21435
03065,No aplica,Calle,21436
03065,Curva señalizada,Carretera,21437
03065,No aplica,Calle,21438
03065,No aplica,Calle,21439
03065,No aplica,Calle,21440
03065,No aplica,Calle,21441
03065,No aplica,Calle,21442
03065,No aplica,Calle,21443
03065,No aplica,Calle,21444
03065,No aplica,Calle,21445
03065,No aplica,Calle,21446
03065,No aplica,Calle,21447
03065,No aplica,Calle,21448
03065,No aplica,Calle,21449
03065,No aplica,Calle,21450
03065,No aplica,Calle,21451
03065,No aplica,Calle,21452
03065,No aplica,Calle,21453
03065,No aplica,Calle,21454
03065,Curva señalizada,Carretera,21455
03065,No aplica,Calle,21456
03065,No aplica,Calle,21457
03065,No aplica,Calle,21458
03065,No aplica,Calle,21459
03065,No aplica,Calle,21460
03065,No aplica,Calle,21461
03065,No aplica,Calle,21462
03065,No aplica,Calle,21463
03065,Curva señalizada,Carretera,21464
03065,No aplica,Calle,21465
03065,No aplica,Calle,21466
03065,Curva señalizada,Carretera,21467
03065,No aplica,Calle,21468
03065,No aplica,Calle,21469
03065,No aplica,Calle,21470
03065,No aplica,Calle,21471
03065,No aplica,Calle,21472
03065,No aplica,Calle,21473
03065,No aplica,Calle,21474
03065,Curva señalizada,Carretera,21475
03065,No aplica,Calle,21476
03065,No aplica,Calle,21477
03065,No aplica,Calle,21478
03065,No aplica,Calle,21479
03065,No aplica,Calle,21480
03065,No aplica,Calle,21481
03065,No aplica,Calle,21482
03065,No aplica,Calle,21483
03065,No aplica,Calle,21484
03065,No aplica,Calle,21485
03065,Curva señalizada,Carretera,21486
03065,No aplica,Calle,21487
03065,No aplica,Calle,21488
03065,No aplica,Calle,21489
03065,Curva señalizada,Carretera,21490
03065,No aplica,Calle,21491
03065,No aplica,Calle,21492
03065,Recta,Carretera,21493
03065,No aplica,Calle,21494
03065,Curva señalizada,Carretera,21495
03065,No aplica,Calle,21496
03065,No aplica,Calle,21497
03065,Recta,Carretera,21498
03065,No aplica,Calle,21499
03065,No aplica,Calle,21500
03065,Recta,Carretera,21501
03065,No aplica,Calle,21502
03065,No aplica,Calle,21503
03065,No aplica,Calle,21504
03065,No aplica,Calle,21505
03065,No aplica,Calle,21506
03065,No aplica,Calle,21507
03065,No aplica,Calle,21508
03065,No aplica,Calle,21509
03065,No aplica,Calle,21510
03065,No aplica,Calle,21511
03065,No aplica,Calle,21512
03065,No aplica,Calle,21513
03065,No aplica,Calle,21514
03065,Curva señalizada,Carretera,21515
03065,No aplica,Calle,21516
03065,Recta,Carretera,21517
03065,Recta,Carretera,21518
03065,No aplica,Calle,21519
03065,No aplica,Calle,21520
03065,Recta,Carretera,21521
03065,No aplica,Calle,21522
03065,No aplica,Calle,21523
03065,No aplica,Calle,21524
03014,Recta,Carretera,21525
03065,No aplica,Calle,21526
03065,Recta,Carretera,21527
03065,No aplica,Calle,21528
03065,No aplica,Calle,21529
03065,No aplica,Calle,21530
03065,No aplica,Calle,21531
03065,No aplica,Calle,21532
03065,No aplica,Calle,21533
03065,No aplica,Calle,21534
03065,No aplica,Calle,21535
03065,No aplica,Calle,21536
03065,No aplica,Calle,21537
03065,No aplica,Calle,21538
03065,No aplica,Calle,21539
03065,No aplica,Calle,21540
03065,No aplica,Calle,21541
03065,No aplica,Calle,21542
03065,No aplica,Calle,21543
03065,No aplica,Calle,21544
03065,No aplica,Calle,21545
03065,No aplica,Calle,21546
03065,Recta,Carretera,21547
03065,No aplica,Calle,21548
03065,No aplica,Calle,21549
03065,No aplica,Calle,21550
03065,No aplica,Calle,21551
03065,Recta,Carretera,21552
03065,No aplica,Calle,21553
03065,No aplica,Calle,21554
03065,Curva señalizada,Carretera,21555
03065,No aplica,Calle,21556
03065,No aplica,Calle,21557
03065,No aplica,Calle,21558
03065,No aplica,Calle,21559
03065,Curva señalizada,Carretera,21560
03065,No aplica,Calle,21561
03065,No aplica,Calle,21562
03065,No aplica,Calle,21563
03065,No aplica,Calle,21564
03065,No aplica,Calle,21565
03065,No aplica,Calle,21566
03065,No aplica,Calle,21567
03065,No aplica,Calle,21568
03065,No aplica,Calle,21569
03065,No aplica,Calle,21570
03065,No aplica,Calle,21571
03065,Recta,Carretera,21572
03065,No aplica,Calle,21573
03065,No aplica,Calle,21574
03065,No aplica,Calle,21575
03065,No aplica,Calle,21576
03065,No aplica,Calle,21577
03065,No aplica,Calle,21578
03065,No aplica,Calle,21579
03065,No aplica,Calle,21580
03065,No aplica,Calle,21581
03065,No aplica,Calle,21582
03065,No aplica,Calle,21583
03065,Recta,Carretera,21584
03065,No aplica,Calle,21585
03065,No aplica,Calle,21586
03065,No aplica,Calle,21587
03065,No aplica,Calle,21588
03065,No aplica,Calle,21589
03065,No aplica,Calle,21590
03065,Recta,Carretera,21591
03065,No aplica,Calle,21592
03065,No aplica,Calle,21593
03065,No aplica,Calle,21594
03065,No aplica,Calle,21595
03065,No aplica,Calle,21596
03065,No aplica,Calle,21597
03065,No aplica,Calle,21598
03065,No aplica,Calle,21599
03065,Recta,Carretera,21600
03065,No aplica,Calle,21601
03065,No aplica,Calle,21602
03065,No aplica,Calle,21603
03065,Recta,Carretera,21604
03065,No aplica,Calle,21605
03065,No aplica,Calle,21606
03065,No aplica,Calle,21607
03065,Recta,Carretera,21608
03065,No aplica,Calle,21609
03065,No aplica,Calle,21610
03065,No aplica,Calle,21611
03065,No aplica,Calle,21612
03065,No aplica,Calle,21613
03065,No aplica,Calle,21614
03065,Recta,Carretera,21615
03065,No aplica,Calle,21616
03065,No aplica,Calle,21617
03065,No aplica,Calle,21618
03065,No aplica,Calle,21619
03065,No aplica,Calle,21620
03065,Curva sin señalizar,Carretera,21621
03066,Curva señalizada,Carretera,21622
03066,No aplica,Calle,21623
03066,No aplica,Calle,21624
03066,No aplica,Calle,21625
03066,No aplica,Calle,21626
03066,No aplica,Calle,21627
03066,No aplica,Calle,21628
03066,No aplica,Calle,21629
03066,No aplica,Calle,21630
03066,No aplica,Calle,21631
03066,No aplica,Calle,21632
03066,No aplica,Calle,21633
03066,No aplica,Calle,21634
03066,No aplica,Calle,21635
03066,No aplica,Calle,21636
03066,No aplica,Calle,21637
03066,No aplica,Calle,21638
03066,No aplica,Calle,21639
03066,No aplica,Calle,21640
03066,No aplica,Calle,21641
03066,No aplica,Calle,21642
03066,No aplica,Calle,21643
03066,No aplica,Calle,21644
03066,No aplica,Calle,21645
03066,No aplica,Calle,21646
03066,No aplica,Calle,21647
03066,No aplica,Calle,21648
03066,No aplica,Calle,21649
03066,No aplica,Calle,21650
03066,No aplica,Calle,21651
03066,No aplica,Calle,21652
03066,Curva señalizada,Carretera,21653
03066,No aplica,Calle,21654
03066,No aplica,Calle,21655
03066,No aplica,Calle,21656
03066,No aplica,Calle,21657
03104,Curva señalizada,Carretera,21658
03066,No aplica,Calle,21659
03066,No aplica,Calle,21660
03066,No aplica,Calle,21661
03066,No aplica,Calle,21662
03066,No aplica,Calle,21663
03066,No aplica,Calle,21664
03066,Curva señalizada,Carretera,21665
03066,No aplica,Calle,21666
03066,No aplica,Calle,21667
03066,No aplica,Calle,21668
03066,No aplica,Calle,21669
03066,No aplica,Calle,21670
03066,No aplica,Calle,21671
03066,No aplica,Calle,21672
03066,No aplica,Calle,21673
03066,No aplica,Calle,21674
03066,No aplica,Calle,21675
03066,No aplica,Calle,21676
03066,No aplica,Calle,21677
03066,No aplica,Calle,21678
03104,Recta,Carretera,21679
03066,No aplica,Calle,21680
03066,No aplica,Calle,21681
03066,No aplica,Calle,21682
03066,No aplica,Calle,21683
03066,No aplica,Calle,21684
03066,No aplica,Calle,21685
03066,No aplica,Calle,21686
03066,No aplica,Calle,21687
03104,Curva señalizada,Carretera,21688
03066,No aplica,Calle,21689
03066,No aplica,Calle,21690
03066,No aplica,Calle,21691
03139,Curva señalizada,Carretera,21692
03069,Recta,Carretera,21693
03069,No aplica,Calle,21694
03069,No aplica,Calle,21695
03069,No aplica,Calle,21696
03069,No aplica,Calle,21697
03069,No aplica,Calle,21698
03069,No aplica,Calle,21699
03069,No aplica,Calle,21700
03069,No aplica,Calle,21701
03069,No aplica,Calle,21702
03069,No aplica,Calle,21703
03069,Curva señalizada,Carretera,21704
03069,Recta,Carretera,21705
03069,No aplica,Calle,21706
03069,Recta,Carretera,21707
03069,No aplica,Calle,21708
03069,Recta,Carretera,21709
03069,No aplica,Calle,21710
03069,Recta,Carretera,21711
03139,Recta,Carretera,21712
03069,No aplica,Calle,21713
03069,No aplica,Calle,21714
03069,Curva señalizada,Carretera,21715
03069,No aplica,Calle,21716
03069,Curva señalizada,Carretera,21717
03069,No aplica,Calle,21718
03069,Recta,Carretera,21719
03069,Recta,Carretera,21720
03069,No aplica,Calle,21721
03069,No aplica,Calle,21722
03069,No aplica,Calle,21723
03069,No aplica,Calle,21724
03069,No aplica,Calle,21725
03069,Curva señalizada,Carretera,21726
03069,Curva señalizada,Carretera,21727
00000,Recta,Carretera,21728
00000,Recta,Carretera,21729
03015,Recta,Carretera,21730
00000,Curva señalizada,Carretera,21731
00000,Recta,Carretera,21732
03063,Curva señalizada,Carretera,21733
03071,Recta,Carretera,21734
03071,Recta,Carretera,21735
03071,Recta,Carretera,21736
03063,Recta,Carretera,21737
03071,Se desconoce,Carretera,21738
03071,No aplica,Calle,21739
03071,No aplica,Calle,21740
03071,No aplica,Calle,21741
03071,No aplica,Calle,21742
03101,Recta,Carretera,21743
03071,No aplica,Calle,21744
03071,No aplica,Calle,21745
03071,No aplica,Calle,21746
03071,Curva señalizada,Carretera,21747
03071,Recta,Carretera,21748
03071,Curva señalizada,Carretera,21749
00000,Curva señalizada,Carretera,21750
00000,Curva señalizada,Carretera,21751
00000,Curva señalizada,Carretera,21752
03058,Recta,Carretera,21753
03058,Se desconoce,Carretera,21754
00000,Recta,Carretera,21755
00000,Recta,Carretera,21756
00000,Curva señalizada,Carretera,21757
03076,Recta,Carretera,21758
03118,Recta,Carretera,21759
03076,No aplica,Calle,21760
03076,Recta,Carretera,21761
03076,Recta,Carretera,21762
03076,Recta,Carretera,21763
03076,Curva señalizada,Carretera,21764
03076,Curva sin señalizar,Carretera,21765
03076,Recta,Carretera,21766
03076,Curva señalizada,Carretera,21767
03076,Recta,Carretera,21768
03076,Recta,Carretera,21769
03076,Curva sin señalizar,Carretera,21770
03076,Recta,Carretera,21771
03076,Curva señalizada,Carretera,21772
03076,Recta,Carretera,21773
03076,Recta,Carretera,21774
03076,Recta,Carretera,21775
03076,Curva sin señalizar,Carretera,21776
03076,Curva señalizada,Carretera,21777
03076,No aplica,Calle,21778
03076,No aplica,Calle,21779
03076,No aplica,Calle,21780
03076,Curva sin señalizar,Carretera,21781
03076,Curva señalizada,Carretera,21782
03076,No aplica,Calle,21783
03076,No aplica,Calle,21784
03076,No aplica,Calle,21785
03076,No aplica,Calle,21786
03076,No aplica,Calle,21787
03076,No aplica,Calle,21788
03076,No aplica,Calle,21789
03076,No aplica,Calle,21790
03076,No aplica,Calle,21791
03076,No aplica,Calle,21792
00000,Recta,Carretera,21793
00000,Curva señalizada,Carretera,21794
00000,Curva señalizada,Carretera,21795
00000,Recta,Carretera,21796
03005,Recta,Carretera,21797
03099,Curva señalizada,Carretera,21798
03079,Recta,Carretera,21799
03079,No aplica,Calle,21800
03079,No aplica,Calle,21801
03079,Curva señalizada,Carretera,21802
03079,No aplica,Calle,21803
03079,No aplica,Calle,21804
03079,No aplica,Calle,21805
03079,No aplica,Calle,21806
03079,Recta,Carretera,21807
03079,Recta,Carretera,21808
03079,Recta,Carretera,21809
03079,No aplica,Calle,21810
03079,Curva sin señalizar,Carretera,21811
03079,No aplica,Calle,21812
03079,No aplica,Calle,21813
03079,No aplica,Calle,21814
03079,No aplica,Calle,21815
03079,No aplica,Calle,21816
03079,Recta,Carretera,21817
03079,Curva señalizada,Carretera,21818
03079,No aplica,Calle,21819
03079,No aplica,Calle,21820
03079,No aplica,Calle,21821
03079,No aplica,Calle,21822
03079,No aplica,Calle,21823
03079,Curva sin señalizar,Carretera,21824
03079,Curva señalizada,Carretera,21825
03099,Recta,Carretera,21826
00000,Curva señalizada,Carretera,21827
00000,Recta,Carretera,21828
00000,Curva señalizada,Carretera,21829
00000,Curva sin señalizar,Carretera,21830
00000,Curva señalizada,Carretera,21831
03082,Recta,Carretera,21832
03082,Recta,Carretera,21833
03082,Curva señalizada,Carretera,21834
03082,No aplica,Calle,21835
03082,Recta,Carretera,21836
03082,No aplica,Calle,21837
03082,No aplica,Calle,21838
03082,No aplica,Calle,21839
00000,Recta,Carretera,21840
03082,Recta,Carretera,21841
03082,Recta,Carretera,21842
03082,No aplica,Calle,21843
03082,Curva sin señalizar,Carretera,21844
03082,Recta,Carretera,21845
03082,Curva señalizada,Carretera,21846
03082,No aplica,Calle,21847
03082,No aplica,Calle,21848
03082,Recta,Carretera,21849
03082,Recta,Carretera,21850
03082,Recta,Carretera,21851
03082,Recta,Carretera,21852
03082,Recta,Carretera,21853
03082,No aplica,Calle,21854
03082,No aplica,Calle,21855
03082,Recta,Carretera,21856
03082,Curva sin señalizar,Carretera,21857
03082,Recta,Carretera,21858
03082,Curva señalizada,Carretera,21859
03083,Curva señalizada,Carretera,21860
03083,Curva señalizada,Carretera,21861
03083,Recta,Carretera,21862
03083,Recta,Carretera,21863
03083,No aplica,Calle,21864
03083,Curva señalizada,Carretera,21865
03083,No aplica,Calle,21866
00000,Curva señalizada,Carretera,21867
03083,Curva señalizada,Carretera,21868
03083,Recta,Carretera,21869
03083,Curva señalizada,Carretera,21870
03083,Curva sin señalizar,Carretera,21871
03083,Curva señalizada,Carretera,21872
03083,Curva sin señalizar,Carretera,21873
03083,No aplica,Calle,21874
03083,Curva señalizada,Carretera,21875
00000,No aplica,Calle,21876
00000,Recta,Carretera,21877
00000,Curva señalizada,Carretera,21878
00000,Recta,Carretera,21879
00000,Recta,Carretera,21880
03088,Se desconoce,Carretera,21881
03088,Recta,Carretera,21882
03088,Curva señalizada,Carretera,21883
03088,Recta,Carretera,21884
03088,Recta,Carretera,21885
03088,Recta,Carretera,21886
03088,Recta,Carretera,21887
03088,Recta,Carretera,21888
03088,Recta,Carretera,21889
03088,Recta,Carretera,21890
03088,Curva señalizada,Carretera,21891
03088,Recta,Carretera,21892
03088,Recta,Carretera,21893
03088,Recta,Carretera,21894
03088,Curva señalizada,Carretera,21895
03088,Recta,Carretera,21896
03088,Recta,Carretera,21897
03088,Recta,Carretera,21898
03088,Curva señalizada,Carretera,21899
03088,Recta,Carretera,21900
03088,Curva sin señalizar,Carretera,21901
03088,Curva sin señalizar,Travesía,21902
03088,Recta,Carretera,21903
03088,Recta,Carretera,21904
03088,Recta,Carretera,21905
03088,Curva señalizada,Carretera,21906
03088,Curva señalizada,Carretera,21907
03088,Curva señalizada,Carretera,21908
03088,Curva sin señalizar,Carretera,21909
03088,Recta,Carretera,21910
03088,Curva sin señalizar,Carretera,21911
03088,Curva señalizada,Carretera,21912
03088,Recta,Carretera,21913
03088,Curva señalizada,Carretera,21914
03089,Recta,Carretera,21915
03089,Curva señalizada,Carretera,21916
03089,No aplica,Calle,21917
03089,No aplica,Calle,21918
03089,Curva sin señalizar,Carretera,21919
03089,No aplica,Calle,21920
03089,Recta,Carretera,21921
03089,Recta,Carretera,21922
03089,Curva señalizada,Carretera,21923
03089,Recta,Carretera,21924
03089,No aplica,Calle,21925
03089,Curva señalizada,Carretera,21926
03090,Curva sin señalizar,Carretera,21927
03090,Recta,Carretera,21928
03090,Recta,Carretera,21929
03090,Curva señalizada,Carretera,21930
03014,Curva señalizada,Carretera,21931
03090,No aplica,Calle,21932
03090,No aplica,Calle,21933
03090,No aplica,Calle,21934
03090,Recta,Carretera,21935
03090,Curva señalizada,Carretera,21936
03090,Curva señalizada,Carretera,21937
03090,No aplica,Calle,21938
03090,Recta,Carretera,21939
03090,No aplica,Calle,21940
03090,No aplica,Calle,21941
03090,Curva sin señalizar,Carretera,21942
03090,Curva señalizada,Carretera,21943
03090,No aplica,Calle,21944
03090,Curva sin señalizar,Carretera,21945
03090,Recta,Carretera,21946
03119,Recta,Carretera,21947
03090,Recta,Carretera,21948
03090,Curva señalizada,Carretera,21949
03090,No aplica,Calle,21950
03014,Curva señalizada,Carretera,21951
03014,Recta,Carretera,21952
03090,Recta,Carretera,21953
03090,No aplica,Calle,21954
03090,No aplica,Calle,21955
03090,No aplica,Calle,21956
03090,No aplica,Calle,21957
03090,Recta,Carretera,21958
03090,No aplica,Calle,21959
03090,No aplica,Calle,21960
03090,No aplica,Calle,21961
03014,Recta,Carretera,21962
03090,Recta,Carretera,21963
03092,Recta,Carretera,21964
03092,Recta,Carretera,21965
03092,No aplica,Calle,21966
03092,Se desconoce,Carretera,21967
03092,Curva señalizada,Carretera,21968
03092,No aplica,Calle,21969
03092,No aplica,Calle,21970
03092,No aplica,Calle,21971
03092,No aplica,Calle,21972
03092,No aplica,Calle,21973
03093,No aplica,Calle,21974
03093,No aplica,Calle,21975
03093,Recta,Carretera,21976
03093,No aplica,Calle,21977
03093,Recta,Carretera,21978
03093,Recta,Carretera,21979
03093,No aplica,Calle,21980
03093,No aplica,Calle,21981
03093,Recta,Carretera,21982
03093,Curva sin señalizar,Carretera,21983
03093,No aplica,Calle,21984
03093,No aplica,Calle,21985
03066,Curva sin señalizar,Carretera,21986
03093,No aplica,Calle,21987
03093,Recta,Carretera,21988
03093,No aplica,Calle,21989
03093,No aplica,Calle,21990
03093,No aplica,Calle,21991
03093,Recta,Carretera,21992
03093,No aplica,Calle,21993
03093,Recta,Carretera,21994
03093,No aplica,Calle,21995
03093,Recta,Carretera,21996
03093,Curva señalizada,Carretera,21997
03093,Curva señalizada,Carretera,21998
03093,Recta,Carretera,21999
03093,Recta,Carretera,22000
03093,No aplica,Calle,22001
03093,No aplica,Calle,22002
03093,Recta,Carretera,22003
03093,No aplica,Calle,22004
03093,No aplica,Calle,22005
03093,No aplica,Calle,22006
03093,Curva señalizada,Carretera,22007
03093,Curva señalizada,Carretera,22008
03093,No aplica,Calle,22009
03093,No aplica,Calle,22010
03093,No aplica,Calle,22011
03093,No aplica,Calle,22012
03093,No aplica,Calle,22013
03093,Curva sin señalizar,Travesía,22014
03093,Recta,Carretera,22015
03093,Recta,Carretera,22016
03093,Recta,Carretera,22017
03093,No aplica,Calle,22018
03093,No aplica,Calle,22019
03093,No aplica,Calle,22020
03093,No aplica,Calle,22021
03093,Curva señalizada,Carretera,22022
03093,No aplica,Calle,22023
03093,Curva sin señalizar,Carretera,22024
03093,Curva señalizada,Carretera,22025
03093,Recta,Carretera,22026
03093,Recta,Carretera,22027
03093,No aplica,Calle,22028
03094,Recta,Carretera,22029
03094,Curva señalizada,Carretera,22030
03094,Recta,Carretera,22031
03094,Recta,Carretera,22032
03011,Recta,Carretera,22033
03094,Recta,Carretera,22034
03094,Recta,Carretera,22035
03094,Recta,Carretera,22036
03094,Recta,Carretera,22037
03094,Curva sin señalizar,Carretera,22038
03094,Recta,Carretera,22039
03094,Curva señalizada,Carretera,22040
03094,Recta,Carretera,22041
03094,No aplica,Calle,22042
03094,Recta,Carretera,22043
03094,Curva sin señalizar,Carretera,22044
03107,Curva sin señalizar,Carretera,22045
03094,Recta,Carretera,22046
03094,Curva señalizada,Carretera,22047
03094,No aplica,Calle,22048
03101,Recta,Carretera,22049
03095,Curva sin señalizar,Carretera,22050
03095,Recta,Carretera,22051
03095,No aplica,Calle,22052
03101,Recta,Carretera,22053
03095,Recta,Carretera,22054
03095,No aplica,Calle,22055
03095,No aplica,Calle,22056
03095,Curva sin señalizar,Carretera,22057
03095,No aplica,Calle,22058
03095,No aplica,Calle,22059
03095,No aplica,Calle,22060
03095,No aplica,Calle,22061
03095,No aplica,Calle,22062
03096,Recta,Carretera,22063
03096,Recta,Carretera,22064
03096,Curva señalizada,Carretera,22065
03096,No aplica,Calle,22066
03096,No aplica,Calle,22067
03096,No aplica,Calle,22068
03096,No aplica,Calle,22069
03096,Recta,Carretera,22070
03096,No aplica,Calle,22071
03096,No aplica,Calle,22072
03096,No aplica,Calle,22073
03096,Curva señalizada,Carretera,22074
03096,Curva señalizada,Carretera,22075
03096,Recta,Carretera,22076
03096,No aplica,Calle,22077
03096,No aplica,Calle,22078
00000,Curva señalizada,Carretera,22079
00000,Curva señalizada,Carretera,22080
00000,Curva señalizada,Carretera,22081
00000,Recta,Carretera,22082
00000,Recta,Carretera,22083
03099,Recta,Carretera,22084
00000,Recta,Carretera,22085
03099,Recta,Carretera,22086
03099,No aplica,Calle,22087
03099,No aplica,Calle,22088
03099,Recta,Carretera,22089
03099,Recta,Carretera,22090
03099,Recta,Carretera,22091
03099,No aplica,Calle,22092
03099,Curva señalizada,Carretera,22093
03099,Curva señalizada,Carretera,22094
03099,Curva señalizada,Carretera,22095
03099,No aplica,Calle,22096
03099,Recta,Travesía,22097
03099,No aplica,Calle,22098
03099,Recta,Carretera,22099
03099,No aplica,Calle,22100
03099,No aplica,Calle,22101
03099,Recta,Carretera,22102
03099,No aplica,Calle,22103
03099,Recta,Carretera,22104
03099,Curva señalizada,Carretera,22105
03099,Recta,Carretera,22106
03099,Recta,Carretera,22107
03099,No aplica,Calle,22108
03099,No aplica,Calle,22109
03099,No aplica,Calle,22110
03099,No aplica,Calle,22111
03099,Curva señalizada,Carretera,22112
03099,No aplica,Calle,22113
03099,Recta,Carretera,22114
03099,No aplica,Calle,22115
03099,No aplica,Calle,22116
03099,No aplica,Calle,22117
03099,No aplica,Calle,22118
03099,No aplica,Calle,22119
03099,Recta,Travesía,22120
03099,Curva señalizada,Carretera,22121
03099,Recta,Carretera,22122
03099,Recta,Carretera,22123
03099,No aplica,Calle,22124
03099,No aplica,Calle,22125
03099,No aplica,Calle,22126
03099,No aplica,Calle,22127
03099,No aplica,Calle,22128
03099,No aplica,Calle,22129
00000,Curva señalizada,Carretera,22130
03099,Curva señalizada,Carretera,22131
03099,Recta,Carretera,22132
03099,No aplica,Calle,22133
03099,Recta,Travesía,22134
03099,No aplica,Calle,22135
03099,No aplica,Calle,22136
03099,No aplica,Calle,22137
03099,No aplica,Calle,22138
03099,Recta,Carretera,22139
03099,No aplica,Calle,22140
03099,Recta,Carretera,22141
03099,Curva señalizada,Carretera,22142
03099,No aplica,Calle,22143
03099,No aplica,Calle,22144
03099,No aplica,Calle,22145
03099,No aplica,Calle,22146
03099,Recta,Carretera,22147
03099,Curva señalizada,Carretera,22148
03099,Recta,Carretera,22149
03099,No aplica,Calle,22150
03099,No aplica,Calle,22151
03099,No aplica,Calle,22152
03099,No aplica,Calle,22153
03099,Recta,Carretera,22154
03099,Recta,Carretera,22155
03099,Curva señalizada,Carretera,22156
03099,Recta,Carretera,22157
03099,Recta,Carretera,22158
03099,No aplica,Calle,22159
03099,Recta,Carretera,22160
03099,No aplica,Calle,22161
03099,Recta,Carretera,22162
03099,Recta,Carretera,22163
03099,Recta,Carretera,22164
03099,No aplica,Calle,22165
03099,Curva señalizada,Carretera,22166
03099,No aplica,Calle,22167
03099,Curva señalizada,Carretera,22168
03099,No aplica,Calle,22169
03099,Curva señalizada,Carretera,22170
03099,No aplica,Calle,22171
03099,Curva sin señalizar,Carretera,22172
03099,Curva señalizada,Carretera,22173
03099,No aplica,Calle,22174
03099,Recta,Carretera,22175
00000,Curva señalizada,Carretera,22176
03099,No aplica,Calle,22177
03099,Curva señalizada,Carretera,22178
03099,Recta,Carretera,22179
03133,Recta,Carretera,22180
03099,No aplica,Calle,22181
03099,No aplica,Calle,22182
03099,Recta,Carretera,22183
03099,Recta,Travesía,22184
03099,Recta,Carretera,22185
03099,Curva señalizada,Carretera,22186
03099,Curva señalizada,Carretera,22187
03099,Recta,Carretera,22188
03099,Curva señalizada,Carretera,22189
03099,Recta,Carretera,22190
03111,Recta,Carretera,22191
03099,No aplica,Calle,22192
03099,Recta,Carretera,22193
03099,Recta,Carretera,22194
03099,Recta,Carretera,22195
03099,Recta,Carretera,22196
03099,No aplica,Calle,22197
03099,Recta,Carretera,22198
03099,Curva señalizada,Carretera,22199
03058,Recta,Carretera,22200
03099,Recta,Carretera,22201
03099,No aplica,Calle,22202
03099,Recta,Carretera,22203
03099,No aplica,Calle,22204
03099,No aplica,Calle,22205
03099,Curva señalizada,Travesía,22206
03099,No aplica,Calle,22207
03099,No aplica,Calle,22208
03099,Recta,Carretera,22209
03099,Recta,Carretera,22210
03099,Recta,Carretera,22211
03099,Curva señalizada,Carretera,22212
03099,Recta,Carretera,22213
03099,Recta,Carretera,22214
03099,No aplica,Calle,22215
03099,Recta,Carretera,22216
03099,No aplica,Calle,22217
03099,No aplica,Calle,22218
03099,Recta,Carretera,22219
03099,Recta,Carretera,22220
03099,Recta,Carretera,22221
03099,Recta,Carretera,22222
03099,Curva señalizada,Carretera,22223
03099,Curva señalizada,Carretera,22224
03099,Curva señalizada,Carretera,22225
03099,No aplica,Calle,22226
03099,Recta,Carretera,22227
03099,Curva señalizada,Carretera,22228
03099,No aplica,Calle,22229
03099,No aplica,Calle,22230
03099,Recta,Carretera,22231
03099,No aplica,Calle,22232
00000,Curva señalizada,Carretera,22233
00000,Recta,Carretera,22234
00000,Curva señalizada,Carretera,22235
00000,Curva señalizada,Carretera,22236
03101,No aplica,Calle,22237
03101,Curva sin señalizar,Carretera,22238
03101,No aplica,Calle,22239
03101,Recta,Carretera,22240
03101,No aplica,Calle,22241
03101,Recta,Carretera,22242
03101,Se desconoce,Carretera,22243
03101,Recta,Carretera,22244
03101,Recta,Carretera,22245
03101,No aplica,Calle,22246
03101,Recta,Carretera,22247
03101,Recta,Carretera,22248
03101,Recta,Carretera,22249
03101,No aplica,Calle,22250
03101,No aplica,Calle,22251
03101,Curva señalizada,Carretera,22252
03101,Recta,Carretera,22253
03101,No aplica,Calle,22254
03101,No aplica,Calle,22255
03101,Recta,Carretera,22256
03101,Recta,Travesía,22257
03101,Recta,Travesía,22258
03071,Recta,Carretera,22259
03101,Recta,Carretera,22260
03101,Recta,Carretera,22261
03101,Curva señalizada,Carretera,22262
03101,No aplica,Calle,22263
03101,No aplica,Calle,22264
03101,No aplica,Calle,22265
03101,Recta,Carretera,22266
03101,Recta,Carretera,22267
03063,Recta,Carretera,22268
03101,Curva señalizada,Carretera,22269
03101,Curva señalizada,Carretera,22270
03101,No aplica,Calle,22271
03101,No aplica,Calle,22272
03101,No aplica,Calle,22273
03095,Recta,Carretera,22274
03101,Recta,Carretera,22275
03102,Recta,Carretera,22276
03102,Curva señalizada,Carretera,22277
03102,Recta,Carretera,22278
03102,Curva señalizada,Carretera,22279
03102,Recta,Carretera,22280
03102,Curva señalizada,Carretera,22281
03102,Recta,Carretera,22282
03138,Recta,Carretera,22283
03102,Curva señalizada,Carretera,22284
03102,Recta,Carretera,22285
00000,Curva señalizada,Carretera,22286
03104,Curva señalizada,Carretera,22287
03104,Recta,Carretera,22288
03104,Recta,Carretera,22289
03104,Recta,Carretera,22290
03104,Curva sin señalizar,Carretera,22291
03104,Curva señalizada,Carretera,22292
03104,No aplica,Calle,22293
03104,No aplica,Calle,22294
03104,No aplica,Calle,22295
03104,No aplica,Calle,22296
03104,No aplica,Calle,22297
03104,No aplica,Calle,22298
03104,No aplica,Calle,22299
03104,No aplica,Calle,22300
03104,Recta,Carretera,22301
03104,Recta,Carretera,22302
03105,Curva sin señalizar,Carretera,22303
03105,Curva señalizada,Carretera,22304
03105,Recta,Carretera,22305
03105,Curva sin señalizar,Carretera,22306
03105,Recta,Carretera,22307
03105,No aplica,Calle,22308
03105,Recta,Carretera,22309
03105,No aplica,Calle,22310
03105,Curva sin señalizar,Carretera,22311
00000,Recta,Carretera,22312
00000,Curva sin señalizar,Carretera,22313
03107,Curva señalizada,Carretera,22314
03107,No aplica,Calle,22315
03107,Curva señalizada,Carretera,22316
03107,Recta,Carretera,22317
03107,Curva señalizada,Carretera,22318
03107,Recta,Carretera,22319
03107,Recta,Carretera,22320
03049,Recta,Carretera,22321
00000,Recta,Carretera,22322
00000,Recta,Carretera,22323
03111,No aplica,Calle,22324
03111,No aplica,Calle,22325
03099,Recta,Carretera,22326
03099,Recta,Carretera,22327
03111,No aplica,Calle,22328
03111,No aplica,Calle,22329
03111,No aplica,Calle,22330
03111,No aplica,Calle,22331
03111,No aplica,Calle,22332
03111,No aplica,Calle,22333
03111,Recta,Carretera,22334
03111,No aplica,Calle,22335
03111,No aplica,Calle,22336
03111,No aplica,Calle,22337
03111,No aplica,Calle,22338
03111,Recta,Carretera,22339
03111,Curva señalizada,Carretera,22340
03111,No aplica,Calle,22341
03111,Curva señalizada,Carretera,22342
03111,Recta,Carretera,22343
00000,Curva señalizada,Carretera,22344
00000,Curva señalizada,Carretera,22345
00000,Curva señalizada,Carretera,22346
00000,Curva sin señalizar,Carretera,22347
03113,Recta,Carretera,22348
00000,Curva señalizada,Carretera,22349
03113,Curva señalizada,Carretera,22350
03113,Curva sin señalizar,Carretera,22351
03113,Curva señalizada,Carretera,22352
03113,Curva señalizada,Carretera,22353
03113,Recta,Carretera,22354
03113,Recta,Carretera,22355
03113,Recta,Carretera,22356
03113,Curva sin señalizar,Carretera,22357
00000,Recta,Carretera,22358
00000,No aplica,Calle,22359
00000,Curva sin señalizar,Carretera,22360
00000,Recta,Carretera,22361
00000,Recta,Carretera,22362
00000,Recta,Carretera,22363
00000,Recta,Carretera,22364
00000,Recta,Carretera,22365
00000,Recta,Carretera,22366
03118,No aplica,Calle,22367
03118,Recta,Carretera,22368
03118,Curva sin señalizar,Carretera,22369
03118,No aplica,Calle,22370
03118,No aplica,Calle,22371
03118,Curva señalizada,Carretera,22372
03118,No aplica,Calle,22373
03118,No aplica,Calle,22374
03118,No aplica,Calle,22375
03119,No aplica,Calle,22376
03119,No aplica,Calle,22377
03119,Curva señalizada,Carretera,22378
03119,No aplica,Calle,22379
03119,Recta,Carretera,22380
03119,No aplica,Calle,22381
03119,No aplica,Calle,22382
03139,Recta,Carretera,22383
03119,Recta,Carretera,22384
03119,No aplica,Calle,22385
03119,No aplica,Calle,22386
03014,Recta,Carretera,22387
03119,Recta,Carretera,22388
03119,No aplica,Calle,22389
03119,No aplica,Calle,22390
03119,No aplica,Calle,22391
03119,No aplica,Calle,22392
03119,No aplica,Calle,22393
03119,No aplica,Calle,22394
03119,No aplica,Calle,22395
03120,Recta,Carretera,22396
03120,Recta,Carretera,22397
03120,Recta,Carretera,22398
03099,Recta,Carretera,22399
03120,Recta,Carretera,22400
03099,Curva señalizada,Carretera,22401
03099,Curva señalizada,Carretera,22402
03120,Curva señalizada,Carretera,22403
03120,Recta,Carretera,22404
03120,Recta,Carretera,22405
03120,Curva señalizada,Carretera,22406
03120,Curva señalizada,Carretera,22407
03120,Curva señalizada,Carretera,22408
03120,Recta,Carretera,22409
03121,Recta,Carretera,22410
03121,No aplica,Calle,22411
03121,No aplica,Calle,22412
03121,No aplica,Calle,22413
03121,Recta,Carretera,22414
03121,Recta,Carretera,22415
03121,No aplica,Calle,22416
03121,No aplica,Calle,22417
03121,Recta,Carretera,22418
03121,No aplica,Calle,22419
03121,Recta,Carretera,22420
03121,No aplica,Calle,22421
03121,No aplica,Calle,22422
03121,No aplica,Calle,22423
03121,No aplica,Calle,22424
03121,No aplica,Calle,22425
03121,No aplica,Calle,22426
03121,No aplica,Calle,22427
03121,No aplica,Calle,22428
03121,Recta,Carretera,22429
03121,No aplica,Calle,22430
03121,No aplica,Calle,22431
03121,No aplica,Calle,22432
03121,No aplica,Calle,22433
03121,No aplica,Calle,22434
03121,No aplica,Calle,22435
03121,No aplica,Calle,22436
03121,Recta,Carretera,22437
03121,No aplica,Calle,22438
03121,Recta,Carretera,22439
03121,No aplica,Calle,22440
03121,Recta,Carretera,22441
03121,Recta,Carretera,22442
03121,No aplica,Calle,22443
03121,No aplica,Calle,22444
03121,No aplica,Calle,22445
03121,No aplica,Calle,22446
03121,Curva sin señalizar,Carretera,22447
03121,Curva señalizada,Carretera,22448
03121,Recta,Carretera,22449
03121,No aplica,Calle,22450
03121,Curva señalizada,Carretera,22451
03121,No aplica,Calle,22452
03121,Recta,Carretera,22453
03121,Recta,Carretera,22454
03121,Curva señalizada,Carretera,22455
03121,No aplica,Calle,22456
03121,Curva señalizada,Carretera,22457
03121,Recta,Carretera,22458
03121,Curva sin señalizar,Carretera,22459
03121,No aplica,Calle,22460
03121,No aplica,Calle,22461
03121,No aplica,Calle,22462
03121,No aplica,Calle,22463
03121,Recta,Carretera,22464
03121,Recta,Carretera,22465
03121,No aplica,Calle,22466
03121,No aplica,Calle,22467
03121,No aplica,Calle,22468
03121,No aplica,Calle,22469
03121,No aplica,Calle,22470
03121,No aplica,Calle,22471
03121,Curva señalizada,Carretera,22472
03121,No aplica,Calle,22473
03121,No aplica,Calle,22474
03121,No aplica,Calle,22475
03121,No aplica,Calle,22476
03121,Recta,Carretera,22477
03065,Recta,Carretera,22478
03121,No aplica,Calle,22479
03121,No aplica,Calle,22480
03121,No aplica,Calle,22481
03121,No aplica,Calle,22482
03121,No aplica,Calle,22483
03121,Curva señalizada,Carretera,22484
03121,Curva señalizada,Carretera,22485
03121,Recta,Carretera,22486
03121,Recta,Carretera,22487
03121,Recta,Carretera,22488
03121,Curva señalizada,Carretera,22489
03121,No aplica,Calle,22490
03121,No aplica,Calle,22491
03121,Curva señalizada,Carretera,22492
03121,No aplica,Calle,22493
03121,No aplica,Calle,22494
03121,Recta,Carretera,22495
03121,Curva señalizada,Carretera,22496
03121,Recta,Carretera,22497
03121,No aplica,Calle,22498
03121,No aplica,Calle,22499
03121,No aplica,Calle,22500
03121,No aplica,Calle,22501
03121,No aplica,Calle,22502
03121,No aplica,Calle,22503
03121,No aplica,Calle,22504
03121,No aplica,Calle,22505
03121,No aplica,Calle,22506
03121,No aplica,Calle,22507
03121,Recta,Carretera,22508
03121,No aplica,Calle,22509
03121,No aplica,Calle,22510
03121,No aplica,Calle,22511
03121,Recta,Carretera,22512
03121,No aplica,Calle,22513
03121,No aplica,Calle,22514
03121,No aplica,Calle,22515
03121,No aplica,Calle,22516
03121,No aplica,Calle,22517
03121,No aplica,Calle,22518
03121,No aplica,Calle,22519
03121,No aplica,Calle,22520
03121,No aplica,Calle,22521
03121,No aplica,Calle,22522
03121,No aplica,Calle,22523
03121,No aplica,Calle,22524
03121,Curva señalizada,Carretera,22525
03122,No aplica,Calle,22526
03122,No aplica,Calle,22527
03122,No aplica,Calle,22528
03122,No aplica,Calle,22529
03122,No aplica,Calle,22530
03122,No aplica,Calle,22531
03122,No aplica,Calle,22532
03122,No aplica,Calle,22533
03122,No aplica,Calle,22534
03122,No aplica,Calle,22535
03122,No aplica,Calle,22536
03122,No aplica,Calle,22537
03122,No aplica,Calle,22538
03122,No aplica,Calle,22539
03122,No aplica,Calle,22540
03014,Recta,Carretera,22541
03014,Recta,Carretera,22542
03122,No aplica,Calle,22543
03122,No aplica,Calle,22544
03014,Recta,Carretera,22545
03122,No aplica,Calle,22546
03122,No aplica,Calle,22547
03122,No aplica,Calle,22548
03122,No aplica,Calle,22549
03122,No aplica,Calle,22550
03122,No aplica,Calle,22551
03122,No aplica,Calle,22552
03122,No aplica,Calle,22553
03122,No aplica,Calle,22554
03122,No aplica,Calle,22555
03122,No aplica,Calle,22556
03122,Recta,Carretera,22557
03122,No aplica,Calle,22558
03122,No aplica,Calle,22559
03122,Curva señalizada,Carretera,22560
03122,Recta,Carretera,22561
03122,No aplica,Calle,22562
03122,No aplica,Calle,22563
03122,Curva señalizada,Carretera,22564
03122,No aplica,Calle,22565
03122,No aplica,Calle,22566
03122,Recta,Carretera,22567
03122,No aplica,Calle,22568
03122,Curva señalizada,Carretera,22569
03122,No aplica,Calle,22570
03122,No aplica,Calle,22571
03122,Recta,Carretera,22572
03122,Recta,Carretera,22573
03014,Recta,Carretera,22574
03122,Recta,Carretera,22575
03122,No aplica,Calle,22576
03122,No aplica,Calle,22577
03122,No aplica,Calle,22578
03014,Recta,Carretera,22579
03014,Recta,Carretera,22580
03122,No aplica,Calle,22581
03122,No aplica,Calle,22582
03122,Recta,Carretera,22583
03122,No aplica,Calle,22584
00000,Recta,Carretera,22585
03122,No aplica,Calle,22586
03122,No aplica,Calle,22587
03122,No aplica,Calle,22588
03122,No aplica,Calle,22589
03122,No aplica,Calle,22590
03122,No aplica,Calle,22591
03122,No aplica,Calle,22592
03122,Recta,Carretera,22593
03122,No aplica,Calle,22594
03122,No aplica,Calle,22595
03122,No aplica,Calle,22596
03122,No aplica,Calle,22597
03122,No aplica,Calle,22598
03122,No aplica,Calle,22599
03122,Curva señalizada,Carretera,22600
03122,No aplica,Calle,22601
03122,No aplica,Calle,22602
03014,Recta,Carretera,22603
03122,No aplica,Calle,22604
03122,No aplica,Calle,22605
03123,Recta,Carretera,22606
03123,Recta,Carretera,22607
03123,Recta,Carretera,22608
03123,Recta,Carretera,22609
03123,Recta,Carretera,22610
03123,Curva señalizada,Carretera,22611
03123,Curva sin señalizar,Carretera,22612
03123,Recta,Carretera,22613
03123,Recta,Carretera,22614
03123,Recta,Carretera,22615
03123,Recta,Carretera,22616
03123,Recta,Carretera,22617
03123,Recta,Carretera,22618
03066,Recta,Carretera,22619
03123,Curva señalizada,Carretera,22620
03123,Recta,Carretera,22621
03123,Recta,Carretera,22622
03123,Recta,Carretera,22623
03066,Curva señalizada,Carretera,22624
03123,Curva señalizada,Carretera,22625
03123,Recta,Carretera,22626
03123,Recta,Carretera,22627
03123,Curva sin señalizar,Carretera,22628
00000,Curva señalizada,Carretera,22629
00000,Curva señalizada,Carretera,22630
00000,Curva señalizada,Carretera,22631
00000,Recta,Carretera,22632
00000,Curva señalizada,Carretera,22633
00000,Curva señalizada,Carretera,22634
00000,Recta,Carretera,22635
00000,Curva señalizada,Carretera,22636
03102,Curva señalizada,Carretera,22637
00000,Curva señalizada,Carretera,22638
03128,Recta,Carretera,22639
03128,No aplica,Calle,22640
03128,Curva señalizada,Carretera,22641
03128,No aplica,Calle,22642
03128,Recta,Carretera,22643
03128,Recta,Carretera,22644
03128,Se desconoce,Carretera,22645
03128,Recta,Carretera,22646
03128,No aplica,Calle,22647
03128,No aplica,Calle,22648
03128,Curva señalizada,Carretera,22649
03128,No aplica,Calle,22650
03128,Recta,Carretera,22651
03128,Recta,Carretera,22652
03128,Curva sin señalizar,Carretera,22653
03128,Curva señalizada,Carretera,22654
03128,Curva señalizada,Carretera,22655
03128,No aplica,Calle,22656
03128,Recta,Carretera,22657
03128,Recta,Carretera,22658
03128,Recta,Carretera,22659
03128,Recta,Carretera,22660
00000,Curva señalizada,Carretera,22661
00000,Recta,Carretera,22662
00000,Recta,Carretera,22663
00000,Recta,Carretera,22664
00000,Curva sin señalizar,Carretera,22665
00000,Recta,Carretera,22666
00000,Curva sin señalizar,Carretera,22667
00000,Curva señalizada,Carretera,22668
03133,No aplica,Calle,22669
03133,No aplica,Calle,22670
03133,No aplica,Calle,22671
03133,No aplica,Calle,22672
03133,No aplica,Calle,22673
03133,No aplica,Calle,22674
03133,No aplica,Calle,22675
03133,No aplica,Calle,22676
03133,Recta,Carretera,22677
03133,No aplica,Calle,22678
03133,No aplica,Calle,22679
03133,Recta,Carretera,22680
03133,Curva señalizada,Carretera,22681
03133,No aplica,Calle,22682
03133,No aplica,Calle,22683
03133,No aplica,Calle,22684
03133,No aplica,Calle,22685
03133,No aplica,Calle,22686
03133,No aplica,Calle,22687
03133,No aplica,Calle,22688
03133,No aplica,Calle,22689
03133,No aplica,Calle,22690
03133,Recta,Carretera,22691
03133,No aplica,Calle,22692
03133,No aplica,Calle,22693
03133,No aplica,Calle,22694
03133,No aplica,Calle,22695
03133,No aplica,Calle,22696
03133,No aplica,Calle,22697
03133,Curva señalizada,Carretera,22698
03133,No aplica,Calle,22699
03133,No aplica,Calle,22700
03133,No aplica,Calle,22701
03133,No aplica,Calle,22702
03133,No aplica,Calle,22703
03133,No aplica,Calle,22704
03133,Recta,Carretera,22705
03133,No aplica,Calle,22706
03133,No aplica,Calle,22707
03133,Recta,Carretera,22708
03133,No aplica,Calle,22709
03133,No aplica,Calle,22710
03133,No aplica,Calle,22711
03133,No aplica,Calle,22712
03099,Curva señalizada,Carretera,22713
03133,No aplica,Calle,22714
03133,No aplica,Calle,22715
03133,No aplica,Calle,22716
03133,No aplica,Calle,22717
03133,No aplica,Calle,22718
03133,Curva señalizada,Carretera,22719
03133,No aplica,Calle,22720
03133,No aplica,Calle,22721
03133,No aplica,Calle,22722
03133,No aplica,Calle,22723
03133,No aplica,Calle,22724
03133,Recta,Carretera,22725
03133,Recta,Carretera,22726
03133,No aplica,Calle,22727
03133,No aplica,Calle,22728
03133,No aplica,Calle,22729
03133,No aplica,Calle,22730
03133,No aplica,Calle,22731
03133,No aplica,Calle,22732
03133,No aplica,Calle,22733
03133,No aplica,Calle,22734
03133,No aplica,Calle,22735
03133,Curva señalizada,Carretera,22736
03133,No aplica,Calle,22737
03133,No aplica,Calle,22738
03133,No aplica,Calle,22739
03133,No aplica,Calle,22740
03133,No aplica,Calle,22741
03133,Curva señalizada,Carretera,22742
03133,Recta,Carretera,22743
03133,No aplica,Calle,22744
03133,No aplica,Calle,22745
03133,No aplica,Calle,22746
03133,No aplica,Calle,22747
03133,No aplica,Calle,22748
03133,No aplica,Calle,22749
03133,No aplica,Calle,22750
03133,No aplica,Calle,22751
03133,No aplica,Calle,22752
03133,No aplica,Calle,22753
03133,No aplica,Calle,22754
03133,Recta,Carretera,22755
03133,No aplica,Calle,22756
03133,No aplica,Calle,22757
03133,No aplica,Calle,22758
03133,No aplica,Calle,22759
03133,No aplica,Calle,22760
03133,No aplica,Calle,22761
03133,No aplica,Calle,22762
03133,No aplica,Calle,22763
03133,No aplica,Calle,22764
03133,No aplica,Calle,22765
03133,No aplica,Calle,22766
03133,No aplica,Calle,22767
03133,Curva señalizada,Carretera,22768
03133,Recta,Carretera,22769
03133,Recta,Carretera,22770
03133,No aplica,Calle,22771
03133,No aplica,Calle,22772
03133,No aplica,Calle,22773
03133,No aplica,Calle,22774
03133,No aplica,Calle,22775
03133,No aplica,Calle,22776
03133,Recta,Carretera,22777
03133,No aplica,Calle,22778
03133,No aplica,Calle,22779
03133,No aplica,Calle,22780
03133,No aplica,Calle,22781
03133,No aplica,Calle,22782
03133,No aplica,Calle,22783
03133,No aplica,Calle,22784
03133,No aplica,Calle,22785
03133,Recta,Carretera,22786
03133,Curva sin señalizar,Carretera,22787
03133,No aplica,Calle,22788
03133,No aplica,Calle,22789
03133,No aplica,Calle,22790
03133,No aplica,Calle,22791
03133,No aplica,Calle,22792
03133,No aplica,Calle,22793
03133,No aplica,Calle,22794
03133,No aplica,Calle,22795
03133,No aplica,Calle,22796
03133,No aplica,Calle,22797
03133,No aplica,Calle,22798
03133,No aplica,Calle,22799
03133,No aplica,Calle,22800
03133,No aplica,Calle,22801
03133,No aplica,Calle,22802
03133,No aplica,Calle,22803
03133,No aplica,Calle,22804
03133,Curva sin señalizar,Carretera,22805
03133,Recta,Carretera,22806
03133,No aplica,Calle,22807
03133,No aplica,Calle,22808
03133,No aplica,Calle,22809
03133,No aplica,Calle,22810
03133,Recta,Carretera,22811
03133,No aplica,Calle,22812
03133,No aplica,Calle,22813
03133,No aplica,Calle,22814
03133,No aplica,Calle,22815
03133,Recta,Carretera,22816
03133,No aplica,Calle,22817
03133,No aplica,Calle,22818
03133,No aplica,Calle,22819
03133,No aplica,Calle,22820
03133,No aplica,Calle,22821
03133,No aplica,Calle,22822
03133,No aplica,Calle,22823
03133,No aplica,Calle,22824
03133,No aplica,Calle,22825
03133,No aplica,Calle,22826
03133,No aplica,Calle,22827
03133,No aplica,Calle,22828
03133,No aplica,Calle,22829
03133,No aplica,Calle,22830
03133,Recta,Carretera,22831
03133,Recta,Carretera,22832
03133,No aplica,Calle,22833
03133,No aplica,Calle,22834
03133,Curva señalizada,Carretera,22835
03133,Curva sin señalizar,Carretera,22836
03133,No aplica,Calle,22837
03133,No aplica,Calle,22838
03133,No aplica,Calle,22839
03133,No aplica,Calle,22840
03133,No aplica,Calle,22841
03133,No aplica,Calle,22842
03133,No aplica,Calle,22843
03133,No aplica,Calle,22844
03133,No aplica,Calle,22845
03133,No aplica,Calle,22846
03133,No aplica,Calle,22847
03133,No aplica,Calle,22848
03133,No aplica,Calle,22849
03133,No aplica,Calle,22850
03133,No aplica,Calle,22851
03133,No aplica,Calle,22852
03133,No aplica,Calle,22853
03133,Recta,Carretera,22854
03133,Curva señalizada,Carretera,22855
03133,Recta,Carretera,22856
03133,Recta,Carretera,22857
03133,No aplica,Calle,22858
03133,No aplica,Calle,22859
03133,No aplica,Calle,22860
03133,No aplica,Calle,22861
03133,No aplica,Calle,22862
03133,Recta,Carretera,22863
03133,Recta,Carretera,22864
03133,No aplica,Calle,22865
03133,No aplica,Calle,22866
03133,No aplica,Calle,22867
03133,No aplica,Calle,22868
03133,Recta,Carretera,22869
03133,Recta,Carretera,22870
03133,No aplica,Calle,22871
03133,No aplica,Calle,22872
03133,No aplica,Calle,22873
03133,No aplica,Calle,22874
03133,No aplica,Calle,22875
03133,Curva señalizada,Carretera,22876
03133,Recta,Carretera,22877
03133,Curva señalizada,Carretera,22878
03133,No aplica,Calle,22879
03133,Se desconoce,Carretera,22880
03133,Curva señalizada,Carretera,22881
03133,Recta,Carretera,22882
03133,Recta,Carretera,22883
03133,Recta,Carretera,22884
00000,Curva señalizada,Carretera,22885
00000,Curva señalizada,Travesía,22886
00000,Curva sin señalizar,Carretera,22887
00000,Curva sin señalizar,Carretera,22888
00000,Curva señalizada,Carretera,22889
00000,Curva señalizada,Carretera,22890
00000,Curva señalizada,Carretera,22891
03138,Curva señalizada,Carretera,22892
03063,Curva sin señalizar,Carretera,22893
03138,Recta,Carretera,22894
00000,Curva señalizada,Carretera,22895
03138,No aplica,Calle,22896
03138,No aplica,Calle,22897
03138,No aplica,Calle,22898
03139,No aplica,Calle,22899
03139,Curva sin señalizar,Carretera,22900
03139,Recta,Carretera,22901
03139,No aplica,Calle,22902
03139,No aplica,Calle,22903
03139,Recta,Carretera,22904
03139,No aplica,Calle,22905
03139,No aplica,Calle,22906
03139,No aplica,Calle,22907
03139,Recta,Carretera,22908
03139,No aplica,Calle,22909
03139,No aplica,Calle,22910
03139,No aplica,Calle,22911
03139,No aplica,Calle,22912
03139,No aplica,Calle,22913
03139,No aplica,Calle,22914
03139,No aplica,Calle,22915
03139,No aplica,Calle,22916
03139,No aplica,Calle,22917
03139,No aplica,Calle,22918
03139,No aplica,Calle,22919
03139,Recta,Carretera,22920
03139,No aplica,Calle,22921
03139,Recta,Carretera,22922
03139,No aplica,Calle,22923
03139,No aplica,Calle,22924
03139,Recta,Carretera,22925
03139,No aplica,Calle,22926
03139,No aplica,Calle,22927
03139,No aplica,Calle,22928
03139,No aplica,Calle,22929
03139,No aplica,Calle,22930
03139,No aplica,Calle,22931
03139,No aplica,Calle,22932
03139,No aplica,Calle,22933
03139,No aplica,Calle,22934
03139,No aplica,Calle,22935
03139,No aplica,Calle,22936
03139,No aplica,Calle,22937
03139,No aplica,Calle,22938
03139,No aplica,Calle,22939
03139,Recta,Carretera,22940
03139,No aplica,Calle,22941
03139,No aplica,Calle,22942
03139,No aplica,Calle,22943
03139,No aplica,Calle,22944
03139,No aplica,Calle,22945
03139,No aplica,Calle,22946
03139,No aplica,Calle,22947
03139,No aplica,Calle,22948
03139,Curva señalizada,Carretera,22949
03139,No aplica,Calle,22950
03139,No aplica,Calle,22951
03139,No aplica,Calle,22952
03139,Recta,Carretera,22953
03139,No aplica,Calle,22954
03139,No aplica,Calle,22955
03139,No aplica,Calle,22956
03139,Recta,Carretera,22957
03139,No aplica,Calle,22958
03139,No aplica,Calle,22959
03139,No aplica,Calle,22960
03139,No aplica,Calle,22961
03139,No aplica,Calle,22962
03139,No aplica,Calle,22963
03139,No aplica,Calle,22964
03139,Curva señalizada,Carretera,22965
03139,Recta,Carretera,22966
03139,Recta,Carretera,22967
03139,No aplica,Calle,22968
03139,No aplica,Calle,22969
03139,No aplica,Calle,22970
03139,Curva señalizada,Carretera,22971
03140,Recta,Carretera,22972
03140,No aplica,Calle,22973
03140,No aplica,Calle,22974
03140,No aplica,Calle,22975
03140,No aplica,Calle,22976
03140,Recta,Carretera,22977
03140,Curva señalizada,Carretera,22978
03140,Recta,Carretera,22979
03140,No aplica,Calle,22980
03140,No aplica,Calle,22981
03140,Recta,Carretera,22982
03140,Curva señalizada,Carretera,22983
03140,Curva señalizada,Carretera,22984
03140,Recta,Carretera,22985
03140,Curva sin señalizar,Carretera,22986
03140,No aplica,Calle,22987
03140,No aplica,Calle,22988
03140,Recta,Carretera,22989
03140,Curva señalizada,Carretera,22990
03140,Recta,Carretera,22991
03140,No aplica,Calle,22992
03140,Recta,Carretera,22993
03140,Recta,Carretera,22994
03140,Recta,Carretera,22995
03140,Curva señalizada,Carretera,22996
03140,No aplica,Calle,22997
03140,Recta,Carretera,22998
03140,No aplica,Calle,22999
03140,Curva sin señalizar,Carretera,23000
03140,Recta,Carretera,23001
03140,Recta,Carretera,23002
03140,No aplica,Calle,23003
03140,Recta,Carretera,23004
03140,Recta,Carretera,23005
03140,No aplica,Calle,23006
03140,No aplica,Calle,23007
03140,Recta,Carretera,23008
03140,No aplica,Calle,23009
03140,No aplica,Calle,23010
03140,No aplica,Calle,23011
03140,Recta,Carretera,23012
03140,Recta,Carretera,23013
03140,Recta,Carretera,23014
03140,Curva sin señalizar,Carretera,23015
03140,Curva señalizada,Carretera,23016
03140,Recta,Carretera,23017
03140,Recta,Carretera,23018
03902,No aplica,Calle,23019
03902,No aplica,Calle,23020
03902,No aplica,Calle,23021
03902,No aplica,Calle,23022
03902,No aplica,Calle,23023
03902,No aplica,Calle,23024
03902,Recta,Carretera,23025
03902,No aplica,Calle,23026
03902,No aplica,Calle,23027
03902,No aplica,Calle,23028
03902,No aplica,Calle,23029
03902,No aplica,Calle,23030
03902,No aplica,Calle,23031
03902,No aplica,Calle,23032
03902,Curva señalizada,Carretera,23033
03902,No aplica,Calle,23034
03902,No aplica,Calle,23035
03902,No aplica,Calle,23036
03902,Curva sin señalizar,Carretera,23037
03902,Recta,Carretera,23038
03902,Recta,Carretera,23039
03902,Recta,Carretera,23040
03902,No aplica,Calle,23041
03902,No aplica,Calle,23042
03902,Recta,Carretera,23043
03902,Recta,Carretera,23044
03902,Curva señalizada,Carretera,23045
03902,No aplica,Calle,23046
03902,No aplica,Calle,23047
03902,No aplica,Calle,23048
03902,No aplica,Calle,23049
03902,No aplica,Calle,23050
03902,No aplica,Calle,23051
03902,Recta,Carretera,23052
03902,No aplica,Calle,23053
03902,No aplica,Calle,23054
03902,No aplica,Calle,23055
03902,Recta,Carretera,23056
03902,No aplica,Calle,23057
03902,No aplica,Calle,23058
03902,No aplica,Calle,23059
03902,No aplica,Calle,23060
03902,No aplica,Calle,23061
03902,No aplica,Calle,23062
03902,No aplica,Calle,23063
03902,No aplica,Calle,23064
03902,No aplica,Calle,23065
03902,No aplica,Calle,23066
03902,No aplica,Calle,23067
03902,No aplica,Calle,23068
03902,No aplica,Calle,23069
03902,No aplica,Calle,23070
03902,No aplica,Calle,23071
03902,No aplica,Calle,23072
03902,No aplica,Calle,23073
03902,No aplica,Calle,23074
03902,No aplica,Calle,23075
03902,No aplica,Calle,23076
03902,No aplica,Calle,23077
03902,No aplica,Calle,23078
03902,No aplica,Calle,23079
03902,No aplica,Calle,23080
03902,No aplica,Calle,23081
03902,No aplica,Calle,23082
03902,No aplica,Calle,23083
03902,Recta,Carretera,23084
03902,No aplica,Calle,23085
03902,Recta,Carretera,23086
03902,No aplica,Calle,23087
03902,No aplica,Calle,23088
03902,No aplica,Calle,23089
03902,No aplica,Calle,23090
03902,No aplica,Calle,23091
03902,Curva sin señalizar,Carretera,23092
03902,Curva señalizada,Carretera,23093
03902,No aplica,Calle,23094
03902,No aplica,Calle,23095
03903,Curva señalizada,Carretera,23096
03903,Recta,Carretera,23097
03903,Curva sin señalizar,Carretera,23098
03133,Curva señalizada,Carretera,23099
03015,Curva señalizada,Carretera,23100
03903,Recta,Carretera,23101
03903,Recta,Carretera,23102
03903,Recta,Carretera,23103
03903,Recta,Carretera,23104
03903,Recta,Carretera,23105
03903,Recta,Carretera,23106
03903,Recta,Carretera,23107
00000,Recta,Carretera,23108
00000,Recta,Carretera,23109
00000,Recta,Carretera,23110
00000,Recta,Carretera,23111
00000,Curva sin señalizar,Carretera,23112
00000,Recta,Carretera,23113
00000,Recta,Carretera,23114
00000,Recta,Carretera,23115
03009,No aplica,Calle,23116
03009,No aplica,Calle,23117
03009,No aplica,Calle,23118
03009,No aplica,Calle,23119
03011,No aplica,Calle,23120
03011,No aplica,Calle,23121
03011,No aplica,Calle,23122
03011,No aplica,Calle,23123
03011,No aplica,Calle,23124
03011,No aplica,Calle,23125
03011,No aplica,Calle,23126
03011,No aplica,Calle,23127
03011,No aplica,Calle,23128
03011,No aplica,Calle,23129
03011,No aplica,Calle,23130
03011,No aplica,Calle,23131
03011,No aplica,Calle,23132
03011,No aplica,Calle,23133
03014,No aplica,Calle,23134
03014,No aplica,Calle,23135
03014,No aplica,Calle,23136
03014,No aplica,Calle,23137
03014,No aplica,Calle,23138
03014,No aplica,Calle,23139
03014,No aplica,Calle,23140
03014,No aplica,Calle,23141
03014,No aplica,Calle,23142
03014,No aplica,Calle,23143
03014,No aplica,Calle,23144
03014,Curva señalizada,Carretera,23145
03014,No aplica,Calle,23146
03014,No aplica,Calle,23147
03014,No aplica,Calle,23148
03014,No aplica,Calle,23149
03014,No aplica,Calle,23150
03014,No aplica,Calle,23151
03014,No aplica,Calle,23152
03014,No aplica,Calle,23153
03014,No aplica,Calle,23154
03014,No aplica,Calle,23155
03014,No aplica,Calle,23156
03014,No aplica,Calle,23157
03014,No aplica,Calle,23158
03014,No aplica,Calle,23159
03014,No aplica,Calle,23160
03014,No aplica,Calle,23161
03014,No aplica,Calle,23162
03014,No aplica,Calle,23163
03014,No aplica,Calle,23164
03014,No aplica,Calle,23165
03014,No aplica,Calle,23166
03014,No aplica,Calle,23167
03018,No aplica,Calle,23168
03019,No aplica,Calle,23169
03031,No aplica,Calle,23170
03031,No aplica,Calle,23171
03031,No aplica,Calle,23172
03031,No aplica,Calle,23173
03031,No aplica,Calle,23174
03031,No aplica,Calle,23175
03041,No aplica,Calle,23176
03041,No aplica,Calle,23177
03041,No aplica,Calle,23178
03041,No aplica,Calle,23179
03041,No aplica,Calle,23180
00000,Curva señalizada,Carretera,23181
03047,No aplica,Calle,23182
03047,No aplica,Calle,23183
03050,Recta,Carretera,23184
03055,No aplica,Calle,23185
03055,No aplica,Calle,23186
03055,No aplica,Calle,23187
03055,No aplica,Calle,23188
03055,No aplica,Calle,23189
03055,No aplica,Calle,23190
03055,No aplica,Calle,23191
03055,No aplica,Calle,23192
03055,No aplica,Calle,23193
03063,No aplica,Calle,23194
03063,No aplica,Calle,23195
03063,No aplica,Calle,23196
03063,No aplica,Calle,23197
03063,No aplica,Calle,23198
03063,No aplica,Calle,23199
03063,No aplica,Calle,23200
03063,No aplica,Calle,23201
03065,No aplica,Calle,23202
03065,No aplica,Calle,23203
03065,No aplica,Calle,23204
03065,No aplica,Calle,23205
03065,No aplica,Calle,23206
03065,No aplica,Calle,23207
03065,No aplica,Calle,23208
03065,No aplica,Calle,23209
03065,No aplica,Calle,23210
03065,No aplica,Calle,23211
03065,No aplica,Calle,23212
03065,No aplica,Calle,23213
03065,No aplica,Calle,23214
03065,No aplica,Calle,23215
03065,No aplica,Calle,23216
03065,No aplica,Calle,23217
03065,No aplica,Calle,23218
03065,No aplica,Calle,23219
03065,No aplica,Calle,23220
03065,No aplica,Calle,23221
03065,No aplica,Calle,23222
03065,No aplica,Calle,23223
03065,No aplica,Calle,23224
03065,No aplica,Calle,23225
03065,No aplica,Calle,23226
03065,No aplica,Calle,23227
03065,No aplica,Calle,23228
03065,No aplica,Calle,23229
03065,No aplica,Calle,23230
03065,No aplica,Calle,23231
03065,No aplica,Calle,23232
03065,No aplica,Calle,23233
03065,No aplica,Calle,23234
03065,No aplica,Calle,23235
03065,No aplica,Calle,23236
03066,No aplica,Calle,23237
03069,No aplica,Calle,23238
03069,No aplica,Calle,23239
03069,Recta,Carretera,23240
03069,No aplica,Calle,23241
03069,No aplica,Calle,23242
03076,No aplica,Calle,23243
03079,No aplica,Calle,23244
03079,No aplica,Calle,23245
03079,No aplica,Calle,23246
03079,No aplica,Calle,23247
03090,No aplica,Calle,23248
03090,No aplica,Calle,23249
03092,Curva señalizada,Carretera,23250
03093,No aplica,Calle,23251
03094,No aplica,Calle,23252
03096,No aplica,Calle,23253
03099,No aplica,Calle,23254
03101,Curva señalizada,Travesía,23255
03104,No aplica,Calle,23256
03104,No aplica,Calle,23257
03104,No aplica,Calle,23258
03104,No aplica,Calle,23259
03104,No aplica,Calle,23260
03104,No aplica,Calle,23261
03104,No aplica,Calle,23262
03104,No aplica,Calle,23263
03104,No aplica,Calle,23264
03104,No aplica,Calle,23265
03104,No aplica,Calle,23266
03104,No aplica,Calle,23267
03104,No aplica,Calle,23268
03104,No aplica,Calle,23269
03104,No aplica,Calle,23270
03104,No aplica,Calle,23271
03104,No aplica,Calle,23272
03104,No aplica,Calle,23273
03104,No aplica,Calle,23274
03104,No aplica,Calle,23275
03104,No aplica,Calle,23276
03104,No aplica,Calle,23277
03104,No aplica,Calle,23278
03104,No aplica,Calle,23279
03104,No aplica,Calle,23280
03111,No aplica,Calle,23281
03121,No aplica,Calle,23282
03121,No aplica,Calle,23283
03121,No aplica,Calle,23284
03121,No aplica,Calle,23285
03121,No aplica,Calle,23286
03121,No aplica,Calle,23287
03121,No aplica,Calle,23288
03122,No aplica,Calle,23289
03122,No aplica,Calle,23290
03128,No aplica,Calle,23291
03128,No aplica,Calle,23292
03128,No aplica,Calle,23293
03128,No aplica,Calle,23294
03133,No aplica,Calle,23295
03133,No aplica,Calle,23296
03133,No aplica,Calle,23297
03133,No aplica,Calle,23298
03133,No aplica,Calle,23299
03133,No aplica,Calle,23300
03133,No aplica,Calle,23301
03133,No aplica,Calle,23302
03133,No aplica,Calle,23303
03133,No aplica,Calle,23304
03133,No aplica,Calle,23305
03133,No aplica,Calle,23306
03133,No aplica,Calle,23307
03133,No aplica,Calle,23308
03133,No aplica,Calle,23309
03133,No aplica,Calle,23310
03133,No aplica,Calle,23311
03133,No aplica,Calle,23312
03133,No aplica,Calle,23313
03133,No aplica,Calle,23314
03133,No aplica,Calle,23315
03133,No aplica,Calle,23316
03133,No aplica,Calle,23317
03133,No aplica,Calle,23318
03133,No aplica,Calle,23319
03133,No aplica,Calle,23320
03133,No aplica,Calle,23321
03133,No aplica,Calle,23322
03133,No aplica,Calle,23323
03133,No aplica,Calle,23324
03133,No aplica,Calle,23325
03133,No aplica,Calle,23326
03133,No aplica,Calle,23327
03133,No aplica,Calle,23328
03133,No aplica,Calle,23329
03133,No aplica,Calle,23330
03133,No aplica,Calle,23331
03133,No aplica,Calle,23332
03133,No aplica,Calle,23333
03133,No aplica,Calle,23334
03133,No aplica,Calle,23335
03133,No aplica,Calle,23336
03133,No aplica,Calle,23337
03133,No aplica,Calle,23338
03133,No aplica,Calle,23339
03133,No aplica,Calle,23340
03133,No aplica,Calle,23341
03133,No aplica,Calle,23342
03133,No aplica,Calle,23343
03133,No aplica,Calle,23344
03139,No aplica,Calle,23345
03139,No aplica,Calle,23346
03139,No aplica,Calle,23347
03139,No aplica,Calle,23348
03139,No aplica,Calle,23349
03139,No aplica,Calle,23350
03902,Recta,Carretera,23351
03902,No aplica,Calle,23352
03002,Curva señalizada,Carretera,23353
03002,Curva señalizada,Carretera,23354
03002,Curva señalizada,Carretera,23355
03002,Recta,Carretera,23356
03002,Recta,Carretera,23357
03002,Recta,Carretera,23358
03002,Recta,Carretera,23359
03002,Recta,Carretera,23360
03002,Recta,Carretera,23361
03002,Recta,Carretera,23362
03002,Curva señalizada,Carretera,23363
00000,Curva señalizada,Carretera,23364
00000,Recta,Carretera,23365
00000,Curva señalizada,Carretera,23366
00000,Curva señalizada,Carretera,23367
00000,Curva señalizada,Carretera,23368
03005,Recta,Carretera,23369
03099,Recta,Carretera,23370
03005,Recta,Travesía,23371
03005,No aplica,Calle,23372
03005,No aplica,Calle,23373
03005,Curva señalizada,Carretera,23374
03005,Recta,Carretera,23375
03005,Recta,Carretera,23376
03005,Recta,Carretera,23377
03005,Curva señalizada,Carretera,23378
03005,Recta,Carretera,23379
03005,Recta,Carretera,23380
03005,No aplica,Calle,23381
03005,No aplica,Calle,23382
03005,No aplica,Calle,23383
03005,No aplica,Calle,23384
03005,Curva señalizada,Carretera,23385
03005,Curva sin señalizar,Carretera,23386
03005,Recta,Carretera,23387
03005,No aplica,Calle,23388
03005,Recta,Carretera,23389
03005,Curva señalizada,Carretera,23390
03005,Curva señalizada,Carretera,23391
03005,No aplica,Calle,23392
03005,No aplica,Calle,23393
03005,Se desconoce,Carretera,23394
00000,Recta,Carretera,23395
00000,Curva señalizada,Carretera,23396
00000,Recta,Carretera,23397
00000,Curva señalizada,Carretera,23398
00000,Curva sin señalizar,Carretera,23399
00000,Curva señalizada,Carretera,23400
00000,Recta,Carretera,23401
03014,Curva señalizada,Carretera,23402
03009,Curva señalizada,Carretera,23403
03009,No aplica,Calle,23404
03009,No aplica,Calle,23405
03009,No aplica,Calle,23406
03009,No aplica,Calle,23407
03009,Recta,Carretera,23408
03009,No aplica,Calle,23409
03009,Curva señalizada,Carretera,23410
03009,No aplica,Calle,23411
03009,Curva sin señalizar,Carretera,23412
03009,Curva señalizada,Carretera,23413
03009,Curva señalizada,Carretera,23414
03009,No aplica,Calle,23415
03009,Recta,Carretera,23416
03009,No aplica,Calle,23417
03009,No aplica,Calle,23418
03009,No aplica,Calle,23419
03009,No aplica,Calle,23420
03009,No aplica,Calle,23421
03009,No aplica,Calle,23422
03009,No aplica,Calle,23423
03009,No aplica,Calle,23424
03009,No aplica,Calle,23425
03009,No aplica,Calle,23426
03009,No aplica,Calle,23427
03009,No aplica,Calle,23428
03009,No aplica,Calle,23429
03009,No aplica,Calle,23430
03009,No aplica,Calle,23431
03009,No aplica,Calle,23432
03009,No aplica,Calle,23433
03009,No aplica,Calle,23434
03009,No aplica,Calle,23435
03009,No aplica,Calle,23436
03009,No aplica,Calle,23437
03009,No aplica,Calle,23438
03009,Curva señalizada,Carretera,23439
03009,No aplica,Calle,23440
03009,No aplica,Calle,23441
03009,No aplica,Calle,23442
03009,No aplica,Calle,23443
03009,No aplica,Calle,23444
03009,Curva señalizada,Carretera,23445
03009,No aplica,Calle,23446
03009,No aplica,Calle,23447
03009,No aplica,Calle,23448
03009,Recta,Carretera,23449
03009,No aplica,Calle,23450
03009,No aplica,Calle,23451
03009,No aplica,Calle,23452
03009,Recta,Carretera,23453
03009,Recta,Carretera,23454
03009,Recta,Carretera,23455
03009,Curva señalizada,Carretera,23456
03009,No aplica,Calle,23457
03009,No aplica,Calle,23458
03009,No aplica,Calle,23459
03009,No aplica,Calle,23460
03009,Recta,Carretera,23461
03009,Recta,Carretera,23462
03009,No aplica,Calle,23463
03009,No aplica,Calle,23464
03009,No aplica,Calle,23465
03009,No aplica,Calle,23466
03009,No aplica,Calle,23467
03009,No aplica,Calle,23468
03009,No aplica,Calle,23469
03009,No aplica,Calle,23470
03009,No aplica,Calle,23471
03009,No aplica,Calle,23472
03009,No aplica,Calle,23473
00000,Recta,Carretera,23474
03011,No aplica,Calle,23475
03011,No aplica,Calle,23476
03011,No aplica,Calle,23477
03011,No aplica,Calle,23478
03011,No aplica,Calle,23479
03011,No aplica,Calle,23480
03011,No aplica,Calle,23481
03011,No aplica,Calle,23482
03011,No aplica,Calle,23483
03011,No aplica,Calle,23484
03011,No aplica,Calle,23485
03011,No aplica,Calle,23486
03011,No aplica,Calle,23487
03011,No aplica,Calle,23488
03011,No aplica,Calle,23489
03011,No aplica,Calle,23490
03011,No aplica,Calle,23491
03011,No aplica,Calle,23492
03011,No aplica,Calle,23493
03011,No aplica,Calle,23494
03011,No aplica,Calle,23495
03031,Recta,Carretera,23496
03011,No aplica,Calle,23497
03011,Recta,Carretera,23498
03011,No aplica,Calle,23499
03011,No aplica,Calle,23500
03011,No aplica,Calle,23501
03011,No aplica,Calle,23502
03011,No aplica,Calle,23503
03011,Recta,Carretera,23504
03011,Recta,Carretera,23505
03011,No aplica,Calle,23506
03011,No aplica,Calle,23507
03011,No aplica,Calle,23508
03011,Recta,Carretera,23509
03011,No aplica,Calle,23510
03011,No aplica,Calle,23511
03011,Recta,Carretera,23512
03011,Curva señalizada,Carretera,23513
03011,No aplica,Calle,23514
03094,Curva señalizada,Carretera,23515
03011,No aplica,Calle,23516
03011,Recta,Carretera,23517
03011,No aplica,Calle,23518
03011,No aplica,Calle,23519
03011,No aplica,Calle,23520
03011,No aplica,Calle,23521
03011,No aplica,Calle,23522
03011,No aplica,Calle,23523
03011,No aplica,Calle,23524
03011,No aplica,Calle,23525
03011,No aplica,Calle,23526
03011,No aplica,Calle,23527
03011,No aplica,Calle,23528
03011,No aplica,Calle,23529
03011,No aplica,Calle,23530
03011,No aplica,Calle,23531
03011,No aplica,Calle,23532
03011,No aplica,Calle,23533
03011,No aplica,Calle,23534
03011,No aplica,Calle,23535
03011,No aplica,Calle,23536
03011,No aplica,Calle,23537
03011,No aplica,Calle,23538
03011,No aplica,Calle,23539
03011,No aplica,Calle,23540
03011,No aplica,Calle,23541
03011,No aplica,Calle,23542
03011,No aplica,Calle,23543
03011,No aplica,Calle,23544
03011,No aplica,Calle,23545
03011,No aplica,Calle,23546
03011,No aplica,Calle,23547
03011,No aplica,Calle,23548
03011,No aplica,Calle,23549
03011,No aplica,Calle,23550
03011,No aplica,Calle,23551
03011,No aplica,Calle,23552
03011,Curva señalizada,Carretera,23553
03011,No aplica,Calle,23554
03011,No aplica,Calle,23555
03011,No aplica,Calle,23556
03011,No aplica,Calle,23557
03011,No aplica,Calle,23558
03011,No aplica,Calle,23559
03011,No aplica,Calle,23560
00000,Recta,Carretera,23561
00000,Curva señalizada,Carretera,23562
00000,Curva señalizada,Carretera,23563
00000,Recta,Carretera,23564
00000,Curva señalizada,Carretera,23565
00000,Recta,Carretera,23566
00000,Recta,Carretera,23567
00000,Curva señalizada,Carretera,23568
00000,Curva señalizada,Carretera,23569
03015,Recta,Carretera,23570
00000,Recta,Carretera,23571
00000,Recta,Carretera,23572
00000,No aplica,Calle,23573
00000,No aplica,Calle,23574
00000,No aplica,Calle,23575
03015,Recta,Carretera,23576
00000,Recta,Carretera,23577
03014,Recta,Carretera,23578
03014,Recta,Carretera,23579
03014,Recta,Carretera,23580
03014,Recta,Carretera,23581
03014,Recta,Carretera,23582
03014,Recta,Carretera,23583
03014,Recta,Carretera,23584
03014,Recta,Carretera,23585
03014,Curva señalizada,Carretera,23586
03014,Recta,Carretera,23587
03014,Curva sin señalizar,Carretera,23588
03014,No aplica,Calle,23589
03014,Recta,Carretera,23590
03014,No aplica,Calle,23591
03014,Recta,Carretera,23592
03014,Recta,Carretera,23593
03014,Recta,Carretera,23594
03014,Curva señalizada,Carretera,23595
03014,No aplica,Calle,23596
03014,Recta,Carretera,23597
03014,No aplica,Calle,23598
03014,Curva señalizada,Carretera,23599
03014,No aplica,Calle,23600
03014,No aplica,Calle,23601
03014,No aplica,Calle,23602
03014,Curva señalizada,Carretera,23603
03014,No aplica,Calle,23604
03014,No aplica,Calle,23605
03014,No aplica,Calle,23606
03014,No aplica,Calle,23607
03014,No aplica,Calle,23608
03014,No aplica,Calle,23609
03014,Recta,Carretera,23610
03014,No aplica,Calle,23611
03014,No aplica,Calle,23612
03014,No aplica,Calle,23613
03014,No aplica,Calle,23614
03014,No aplica,Calle,23615
03014,No aplica,Calle,23616
03014,Recta,Carretera,23617
03014,No aplica,Calle,23618
03014,No aplica,Calle,23619
03014,Curva señalizada,Carretera,23620
03014,No aplica,Calle,23621
03014,No aplica,Calle,23622
03014,No aplica,Calle,23623
03014,No aplica,Calle,23624
03014,No aplica,Calle,23625
03090,Recta,Carretera,23626
03014,Curva señalizada,Carretera,23627
03014,No aplica,Calle,23628
03014,No aplica,Calle,23629
03014,No aplica,Calle,23630
03014,No aplica,Calle,23631
03014,No aplica,Calle,23632
03014,No aplica,Calle,23633
03014,No aplica,Calle,23634
03014,No aplica,Calle,23635
03014,No aplica,Calle,23636
03014,No aplica,Calle,23637
03014,No aplica,Calle,23638
03014,No aplica,Calle,23639
03014,No aplica,Calle,23640
03014,No aplica,Calle,23641
03014,No aplica,Calle,23642
03014,No aplica,Calle,23643
03014,Recta,Carretera,23644
03014,Recta,Carretera,23645
03014,No aplica,Calle,23646
03014,No aplica,Calle,23647
03014,No aplica,Calle,23648
03014,No aplica,Calle,23649
03014,No aplica,Calle,23650
03014,Recta,Carretera,23651
03014,No aplica,Calle,23652
03014,No aplica,Calle,23653
03014,No aplica,Calle,23654
03014,No aplica,Calle,23655
03014,Curva señalizada,Carretera,23656
03014,No aplica,Calle,23657
03014,No aplica,Calle,23658
03014,Se desconoce,Carretera,23659
03014,Recta,Carretera,23660
03014,Curva señalizada,Carretera,23661
03014,No aplica,Calle,23662
03014,No aplica,Calle,23663
03014,No aplica,Calle,23664
03014,No aplica,Calle,23665
03014,No aplica,Calle,23666
03014,No aplica,Calle,23667
03014,No aplica,Calle,23668
03014,Curva señalizada,Carretera,23669
03014,No aplica,Calle,23670
03014,No aplica,Calle,23671
03014,Recta,Carretera,23672
03014,No aplica,Calle,23673
03014,No aplica,Calle,23674
03014,Recta,Carretera,23675
03014,No aplica,Calle,23676
03014,Curva señalizada,Carretera,23677
03014,No aplica,Calle,23678
03014,No aplica,Calle,23679
03014,Recta,Carretera,23680
03014,Curva señalizada,Carretera,23681
03014,No aplica,Calle,23682
03014,Recta,Carretera,23683
03014,Curva señalizada,Carretera,23684
03014,Recta,Carretera,23685
03014,No aplica,Calle,23686
03014,Recta,Carretera,23687
03014,No aplica,Calle,23688
03014,Recta,Carretera,23689
03014,Recta,Carretera,23690
03014,No aplica,Calle,23691
03119,Recta,Carretera,23692
03014,Curva sin señalizar,Carretera,23693
03014,No aplica,Calle,23694
03014,No aplica,Calle,23695
03014,No aplica,Calle,23696
03014,No aplica,Calle,23697
03014,No aplica,Calle,23698
03014,No aplica,Calle,23699
03014,No aplica,Calle,23700
03014,No aplica,Calle,23701
03014,No aplica,Calle,23702
03014,No aplica,Calle,23703
03014,No aplica,Calle,23704
03014,No aplica,Calle,23705
03014,No aplica,Calle,23706
03014,No aplica,Calle,23707
03014,No aplica,Calle,23708
03014,No aplica,Calle,23709
03014,No aplica,Calle,23710
03014,No aplica,Calle,23711
03014,No aplica,Calle,23712
03014,No aplica,Calle,23713
03014,No aplica,Calle,23714
03014,No aplica,Calle,23715
03014,No aplica,Calle,23716
03014,No aplica,Calle,23717
03014,No aplica,Calle,23718
03014,No aplica,Calle,23719
03014,No aplica,Calle,23720
03014,No aplica,Calle,23721
03014,No aplica,Calle,23722
03014,No aplica,Calle,23723
03014,No aplica,Calle,23724
03014,No aplica,Calle,23725
03014,No aplica,Calle,23726
03014,No aplica,Calle,23727
03014,No aplica,Calle,23728
03014,No aplica,Calle,23729
03014,No aplica,Calle,23730
03014,No aplica,Calle,23731
03014,No aplica,Calle,23732
03014,No aplica,Calle,23733
03014,No aplica,Calle,23734
03014,No aplica,Calle,23735
03014,No aplica,Calle,23736
03014,No aplica,Calle,23737
03014,No aplica,Calle,23738
03014,No aplica,Calle,23739
03014,No aplica,Calle,23740
03014,No aplica,Calle,23741
03014,No aplica,Calle,23742
03014,No aplica,Calle,23743
03014,No aplica,Calle,23744
03014,No aplica,Calle,23745
03014,No aplica,Calle,23746
03014,No aplica,Calle,23747
03014,No aplica,Calle,23748
03014,No aplica,Calle,23749
03014,No aplica,Calle,23750
03014,No aplica,Calle,23751
03014,No aplica,Calle,23752
03014,No aplica,Calle,23753
03014,No aplica,Calle,23754
03014,No aplica,Calle,23755
03014,No aplica,Calle,23756
03014,No aplica,Calle,23757
03014,No aplica,Calle,23758
03014,No aplica,Calle,23759
03014,No aplica,Calle,23760
03014,No aplica,Calle,23761
03014,No aplica,Calle,23762
03014,No aplica,Calle,23763
03014,No aplica,Calle,23764
03014,No aplica,Calle,23765
03014,No aplica,Calle,23766
03014,No aplica,Calle,23767
03014,No aplica,Calle,23768
03014,No aplica,Calle,23769
03014,No aplica,Calle,23770
03014,No aplica,Calle,23771
03014,No aplica,Calle,23772
03014,No aplica,Calle,23773
03014,No aplica,Calle,23774
03014,No aplica,Calle,23775
03014,No aplica,Calle,23776
03014,No aplica,Calle,23777
03014,No aplica,Calle,23778
03014,No aplica,Calle,23779
03014,No aplica,Calle,23780
03014,No aplica,Calle,23781
03014,No aplica,Calle,23782
03014,No aplica,Calle,23783
03014,No aplica,Calle,23784
03014,Recta,Carretera,23785
03014,No aplica,Calle,23786
03014,No aplica,Calle,23787
03014,No aplica,Calle,23788
03014,No aplica,Calle,23789
03014,No aplica,Calle,23790
03014,Curva señalizada,Carretera,23791
03014,No aplica,Calle,23792
03014,Recta,Carretera,23793
03014,Curva señalizada,Carretera,23794
03014,Recta,Carretera,23795
03014,Recta,Carretera,23796
03065,Recta,Carretera,23797
03014,No aplica,Calle,23798
03014,No aplica,Calle,23799
03014,No aplica,Calle,23800
03014,No aplica,Calle,23801
03014,No aplica,Calle,23802
03014,No aplica,Calle,23803
03014,No aplica,Calle,23804
03014,No aplica,Calle,23805
03014,No aplica,Calle,23806
03014,No aplica,Calle,23807
03014,No aplica,Calle,23808
03014,No aplica,Calle,23809
03014,No aplica,Calle,23810
03014,No aplica,Calle,23811
03014,Curva señalizada,Carretera,23812
03014,No aplica,Calle,23813
03014,Recta,Carretera,23814
03014,No aplica,Calle,23815
03014,No aplica,Calle,23816
03014,No aplica,Calle,23817
03014,No aplica,Calle,23818
03014,No aplica,Calle,23819
03014,No aplica,Calle,23820
03014,No aplica,Calle,23821
03014,No aplica,Calle,23822
03014,No aplica,Calle,23823
03014,No aplica,Calle,23824
03014,No aplica,Calle,23825
03014,No aplica,Calle,23826
03014,No aplica,Calle,23827
03014,No aplica,Calle,23828
03014,No aplica,Calle,23829
03014,No aplica,Calle,23830
03014,Recta,Carretera,23831
03014,No aplica,Calle,23832
03014,No aplica,Calle,23833
03014,No aplica,Calle,23834
03014,No aplica,Calle,23835
03014,No aplica,Calle,23836
03014,No aplica,Calle,23837
03014,No aplica,Calle,23838
03014,No aplica,Calle,23839
03014,No aplica,Calle,23840
03014,No aplica,Calle,23841
03014,No aplica,Calle,23842
03014,No aplica,Calle,23843
03014,No aplica,Calle,23844
03014,No aplica,Calle,23845
03014,No aplica,Calle,23846
03014,No aplica,Calle,23847
03014,No aplica,Calle,23848
03014,No aplica,Calle,23849
03014,No aplica,Calle,23850
03014,No aplica,Calle,23851
03014,No aplica,Calle,23852
03014,No aplica,Calle,23853
03014,No aplica,Calle,23854
03014,Curva sin señalizar,Carretera,23855
03014,No aplica,Calle,23856
03014,No aplica,Calle,23857
03014,No aplica,Calle,23858
03014,No aplica,Calle,23859
03014,No aplica,Calle,23860
03014,No aplica,Calle,23861
03014,No aplica,Calle,23862
03014,No aplica,Calle,23863
03014,Recta,Carretera,23864
03014,Curva señalizada,Carretera,23865
03014,Recta,Carretera,23866
03014,Recta,Carretera,23867
03014,No aplica,Calle,23868
03014,No aplica,Calle,23869
03014,Recta,Carretera,23870
03014,No aplica,Calle,23871
03014,No aplica,Calle,23872
03014,No aplica,Calle,23873
03014,No aplica,Calle,23874
03014,No aplica,Calle,23875
03014,Recta,Carretera,23876
03014,No aplica,Calle,23877
03014,No aplica,Calle,23878
03014,No aplica,Calle,23879
03014,No aplica,Calle,23880
03014,No aplica,Calle,23881
03014,No aplica,Calle,23882
03014,No aplica,Calle,23883
03014,No aplica,Calle,23884
03014,No aplica,Calle,23885
03014,Recta,Carretera,23886
03014,No aplica,Calle,23887
03014,No aplica,Calle,23888
03014,No aplica,Calle,23889
03014,No aplica,Calle,23890
03014,Recta,Carretera,23891
03014,No aplica,Calle,23892
03014,No aplica,Calle,23893
03014,No aplica,Calle,23894
03014,No aplica,Calle,23895
03014,No aplica,Calle,23896
03014,Recta,Carretera,23897
03014,Recta,Carretera,23898
03014,No aplica,Calle,23899
03014,No aplica,Calle,23900
03014,Recta,Carretera,23901
03014,No aplica,Calle,23902
03014,No aplica,Calle,23903
03014,No aplica,Calle,23904
03014,Recta,Carretera,23905
03014,No aplica,Calle,23906
03014,Recta,Carretera,23907
03014,No aplica,Calle,23908
03014,No aplica,Calle,23909
03014,Recta,Carretera,23910
03014,No aplica,Calle,23911
03014,No aplica,Calle,23912
03014,Recta,Carretera,23913
03014,No aplica,Calle,23914
03014,No aplica,Calle,23915
03014,No aplica,Calle,23916
03014,No aplica,Calle,23917
03014,No aplica,Calle,23918
03014,No aplica,Calle,23919
03014,No aplica,Calle,23920
03014,No aplica,Calle,23921
03014,No aplica,Calle,23922
03014,No aplica,Calle,23923
03014,Recta,Carretera,23924
03014,Recta,Carretera,23925
03014,Recta,Carretera,23926
03014,Recta,Carretera,23927
03014,No aplica,Calle,23928
03014,No aplica,Calle,23929
03014,No aplica,Calle,23930
03014,No aplica,Calle,23931
03014,No aplica,Calle,23932
03014,Recta,Carretera,23933
03014,Recta,Carretera,23934
03014,Curva señalizada,Carretera,23935
03014,Recta,Carretera,23936
03014,No aplica,Calle,23937
03014,No aplica,Calle,23938
03014,Curva señalizada,Carretera,23939
03014,Recta,Carretera,23940
03014,No aplica,Calle,23941
03014,Recta,Carretera,23942
03014,Curva señalizada,Carretera,23943
03014,No aplica,Calle,23944
03014,Recta,Carretera,23945
03014,Recta,Carretera,23946
03014,No aplica,Calle,23947
03014,No aplica,Calle,23948
03014,No aplica,Calle,23949
03014,Recta,Carretera,23950
03014,No aplica,Calle,23951
03014,Recta,Carretera,23952
03014,No aplica,Calle,23953
03014,No aplica,Calle,23954
03014,Recta,Carretera,23955
03014,Recta,Carretera,23956
03014,Recta,Carretera,23957
03014,Recta,Carretera,23958
03014,Recta,Carretera,23959
03014,Recta,Carretera,23960
03014,No aplica,Calle,23961
03014,No aplica,Calle,23962
03014,No aplica,Calle,23963
03014,No aplica,Calle,23964
03014,No aplica,Calle,23965
03014,No aplica,Calle,23966
03014,No aplica,Calle,23967
03014,No aplica,Calle,23968
03014,Recta,Carretera,23969
03014,Recta,Carretera,23970
03014,Recta,Carretera,23971
03014,Curva señalizada,Carretera,23972
03014,Curva señalizada,Carretera,23973
03014,No aplica,Calle,23974
03014,Recta,Carretera,23975
03014,No aplica,Calle,23976
03014,No aplica,Calle,23977
03014,Recta,Carretera,23978
03014,Recta,Carretera,23979
03014,Recta,Carretera,23980
03014,No aplica,Calle,23981
03014,No aplica,Calle,23982
03014,Curva señalizada,Carretera,23983
03014,Curva señalizada,Carretera,23984
03014,Recta,Carretera,23985
03014,Curva señalizada,Carretera,23986
03014,Recta,Carretera,23987
03014,No aplica,Calle,23988
03014,No aplica,Calle,23989
03014,Recta,Carretera,23990
03014,Recta,Carretera,23991
03014,Recta,Carretera,23992
03014,Recta,Carretera,23993
03140,Recta,Carretera,23994
03014,Recta,Carretera,23995
03014,Recta,Carretera,23996
03014,Recta,Carretera,23997
03014,Recta,Carretera,23998
03014,Recta,Carretera,23999
03014,No aplica,Calle,24000
03014,Curva señalizada,Carretera,24001
03014,No aplica,Calle,24002
03014,Recta,Carretera,24003
03014,Recta,Carretera,24004
03014,Curva señalizada,Carretera,24005
03014,Recta,Carretera,24006
03014,No aplica,Calle,24007
03014,Recta,Carretera,24008
03014,Recta,Carretera,24009
03014,Recta,Carretera,24010
03014,Recta,Carretera,24011
03014,No aplica,Calle,24012
03014,No aplica,Calle,24013
03014,Recta,Carretera,24014
03014,Recta,Carretera,24015
03014,Recta,Carretera,24016
03014,Recta,Carretera,24017
03014,Recta,Carretera,24018
03014,No aplica,Calle,24019
03014,Recta,Carretera,24020
03014,Recta,Carretera,24021
03014,No aplica,Calle,24022
03014,Recta,Carretera,24023
03014,No aplica,Calle,24024
03014,No aplica,Calle,24025
03014,No aplica,Calle,24026
03014,Recta,Carretera,24027
03014,Recta,Carretera,24028
03014,No aplica,Calle,24029
03014,Recta,Carretera,24030
03014,No aplica,Calle,24031
03014,No aplica,Calle,24032
03014,No aplica,Calle,24033
03014,Recta,Carretera,24034
03014,No aplica,Calle,24035
03014,No aplica,Calle,24036
03014,No aplica,Calle,24037
03014,No aplica,Calle,24038
03014,Curva señalizada,Carretera,24039
03014,Recta,Carretera,24040
03014,No aplica,Calle,24041
03014,Recta,Carretera,24042
03133,Recta,Carretera,24043
03014,No aplica,Calle,24044
03014,No aplica,Calle,24045
03014,No aplica,Calle,24046
03014,No aplica,Calle,24047
03014,No aplica,Calle,24048
03014,No aplica,Calle,24049
03015,Recta,Carretera,24050
03015,Recta,Carretera,24051
03015,Curva sin señalizar,Carretera,24052
03015,Recta,Carretera,24053
03015,Recta,Carretera,24054
03015,Recta,Carretera,24055
03015,Recta,Carretera,24056
03015,Recta,Carretera,24057
03015,Recta,Carretera,24058
00000,Curva señalizada,Carretera,24059
03015,Curva sin señalizar,Carretera,24060
03015,Recta,Carretera,24061
03015,Recta,Carretera,24062
03015,Recta,Carretera,24063
03015,No aplica,Calle,24064
03056,Curva sin señalizar,Carretera,24065
03018,Recta,Carretera,24066
03018,Recta,Carretera,24067
03018,Recta,Carretera,24068
03018,Curva señalizada,Carretera,24069
03018,Curva señalizada,Carretera,24070
03018,No aplica,Calle,24071
03018,No aplica,Calle,24072
03018,No aplica,Calle,24073
03018,Recta,Carretera,24074
03047,Recta,Carretera,24075
03018,Curva señalizada,Carretera,24076
03018,Curva señalizada,Carretera,24077
03018,No aplica,Calle,24078
03018,No aplica,Calle,24079
03018,Curva señalizada,Carretera,24080
03018,No aplica,Calle,24081
03018,Recta,Carretera,24082
03018,Curva señalizada,Carretera,24083
03018,Recta,Carretera,24084
03018,No aplica,Calle,24085
03018,No aplica,Calle,24086
03018,No aplica,Calle,24087
03018,No aplica,Calle,24088
03018,Recta,Carretera,24089
03018,No aplica,Calle,24090
03018,Recta,Carretera,24091
03018,No aplica,Calle,24092
03018,No aplica,Calle,24093
03018,No aplica,Calle,24094
03018,No aplica,Calle,24095
03018,No aplica,Calle,24096
03018,No aplica,Calle,24097
03018,No aplica,Calle,24098
03018,No aplica,Calle,24099
03018,No aplica,Calle,24100
03018,No aplica,Calle,24101
03018,No aplica,Calle,24102
03018,No aplica,Calle,24103
03018,No aplica,Calle,24104
03018,No aplica,Calle,24105
03018,No aplica,Calle,24106
03018,No aplica,Calle,24107
03018,No aplica,Calle,24108
03018,No aplica,Calle,24109
03018,No aplica,Calle,24110
03018,No aplica,Calle,24111
03018,No aplica,Calle,24112
03018,No aplica,Calle,24113
03018,No aplica,Calle,24114
03018,No aplica,Calle,24115
03018,No aplica,Calle,24116
03018,No aplica,Calle,24117
03018,No aplica,Calle,24118
03018,No aplica,Calle,24119
03018,No aplica,Calle,24120
03018,No aplica,Calle,24121
03018,No aplica,Calle,24122
03018,Curva señalizada,Carretera,24123
03018,No aplica,Calle,24124
03018,No aplica,Calle,24125
03018,Curva señalizada,Carretera,24126
03018,Recta,Carretera,24127
03018,Curva señalizada,Carretera,24128
03019,Curva señalizada,Carretera,24129
03019,Curva señalizada,Carretera,24130
03019,Curva señalizada,Carretera,24131
03019,Curva señalizada,Carretera,24132
03019,Curva señalizada,Carretera,24133
03065,Curva sin señalizar,Carretera,24134
03019,Recta,Carretera,24135
03019,Recta,Carretera,24136
03019,Recta,Carretera,24137
03019,Curva sin señalizar,Carretera,24138
03019,Curva señalizada,Carretera,24139
03019,Recta,Carretera,24140
03019,Recta,Carretera,24141
03088,Se desconoce,Carretera,24142
03019,Curva sin señalizar,Carretera,24143
03019,Recta,Carretera,24144
03019,Recta,Carretera,24145
00000,Curva señalizada,Carretera,24146
03021,No aplica,Calle,24147
03021,Curva señalizada,Carretera,24148
03021,No aplica,Calle,24149
03021,No aplica,Calle,24150
03021,No aplica,Calle,24151
03021,Curva sin señalizar,Carretera,24152
03021,No aplica,Calle,24153
03021,Recta,Carretera,24154
03021,No aplica,Calle,24155
03021,Curva señalizada,Carretera,24156
03021,Recta,Carretera,24157
03021,No aplica,Calle,24158
00000,Recta,Carretera,24159
03024,Recta,Carretera,24160
03099,Se desconoce,Travesía,24161
03099,Recta,Carretera,24162
03024,No aplica,Calle,24163
00000,No aplica,Calle,24164
00000,Curva sin señalizar,Carretera,24165
03095,Recta,Carretera,24166
00000,Recta,Carretera,24167
00000,Curva señalizada,Carretera,24168
00000,Recta,Carretera,24169
00000,No aplica,Calle,24170
00000,Recta,Carretera,24171
03101,Curva señalizada,Carretera,24172
03031,Recta,Carretera,24173
03031,No aplica,Calle,24174
03031,No aplica,Calle,24175
03031,No aplica,Calle,24176
03031,No aplica,Calle,24177
03031,No aplica,Calle,24178
03031,No aplica,Calle,24179
03031,No aplica,Calle,24180
03031,Recta,Carretera,24181
03031,No aplica,Calle,24182
03031,No aplica,Calle,24183
03031,No aplica,Calle,24184
03031,No aplica,Calle,24185
03031,No aplica,Calle,24186
03031,No aplica,Calle,24187
03031,No aplica,Calle,24188
03031,Recta,Carretera,24189
03031,No aplica,Calle,24190
03031,No aplica,Calle,24191
03031,No aplica,Calle,24192
03031,No aplica,Calle,24193
03031,No aplica,Calle,24194
03031,No aplica,Calle,24195
03031,No aplica,Calle,24196
03031,No aplica,Calle,24197
03031,No aplica,Calle,24198
03031,No aplica,Calle,24199
03031,No aplica,Calle,24200
03031,No aplica,Calle,24201
03031,No aplica,Calle,24202
03031,No aplica,Calle,24203
03031,No aplica,Calle,24204
03031,Recta,Carretera,24205
03031,No aplica,Calle,24206
03031,No aplica,Calle,24207
03031,No aplica,Calle,24208
03031,No aplica,Calle,24209
03031,No aplica,Calle,24210
03031,No aplica,Calle,24211
03031,No aplica,Calle,24212
03031,No aplica,Calle,24213
03031,No aplica,Calle,24214
03031,No aplica,Calle,24215
03031,No aplica,Calle,24216
03031,No aplica,Calle,24217
03031,No aplica,Calle,24218
03031,No aplica,Calle,24219
03031,No aplica,Calle,24220
03031,No aplica,Calle,24221
03031,No aplica,Calle,24222
03031,No aplica,Calle,24223
03031,No aplica,Calle,24224
03031,No aplica,Calle,24225
03031,Recta,Carretera,24226
03031,No aplica,Calle,24227
03031,No aplica,Calle,24228
03031,No aplica,Calle,24229
03031,No aplica,Calle,24230
03031,No aplica,Calle,24231
03031,No aplica,Calle,24232
03011,Recta,Carretera,24233
03031,No aplica,Calle,24234
03031,No aplica,Calle,24235
03031,No aplica,Calle,24236
03031,No aplica,Calle,24237
03031,No aplica,Calle,24238
03031,No aplica,Calle,24239
03031,No aplica,Calle,24240
03031,No aplica,Calle,24241
03031,No aplica,Calle,24242
03031,No aplica,Calle,24243
03031,No aplica,Calle,24244
03031,No aplica,Calle,24245
03031,No aplica,Calle,24246
03031,No aplica,Calle,24247
03031,No aplica,Calle,24248
03031,No aplica,Calle,24249
03031,No aplica,Calle,24250
03031,No aplica,Calle,24251
03031,No aplica,Calle,24252
03031,No aplica,Calle,24253
03031,No aplica,Calle,24254
03031,No aplica,Calle,24255
03031,No aplica,Calle,24256
03031,No aplica,Calle,24257
03031,No aplica,Calle,24258
03031,No aplica,Calle,24259
03031,No aplica,Calle,24260
03031,No aplica,Calle,24261
03031,No aplica,Calle,24262
03031,No aplica,Calle,24263
03031,No aplica,Calle,24264
03031,No aplica,Calle,24265
03031,No aplica,Calle,24266
03031,Recta,Carretera,24267
03031,No aplica,Calle,24268
03031,Recta,Carretera,24269
03031,No aplica,Calle,24270
03031,Recta,Carretera,24271
03031,No aplica,Calle,24272
03031,No aplica,Calle,24273
03031,No aplica,Calle,24274
03031,No aplica,Calle,24275
03031,No aplica,Calle,24276
03031,No aplica,Calle,24277
03031,No aplica,Calle,24278
03031,No aplica,Calle,24279
03031,No aplica,Calle,24280
03031,Recta,Carretera,24281
03031,No aplica,Calle,24282
03031,Recta,Carretera,24283
03031,No aplica,Calle,24284
03031,No aplica,Calle,24285
03031,No aplica,Calle,24286
03031,Recta,Carretera,24287
03031,No aplica,Calle,24288
03031,No aplica,Calle,24289
03031,No aplica,Calle,24290
03031,No aplica,Calle,24291
03031,No aplica,Calle,24292
03031,No aplica,Calle,24293
03031,No aplica,Calle,24294
03031,No aplica,Calle,24295
03031,Recta,Carretera,24296
03031,No aplica,Calle,24297
03031,No aplica,Calle,24298
03031,No aplica,Calle,24299
03094,Recta,Carretera,24300
03031,No aplica,Calle,24301
03031,No aplica,Calle,24302
03031,No aplica,Calle,24303
03069,Recta,Carretera,24304
03031,No aplica,Calle,24305
03031,No aplica,Calle,24306
03031,No aplica,Calle,24307
03031,No aplica,Calle,24308
03031,No aplica,Calle,24309
03031,No aplica,Calle,24310
03031,No aplica,Calle,24311
03031,No aplica,Calle,24312
03031,No aplica,Calle,24313
03031,Recta,Carretera,24314
03031,No aplica,Calle,24315
03031,No aplica,Calle,24316
03031,No aplica,Calle,24317
03031,No aplica,Calle,24318
03031,No aplica,Calle,24319
03031,Curva señalizada,Carretera,24320
03031,No aplica,Calle,24321
03031,No aplica,Calle,24322
03031,No aplica,Calle,24323
03031,Recta,Carretera,24324
03031,No aplica,Calle,24325
03031,No aplica,Calle,24326
03031,No aplica,Calle,24327
03031,No aplica,Calle,24328
03031,No aplica,Calle,24329
03031,No aplica,Calle,24330
03031,No aplica,Calle,24331
03031,No aplica,Calle,24332
03031,No aplica,Calle,24333
03031,No aplica,Calle,24334
03031,No aplica,Calle,24335
03031,Curva señalizada,Carretera,24336
03031,No aplica,Calle,24337
03031,No aplica,Calle,24338
03031,No aplica,Calle,24339
03031,No aplica,Calle,24340
03031,No aplica,Calle,24341
03031,No aplica,Calle,24342
03031,No aplica,Calle,24343
03031,No aplica,Calle,24344
03031,No aplica,Calle,24345
03031,No aplica,Calle,24346
03031,No aplica,Calle,24347
03031,No aplica,Calle,24348
03031,No aplica,Calle,24349
03031,No aplica,Calle,24350
03031,No aplica,Calle,24351
03031,No aplica,Calle,24352
03031,No aplica,Calle,24353
03031,No aplica,Calle,24354
03031,No aplica,Calle,24355
03031,No aplica,Calle,24356
03031,No aplica,Calle,24357
03031,No aplica,Calle,24358
03031,No aplica,Calle,24359
03031,No aplica,Calle,24360
03031,No aplica,Calle,24361
03031,No aplica,Calle,24362
03031,No aplica,Calle,24363
03031,Curva sin señalizar,Carretera,24364
03031,Curva señalizada,Carretera,24365
03031,No aplica,Calle,24366
03031,No aplica,Calle,24367
03031,Recta,Carretera,24368
03031,No aplica,Calle,24369
03031,No aplica,Calle,24370
03031,No aplica,Calle,24371
03031,No aplica,Calle,24372
03031,No aplica,Calle,24373
03031,No aplica,Calle,24374
03031,No aplica,Calle,24375
03031,No aplica,Calle,24376
03031,No aplica,Calle,24377
03031,No aplica,Calle,24378
03031,No aplica,Calle,24379
03031,No aplica,Calle,24380
03031,No aplica,Calle,24381
03031,Recta,Carretera,24382
03031,No aplica,Calle,24383
03031,No aplica,Calle,24384
03031,No aplica,Calle,24385
03031,No aplica,Calle,24386
03031,No aplica,Calle,24387
03031,No aplica,Calle,24388
03031,No aplica,Calle,24389
03031,No aplica,Calle,24390
03031,No aplica,Calle,24391
03031,No aplica,Calle,24392
03031,No aplica,Calle,24393
03031,Recta,Carretera,24394
03031,No aplica,Calle,24395
03031,No aplica,Calle,24396
03011,Recta,Carretera,24397
03031,No aplica,Calle,24398
03031,No aplica,Calle,24399
03031,No aplica,Calle,24400
03031,Curva señalizada,Carretera,24401
03031,Recta,Carretera,24402
03031,Recta,Carretera,24403
03031,No aplica,Calle,24404
03031,No aplica,Calle,24405
03031,No aplica,Calle,24406
03031,Recta,Carretera,24407
03031,No aplica,Calle,24408
03031,No aplica,Calle,24409
03031,No aplica,Calle,24410
03031,No aplica,Calle,24411
03031,No aplica,Calle,24412
03031,No aplica,Calle,24413
03031,No aplica,Calle,24414
03031,No aplica,Calle,24415
03031,No aplica,Calle,24416
03031,No aplica,Calle,24417
03031,Curva señalizada,Carretera,24418
03031,No aplica,Calle,24419
03031,No aplica,Calle,24420
03031,No aplica,Calle,24421
03031,Recta,Carretera,24422
03031,No aplica,Calle,24423
03031,No aplica,Calle,24424
03031,No aplica,Calle,24425
03031,Se desconoce,Carretera,24426
03031,No aplica,Calle,24427
03031,No aplica,Calle,24428
03031,No aplica,Calle,24429
03031,Curva señalizada,Carretera,24430
03031,No aplica,Calle,24431
03031,No aplica,Calle,24432
03031,No aplica,Calle,24433
03031,No aplica,Calle,24434
03031,No aplica,Calle,24435
03031,No aplica,Calle,24436
03031,No aplica,Calle,24437
03031,Recta,Carretera,24438
03031,No aplica,Calle,24439
03031,No aplica,Calle,24440
03069,Curva señalizada,Carretera,24441
03031,No aplica,Calle,24442
03031,No aplica,Calle,24443
03031,No aplica,Calle,24444
03069,Curva señalizada,Carretera,24445
03031,No aplica,Calle,24446
03031,No aplica,Calle,24447
03031,No aplica,Calle,24448
03031,No aplica,Calle,24449
03031,No aplica,Calle,24450
03031,No aplica,Calle,24451
03031,No aplica,Calle,24452
03031,No aplica,Calle,24453
03031,No aplica,Calle,24454
03031,Recta,Carretera,24455
03031,No aplica,Calle,24456
03031,No aplica,Calle,24457
03031,No aplica,Calle,24458
03031,No aplica,Calle,24459
03031,No aplica,Calle,24460
03031,No aplica,Calle,24461
03031,No aplica,Calle,24462
03031,No aplica,Calle,24463
03031,No aplica,Calle,24464
03031,Recta,Carretera,24465
03031,No aplica,Calle,24466
03031,No aplica,Calle,24467
00000,Curva señalizada,Carretera,24468
00000,Curva señalizada,Carretera,24469
00000,Curva señalizada,Carretera,24470
00000,Curva señalizada,Carretera,24471
00000,Curva señalizada,Carretera,24472
00000,Recta,Carretera,24473
00000,Curva sin señalizar,Carretera,24474
00000,No aplica,Calle,24475
00000,Recta,Carretera,24476
00000,No aplica,Calle,24477
00000,No aplica,Calle,24478
00000,No aplica,Calle,24479
00000,No aplica,Calle,24480
00000,Curva señalizada,Carretera,24481
00000,Curva señalizada,Carretera,24482
00000,Curva señalizada,Carretera,24483
03041,Curva sin señalizar,Carretera,24484
03041,Recta,Carretera,24485
03041,Curva señalizada,Carretera,24486
03041,No aplica,Calle,24487
03041,Recta,Carretera,24488
03041,Curva señalizada,Carretera,24489
03041,Curva sin señalizar,Carretera,24490
03041,Curva sin señalizar,Carretera,24491
00000,Curva señalizada,Carretera,24492
03041,No aplica,Calle,24493
03041,No aplica,Calle,24494
03041,No aplica,Calle,24495
03041,Recta,Carretera,24496
03041,No aplica,Calle,24497
03041,Recta,Carretera,24498
03041,No aplica,Calle,24499
03041,No aplica,Calle,24500
03041,No aplica,Calle,24501
03041,No aplica,Calle,24502
03041,Recta,Carretera,24503
03041,Curva señalizada,Carretera,24504
03041,Recta,Carretera,24505
03041,No aplica,Calle,24506
03041,No aplica,Calle,24507
03041,Recta,Carretera,24508
03041,Recta,Carretera,24509
03041,Recta,Carretera,24510
00000,Curva sin señalizar,Carretera,24511
03041,No aplica,Calle,24512
03041,Recta,Carretera,24513
03041,Recta,Carretera,24514
03041,Curva sin señalizar,Carretera,24515
00000,Curva señalizada,Carretera,24516
03041,Recta,Carretera,24517
03041,Curva señalizada,Carretera,24518
03128,Curva señalizada,Carretera,24519
00000,Curva sin señalizar,Carretera,24520
03082,Curva señalizada,Carretera,24521
00000,Curva señalizada,Carretera,24522
00000,No aplica,Calle,24523
00000,No aplica,Calle,24524
00000,No aplica,Calle,24525
00000,No aplica,Calle,24526
00000,No aplica,Calle,24527
00000,Recta,Carretera,24528
00000,No aplica,Calle,24529
00000,No aplica,Calle,24530
03082,Recta,Carretera,24531
00000,Curva señalizada,Carretera,24532
00000,Curva señalizada,Carretera,24533
00000,Curva sin señalizar,Carretera,24534
00000,Recta,Carretera,24535
00000,Recta,Carretera,24536
00000,Recta,Carretera,24537
00000,No aplica,Calle,24538
00000,No aplica,Calle,24539
03044,Curva señalizada,Carretera,24540
03044,No aplica,Calle,24541
03044,Recta,Carretera,24542
03044,Recta,Travesía,24543
00000,Curva señalizada,Carretera,24544
00000,Curva señalizada,Carretera,24545
00000,Curva sin señalizar,Carretera,24546
00000,Recta,Carretera,24547
00000,Recta,Carretera,24548
00000,Recta,Carretera,24549
00000,Recta,Carretera,24550
00000,Recta,Carretera,24551
03047,Recta,Carretera,24552
03047,No aplica,Calle,24553
03047,No aplica,Calle,24554
03047,Curva señalizada,Carretera,24555
03047,Curva señalizada,Carretera,24556
03047,Curva señalizada,Carretera,24557
03047,Recta,Carretera,24558
03041,Curva señalizada,Carretera,24559
03041,Recta,Carretera,24560
03047,Recta,Carretera,24561
03041,Curva señalizada,Carretera,24562
03047,Curva señalizada,Carretera,24563
03107,Curva señalizada,Carretera,24564
03048,Curva señalizada,Carretera,24565
03048,Curva señalizada,Carretera,24566
03048,Recta,Carretera,24567
03048,Recta,Carretera,24568
03048,No aplica,Calle,24569
03048,Curva señalizada,Carretera,24570
03048,Curva señalizada,Carretera,24571
03048,Recta,Carretera,24572
00000,Curva señalizada,Carretera,24573
03048,No aplica,Calle,24574
03048,No aplica,Calle,24575
03048,No aplica,Calle,24576
03048,Curva señalizada,Carretera,24577
03048,No aplica,Calle,24578
03049,Recta,Carretera,24579
03049,Curva sin señalizar,Carretera,24580
03049,Recta,Carretera,24581
03049,Curva señalizada,Carretera,24582
03049,Recta,Carretera,24583
03049,Recta,Carretera,24584
03049,No aplica,Calle,24585
03049,No aplica,Calle,24586
03049,No aplica,Calle,24587
03049,No aplica,Calle,24588
03049,No aplica,Calle,24589
03049,No aplica,Calle,24590
03049,No aplica,Calle,24591
03049,Recta,Carretera,24592
03049,No aplica,Calle,24593
03049,No aplica,Calle,24594
03049,No aplica,Calle,24595
03049,No aplica,Calle,24596
03049,No aplica,Calle,24597
03049,No aplica,Calle,24598
03049,No aplica,Calle,24599
03049,No aplica,Calle,24600
03049,No aplica,Calle,24601
03049,No aplica,Calle,24602
03049,No aplica,Calle,24603
03049,No aplica,Calle,24604
03049,No aplica,Calle,24605
03049,No aplica,Calle,24606
03049,No aplica,Calle,24607
03049,No aplica,Calle,24608
03049,No aplica,Calle,24609
03049,Recta,Carretera,24610
03049,No aplica,Calle,24611
03049,No aplica,Calle,24612
03049,No aplica,Calle,24613
03049,Curva señalizada,Carretera,24614
03049,Recta,Carretera,24615
03050,Curva señalizada,Carretera,24616
03090,Recta,Carretera,24617
03050,Curva señalizada,Carretera,24618
03050,Recta,Carretera,24619
03050,Curva señalizada,Carretera,24620
03050,Recta,Carretera,24621
03139,Recta,Carretera,24622
03050,No aplica,Calle,24623
03014,Recta,Carretera,24624
03139,Recta,Carretera,24625
03050,No aplica,Calle,24626
03050,No aplica,Calle,24627
03050,No aplica,Calle,24628
03050,No aplica,Calle,24629
03050,No aplica,Calle,24630
03050,No aplica,Calle,24631
03050,No aplica,Calle,24632
03050,Curva señalizada,Carretera,24633
03050,No aplica,Calle,24634
03090,Recta,Carretera,24635
03050,Recta,Carretera,24636
03050,No aplica,Calle,24637
03050,No aplica,Calle,24638
03050,Recta,Carretera,24639
03050,No aplica,Calle,24640
03050,No aplica,Calle,24641
03050,Recta,Carretera,24642
03050,Recta,Carretera,24643
03050,Recta,Carretera,24644
03050,No aplica,Calle,24645
03050,No aplica,Calle,24646
03050,Recta,Carretera,24647
03050,No aplica,Calle,24648
03050,No aplica,Calle,24649
03050,Recta,Carretera,24650
03050,No aplica,Calle,24651
03050,No aplica,Calle,24652
03050,No aplica,Calle,24653
03050,Recta,Carretera,24654
03050,No aplica,Calle,24655
03050,No aplica,Calle,24656
03050,No aplica,Calle,24657
03050,No aplica,Calle,24658
03050,No aplica,Calle,24659
03050,No aplica,Calle,24660
03050,Recta,Carretera,24661
03050,Recta,Carretera,24662
03050,No aplica,Calle,24663
03050,No aplica,Calle,24664
03050,No aplica,Calle,24665
03050,No aplica,Calle,24666
03050,No aplica,Calle,24667
03050,No aplica,Calle,24668
03050,No aplica,Calle,24669
03050,No aplica,Calle,24670
03050,No aplica,Calle,24671
03050,No aplica,Calle,24672
03050,Recta,Carretera,24673
03050,No aplica,Calle,24674
00000,Recta,Carretera,24675
03053,Recta,Carretera,24676
03053,Recta,Carretera,24677
03053,No aplica,Calle,24678
03096,Recta,Carretera,24679
03053,No aplica,Calle,24680
03053,No aplica,Calle,24681
03053,Recta,Carretera,24682
03053,Recta,Carretera,24683
03053,No aplica,Calle,24684
03053,Recta,Carretera,24685
00000,Recta,Travesía,24686
00000,Recta,Carretera,24687
00000,Curva señalizada,Carretera,24688
00000,Recta,Carretera,24689
00000,Curva señalizada,Carretera,24690
00000,Curva señalizada,Carretera,24691
00000,Curva señalizada,Carretera,24692
03055,Curva señalizada,Carretera,24693
03055,Curva sin señalizar,Carretera,24694
03055,Curva sin señalizar,Carretera,24695
03055,Curva sin señalizar,Carretera,24696
03064,Recta,Carretera,24697
03055,Recta,Carretera,24698
03055,Curva sin señalizar,Carretera,24699
03055,No aplica,Calle,24700
03055,No aplica,Calle,24701
03055,No aplica,Calle,24702
03055,No aplica,Calle,24703
03055,No aplica,Calle,24704
03055,No aplica,Calle,24705
03055,Recta,Carretera,24706
03059,Recta,Carretera,24707
03055,Recta,Carretera,24708
03056,Recta,Carretera,24709
03056,Curva sin señalizar,Carretera,24710
03092,Recta,Carretera,24711
03056,Recta,Carretera,24712
03056,No aplica,Calle,24713
03056,No aplica,Calle,24714
03009,Recta,Carretera,24715
03056,Curva señalizada,Carretera,24716
03056,Curva señalizada,Carretera,24717
03056,Recta,Carretera,24718
03056,Recta,Carretera,24719
03056,Curva señalizada,Carretera,24720
00000,Curva señalizada,Carretera,24721
00000,Curva señalizada,Carretera,24722
00000,Curva señalizada,Carretera,24723
00000,Curva sin señalizar,Carretera,24724
00000,Curva señalizada,Carretera,24725
00000,Curva señalizada,Carretera,24726
00000,Curva sin señalizar,Carretera,24727
03058,Recta,Carretera,24728
03058,Curva señalizada,Carretera,24729
03058,Recta,Carretera,24730
03058,Recta,Carretera,24731
03058,Recta,Carretera,24732
03058,Recta,Carretera,24733
03058,Recta,Carretera,24734
03058,No aplica,Calle,24735
03058,No aplica,Calle,24736
03058,No aplica,Calle,24737
03059,Recta,Carretera,24738
03059,Recta,Carretera,24739
03059,Recta,Carretera,24740
03059,Recta,Carretera,24741
03059,Curva señalizada,Carretera,24742
03065,Recta,Carretera,24743
03059,Curva señalizada,Carretera,24744
03059,Recta,Carretera,24745
03059,Curva señalizada,Carretera,24746
03059,Curva sin señalizar,Carretera,24747
03059,Curva señalizada,Carretera,24748
03059,No aplica,Calle,24749
03059,No aplica,Calle,24750
03059,Recta,Carretera,24751
03059,No aplica,Calle,24752
03059,No aplica,Calle,24753
03059,No aplica,Calle,24754
03059,No aplica,Calle,24755
03059,No aplica,Calle,24756
03059,No aplica,Calle,24757
03059,No aplica,Calle,24758
03059,Recta,Carretera,24759
03059,No aplica,Calle,24760
03059,Recta,Carretera,24761
03059,No aplica,Calle,24762
03059,No aplica,Calle,24763
03059,No aplica,Calle,24764
03059,Curva señalizada,Carretera,24765
03059,No aplica,Calle,24766
03059,Curva señalizada,Carretera,24767
03059,Recta,Carretera,24768
03059,No aplica,Calle,24769
03059,No aplica,Calle,24770
03059,Recta,Carretera,24771
03059,Curva señalizada,Carretera,24772
03059,Recta,Carretera,24773
03059,Recta,Carretera,24774
03055,Recta,Carretera,24775
03059,No aplica,Calle,24776
03059,No aplica,Calle,24777
03059,No aplica,Calle,24778
03059,No aplica,Calle,24779
03059,No aplica,Calle,24780
03059,No aplica,Calle,24781
03059,No aplica,Calle,24782
03059,No aplica,Calle,24783
03059,Recta,Carretera,24784
00000,Recta,Carretera,24785
00000,Recta,Carretera,24786
00000,Recta,Carretera,24787
00000,Recta,Carretera,24788
00000,Recta,Carretera,24789
00000,Recta,Carretera,24790
00000,Recta,Carretera,24791
03063,Recta,Carretera,24792
03063,No aplica,Calle,24793
03063,No aplica,Calle,24794
03063,Curva sin señalizar,Carretera,24795
03063,Recta,Carretera,24796
03063,No aplica,Calle,24797
03063,No aplica,Calle,24798
03063,No aplica,Calle,24799
03063,Recta,Carretera,24800
03063,No aplica,Calle,24801
03063,Recta,Carretera,24802
03063,No aplica,Calle,24803
03063,No aplica,Calle,24804
03063,No aplica,Calle,24805
03063,No aplica,Calle,24806
03063,No aplica,Calle,24807
03063,Recta,Carretera,24808
03063,No aplica,Calle,24809
03063,No aplica,Calle,24810
03063,Curva señalizada,Carretera,24811
03063,Recta,Carretera,24812
03063,No aplica,Calle,24813
03063,Recta,Carretera,24814
03063,No aplica,Calle,24815
03063,Curva señalizada,Carretera,24816
03063,No aplica,Calle,24817
03063,Recta,Carretera,24818
03063,No aplica,Calle,24819
03063,Recta,Carretera,24820
03063,Recta,Carretera,24821
03063,Recta,Carretera,24822
03063,Recta,Carretera,24823
03063,No aplica,Calle,24824
03063,No aplica,Calle,24825
03063,Recta,Carretera,24826
03063,Recta,Carretera,24827
03063,Curva señalizada,Carretera,24828
03063,Curva señalizada,Carretera,24829
03063,Recta,Carretera,24830
03063,Recta,Carretera,24831
03063,Recta,Carretera,24832
03063,Curva señalizada,Carretera,24833
03063,Recta,Carretera,24834
03063,Recta,Carretera,24835
03071,Recta,Carretera,24836
03063,Recta,Carretera,24837
03063,No aplica,Calle,24838
03063,No aplica,Calle,24839
03101,Recta,Travesía,24840
03063,No aplica,Calle,24841
03063,Recta,Carretera,24842
03063,Recta,Carretera,24843
03063,No aplica,Calle,24844
03063,No aplica,Calle,24845
03063,Recta,Carretera,24846
03063,No aplica,Calle,24847
03064,Recta,Carretera,24848
03064,Recta,Carretera,24849
03064,Recta,Carretera,24850
03064,Recta,Carretera,24851
03064,Recta,Carretera,24852
03064,No aplica,Calle,24853
03064,No aplica,Calle,24854
03064,No aplica,Calle,24855
03064,No aplica,Calle,24856
03064,No aplica,Calle,24857
03064,No aplica,Calle,24858
03064,No aplica,Calle,24859
03064,Recta,Carretera,24860
03064,Recta,Carretera,24861
03064,No aplica,Calle,24862
03064,Recta,Carretera,24863
03065,No aplica,Calle,24864
03065,No aplica,Calle,24865
03065,Recta,Carretera,24866
03065,Curva señalizada,Carretera,24867
03065,Curva señalizada,Carretera,24868
03065,No aplica,Calle,24869
03065,No aplica,Calle,24870
03065,No aplica,Calle,24871
03065,No aplica,Calle,24872
03065,Curva señalizada,Carretera,24873
03065,No aplica,Calle,24874
03065,No aplica,Calle,24875
03065,Curva señalizada,Carretera,24876
03065,Curva sin señalizar,Carretera,24877
03065,No aplica,Calle,24878
03065,No aplica,Calle,24879
03065,No aplica,Calle,24880
03065,No aplica,Calle,24881
03065,No aplica,Calle,24882
03065,No aplica,Calle,24883
03065,No aplica,Calle,24884
03065,No aplica,Calle,24885
03065,No aplica,Calle,24886
03065,No aplica,Calle,24887
03065,Recta,Carretera,24888
03065,No aplica,Calle,24889
03065,No aplica,Calle,24890
03065,No aplica,Calle,24891
03065,No aplica,Calle,24892
03065,No aplica,Calle,24893
03065,No aplica,Calle,24894
03065,No aplica,Calle,24895
03065,Recta,Carretera,24896
03065,Recta,Carretera,24897
03065,No aplica,Calle,24898
03065,No aplica,Calle,24899
03065,No aplica,Calle,24900
03065,No aplica,Calle,24901
03065,No aplica,Calle,24902
03065,No aplica,Calle,24903
03014,Recta,Carretera,24904
03065,No aplica,Calle,24905
03065,No aplica,Calle,24906
03065,No aplica,Calle,24907
03065,No aplica,Calle,24908
03065,No aplica,Calle,24909
03065,No aplica,Calle,24910
03065,No aplica,Calle,24911
03065,No aplica,Calle,24912
03065,No aplica,Calle,24913
03065,No aplica,Calle,24914
03065,No aplica,Calle,24915
03065,No aplica,Calle,24916
03065,No aplica,Calle,24917
03065,No aplica,Calle,24918
03065,Recta,Carretera,24919
03065,No aplica,Calle,24920
03065,No aplica,Calle,24921
03014,Recta,Carretera,24922
03065,Recta,Carretera,24923
03065,No aplica,Calle,24924
03065,No aplica,Calle,24925
03065,No aplica,Calle,24926
03065,No aplica,Calle,24927
03065,No aplica,Calle,24928
03065,No aplica,Calle,24929
03065,No aplica,Calle,24930
03065,No aplica,Calle,24931
03065,No aplica,Calle,24932
03065,No aplica,Calle,24933
03065,No aplica,Calle,24934
03065,No aplica,Calle,24935
03065,No aplica,Calle,24936
03065,No aplica,Calle,24937
03065,No aplica,Calle,24938
03065,No aplica,Calle,24939
03065,No aplica,Calle,24940
03065,No aplica,Calle,24941
03065,No aplica,Calle,24942
03065,No aplica,Calle,24943
03065,No aplica,Calle,24944
03065,Curva señalizada,Carretera,24945
03065,Recta,Carretera,24946
03065,No aplica,Calle,24947
03065,No aplica,Calle,24948
03065,No aplica,Calle,24949
03065,Recta,Carretera,24950
03065,No aplica,Calle,24951
03065,No aplica,Calle,24952
03065,No aplica,Calle,24953
03065,Curva señalizada,Carretera,24954
03065,No aplica,Calle,24955
03065,No aplica,Calle,24956
03065,No aplica,Calle,24957
03065,No aplica,Calle,24958
03065,No aplica,Calle,24959
03065,No aplica,Calle,24960
03065,No aplica,Calle,24961
03065,No aplica,Calle,24962
03065,No aplica,Calle,24963
03065,No aplica,Calle,24964
03065,No aplica,Calle,24965
03065,No aplica,Calle,24966
03065,No aplica,Calle,24967
03065,No aplica,Calle,24968
03065,Recta,Carretera,24969
03065,No aplica,Calle,24970
03065,No aplica,Calle,24971
03065,No aplica,Calle,24972
03065,Recta,Carretera,24973
03065,No aplica,Calle,24974
03065,No aplica,Calle,24975
03065,Recta,Carretera,24976
03065,No aplica,Calle,24977
03065,No aplica,Calle,24978
03065,No aplica,Calle,24979
03065,Recta,Carretera,24980
03065,No aplica,Calle,24981
03065,No aplica,Calle,24982
03065,No aplica,Calle,24983
03065,No aplica,Calle,24984
03065,Curva señalizada,Carretera,24985
03065,No aplica,Calle,24986
03065,Recta,Carretera,24987
03065,Recta,Carretera,24988
03065,Recta,Carretera,24989
03065,Recta,Carretera,24990
03065,No aplica,Calle,24991
03121,Curva sin señalizar,Carretera,24992
03065,No aplica,Calle,24993
03065,No aplica,Calle,24994
03065,Recta,Carretera,24995
03065,Recta,Carretera,24996
03065,No aplica,Calle,24997
03065,Recta,Carretera,24998
03065,No aplica,Calle,24999
03065,Curva sin señalizar,Carretera,25000
03065,No aplica,Calle,25001
03065,No aplica,Calle,25002
03065,Recta,Carretera,25003
03065,No aplica,Calle,25004
03065,Recta,Carretera,25005
03065,No aplica,Calle,25006
03065,No aplica,Calle,25007
03065,No aplica,Calle,25008
03065,Recta,Carretera,25009
03065,No aplica,Calle,25010
03065,Curva señalizada,Carretera,25011
03065,Recta,Carretera,25012
03065,Recta,Carretera,25013
03065,Curva señalizada,Carretera,25014
03065,No aplica,Calle,25015
03065,No aplica,Calle,25016
03065,No aplica,Calle,25017
03065,No aplica,Calle,25018
03065,Recta,Carretera,25019
03065,No aplica,Calle,25020
03065,Recta,Carretera,25021
03065,No aplica,Calle,25022
03065,No aplica,Calle,25023
03065,No aplica,Calle,25024
03065,Recta,Carretera,25025
03065,No aplica,Calle,25026
03065,No aplica,Calle,25027
03065,No aplica,Calle,25028
03065,No aplica,Calle,25029
03065,No aplica,Calle,25030
03065,No aplica,Calle,25031
03065,No aplica,Calle,25032
03065,Curva señalizada,Carretera,25033
03065,No aplica,Calle,25034
03065,No aplica,Calle,25035
03065,No aplica,Calle,25036
03065,Recta,Carretera,25037
03065,No aplica,Calle,25038
03065,No aplica,Calle,25039
03065,No aplica,Calle,25040
03065,No aplica,Calle,25041
03065,No aplica,Calle,25042
03065,No aplica,Calle,25043
03065,No aplica,Calle,25044
03065,No aplica,Calle,25045
03065,No aplica,Calle,25046
03065,Recta,Carretera,25047
03065,Recta,Carretera,25048
03065,No aplica,Calle,25049
03065,Curva señalizada,Carretera,25050
03065,No aplica,Calle,25051
03065,No aplica,Calle,25052
03065,Curva señalizada,Carretera,25053
03065,No aplica,Calle,25054
03065,No aplica,Calle,25055
03065,No aplica,Calle,25056
03065,No aplica,Calle,25057
03065,Curva señalizada,Carretera,25058
03065,Recta,Carretera,25059
03065,No aplica,Calle,25060
03065,No aplica,Calle,25061
03065,No aplica,Calle,25062
03065,No aplica,Calle,25063
03065,No aplica,Calle,25064
03065,No aplica,Calle,25065
03065,No aplica,Calle,25066
03065,Recta,Carretera,25067
03065,Recta,Carretera,25068
03065,No aplica,Calle,25069
03065,Recta,Carretera,25070
03065,Recta,Carretera,25071
03065,No aplica,Calle,25072
03065,No aplica,Calle,25073
03065,Recta,Carretera,25074
03065,No aplica,Calle,25075
03065,Recta,Carretera,25076
03065,Recta,Carretera,25077
03065,No aplica,Calle,25078
03065,No aplica,Calle,25079
03065,Recta,Carretera,25080
03065,No aplica,Calle,25081
03065,Recta,Carretera,25082
03065,No aplica,Calle,25083
03065,No aplica,Calle,25084
03065,No aplica,Calle,25085
03065,No aplica,Calle,25086
03065,No aplica,Calle,25087
03065,No aplica,Calle,25088
03065,Recta,Carretera,25089
03065,No aplica,Calle,25090
03065,No aplica,Calle,25091
03065,No aplica,Calle,25092
03065,No aplica,Calle,25093
03065,No aplica,Calle,25094
03065,No aplica,Calle,25095
03065,No aplica,Calle,25096
03065,Recta,Carretera,25097
03065,Recta,Carretera,25098
03065,No aplica,Calle,25099
03065,No aplica,Calle,25100
03065,No aplica,Calle,25101
03065,Curva señalizada,Carretera,25102
03065,No aplica,Calle,25103
03065,No aplica,Calle,25104
03065,Curva señalizada,Carretera,25105
03065,No aplica,Calle,25106
03065,No aplica,Calle,25107
03065,Recta,Carretera,25108
03065,No aplica,Calle,25109
03065,Recta,Carretera,25110
03065,No aplica,Calle,25111
03065,Recta,Carretera,25112
03065,No aplica,Calle,25113
03065,No aplica,Calle,25114
03065,No aplica,Calle,25115
03065,No aplica,Calle,25116
03065,No aplica,Calle,25117
03065,No aplica,Calle,25118
03065,No aplica,Calle,25119
03065,No aplica,Calle,25120
03065,No aplica,Calle,25121
03065,No aplica,Calle,25122
03065,Recta,Carretera,25123
03065,No aplica,Calle,25124
03065,No aplica,Calle,25125
03065,No aplica,Calle,25126
03065,No aplica,Calle,25127
03065,Recta,Carretera,25128
03065,No aplica,Calle,25129
03065,No aplica,Calle,25130
03065,No aplica,Calle,25131
03065,No aplica,Calle,25132
03065,Curva señalizada,Carretera,25133
03065,Curva señalizada,Carretera,25134
03065,No aplica,Calle,25135
03065,No aplica,Calle,25136
03065,Recta,Carretera,25137
03065,No aplica,Calle,25138
03065,No aplica,Calle,25139
03065,No aplica,Calle,25140
03065,Recta,Carretera,25141
03065,Curva señalizada,Carretera,25142
03065,No aplica,Calle,25143
03065,No aplica,Calle,25144
03065,No aplica,Calle,25145
03065,No aplica,Calle,25146
03065,No aplica,Calle,25147
03065,No aplica,Calle,25148
03065,Recta,Carretera,25149
03065,Recta,Carretera,25150
03065,No aplica,Calle,25151
03065,No aplica,Calle,25152
03065,No aplica,Calle,25153
03065,No aplica,Calle,25154
03065,No aplica,Calle,25155
03065,No aplica,Calle,25156
03065,No aplica,Calle,25157
03065,No aplica,Calle,25158
03065,Recta,Carretera,25159
03014,Recta,Carretera,25160
03065,No aplica,Calle,25161
03065,No aplica,Calle,25162
03065,Curva sin señalizar,Carretera,25163
03065,No aplica,Calle,25164
03065,No aplica,Calle,25165
03065,No aplica,Calle,25166
03065,Recta,Carretera,25167
03065,Recta,Carretera,25168
03065,No aplica,Calle,25169
03065,No aplica,Calle,25170
03065,No aplica,Calle,25171
03065,Curva señalizada,Carretera,25172
03065,No aplica,Calle,25173
03065,No aplica,Calle,25174
03065,No aplica,Calle,25175
03065,No aplica,Calle,25176
03065,No aplica,Calle,25177
03065,Recta,Carretera,25178
03065,Recta,Carretera,25179
03065,No aplica,Calle,25180
03065,No aplica,Calle,25181
03065,Recta,Carretera,25182
03065,No aplica,Calle,25183
03065,Recta,Carretera,25184
03065,No aplica,Calle,25185
03065,No aplica,Calle,25186
03065,Recta,Carretera,25187
03065,No aplica,Calle,25188
03065,No aplica,Calle,25189
03065,Recta,Carretera,25190
03065,No aplica,Calle,25191
03065,Curva señalizada,Carretera,25192
03065,Curva sin señalizar,Carretera,25193
03065,No aplica,Calle,25194
03065,No aplica,Calle,25195
03065,No aplica,Calle,25196
03065,Recta,Carretera,25197
03065,No aplica,Calle,25198
03065,No aplica,Calle,25199
03065,Recta,Carretera,25200
03065,Curva señalizada,Carretera,25201
03065,No aplica,Calle,25202
03065,No aplica,Calle,25203
03065,No aplica,Calle,25204
03065,Recta,Carretera,25205
03065,No aplica,Calle,25206
03065,No aplica,Calle,25207
03065,No aplica,Calle,25208
03065,Recta,Carretera,25209
03065,Curva sin señalizar,Carretera,25210
03065,No aplica,Calle,25211
03065,No aplica,Calle,25212
03065,No aplica,Calle,25213
03065,No aplica,Calle,25214
03065,No aplica,Calle,25215
03065,Recta,Carretera,25216
03065,No aplica,Calle,25217
03065,No aplica,Calle,25218
03065,No aplica,Calle,25219
03065,No aplica,Calle,25220
03065,No aplica,Calle,25221
03065,Recta,Carretera,25222
03065,No aplica,Calle,25223
03065,No aplica,Calle,25224
03065,No aplica,Calle,25225
03065,No aplica,Calle,25226
03065,Curva señalizada,Carretera,25227
03065,Recta,Carretera,25228
03065,Recta,Carretera,25229
03065,No aplica,Calle,25230
03065,No aplica,Calle,25231
03065,No aplica,Calle,25232
03065,No aplica,Calle,25233
03065,No aplica,Calle,25234
03065,No aplica,Calle,25235
03065,No aplica,Calle,25236
03065,No aplica,Calle,25237
03065,No aplica,Calle,25238
03065,No aplica,Calle,25239
03065,Recta,Carretera,25240
03065,Curva señalizada,Carretera,25241
03065,No aplica,Calle,25242
03065,Recta,Carretera,25243
03065,Recta,Carretera,25244
03065,No aplica,Calle,25245
03065,Curva señalizada,Carretera,25246
03065,Recta,Carretera,25247
03065,No aplica,Calle,25248
03065,No aplica,Calle,25249
03065,No aplica,Calle,25250
03065,No aplica,Calle,25251
03065,No aplica,Calle,25252
03065,No aplica,Calle,25253
03065,No aplica,Calle,25254
03065,No aplica,Calle,25255
03065,No aplica,Calle,25256
03065,No aplica,Calle,25257
03065,Recta,Carretera,25258
03065,No aplica,Calle,25259
03065,Recta,Carretera,25260
03065,Recta,Carretera,25261
03065,Recta,Carretera,25262
03065,Recta,Carretera,25263
03065,No aplica,Calle,25264
03065,No aplica,Calle,25265
03065,No aplica,Calle,25266
03065,Recta,Carretera,25267
03065,No aplica,Calle,25268
03065,Curva señalizada,Carretera,25269
03065,Curva señalizada,Carretera,25270
03065,No aplica,Calle,25271
03065,No aplica,Calle,25272
03065,No aplica,Calle,25273
03065,No aplica,Calle,25274
03065,Recta,Carretera,25275
03065,Recta,Carretera,25276
03065,Curva señalizada,Carretera,25277
03065,Recta,Carretera,25278
03065,Recta,Carretera,25279
03065,Curva señalizada,Carretera,25280
03065,No aplica,Calle,25281
03065,Recta,Carretera,25282
03065,Recta,Carretera,25283
03065,Curva señalizada,Carretera,25284
03065,Recta,Carretera,25285
03065,Recta,Carretera,25286
03065,No aplica,Calle,25287
03065,Recta,Carretera,25288
03065,Recta,Carretera,25289
03065,Recta,Carretera,25290
03065,Recta,Carretera,25291
03065,No aplica,Calle,25292
03065,No aplica,Calle,25293
03065,No aplica,Calle,25294
03065,No aplica,Calle,25295
03065,Recta,Carretera,25296
03065,No aplica,Calle,25297
03065,No aplica,Calle,25298
03065,No aplica,Calle,25299
03065,Curva señalizada,Carretera,25300
03065,No aplica,Calle,25301
03065,No aplica,Calle,25302
03065,No aplica,Calle,25303
03065,No aplica,Calle,25304
03065,Recta,Carretera,25305
03065,No aplica,Calle,25306
03065,No aplica,Calle,25307
03065,Recta,Carretera,25308
03065,No aplica,Calle,25309
03065,No aplica,Calle,25310
03065,No aplica,Calle,25311
03065,No aplica,Calle,25312
03065,No aplica,Calle,25313
03065,No aplica,Calle,25314
03065,Recta,Carretera,25315
03065,No aplica,Calle,25316
03065,No aplica,Calle,25317
03065,No aplica,Calle,25318
03065,Curva señalizada,Carretera,25319
03065,Curva señalizada,Carretera,25320
03065,Recta,Carretera,25321
03065,Curva señalizada,Carretera,25322
03065,Recta,Carretera,25323
03065,No aplica,Calle,25324
03065,Recta,Carretera,25325
03014,Recta,Carretera,25326
03065,Recta,Carretera,25327
03065,Recta,Carretera,25328
03065,Curva señalizada,Carretera,25329
03014,Curva señalizada,Carretera,25330
03065,Recta,Carretera,25331
03065,No aplica,Calle,25332
03065,Curva señalizada,Carretera,25333
03065,Recta,Carretera,25334
03065,Se desconoce,Carretera,25335
03065,No aplica,Calle,25336
03065,No aplica,Calle,25337
03065,No aplica,Calle,25338
03065,Curva señalizada,Carretera,25339
03065,Curva sin señalizar,Carretera,25340
03065,Curva señalizada,Carretera,25341
03065,Curva señalizada,Carretera,25342
03065,Curva señalizada,Carretera,25343
03065,Curva señalizada,Carretera,25344
03065,Recta,Carretera,25345
03065,Recta,Carretera,25346
03065,Recta,Carretera,25347
03065,No aplica,Calle,25348
03065,No aplica,Calle,25349
03065,No aplica,Calle,25350
03065,Recta,Carretera,25351
03065,Curva señalizada,Carretera,25352
03065,No aplica,Calle,25353
03065,No aplica,Calle,25354
03066,Curva señalizada,Carretera,25355
03066,No aplica,Calle,25356
03066,No aplica,Calle,25357
03066,No aplica,Calle,25358
03066,No aplica,Calle,25359
03066,No aplica,Calle,25360
03066,No aplica,Calle,25361
03066,No aplica,Calle,25362
03066,Curva señalizada,Carretera,25363
03066,No aplica,Calle,25364
03066,No aplica,Calle,25365
03066,No aplica,Calle,25366
03066,No aplica,Calle,25367
03066,No aplica,Calle,25368
03066,No aplica,Calle,25369
03066,No aplica,Calle,25370
03066,Curva señalizada,Carretera,25371
03093,Curva señalizada,Carretera,25372
03066,No aplica,Calle,25373
03123,Recta,Carretera,25374
03066,No aplica,Calle,25375
03066,No aplica,Calle,25376
03066,No aplica,Calle,25377
03066,No aplica,Calle,25378
03066,No aplica,Calle,25379
03066,No aplica,Calle,25380
03066,No aplica,Calle,25381
03066,No aplica,Calle,25382
03066,Recta,Carretera,25383
03066,No aplica,Calle,25384
03066,No aplica,Calle,25385
03066,No aplica,Calle,25386
03066,No aplica,Calle,25387
03066,No aplica,Calle,25388
03066,No aplica,Calle,25389
03066,No aplica,Calle,25390
03066,No aplica,Calle,25391
03066,No aplica,Calle,25392
03066,No aplica,Calle,25393
03104,Curva señalizada,Carretera,25394
03066,No aplica,Calle,25395
03066,No aplica,Calle,25396
03069,Curva señalizada,Carretera,25397
03069,Recta,Carretera,25398
03069,No aplica,Calle,25399
03069,Recta,Carretera,25400
03069,No aplica,Calle,25401
03069,Curva señalizada,Carretera,25402
03069,Curva sin señalizar,Carretera,25403
03069,No aplica,Calle,25404
03069,No aplica,Calle,25405
03069,Recta,Carretera,25406
03069,Curva señalizada,Carretera,25407
03069,Recta,Carretera,25408
03069,Curva señalizada,Carretera,25409
03069,No aplica,Calle,25410
03069,No aplica,Calle,25411
03069,No aplica,Calle,25412
03069,Recta,Carretera,25413
03069,No aplica,Calle,25414
03069,No aplica,Calle,25415
03069,No aplica,Calle,25416
03069,Recta,Carretera,25417
03069,No aplica,Calle,25418
03069,No aplica,Calle,25419
03069,Recta,Carretera,25420
03069,Curva sin señalizar,Carretera,25421
03069,Curva señalizada,Carretera,25422
03069,No aplica,Calle,25423
03069,No aplica,Calle,25424
03069,No aplica,Calle,25425
03069,No aplica,Calle,25426
03069,No aplica,Calle,25427
03069,No aplica,Calle,25428
03069,No aplica,Calle,25429
03069,No aplica,Calle,25430
03069,No aplica,Calle,25431
03069,Recta,Carretera,25432
03069,Recta,Carretera,25433
03069,No aplica,Calle,25434
03069,No aplica,Calle,25435
03069,No aplica,Calle,25436
00000,Curva señalizada,Carretera,25437
00000,Recta,Carretera,25438
00000,Recta,Carretera,25439
00000,Curva señalizada,Carretera,25440
00000,Recta,Carretera,25441
00000,No aplica,Calle,25442
00000,No aplica,Calle,25443
03071,Recta,Carretera,25444
03071,Recta,Carretera,25445
03101,Recta,Carretera,25446
03071,Recta,Carretera,25447
03071,Curva sin señalizar,Carretera,25448
03071,Recta,Carretera,25449
03063,Recta,Carretera,25450
03071,No aplica,Calle,25451
03071,No aplica,Calle,25452
00000,Recta,Carretera,25453
00000,Recta,Carretera,25454
00000,Curva señalizada,Carretera,25455
00000,Curva señalizada,Carretera,25456
00000,Curva sin señalizar,Carretera,25457
00000,Recta,Carretera,25458
00000,Curva sin señalizar,Carretera,25459
03076,Recta,Carretera,25460
03076,No aplica,Calle,25461
03076,No aplica,Calle,25462
03076,No aplica,Calle,25463
03076,Recta,Carretera,25464
03076,No aplica,Calle,25465
03076,Recta,Carretera,25466
03076,Recta,Carretera,25467
03076,Recta,Carretera,25468
03076,Recta,Carretera,25469
03076,Recta,Carretera,25470
03076,Curva señalizada,Carretera,25471
03076,Recta,Carretera,25472
03076,Recta,Carretera,25473
03076,Recta,Carretera,25474
03076,Curva sin señalizar,Carretera,25475
00000,Curva señalizada,Carretera,25476
00000,Recta,Carretera,25477
00000,Curva sin señalizar,Carretera,25478
00000,Recta,Carretera,25479
03079,No aplica,Calle,25480
03079,Recta,Carretera,25481
03079,No aplica,Calle,25482
03079,No aplica,Calle,25483
03079,No aplica,Calle,25484
03079,Recta,Carretera,25485
03079,No aplica,Calle,25486
03053,Recta,Carretera,25487
03079,No aplica,Calle,25488
03079,No aplica,Calle,25489
03079,Curva señalizada,Carretera,25490
03079,Recta,Carretera,25491
03079,No aplica,Calle,25492
03079,No aplica,Calle,25493
03079,Recta,Carretera,25494
00000,Recta,Carretera,25495
00000,Curva señalizada,Carretera,25496
00000,Curva señalizada,Carretera,25497
00000,Curva señalizada,Carretera,25498
00000,Recta,Carretera,25499
00000,Recta,Carretera,25500
00000,Curva señalizada,Carretera,25501
00000,No aplica,Calle,25502
00000,Curva sin señalizar,Carretera,25503
03082,Curva señalizada,Carretera,25504
03082,No aplica,Calle,25505
03082,Recta,Carretera,25506
03082,Recta,Carretera,25507
03082,No aplica,Calle,25508
03082,No aplica,Calle,25509
03082,No aplica,Calle,25510
03082,Curva señalizada,Carretera,25511
03082,Curva señalizada,Carretera,25512
03082,Recta,Carretera,25513
03082,Recta,Carretera,25514
03082,No aplica,Calle,25515
03082,Recta,Carretera,25516
03082,Recta,Carretera,25517
03082,Recta,Carretera,25518
03082,Recta,Carretera,25519
03082,Curva señalizada,Carretera,25520
03082,Recta,Carretera,25521
03082,Recta,Carretera,25522
03082,Curva señalizada,Carretera,25523
03082,Recta,Carretera,25524
03082,No aplica,Calle,25525
03082,No aplica,Calle,25526
03082,No aplica,Calle,25527
03082,No aplica,Calle,25528
03082,No aplica,Calle,25529
03082,No aplica,Calle,25530
03082,No aplica,Calle,25531
03082,No aplica,Calle,25532
03082,No aplica,Calle,25533
03082,No aplica,Calle,25534
03082,Curva sin señalizar,Carretera,25535
03082,No aplica,Calle,25536
03082,Recta,Carretera,25537
03082,Recta,Carretera,25538
03082,Recta,Carretera,25539
03063,Curva señalizada,Carretera,25540
03082,Recta,Carretera,25541
03082,No aplica,Calle,25542
03082,No aplica,Calle,25543
03082,Recta,Carretera,25544
03082,Recta,Carretera,25545
03083,Recta,Carretera,25546
03083,No aplica,Calle,25547
03083,Curva señalizada,Carretera,25548
03083,Curva señalizada,Carretera,25549
03083,Curva señalizada,Carretera,25550
03083,Recta,Carretera,25551
03083,Recta,Carretera,25552
03083,Curva señalizada,Carretera,25553
03083,Recta,Carretera,25554
03083,Curva señalizada,Carretera,25555
03083,Curva señalizada,Carretera,25556
03083,Recta,Carretera,25557
03083,Curva señalizada,Carretera,25558
03083,Curva señalizada,Carretera,25559
00000,Curva sin señalizar,Carretera,25560
00000,Curva señalizada,Carretera,25561
00000,Curva señalizada,Carretera,25562
00000,Curva sin señalizar,Carretera,25563
03088,Recta,Carretera,25564
03088,Recta,Carretera,25565
03088,Recta,Carretera,25566
03088,Curva sin señalizar,Carretera,25567
03088,Recta,Carretera,25568
03088,Recta,Carretera,25569
03088,Recta,Carretera,25570
03088,Recta,Carretera,25571
03088,Recta,Carretera,25572
03088,Recta,Carretera,25573
03088,Curva señalizada,Carretera,25574
03088,Recta,Carretera,25575
03088,No aplica,Calle,25576
03088,Curva señalizada,Carretera,25577
03088,Recta,Carretera,25578
03088,Recta,Carretera,25579
03088,Curva señalizada,Carretera,25580
03088,Recta,Carretera,25581
03088,Curva sin señalizar,Carretera,25582
03088,Recta,Carretera,25583
03088,Recta,Carretera,25584
03088,Curva señalizada,Carretera,25585
03088,Recta,Carretera,25586
03088,Recta,Carretera,25587
03088,Recta,Carretera,25588
03088,Curva señalizada,Carretera,25589
03088,Recta,Carretera,25590
03088,No aplica,Calle,25591
03088,Curva señalizada,Carretera,25592
03088,Recta,Carretera,25593
03088,Recta,Carretera,25594
03088,Recta,Carretera,25595
03089,Recta,Carretera,25596
03089,Recta,Carretera,25597
03089,Recta,Carretera,25598
03089,Curva señalizada,Carretera,25599
03089,Recta,Carretera,25600
03089,No aplica,Calle,25601
03089,Recta,Carretera,25602
03089,Curva señalizada,Carretera,25603
03089,Curva señalizada,Carretera,25604
03089,No aplica,Calle,25605
03089,No aplica,Calle,25606
03089,No aplica,Calle,25607
03089,No aplica,Calle,25608
03089,Recta,Carretera,25609
03089,Curva sin señalizar,Carretera,25610
03089,No aplica,Calle,25611
03089,No aplica,Calle,25612
03089,No aplica,Calle,25613
03089,No aplica,Calle,25614
03090,Curva señalizada,Carretera,25615
03090,No aplica,Calle,25616
03090,No aplica,Calle,25617
03090,No aplica,Calle,25618
03090,Recta,Carretera,25619
03090,No aplica,Calle,25620
03014,Recta,Carretera,25621
03090,Recta,Carretera,25622
03090,Curva sin señalizar,Carretera,25623
03090,No aplica,Calle,25624
03050,Recta,Carretera,25625
03090,Curva sin señalizar,Carretera,25626
03090,Curva señalizada,Carretera,25627
03090,Recta,Carretera,25628
03014,Recta,Carretera,25629
03090,Curva señalizada,Carretera,25630
03090,No aplica,Calle,25631
03090,No aplica,Calle,25632
03090,No aplica,Calle,25633
03090,No aplica,Calle,25634
03090,No aplica,Calle,25635
03090,No aplica,Calle,25636
03090,No aplica,Calle,25637
03090,No aplica,Calle,25638
03090,No aplica,Calle,25639
03090,No aplica,Calle,25640
03090,No aplica,Calle,25641
03090,No aplica,Calle,25642
03090,No aplica,Calle,25643
03090,No aplica,Calle,25644
03090,Recta,Carretera,25645
03090,No aplica,Calle,25646
03090,Curva señalizada,Carretera,25647
03090,No aplica,Calle,25648
03014,Recta,Carretera,25649
03090,Recta,Carretera,25650
03090,No aplica,Calle,25651
03090,No aplica,Calle,25652
03090,Recta,Carretera,25653
03090,No aplica,Calle,25654
03090,Curva señalizada,Carretera,25655
03090,Curva sin señalizar,Carretera,25656
03090,Recta,Carretera,25657
03090,No aplica,Calle,25658
03090,No aplica,Calle,25659
03090,No aplica,Calle,25660
03090,No aplica,Calle,25661
03090,No aplica,Calle,25662
03090,No aplica,Calle,25663
03090,Curva señalizada,Carretera,25664
03090,No aplica,Calle,25665
03090,No aplica,Calle,25666
03090,Curva sin señalizar,Carretera,25667
03090,Recta,Carretera,25668
03014,Curva señalizada,Carretera,25669
03090,Recta,Carretera,25670
03090,No aplica,Calle,25671
03090,No aplica,Calle,25672
03090,No aplica,Calle,25673
03090,No aplica,Calle,25674
03090,No aplica,Calle,25675
03090,No aplica,Calle,25676
03090,No aplica,Calle,25677
03090,No aplica,Calle,25678
03090,No aplica,Calle,25679
03090,No aplica,Calle,25680
03090,No aplica,Calle,25681
03090,No aplica,Calle,25682
03090,Curva señalizada,Carretera,25683
03090,No aplica,Calle,25684
03090,No aplica,Calle,25685
03090,Recta,Carretera,25686
03090,No aplica,Calle,25687
03090,No aplica,Calle,25688
03090,No aplica,Calle,25689
03014,Curva señalizada,Carretera,25690
03090,Curva señalizada,Carretera,25691
03092,Recta,Carretera,25692
03092,Curva sin señalizar,Carretera,25693
03092,Curva señalizada,Carretera,25694
03092,No aplica,Calle,25695
03092,Curva señalizada,Carretera,25696
03092,No aplica,Calle,25697
00000,Curva señalizada,Carretera,25698
03092,No aplica,Calle,25699
03093,No aplica,Calle,25700
03093,Recta,Carretera,25701
03093,Curva señalizada,Carretera,25702
03093,Recta,Carretera,25703
03093,Recta,Carretera,25704
03093,No aplica,Calle,25705
03093,Recta,Carretera,25706
03093,Recta,Carretera,25707
03093,No aplica,Calle,25708
03093,Curva señalizada,Carretera,25709
03093,Curva sin señalizar,Carretera,25710
03093,No aplica,Calle,25711
03093,No aplica,Calle,25712
03093,No aplica,Calle,25713
03088,Recta,Carretera,25714
03093,No aplica,Calle,25715
03093,No aplica,Calle,25716
03093,Curva sin señalizar,Carretera,25717
03093,No aplica,Calle,25718
03093,No aplica,Calle,25719
03093,No aplica,Calle,25720
03093,No aplica,Calle,25721
03088,Recta,Carretera,25722
03093,No aplica,Calle,25723
03093,No aplica,Calle,25724
03093,No aplica,Calle,25725
03093,Recta,Carretera,25726
03093,No aplica,Calle,25727
03093,No aplica,Calle,25728
03093,No aplica,Calle,25729
03093,No aplica,Calle,25730
03093,Curva señalizada,Carretera,25731
03093,No aplica,Calle,25732
03093,Curva señalizada,Carretera,25733
03093,No aplica,Calle,25734
03093,No aplica,Calle,25735
03093,No aplica,Calle,25736
03093,No aplica,Calle,25737
03088,Recta,Carretera,25738
03093,No aplica,Calle,25739
03093,No aplica,Calle,25740
03093,No aplica,Calle,25741
03093,No aplica,Calle,25742
03093,No aplica,Calle,25743
03093,Recta,Carretera,25744
03093,No aplica,Calle,25745
03093,No aplica,Calle,25746
03088,Recta,Carretera,25747
03093,Recta,Carretera,25748
03093,No aplica,Calle,25749
03093,No aplica,Calle,25750
03093,Curva señalizada,Carretera,25751
03093,No aplica,Calle,25752
03094,Curva señalizada,Carretera,25753
03094,Curva sin señalizar,Carretera,25754
03094,Recta,Carretera,25755
03094,Curva señalizada,Carretera,25756
03094,Curva señalizada,Carretera,25757
03094,Curva señalizada,Carretera,25758
03094,Recta,Carretera,25759
03094,Curva señalizada,Carretera,25760
03094,Recta,Carretera,25761
03094,Curva sin señalizar,Travesía,25762
03094,Curva señalizada,Carretera,25763
03094,No aplica,Calle,25764
03094,Recta,Carretera,25765
03107,Recta,Carretera,25766
03094,No aplica,Calle,25767
03094,Recta,Carretera,25768
03031,Curva señalizada,Carretera,25769
03094,Curva señalizada,Carretera,25770
03107,Recta,Carretera,25771
03094,Recta,Carretera,25772
03094,Recta,Carretera,25773
03094,No aplica,Calle,25774
03094,Curva señalizada,Carretera,25775
03107,Curva señalizada,Carretera,25776
03107,Curva señalizada,Carretera,25777
03094,Recta,Carretera,25778
03094,No aplica,Calle,25779
03094,No aplica,Calle,25780
03094,No aplica,Calle,25781
03094,Recta,Travesía,25782
03107,Recta,Carretera,25783
03094,Curva señalizada,Carretera,25784
03095,Curva señalizada,Carretera,25785
03095,No aplica,Calle,25786
03095,No aplica,Calle,25787
03095,No aplica,Calle,25788
03095,Recta,Carretera,25789
03095,Se desconoce,Carretera,25790
03101,Recta,Carretera,25791
03095,Recta,Carretera,25792
03095,Recta,Carretera,25793
03095,Recta,Carretera,25794
03101,Recta,Carretera,25795
03071,Recta,Carretera,25796
03095,Recta,Carretera,25797
03095,Curva señalizada,Carretera,25798
03101,Recta,Carretera,25799
03095,No aplica,Calle,25800
03095,No aplica,Calle,25801
03095,No aplica,Calle,25802
03095,No aplica,Calle,25803
03095,No aplica,Calle,25804
03095,No aplica,Calle,25805
03095,No aplica,Calle,25806
03096,Curva señalizada,Carretera,25807
03096,Curva sin señalizar,Carretera,25808
00000,Recta,Carretera,25809
03096,Recta,Carretera,25810
03079,Curva señalizada,Carretera,25811
03096,Curva señalizada,Carretera,25812
03096,Recta,Carretera,25813
03096,No aplica,Calle,25814
03096,Recta,Carretera,25815
03096,Recta,Travesía,25816
03096,Curva señalizada,Carretera,25817
03096,Curva señalizada,Carretera,25818
03096,Curva señalizada,Carretera,25819
03096,No aplica,Calle,25820
00000,Curva sin señalizar,Carretera,25821
00000,Curva sin señalizar,Carretera,25822
00000,Recta,Carretera,25823
00000,Recta,Carretera,25824
00000,Recta,Carretera,25825
00000,Curva sin señalizar,Carretera,25826
00000,Curva señalizada,Carretera,25827
00000,Curva sin señalizar,Carretera,25828
00000,Recta,Carretera,25829
03099,Curva sin señalizar,Carretera,25830
03902,Recta,Carretera,25831
03099,Recta,Carretera,25832
03099,Curva señalizada,Carretera,25833
03099,No aplica,Calle,25834
03099,Curva señalizada,Carretera,25835
03133,Curva señalizada,Carretera,25836
03099,No aplica,Calle,25837
03099,Curva señalizada,Carretera,25838
03099,Curva señalizada,Carretera,25839
03099,No aplica,Calle,25840
03099,Recta,Carretera,25841
03099,Recta,Carretera,25842
03099,No aplica,Calle,25843
03099,Recta,Carretera,25844
03099,No aplica,Calle,25845
03099,Curva señalizada,Carretera,25846
03099,Curva señalizada,Carretera,25847
03099,Recta,Carretera,25848
03099,Curva señalizada,Carretera,25849
03099,Recta,Carretera,25850
03099,No aplica,Calle,25851
03099,No aplica,Calle,25852
03099,Recta,Carretera,25853
03099,No aplica,Calle,25854
03099,Curva señalizada,Carretera,25855
03099,No aplica,Calle,25856
03099,Recta,Carretera,25857
03099,No aplica,Calle,25858
03099,No aplica,Calle,25859
03099,No aplica,Calle,25860
03099,No aplica,Calle,25861
03099,Recta,Carretera,25862
03099,No aplica,Calle,25863
03099,No aplica,Calle,25864
03099,No aplica,Calle,25865
03099,No aplica,Calle,25866
03099,Curva señalizada,Carretera,25867
03099,Recta,Carretera,25868
03099,Curva sin señalizar,Carretera,25869
03099,No aplica,Calle,25870
03099,Curva señalizada,Carretera,25871
03099,No aplica,Calle,25872
03099,Curva señalizada,Carretera,25873
03099,Curva señalizada,Carretera,25874
03099,No aplica,Calle,25875
03099,No aplica,Calle,25876
03099,Curva señalizada,Carretera,25877
03099,Curva señalizada,Carretera,25878
03099,Curva señalizada,Carretera,25879
03099,No aplica,Calle,25880
03099,Curva señalizada,Carretera,25881
03099,No aplica,Calle,25882
03099,No aplica,Calle,25883
03099,No aplica,Calle,25884
03099,Recta,Carretera,25885
03099,No aplica,Calle,25886
03099,Recta,Carretera,25887
03099,No aplica,Calle,25888
03099,No aplica,Calle,25889
03099,No aplica,Calle,25890
03099,No aplica,Calle,25891
03099,No aplica,Calle,25892
03099,No aplica,Calle,25893
03099,No aplica,Calle,25894
03099,No aplica,Calle,25895
03099,No aplica,Calle,25896
03099,No aplica,Calle,25897
03099,No aplica,Calle,25898
03099,No aplica,Calle,25899
03099,No aplica,Calle,25900
03099,No aplica,Calle,25901
03099,No aplica,Calle,25902
03099,No aplica,Calle,25903
03099,Curva señalizada,Carretera,25904
03099,No aplica,Calle,25905
03099,No aplica,Calle,25906
03099,Recta,Carretera,25907
03099,Recta,Carretera,25908
03099,Curva señalizada,Carretera,25909
03099,Recta,Carretera,25910
03099,Curva señalizada,Carretera,25911
03099,No aplica,Calle,25912
03099,No aplica,Calle,25913
03099,No aplica,Calle,25914
03099,No aplica,Calle,25915
03099,Curva señalizada,Carretera,25916
03099,No aplica,Calle,25917
03099,Curva sin señalizar,Carretera,25918
03099,No aplica,Calle,25919
03099,No aplica,Calle,25920
03099,No aplica,Calle,25921
03099,No aplica,Calle,25922
03099,No aplica,Calle,25923
03099,No aplica,Calle,25924
03099,No aplica,Calle,25925
03099,No aplica,Calle,25926
03099,No aplica,Calle,25927
03099,No aplica,Calle,25928
03099,No aplica,Calle,25929
03099,No aplica,Calle,25930
03099,No aplica,Calle,25931
03099,No aplica,Calle,25932
03099,Recta,Carretera,25933
03099,Recta,Carretera,25934
03099,Recta,Carretera,25935
03099,No aplica,Calle,25936
03099,No aplica,Calle,25937
03099,Recta,Carretera,25938
03099,Curva señalizada,Carretera,25939
03099,Recta,Carretera,25940
03099,No aplica,Calle,25941
03099,No aplica,Calle,25942
03099,No aplica,Calle,25943
03099,No aplica,Calle,25944
03015,Curva señalizada,Carretera,25945
03099,No aplica,Calle,25946
03099,No aplica,Calle,25947
03099,No aplica,Calle,25948
03099,Recta,Carretera,25949
03099,Curva señalizada,Carretera,25950
03099,No aplica,Calle,25951
03099,Recta,Carretera,25952
03099,No aplica,Calle,25953
03099,No aplica,Calle,25954
03099,No aplica,Calle,25955
03099,No aplica,Calle,25956
03099,Curva señalizada,Carretera,25957
03099,Recta,Carretera,25958
03099,Recta,Carretera,25959
03099,No aplica,Calle,25960
03099,No aplica,Calle,25961
03099,No aplica,Calle,25962
03099,No aplica,Calle,25963
03099,No aplica,Calle,25964
03099,Recta,Carretera,25965
03099,Curva señalizada,Carretera,25966
03099,Curva señalizada,Carretera,25967
03099,Recta,Carretera,25968
03058,Recta,Carretera,25969
03111,Recta,Carretera,25970
03099,Recta,Carretera,25971
03099,No aplica,Calle,25972
03099,No aplica,Calle,25973
03099,No aplica,Calle,25974
03099,No aplica,Calle,25975
03099,Curva sin señalizar,Carretera,25976
03099,No aplica,Calle,25977
03099,Curva señalizada,Carretera,25978
03099,Recta,Carretera,25979
03099,Curva señalizada,Carretera,25980
03099,No aplica,Calle,25981
03099,No aplica,Calle,25982
03099,No aplica,Calle,25983
03099,Recta,Carretera,25984
03099,No aplica,Calle,25985
03099,No aplica,Calle,25986
03099,No aplica,Calle,25987
03099,Curva señalizada,Carretera,25988
03902,Curva señalizada,Carretera,25989
03099,Curva señalizada,Carretera,25990
03099,No aplica,Calle,25991
03099,No aplica,Calle,25992
03099,Recta,Carretera,25993
03099,No aplica,Calle,25994
03099,Curva señalizada,Carretera,25995
03099,No aplica,Calle,25996
03099,Recta,Carretera,25997
03099,No aplica,Calle,25998
03099,Curva señalizada,Carretera,25999
03099,Curva señalizada,Carretera,26000
03099,Recta,Carretera,26001
03099,No aplica,Calle,26002
03099,No aplica,Calle,26003
03099,Recta,Carretera,26004
03099,Curva señalizada,Carretera,26005
03099,No aplica,Calle,26006
03099,Recta,Carretera,26007
03099,Recta,Carretera,26008
03099,No aplica,Calle,26009
03099,Recta,Carretera,26010
03099,Curva señalizada,Carretera,26011
03099,Recta,Carretera,26012
03099,Recta,Carretera,26013
03099,No aplica,Calle,26014
03099,No aplica,Calle,26015
03099,No aplica,Calle,26016
03099,No aplica,Calle,26017
03099,Recta,Carretera,26018
03099,Recta,Carretera,26019
03099,Curva señalizada,Carretera,26020
03099,No aplica,Calle,26021
03099,No aplica,Calle,26022
03099,No aplica,Calle,26023
03099,No aplica,Calle,26024
03099,Curva señalizada,Carretera,26025
03058,Recta,Carretera,26026
03099,No aplica,Calle,26027
03099,No aplica,Calle,26028
03099,No aplica,Calle,26029
03099,No aplica,Calle,26030
00000,Recta,Carretera,26031
00000,Curva señalizada,Carretera,26032
00000,Curva señalizada,Carretera,26033
00000,Curva señalizada,Carretera,26034
03101,Recta,Carretera,26035
03101,No aplica,Calle,26036
03101,Recta,Carretera,26037
03101,Recta,Carretera,26038
03101,Recta,Travesía,26039
03101,Recta,Travesía,26040
03101,No aplica,Calle,26041
03101,Curva sin señalizar,Travesía,26042
03101,Curva señalizada,Carretera,26043
03101,No aplica,Calle,26044
03101,No aplica,Calle,26045
03101,Curva señalizada,Carretera,26046
03101,No aplica,Calle,26047
03101,Curva señalizada,Carretera,26048
03101,No aplica,Calle,26049
03101,Curva señalizada,Carretera,26050
03101,Recta,Carretera,26051
03101,Curva señalizada,Carretera,26052
03101,No aplica,Calle,26053
03101,No aplica,Calle,26054
03101,No aplica,Calle,26055
03101,Recta,Carretera,26056
03101,Recta,Carretera,26057
03101,No aplica,Calle,26058
03101,Curva señalizada,Carretera,26059
03101,Recta,Carretera,26060
03101,Curva señalizada,Carretera,26061
03101,No aplica,Calle,26062
03101,No aplica,Calle,26063
03102,Recta,Carretera,26064
03102,Curva señalizada,Carretera,26065
03102,Curva sin señalizar,Carretera,26066
03102,Recta,Carretera,26067
03102,Recta,Carretera,26068
00000,Curva señalizada,Carretera,26069
03102,Curva sin señalizar,Carretera,26070
03102,Recta,Carretera,26071
03102,Recta,Carretera,26072
03102,Recta,Carretera,26073
03102,Curva señalizada,Carretera,26074
03102,No aplica,Calle,26075
03102,No aplica,Calle,26076
03102,Curva señalizada,Carretera,26077
03102,No aplica,Calle,26078
03102,No aplica,Calle,26079
03102,No aplica,Calle,26080
03102,No aplica,Calle,26081
03102,Recta,Carretera,26082
03104,Recta,Carretera,26083
03104,Curva señalizada,Carretera,26084
03104,Recta,Carretera,26085
03104,Recta,Carretera,26086
03104,No aplica,Calle,26087
03104,No aplica,Calle,26088
03066,Recta,Carretera,26089
03104,Recta,Carretera,26090
03104,Curva sin señalizar,Carretera,26091
03104,Recta,Carretera,26092
03104,Recta,Carretera,26093
03104,Recta,Carretera,26094
03104,Recta,Carretera,26095
03104,Curva sin señalizar,Carretera,26096
03104,Curva señalizada,Carretera,26097
03104,Recta,Carretera,26098
03104,Recta,Carretera,26099
03104,Recta,Carretera,26100
03104,Recta,Carretera,26101
03105,Curva señalizada,Carretera,26102
03105,No aplica,Calle,26103
03105,No aplica,Calle,26104
03105,No aplica,Calle,26105
03105,Recta,Carretera,26106
00000,No aplica,Calle,26107
00000,Curva señalizada,Carretera,26108
00000,Recta,Carretera,26109
00000,Curva señalizada,Carretera,26110
00000,Curva sin señalizar,Carretera,26111
03107,Recta,Carretera,26112
03107,Curva señalizada,Carretera,26113
00000,Curva señalizada,Carretera,26114
03107,Curva señalizada,Carretera,26115
03107,Recta,Carretera,26116
03107,Recta,Carretera,26117
03107,No aplica,Calle,26118
03107,No aplica,Calle,26119
03107,No aplica,Calle,26120
03107,No aplica,Calle,26121
03107,No aplica,Calle,26122
03107,No aplica,Calle,26123
03107,No aplica,Calle,26124
03107,No aplica,Calle,26125
00000,No aplica,Calle,26126
03111,No aplica,Calle,26127
03111,No aplica,Calle,26128
03111,No aplica,Calle,26129
03111,Curva señalizada,Carretera,26130
03111,No aplica,Calle,26131
03099,Recta,Carretera,26132
03111,No aplica,Calle,26133
03111,No aplica,Calle,26134
03111,No aplica,Calle,26135
03111,No aplica,Calle,26136
03111,No aplica,Calle,26137
03111,No aplica,Calle,26138
03111,No aplica,Calle,26139
03111,Recta,Carretera,26140
03111,Recta,Carretera,26141
03111,No aplica,Calle,26142
03059,Curva señalizada,Carretera,26143
03111,No aplica,Calle,26144
03111,No aplica,Calle,26145
03099,Recta,Carretera,26146
00000,Curva señalizada,Carretera,26147
00000,Curva sin señalizar,Carretera,26148
00000,Curva señalizada,Carretera,26149
00000,Curva señalizada,Carretera,26150
00000,Curva sin señalizar,Carretera,26151
00000,Curva señalizada,Carretera,26152
00000,Recta,Carretera,26153
03099,Recta,Carretera,26154
03113,Curva señalizada,Carretera,26155
03113,Curva señalizada,Carretera,26156
03113,Recta,Carretera,26157
03113,Curva señalizada,Carretera,26158
03113,Curva sin señalizar,Carretera,26159
03113,Recta,Carretera,26160
03113,No aplica,Calle,26161
03113,Curva señalizada,Carretera,26162
03113,Se desconoce,Carretera,26163
03113,Curva señalizada,Carretera,26164
03113,Recta,Carretera,26165
03113,Curva señalizada,Carretera,26166
03113,Curva señalizada,Carretera,26167
03113,No aplica,Calle,26168
00000,No aplica,Calle,26169
00000,Curva señalizada,Carretera,26170
03089,Curva señalizada,Carretera,26171
00000,No aplica,Calle,26172
00000,Curva señalizada,Carretera,26173
00000,Curva señalizada,Carretera,26174
00000,Recta,Carretera,26175
00000,Recta,Carretera,26176
00000,Recta,Carretera,26177
03089,Se desconoce,Carretera,26178
00000,Curva señalizada,Carretera,26179
00000,No aplica,Calle,26180
03118,Recta,Carretera,26181
03118,No aplica,Calle,26182
03118,Recta,Carretera,26183
03118,Recta,Carretera,26184
03118,Curva señalizada,Carretera,26185
03118,No aplica,Calle,26186
03118,No aplica,Calle,26187
03118,Recta,Carretera,26188
03118,No aplica,Calle,26189
03118,No aplica,Calle,26190
03118,No aplica,Calle,26191
03118,No aplica,Calle,26192
03118,No aplica,Calle,26193
03118,Recta,Carretera,26194
00000,Recta,Carretera,26195
03118,No aplica,Calle,26196
03118,Curva señalizada,Carretera,26197
03118,No aplica,Calle,26198
03118,No aplica,Calle,26199
03119,No aplica,Calle,26200
03014,Recta,Carretera,26201
03119,Recta,Carretera,26202
03119,No aplica,Calle,26203
03119,Recta,Carretera,26204
03119,No aplica,Calle,26205
03119,No aplica,Calle,26206
03090,Recta,Carretera,26207
03119,No aplica,Calle,26208
03119,No aplica,Calle,26209
03119,No aplica,Calle,26210
03119,Recta,Carretera,26211
03090,Recta,Carretera,26212
03119,No aplica,Calle,26213
03119,Recta,Carretera,26214
03090,Curva señalizada,Carretera,26215
03119,Curva señalizada,Carretera,26216
03119,No aplica,Calle,26217
03119,No aplica,Calle,26218
03119,No aplica,Calle,26219
03119,No aplica,Calle,26220
03119,No aplica,Calle,26221
03090,Curva señalizada,Carretera,26222
03119,No aplica,Calle,26223
03119,No aplica,Calle,26224
03119,No aplica,Calle,26225
03120,Curva señalizada,Carretera,26226
03120,Curva señalizada,Carretera,26227
03099,Curva señalizada,Carretera,26228
03120,Curva señalizada,Carretera,26229
03120,Recta,Carretera,26230
03120,Curva señalizada,Carretera,26231
03120,No aplica,Calle,26232
03120,Recta,Carretera,26233
03099,Recta,Carretera,26234
03133,Recta,Carretera,26235
03120,Recta,Carretera,26236
03099,Curva señalizada,Carretera,26237
03099,Curva señalizada,Carretera,26238
03120,Recta,Carretera,26239
03120,Curva sin señalizar,Carretera,26240
03121,Recta,Carretera,26241
03065,Curva señalizada,Carretera,26242
03065,Recta,Carretera,26243
03121,No aplica,Calle,26244
03121,No aplica,Calle,26245
03065,Curva señalizada,Carretera,26246
03121,Recta,Carretera,26247
03121,No aplica,Calle,26248
03121,Curva señalizada,Carretera,26249
03121,Recta,Carretera,26250
03121,Curva señalizada,Carretera,26251
03121,Recta,Carretera,26252
03121,No aplica,Calle,26253
03121,No aplica,Calle,26254
03121,Curva señalizada,Carretera,26255
03121,No aplica,Calle,26256
03121,No aplica,Calle,26257
03121,Recta,Carretera,26258
03121,No aplica,Calle,26259
03121,No aplica,Calle,26260
03121,No aplica,Calle,26261
03121,Recta,Carretera,26262
03121,No aplica,Calle,26263
03121,Recta,Carretera,26264
03121,No aplica,Calle,26265
03121,No aplica,Calle,26266
03121,Recta,Carretera,26267
03121,Curva sin señalizar,Carretera,26268
03121,No aplica,Calle,26269
03121,No aplica,Calle,26270
03121,No aplica,Calle,26271
03121,Curva señalizada,Carretera,26272
03121,No aplica,Calle,26273
03121,No aplica,Calle,26274
03121,No aplica,Calle,26275
03121,No aplica,Calle,26276
03121,No aplica,Calle,26277
03121,No aplica,Calle,26278
03121,No aplica,Calle,26279
03121,No aplica,Calle,26280
03121,No aplica,Calle,26281
03121,Curva señalizada,Carretera,26282
03121,Recta,Carretera,26283
03121,Curva señalizada,Carretera,26284
03121,No aplica,Calle,26285
03121,Recta,Carretera,26286
03121,No aplica,Calle,26287
03121,No aplica,Calle,26288
03121,No aplica,Calle,26289
03121,No aplica,Calle,26290
03121,No aplica,Calle,26291
03121,No aplica,Calle,26292
03121,No aplica,Calle,26293
03121,No aplica,Calle,26294
03121,No aplica,Calle,26295
03121,No aplica,Calle,26296
03121,No aplica,Calle,26297
03121,No aplica,Calle,26298
03121,No aplica,Calle,26299
03121,No aplica,Calle,26300
03121,No aplica,Calle,26301
03121,Recta,Carretera,26302
03121,No aplica,Calle,26303
03121,Curva sin señalizar,Carretera,26304
03121,Recta,Carretera,26305
03121,No aplica,Calle,26306
03121,No aplica,Calle,26307
03121,Recta,Carretera,26308
03121,No aplica,Calle,26309
03121,No aplica,Calle,26310
03121,No aplica,Calle,26311
03121,No aplica,Calle,26312
03121,No aplica,Calle,26313
03121,No aplica,Calle,26314
03121,No aplica,Calle,26315
03121,No aplica,Calle,26316
03121,Recta,Carretera,26317
03121,No aplica,Calle,26318
03121,No aplica,Calle,26319
03121,Recta,Carretera,26320
03121,No aplica,Calle,26321
03121,No aplica,Calle,26322
03121,No aplica,Calle,26323
03121,Recta,Carretera,26324
03121,No aplica,Calle,26325
03121,No aplica,Calle,26326
03121,No aplica,Calle,26327
03121,No aplica,Calle,26328
03121,Recta,Carretera,26329
03121,No aplica,Calle,26330
03121,No aplica,Calle,26331
03121,No aplica,Calle,26332
03121,No aplica,Calle,26333
03121,Recta,Carretera,26334
03121,No aplica,Calle,26335
03121,Recta,Carretera,26336
03121,No aplica,Calle,26337
03121,No aplica,Calle,26338
03121,No aplica,Calle,26339
03121,No aplica,Calle,26340
03121,No aplica,Calle,26341
03121,No aplica,Calle,26342
03121,No aplica,Calle,26343
03121,No aplica,Calle,26344
03121,No aplica,Calle,26345
03121,No aplica,Calle,26346
03121,No aplica,Calle,26347
03121,No aplica,Calle,26348
03121,No aplica,Calle,26349
03121,Recta,Carretera,26350
03121,No aplica,Calle,26351
03121,Recta,Carretera,26352
03121,No aplica,Calle,26353
03121,No aplica,Calle,26354
03121,No aplica,Calle,26355
03121,No aplica,Calle,26356
03121,No aplica,Calle,26357
03121,No aplica,Calle,26358
03121,Recta,Carretera,26359
03121,Recta,Carretera,26360
03122,Curva señalizada,Carretera,26361
03122,No aplica,Calle,26362
03122,No aplica,Calle,26363
03014,Curva señalizada,Carretera,26364
03122,Curva señalizada,Carretera,26365
03122,No aplica,Calle,26366
03122,No aplica,Calle,26367
03014,Curva señalizada,Carretera,26368
03122,No aplica,Calle,26369
03122,No aplica,Calle,26370
03122,No aplica,Calle,26371
03122,No aplica,Calle,26372
03122,No aplica,Calle,26373
03122,No aplica,Calle,26374
03122,No aplica,Calle,26375
03083,Curva sin señalizar,Carretera,26376
03122,Recta,Carretera,26377
03014,Curva señalizada,Carretera,26378
03122,No aplica,Calle,26379
03122,No aplica,Calle,26380
03122,No aplica,Calle,26381
03122,No aplica,Calle,26382
03122,No aplica,Calle,26383
03122,No aplica,Calle,26384
03122,No aplica,Calle,26385
03122,No aplica,Calle,26386
03122,No aplica,Calle,26387
03122,No aplica,Calle,26388
03122,No aplica,Calle,26389
03122,No aplica,Calle,26390
03122,No aplica,Calle,26391
03122,No aplica,Calle,26392
03122,No aplica,Calle,26393
03122,No aplica,Calle,26394
03122,No aplica,Calle,26395
03122,No aplica,Calle,26396
03122,No aplica,Calle,26397
03122,No aplica,Calle,26398
03122,No aplica,Calle,26399
03122,No aplica,Calle,26400
03122,No aplica,Calle,26401
03122,No aplica,Calle,26402
03122,No aplica,Calle,26403
03122,No aplica,Calle,26404
03122,No aplica,Calle,26405
03122,No aplica,Calle,26406
03122,No aplica,Calle,26407
03122,No aplica,Calle,26408
03122,No aplica,Calle,26409
03122,No aplica,Calle,26410
03122,No aplica,Calle,26411
03122,No aplica,Calle,26412
03122,No aplica,Calle,26413
03122,No aplica,Calle,26414
03122,No aplica,Calle,26415
03122,No aplica,Calle,26416
03122,No aplica,Calle,26417
03122,No aplica,Calle,26418
03122,No aplica,Calle,26419
03122,No aplica,Calle,26420
03122,No aplica,Calle,26421
03122,No aplica,Calle,26422
03122,No aplica,Calle,26423
03122,No aplica,Calle,26424
03122,No aplica,Calle,26425
03014,Curva sin señalizar,Carretera,26426
03122,Curva señalizada,Carretera,26427
03122,Curva señalizada,Carretera,26428
03122,Recta,Carretera,26429
03122,No aplica,Calle,26430
03122,No aplica,Calle,26431
03122,No aplica,Calle,26432
03122,No aplica,Calle,26433
03122,No aplica,Calle,26434
03122,No aplica,Calle,26435
03122,No aplica,Calle,26436
03122,No aplica,Calle,26437
03122,No aplica,Calle,26438
03122,No aplica,Calle,26439
03122,No aplica,Calle,26440
03122,No aplica,Calle,26441
03122,No aplica,Calle,26442
03122,No aplica,Calle,26443
03122,No aplica,Calle,26444
03122,No aplica,Calle,26445
03122,No aplica,Calle,26446
03122,No aplica,Calle,26447
03122,No aplica,Calle,26448
03122,No aplica,Calle,26449
03122,No aplica,Calle,26450
03122,No aplica,Calle,26451
03122,No aplica,Calle,26452
03122,No aplica,Calle,26453
03122,No aplica,Calle,26454
03122,No aplica,Calle,26455
03122,No aplica,Calle,26456
03122,No aplica,Calle,26457
03122,No aplica,Calle,26458
03122,No aplica,Calle,26459
03122,No aplica,Calle,26460
03122,No aplica,Calle,26461
03123,Curva sin señalizar,Carretera,26462
03123,Curva señalizada,Carretera,26463
03123,Recta,Carretera,26464
03123,Recta,Carretera,26465
03123,Curva señalizada,Carretera,26466
03123,Recta,Carretera,26467
03123,Recta,Carretera,26468
03123,Recta,Carretera,26469
03123,Curva señalizada,Carretera,26470
03123,No aplica,Calle,26471
03123,No aplica,Calle,26472
03123,No aplica,Calle,26473
03123,No aplica,Calle,26474
03123,No aplica,Calle,26475
03123,No aplica,Calle,26476
03123,No aplica,Calle,26477
03123,No aplica,Calle,26478
03123,No aplica,Calle,26479
03123,No aplica,Calle,26480
03123,No aplica,Calle,26481
03123,No aplica,Calle,26482
03123,Recta,Carretera,26483
00000,Curva señalizada,Carretera,26484
00000,Recta,Carretera,26485
03128,Curva señalizada,Carretera,26486
03128,Recta,Carretera,26487
03128,Recta,Carretera,26488
03128,Curva señalizada,Carretera,26489
03128,Recta,Carretera,26490
03128,Recta,Carretera,26491
03128,Recta,Carretera,26492
03128,No aplica,Calle,26493
03128,No aplica,Calle,26494
03128,No aplica,Calle,26495
03128,No aplica,Calle,26496
03128,No aplica,Calle,26497
03128,No aplica,Calle,26498
03128,Curva señalizada,Carretera,26499
03128,Curva señalizada,Carretera,26500
03128,Recta,Carretera,26501
00000,Recta,Carretera,26502
00000,Curva sin señalizar,Carretera,26503
03083,Recta,Carretera,26504
00000,Recta,Carretera,26505
00000,Recta,Carretera,26506
00000,Recta,Carretera,26507
00000,Curva señalizada,Carretera,26508
00000,Curva señalizada,Carretera,26509
00000,Recta,Carretera,26510
00000,Curva sin señalizar,Carretera,26511
00000,Curva sin señalizar,Carretera,26512
03133,Recta,Carretera,26513
03133,Recta,Carretera,26514
03133,Curva señalizada,Carretera,26515
03133,Recta,Carretera,26516
03133,Recta,Carretera,26517
03133,Curva señalizada,Carretera,26518
03133,Recta,Carretera,26519
03133,Recta,Carretera,26520
03133,No aplica,Calle,26521
03133,No aplica,Calle,26522
03133,No aplica,Calle,26523
03133,No aplica,Calle,26524
03133,No aplica,Calle,26525
03133,No aplica,Calle,26526
03133,No aplica,Calle,26527
03133,No aplica,Calle,26528
03133,No aplica,Calle,26529
03133,Recta,Carretera,26530
03133,No aplica,Calle,26531
03133,No aplica,Calle,26532
03133,No aplica,Calle,26533
03133,No aplica,Calle,26534
03133,No aplica,Calle,26535
03133,No aplica,Calle,26536
03133,No aplica,Calle,26537
03099,Recta,Carretera,26538
03133,No aplica,Calle,26539
03133,Recta,Carretera,26540
03133,No aplica,Calle,26541
03133,No aplica,Calle,26542
03133,No aplica,Calle,26543
03133,No aplica,Calle,26544
03133,Recta,Carretera,26545
03133,No aplica,Calle,26546
03133,No aplica,Calle,26547
03133,No aplica,Calle,26548
03133,No aplica,Calle,26549
03133,No aplica,Calle,26550
03133,No aplica,Calle,26551
03133,Recta,Carretera,26552
03133,Recta,Carretera,26553
03133,Recta,Carretera,26554
03133,Recta,Carretera,26555
03133,Recta,Carretera,26556
03133,No aplica,Calle,26557
03133,No aplica,Calle,26558
03133,No aplica,Calle,26559
03133,No aplica,Calle,26560
03133,No aplica,Calle,26561
03133,No aplica,Calle,26562
03133,No aplica,Calle,26563
03133,No aplica,Calle,26564
03133,No aplica,Calle,26565
03133,No aplica,Calle,26566
03133,No aplica,Calle,26567
03133,No aplica,Calle,26568
03133,No aplica,Calle,26569
03133,No aplica,Calle,26570
03133,No aplica,Calle,26571
03133,No aplica,Calle,26572
03133,No aplica,Calle,26573
03133,No aplica,Calle,26574
03133,No aplica,Calle,26575
03133,Curva sin señalizar,Carretera,26576
03133,No aplica,Calle,26577
03133,Recta,Carretera,26578
03076,Recta,Carretera,26579
03133,No aplica,Calle,26580
03133,No aplica,Calle,26581
03133,No aplica,Calle,26582
03133,No aplica,Calle,26583
03133,No aplica,Calle,26584
03133,No aplica,Calle,26585
03133,No aplica,Calle,26586
03133,No aplica,Calle,26587
03133,No aplica,Calle,26588
03133,Recta,Carretera,26589
03133,No aplica,Calle,26590
03133,No aplica,Calle,26591
03133,Recta,Carretera,26592
03133,No aplica,Calle,26593
03133,No aplica,Calle,26594
03133,Curva sin señalizar,Carretera,26595
03133,No aplica,Calle,26596
03133,No aplica,Calle,26597
03133,No aplica,Calle,26598
03133,No aplica,Calle,26599
03133,No aplica,Calle,26600
03133,No aplica,Calle,26601
03133,No aplica,Calle,26602
03133,No aplica,Calle,26603
03133,No aplica,Calle,26604
03133,Recta,Carretera,26605
03133,No aplica,Calle,26606
03133,No aplica,Calle,26607
03133,No aplica,Calle,26608
03133,No aplica,Calle,26609
03133,No aplica,Calle,26610
03133,No aplica,Calle,26611
03133,Recta,Carretera,26612
03133,No aplica,Calle,26613
03133,No aplica,Calle,26614
03133,No aplica,Calle,26615
03133,No aplica,Calle,26616
03133,No aplica,Calle,26617
03133,Recta,Carretera,26618
03133,No aplica,Calle,26619
03133,Recta,Carretera,26620
03133,No aplica,Calle,26621
03133,Recta,Carretera,26622
03133,Curva señalizada,Carretera,26623
03133,Recta,Carretera,26624
03133,No aplica,Calle,26625
03133,No aplica,Calle,26626
03133,Recta,Carretera,26627
03133,No aplica,Calle,26628
03133,No aplica,Calle,26629
03133,No aplica,Calle,26630
03133,No aplica,Calle,26631
03133,No aplica,Calle,26632
03133,Recta,Carretera,26633
03099,Recta,Carretera,26634
03133,Recta,Carretera,26635
03133,Recta,Carretera,26636
03133,No aplica,Calle,26637
03133,No aplica,Calle,26638
03099,Recta,Carretera,26639
03133,Curva señalizada,Carretera,26640
03133,Curva señalizada,Carretera,26641
03133,Curva señalizada,Carretera,26642
03133,Curva señalizada,Carretera,26643
03133,Curva señalizada,Carretera,26644
03133,Curva señalizada,Carretera,26645
03099,Recta,Carretera,26646
03133,Curva señalizada,Carretera,26647
03133,Recta,Carretera,26648
03133,Recta,Carretera,26649
03133,Curva señalizada,Carretera,26650
03133,No aplica,Calle,26651
03133,No aplica,Calle,26652
03133,No aplica,Calle,26653
03133,No aplica,Calle,26654
03133,No aplica,Calle,26655
03133,No aplica,Calle,26656
03133,No aplica,Calle,26657
03133,No aplica,Calle,26658
03133,No aplica,Calle,26659
03133,No aplica,Calle,26660
03133,No aplica,Calle,26661
03133,No aplica,Calle,26662
03133,No aplica,Calle,26663
03133,No aplica,Calle,26664
03133,No aplica,Calle,26665
03133,No aplica,Calle,26666
03133,No aplica,Calle,26667
03133,No aplica,Calle,26668
03133,No aplica,Calle,26669
03133,No aplica,Calle,26670
03133,No aplica,Calle,26671
03133,No aplica,Calle,26672
03133,Recta,Carretera,26673
03133,No aplica,Calle,26674
03133,No aplica,Calle,26675
03133,No aplica,Calle,26676
03133,No aplica,Calle,26677
03133,Recta,Carretera,26678
03133,No aplica,Calle,26679
03133,No aplica,Calle,26680
00000,Curva sin señalizar,Carretera,26681
00000,Curva señalizada,Carretera,26682
00000,Curva sin señalizar,Carretera,26683
00000,Curva señalizada,Carretera,26684
00000,Curva sin señalizar,Carretera,26685
00000,Curva señalizada,Carretera,26686
00000,Curva señalizada,Carretera,26687
03138,No aplica,Calle,26688
03138,Recta,Carretera,26689
03138,Recta,Carretera,26690
03095,Curva señalizada,Carretera,26691
03138,Curva señalizada,Carretera,26692
03138,Recta,Carretera,26693
03139,No aplica,Calle,26694
03139,No aplica,Calle,26695
03139,Recta,Carretera,26696
03139,No aplica,Calle,26697
03139,Recta,Carretera,26698
03139,Recta,Carretera,26699
03139,Recta,Carretera,26700
03139,No aplica,Calle,26701
03139,Recta,Carretera,26702
03139,No aplica,Calle,26703
03139,No aplica,Calle,26704
03139,No aplica,Calle,26705
03107,Recta,Carretera,26706
03139,No aplica,Calle,26707
03139,Recta,Carretera,26708
03139,No aplica,Calle,26709
03139,No aplica,Calle,26710
03139,Recta,Carretera,26711
03139,Recta,Carretera,26712
03139,No aplica,Calle,26713
03139,No aplica,Calle,26714
03139,No aplica,Calle,26715
03139,No aplica,Calle,26716
03139,No aplica,Calle,26717
03139,Recta,Carretera,26718
03139,No aplica,Calle,26719
03139,Recta,Carretera,26720
03139,Recta,Carretera,26721
03139,No aplica,Calle,26722
03139,No aplica,Calle,26723
03139,No aplica,Calle,26724
03139,No aplica,Calle,26725
03139,No aplica,Calle,26726
03139,Recta,Carretera,26727
03139,No aplica,Calle,26728
03139,Recta,Carretera,26729
03139,Recta,Carretera,26730
03139,No aplica,Calle,26731
03139,Recta,Carretera,26732
03139,No aplica,Calle,26733
03139,Recta,Carretera,26734
03139,No aplica,Calle,26735
03139,No aplica,Calle,26736
03139,No aplica,Calle,26737
03139,No aplica,Calle,26738
03139,Curva señalizada,Carretera,26739
03139,No aplica,Calle,26740
03139,No aplica,Calle,26741
03139,No aplica,Calle,26742
03139,No aplica,Calle,26743
03139,No aplica,Calle,26744
03139,No aplica,Calle,26745
03139,Recta,Carretera,26746
03139,No aplica,Calle,26747
03140,Recta,Carretera,26748
03140,Recta,Carretera,26749
03140,Recta,Carretera,26750
03140,No aplica,Calle,26751
03140,No aplica,Calle,26752
03140,Recta,Carretera,26753
03140,No aplica,Calle,26754
03140,Recta,Carretera,26755
03140,Recta,Carretera,26756
03140,Recta,Carretera,26757
03140,Recta,Carretera,26758
03140,Recta,Carretera,26759
03140,Recta,Carretera,26760
03140,No aplica,Calle,26761
03140,No aplica,Calle,26762
03140,No aplica,Calle,26763
03123,Recta,Carretera,26764
03140,No aplica,Calle,26765
03140,Recta,Carretera,26766
03140,Curva sin señalizar,Carretera,26767
03140,Recta,Carretera,26768
03140,Recta,Carretera,26769
03140,Recta,Carretera,26770
03140,Curva señalizada,Carretera,26771
03140,Curva sin señalizar,Carretera,26772
03140,No aplica,Calle,26773
03140,No aplica,Calle,26774
03140,Recta,Carretera,26775
03140,No aplica,Calle,26776
03140,Recta,Carretera,26777
03140,No aplica,Calle,26778
03140,No aplica,Calle,26779
03140,Recta,Carretera,26780
03140,Curva señalizada,Carretera,26781
03140,No aplica,Calle,26782
03140,No aplica,Calle,26783
03140,No aplica,Calle,26784
03140,Recta,Carretera,26785
03140,Recta,Carretera,26786
03140,No aplica,Calle,26787
03140,No aplica,Calle,26788
03140,Curva señalizada,Carretera,26789
03140,No aplica,Calle,26790
03140,No aplica,Calle,26791
03063,Recta,Carretera,26792
03063,Recta,Carretera,26793
03063,Recta,Carretera,26794
03902,No aplica,Calle,26795
03902,No aplica,Calle,26796
03902,No aplica,Calle,26797
03902,No aplica,Calle,26798
03902,No aplica,Calle,26799
03902,No aplica,Calle,26800
03902,No aplica,Calle,26801
03902,No aplica,Calle,26802
03902,No aplica,Calle,26803
03902,No aplica,Calle,26804
03902,No aplica,Calle,26805
03902,No aplica,Calle,26806
03902,Curva señalizada,Carretera,26807
03902,No aplica,Calle,26808
03902,Recta,Carretera,26809
03902,No aplica,Calle,26810
03902,No aplica,Calle,26811
03902,No aplica,Calle,26812
03902,No aplica,Calle,26813
03902,No aplica,Calle,26814
03902,Curva señalizada,Carretera,26815
03902,No aplica,Calle,26816
03902,No aplica,Calle,26817
03902,No aplica,Calle,26818
03902,Recta,Carretera,26819
03902,Curva señalizada,Carretera,26820
03902,No aplica,Calle,26821
03902,No aplica,Calle,26822
03902,Curva señalizada,Carretera,26823
03902,No aplica,Calle,26824
03902,No aplica,Calle,26825
03902,No aplica,Calle,26826
03099,Curva señalizada,Carretera,26827
03902,No aplica,Calle,26828
03902,No aplica,Calle,26829
03902,No aplica,Calle,26830
03902,No aplica,Calle,26831
03902,Recta,Carretera,26832
03902,No aplica,Calle,26833
03902,No aplica,Calle,26834
03902,Curva señalizada,Carretera,26835
03902,No aplica,Calle,26836
03902,No aplica,Calle,26837
03902,Recta,Carretera,26838
03902,No aplica,Calle,26839
03902,No aplica,Calle,26840
03902,No aplica,Calle,26841
03902,No aplica,Calle,26842
03902,No aplica,Calle,26843
03902,No aplica,Calle,26844
03902,No aplica,Calle,26845
03902,Recta,Carretera,26846
03902,No aplica,Calle,26847
03902,Curva señalizada,Carretera,26848
03902,Recta,Carretera,26849
03902,No aplica,Calle,26850
03902,No aplica,Calle,26851
03902,No aplica,Calle,26852
03902,Recta,Carretera,26853
03902,No aplica,Calle,26854
03902,No aplica,Calle,26855
03902,No aplica,Calle,26856
03902,No aplica,Calle,26857
03902,No aplica,Calle,26858
03902,Recta,Carretera,26859
03902,No aplica,Calle,26860
03902,No aplica,Calle,26861
03902,No aplica,Calle,26862
03902,Recta,Carretera,26863
03902,No aplica,Calle,26864
03902,No aplica,Calle,26865
03902,No aplica,Calle,26866
03902,No aplica,Calle,26867
03902,Curva señalizada,Carretera,26868
03902,No aplica,Calle,26869
03902,Recta,Carretera,26870
03902,No aplica,Calle,26871
03902,Curva señalizada,Carretera,26872
03099,Recta,Carretera,26873
03902,No aplica,Calle,26874
03902,No aplica,Calle,26875
03902,No aplica,Calle,26876
03902,No aplica,Calle,26877
03902,No aplica,Calle,26878
03902,No aplica,Calle,26879
03902,No aplica,Calle,26880
03903,Recta,Carretera,26881
03903,Recta,Carretera,26882
03903,Curva señalizada,Carretera,26883
03903,Recta,Carretera,26884
03903,Recta,Carretera,26885
03903,Recta,Carretera,26886
03903,No aplica,Calle,26887
00000,Recta,Carretera,26888
00000,Recta,Carretera,26889
00000,Recta,Carretera,26890
00000,No aplica,Calle,26891
00000,Recta,Carretera,26892
00000,Recta,Carretera,26893
00000,Recta,Carretera,26894
00000,Recta,Carretera,26895
00000,No aplica,Calle,26896
03009,No aplica,Calle,26897
03011,No aplica,Calle,26898
03011,No aplica,Calle,26899
03011,No aplica,Calle,26900
03011,No aplica,Calle,26901
03011,No aplica,Calle,26902
03011,No aplica,Calle,26903
03011,No aplica,Calle,26904
03011,No aplica,Calle,26905
03011,No aplica,Calle,26906
03011,No aplica,Calle,26907
03011,No aplica,Calle,26908
03011,No aplica,Calle,26909
03011,No aplica,Calle,26910
03011,No aplica,Calle,26911
03011,No aplica,Calle,26912
03011,No aplica,Calle,26913
03011,No aplica,Calle,26914
03011,No aplica,Calle,26915
03011,No aplica,Calle,26916
03011,No aplica,Calle,26917
03011,No aplica,Calle,26918
03011,No aplica,Calle,26919
03011,No aplica,Calle,26920
03014,No aplica,Calle,26921
03014,No aplica,Calle,26922
03014,No aplica,Calle,26923
03014,No aplica,Calle,26924
03014,No aplica,Calle,26925
03014,No aplica,Calle,26926
03014,No aplica,Calle,26927
03014,No aplica,Calle,26928
03014,No aplica,Calle,26929
03014,No aplica,Calle,26930
03014,No aplica,Calle,26931
03014,No aplica,Calle,26932
03014,No aplica,Calle,26933
03014,No aplica,Calle,26934
03014,No aplica,Calle,26935
03014,No aplica,Calle,26936
03014,No aplica,Calle,26937
03014,No aplica,Calle,26938
03014,No aplica,Calle,26939
03014,No aplica,Calle,26940
03014,No aplica,Calle,26941
03014,No aplica,Calle,26942
03014,No aplica,Calle,26943
03014,No aplica,Calle,26944
03014,No aplica,Calle,26945
03014,No aplica,Calle,26946
03014,No aplica,Calle,26947
03014,No aplica,Calle,26948
03014,No aplica,Calle,26949
03014,No aplica,Calle,26950
03014,No aplica,Calle,26951
03014,No aplica,Calle,26952
03014,No aplica,Calle,26953
03014,No aplica,Calle,26954
03014,No aplica,Calle,26955
03014,No aplica,Calle,26956
03014,No aplica,Calle,26957
03014,No aplica,Calle,26958
03014,No aplica,Calle,26959
03014,No aplica,Calle,26960
03014,No aplica,Calle,26961
03014,No aplica,Calle,26962
03014,No aplica,Calle,26963
03014,No aplica,Calle,26964
03014,No aplica,Calle,26965
03014,No aplica,Calle,26966
03014,No aplica,Calle,26967
03014,No aplica,Calle,26968
03014,No aplica,Calle,26969
03014,No aplica,Calle,26970
03014,No aplica,Calle,26971
03014,No aplica,Calle,26972
03014,No aplica,Calle,26973
03014,No aplica,Calle,26974
03014,No aplica,Calle,26975
03014,No aplica,Calle,26976
03014,No aplica,Calle,26977
03014,No aplica,Calle,26978
03014,No aplica,Calle,26979
03014,No aplica,Calle,26980
03014,No aplica,Calle,26981
03014,No aplica,Calle,26982
03015,No aplica,Calle,26983
03015,No aplica,Calle,26984
03015,No aplica,Calle,26985
03018,No aplica,Calle,26986
03018,No aplica,Calle,26987
03018,No aplica,Calle,26988
03018,No aplica,Calle,26989
03018,No aplica,Calle,26990
03018,No aplica,Calle,26991
03018,No aplica,Calle,26992
03018,No aplica,Calle,26993
03021,No aplica,Calle,26994
03031,No aplica,Calle,26995
03031,No aplica,Calle,26996
03031,No aplica,Calle,26997
03031,No aplica,Calle,26998
03031,No aplica,Calle,26999
03031,No aplica,Calle,27000
03031,No aplica,Calle,27001
03031,No aplica,Calle,27002
03031,No aplica,Calle,27003
03031,No aplica,Calle,27004
03031,No aplica,Calle,27005
03031,No aplica,Calle,27006
03031,No aplica,Calle,27007
03041,No aplica,Calle,27008
03041,No aplica,Calle,27009
03041,No aplica,Calle,27010
03041,Recta,Carretera,27011
03041,No aplica,Calle,27012
03041,Curva señalizada,Carretera,27013
03041,No aplica,Calle,27014
03041,No aplica,Calle,27015
03044,No aplica,Calle,27016
03048,No aplica,Calle,27017
03050,No aplica,Calle,27018
03055,No aplica,Calle,27019
03056,No aplica,Calle,27020
03056,No aplica,Calle,27021
03056,Recta,Carretera,27022
03056,No aplica,Calle,27023
03059,No aplica,Calle,27024
03059,No aplica,Calle,27025
03059,No aplica,Calle,27026
03059,No aplica,Calle,27027
03064,No aplica,Calle,27028
03065,No aplica,Calle,27029
03066,No aplica,Calle,27030
03066,No aplica,Calle,27031
03066,No aplica,Calle,27032
03066,No aplica,Calle,27033
03069,Recta,Carretera,27034
00000,No aplica,Calle,27035
00000,No aplica,Calle,27036
00000,No aplica,Calle,27037
03079,No aplica,Calle,27038
03079,No aplica,Calle,27039
03079,No aplica,Calle,27040
03079,No aplica,Calle,27041
03079,No aplica,Calle,27042
03090,No aplica,Calle,27043
03090,No aplica,Calle,27044
03090,No aplica,Calle,27045
03090,No aplica,Calle,27046
03090,No aplica,Calle,27047
03093,Recta,Carretera,27048
03095,Recta,Carretera,27049
03099,No aplica,Calle,27050
03099,No aplica,Calle,27051
03099,No aplica,Calle,27052
03099,No aplica,Calle,27053
03099,No aplica,Calle,27054
03099,No aplica,Calle,27055
03099,No aplica,Calle,27056
03099,No aplica,Calle,27057
03099,No aplica,Calle,27058
03099,No aplica,Calle,27059
03099,No aplica,Calle,27060
03107,No aplica,Calle,27061
03118,No aplica,Calle,27062
03119,No aplica,Calle,27063
03119,No aplica,Calle,27064
03119,No aplica,Calle,27065
03121,No aplica,Calle,27066
03121,No aplica,Calle,27067
03121,No aplica,Calle,27068
03121,No aplica,Calle,27069
03122,No aplica,Calle,27070
03122,No aplica,Calle,27071
03122,No aplica,Calle,27072
03128,No aplica,Calle,27073
03128,No aplica,Calle,27074
03128,No aplica,Calle,27075
03128,No aplica,Calle,27076
03133,No aplica,Calle,27077
03133,No aplica,Calle,27078
03133,No aplica,Calle,27079
03133,No aplica,Calle,27080
03133,No aplica,Calle,27081
03133,No aplica,Calle,27082
03133,No aplica,Calle,27083
03133,No aplica,Calle,27084
03133,No aplica,Calle,27085
03133,No aplica,Calle,27086
03133,No aplica,Calle,27087
03133,No aplica,Calle,27088
03133,No aplica,Calle,27089
03133,No aplica,Calle,27090
03133,No aplica,Calle,27091
03133,No aplica,Calle,27092
03133,No aplica,Calle,27093
03133,No aplica,Calle,27094
03133,No aplica,Calle,27095
03133,No aplica,Calle,27096
03133,No aplica,Calle,27097
03133,No aplica,Calle,27098
03138,No aplica,Calle,27099
03138,No aplica,Calle,27100
03138,No aplica,Calle,27101
03139,No aplica,Calle,27102
03139,No aplica,Calle,27103
03139,No aplica,Calle,27104
03139,No aplica,Calle,27105
03139,No aplica,Calle,27106
03140,Curva señalizada,Carretera,27107
03903,Recta,Travesía,27108
03903,No aplica,Calle,27109
03903,Curva señalizada,Carretera,27110
