ID_ACCIDENTE,KM,TOTAL_HG24H,TOTAL_HL24H,TOTAL_MU24H
1681,54.0,0,1,0
1682,49.5,0,1,0
1683,8.2,0,1,0
1684,0.0,1,0,0
1685,5.6,0,1,0
1686,6.8,0,1,0
1687,,0,1,0
1688,,0,1,0
1689,0.3,0,1,0
1690,0.2,0,1,0
1691,0.2,0,8,0
1692,5.85,0,1,0
1693,6.8,0,1,0
1694,12.4,0,1,0
1695,11.0,0,1,0
1696,7.7,0,1,0
1697,12.9,0,1,0
1698,0.0,0,2,0
1699,535.4,0,4,0
1700,3.0,0,0,1
1701,700.9,0,3,0
1702,9.6,0,1,0
1703,535.4,0,2,0
1704,697.3,0,1,0
1705,10.4,1,1,0
1706,1.0,0,2,0
1707,701.0,0,1,1
1708,698.4,0,3,0
1709,533.0,0,2,0
1710,537.5,0,2,0
1711,,0,2,0
1712,3.5,0,1,0
1713,532.65,0,2,0
1714,42.0,0,1,0
1715,0.5,0,1,0
1716,3.0,0,1,0
1717,4.5,0,1,0
1718,30.0,0,1,0
1719,30.8,0,0,1
1720,28.5,0,1,0
1721,29.9,0,1,0
1722,,0,1,0
1723,,0,2,0
1724,,0,1,0
1725,16.5,0,1,0
1726,,0,4,0
1727,,0,1,0
1728,,0,2,0
1729,,0,1,0
1730,,0,1,0
1731,,0,1,0
1732,,0,2,0
1733,,0,1,0
1734,,0,1,0
1735,,0,1,0
1736,,0,2,0
1737,,0,1,0
1738,,0,1,0
1739,,0,1,0
1740,,0,1,0
1741,,0,1,0
1742,,0,1,0
1743,,0,1,0
1744,,0,1,0
1745,,0,1,0
1746,,0,1,0
1747,,0,2,0
1748,,0,1,0
1749,,0,1,0
1750,,0,2,0
1751,,0,3,0
1752,,0,1,0
1753,2.5,0,1,0
1754,,0,1,0
1755,,0,1,0
1756,,0,1,0
1757,,0,1,0
1758,,0,1,0
1759,,0,2,0
1760,,0,1,0
1761,,0,1,0
1762,,0,2,0
1763,,0,1,0
1764,449.0,0,2,0
1765,,0,1,0
1766,,0,1,0
1767,,0,1,0
1768,,0,1,0
1769,,0,1,0
1770,,0,2,0
1771,,1,0,0
1772,,1,1,0
1773,12.7,1,0,0
1774,0.0,0,0,1
1775,,0,1,0
1776,,0,1,0
1777,,0,1,0
1778,,0,1,0
1779,,0,2,0
1780,,0,1,0
1781,448.0,0,1,0
1782,,0,1,0
1783,,0,1,0
1784,,0,1,0
1785,,0,2,0
1786,,0,1,0
1787,0.5,1,0,0
1788,1.0,0,1,0
1789,,0,1,0
1790,,0,1,0
1791,,0,1,0
1792,,0,1,0
1793,,0,1,0
1794,,1,0,0
1795,,0,1,0
1796,,0,1,0
1797,,0,1,0
1798,,0,1,0
1799,,0,1,0
1800,,0,1,0
1801,,0,1,0
1802,,0,1,0
1803,,0,1,0
1804,,0,1,0
1805,,0,1,0
1806,,0,1,0
1807,,0,1,0
1808,,0,1,0
1809,,0,1,0
1810,,0,1,0
1811,,0,1,0
1812,,0,1,0
1813,,0,2,0
1814,,0,1,0
1815,,0,1,0
1816,,0,1,0
1817,789.4,0,1,0
1818,,0,1,0
1819,7.6,0,1,0
1820,,1,1,0
1821,,0,1,0
1822,,0,1,0
1823,,0,1,0
1824,,0,1,0
1825,,0,2,0
1826,,0,2,0
1827,,0,3,0
1828,,0,1,0
1829,,0,1,0
1830,,0,1,0
1831,,0,1,0
1832,,0,1,0
1833,153.0,0,3,0
1834,153.5,0,1,0
1835,0.6,0,2,0
1836,,0,1,0
1837,,0,2,0
1838,,0,1,0
1839,,0,1,0
1840,153.7,0,1,0
1841,152.25,0,1,0
1842,154.7,0,1,0
1843,,0,1,0
1844,153.55,0,1,0
1845,153.7,0,1,0
1846,153.0,0,2,0
1847,,0,1,0
1848,,0,1,0
1849,,0,1,0
1850,152.7,0,1,0
1851,,1,0,0
1852,,1,0,0
1853,,0,1,0
1854,153.6,0,1,0
1855,,0,2,0
1856,,0,1,0
1857,,1,0,0
1858,,0,1,0
1859,,0,1,0
1860,,0,1,0
1861,154.55,0,2,0
1862,153.36,0,1,0
1863,,1,1,0
1864,,0,1,0
1865,,1,0,0
1866,,0,1,0
1867,,0,1,0
1868,2.2,0,1,0
1869,153.38,1,0,0
1870,153.5,0,1,0
1871,,0,1,0
1872,3.7,0,1,0
1873,153.7,0,1,0
1874,41.5,0,1,0
1875,,1,0,0
1876,153.4,0,2,0
1877,,0,1,0
1878,,0,1,0
1879,,0,0,1
1880,153.9,0,1,0
1881,,0,1,0
1882,8.8,0,2,0
1883,12.3,0,2,0
1884,9.5,1,0,0
1885,8.2,0,1,0
1886,8.3,0,1,0
1887,745.0,0,2,0
1888,23.3,2,0,0
1889,0.0,0,1,0
1890,236.9,0,2,0
1891,7.4,0,1,0
1892,16.4,0,1,0
1893,1.7,0,1,0
1894,0.0,1,0,0
1895,0.0,0,1,0
1896,7.95,1,1,0
1897,236.6,0,2,0
1898,231.8,0,0,1
1899,0.0,0,1,0
1900,0.5,0,1,0
1901,3.8,0,1,0
1902,8.3,0,1,0
1903,,1,0,0
1904,,1,0,0
1905,8.5,0,1,0
1906,,1,0,0
1907,,0,0,1
1908,5.2,0,2,0
1909,239.4,0,2,0
1910,2.8,0,3,0
1911,11.55,0,1,0
1912,16.0,0,1,0
1913,231.7,1,0,0
1914,232.8,1,0,0
1915,0.0,0,1,0
1916,236.0,0,2,0
1917,0.0,0,1,0
1918,2.7,1,0,0
1919,487.0,0,1,0
1920,0.0,0,2,0
1921,18.6,0,1,0
1922,8.95,0,2,0
1923,10.5,0,1,0
1924,14.1,0,1,0
1925,,0,0,1
1926,12.1,0,1,0
1927,0.05,0,4,0
1928,0.0,0,1,0
1929,0.9,0,0,1
1930,,1,0,0
1931,230.75,0,1,0
1932,,1,0,0
1933,1.1,0,2,0
1934,,1,1,0
1935,,1,0,0
1936,,1,0,0
1937,,1,0,0
1938,16.45,1,0,0
1939,,1,0,0
1940,,1,0,0
1941,,0,2,0
1942,,0,1,0
1943,12.95,0,2,0
1944,0.7,0,1,0
1945,16.7,0,1,0
1946,0.0,0,1,0
1947,,0,0,1
1948,,2,0,0
1949,,0,1,0
1950,,0,1,0
1951,,0,1,0
1952,4.6,0,4,0
1953,234.0,0,1,0
1954,238.7,0,1,0
1955,,1,4,0
1956,0.0,0,1,0
1957,,1,0,0
1958,,0,1,1
1959,,0,1,0
1960,0.9,0,1,0
1961,1.2,0,3,0
1962,1.7,0,1,0
1963,,1,0,0
1964,,1,0,0
1965,16.0,0,2,0
1966,,0,1,0
1967,,0,1,0
1968,238.8,0,1,0
1969,17.55,0,1,0
1970,,0,1,0
1971,,0,1,0
1972,,1,0,0
1973,,1,0,0
1974,,1,0,0
1975,,0,1,0
1976,5.9,0,1,0
1977,2.0,0,1,0
1978,21.85,1,0,0
1979,,1,0,0
1980,5.9,0,1,0
1981,17.0,0,1,0
1982,0.0,0,2,0
1983,14.28,0,4,0
1984,9.2,0,2,0
1985,,1,1,1
1986,,1,0,0
1987,,1,2,0
1988,,1,0,0
1989,238.8,0,1,0
1990,11.28,0,1,0
1991,,0,0,1
1992,,3,0,1
1993,11.4,0,1,0
1994,17.5,0,1,0
1995,,1,1,0
1996,234.3,0,1,0
1997,10.85,0,1,0
1998,,1,0,0
1999,,1,1,0
2000,0.8,0,1,0
2001,4.5,0,1,0
2002,13.0,0,1,0
2003,9.7,0,1,0
2004,3.2,1,0,0
2005,238.7,0,1,0
2006,0.2,0,1,0
2007,10.1,1,0,0
2008,236.2,0,2,0
2009,17.5,0,1,0
2010,17.5,0,1,0
2011,10.2,1,0,0
2012,14.2,0,1,0
2013,230.0,0,3,0
2014,,1,0,0
2015,235.0,0,1,0
2016,15.9,0,1,0
2017,0.0,0,1,0
2018,11.0,0,1,0
2019,6.6,0,1,0
2020,737.2,0,3,0
2021,13.25,0,1,0
2022,2.3,0,2,0
2023,10.3,0,3,0
2024,12.1,0,1,0
2025,742.2,0,2,0
2026,,1,0,0
2027,736.8,0,1,0
2028,5.0,0,1,0
2029,8.6,0,1,0
2030,6.3,0,2,0
2031,7.1,0,1,0
2032,14.9,0,2,0
2033,,1,0,0
2034,12.95,0,1,0
2035,737.0,0,1,0
2036,2.7,0,2,0
2037,12.8,0,1,0
2038,205.0,0,1,0
2039,164.95,0,0,1
2040,634.4,0,1,0
2041,,0,1,0
2042,,0,1,0
2043,,0,1,0
2044,,1,0,0
2045,18.1,1,0,0
2046,633.0,0,1,0
2047,636.8,1,1,0
2048,162.9,0,1,0
2049,,0,1,0
2050,,0,1,0
2051,639.4,0,1,0
2052,18.0,0,1,0
2053,160.9,0,2,0
2054,,0,1,0
2055,0.0,0,1,0
2056,,0,1,0
2057,,0,1,0
2058,162.4,0,2,0
2059,154.9,0,1,0
2060,,1,0,0
2061,160.6,0,3,0
2062,154.9,0,2,0
2063,156.1,0,1,0
2064,12.8,0,1,0
2065,3.3,0,1,0
2066,4.0,0,1,0
2067,0.7,1,0,0
2068,1.5,0,5,0
2069,0.0,0,1,0
2070,0.1,0,3,0
2071,4.0,0,1,0
2072,2.5,0,1,0
2073,4.7,0,1,0
2074,2.8,0,1,0
2075,3.5,0,0,1
2076,11.3,0,1,0
2077,16.5,0,1,0
2078,19.4,0,3,0
2079,18.3,0,1,0
2080,10.5,0,1,0
2081,25.8,0,0,1
2082,,0,1,0
2083,0.4,0,1,0
2084,0.0,0,1,0
2085,8.0,0,1,0
2086,6.2,0,1,0
2087,5.5,0,1,0
2088,,0,1,0
2089,5.4,0,1,0
2090,,0,1,0
2091,5.2,0,1,0
2092,5.9,0,2,0
2093,6.7,0,1,0
2094,,0,1,0
2095,35.77,2,4,0
2096,35.2,0,1,0
2097,4.0,0,1,0
2098,,0,1,0
2099,,0,1,0
2100,,0,1,0
2101,,1,0,0
2102,,1,0,0
2103,,0,1,0
2104,,0,1,0
2105,,0,1,0
2106,,0,1,0
2107,,0,1,0
2108,,0,2,0
2109,,0,1,0
2110,,0,2,0
2111,,0,1,0
2112,,0,1,0
2113,,0,1,0
2114,,1,0,0
2115,,0,1,0
2116,,0,1,0
2117,,0,1,0
2118,,0,1,0
2119,,0,2,0
2120,,0,1,0
2121,,0,3,0
2122,,0,1,0
2123,,0,1,0
2124,,0,1,0
2125,,0,1,0
2126,,0,1,0
2127,,0,1,0
2128,,0,1,0
2129,,0,1,0
2130,,0,1,0
2131,,0,1,0
2132,148.0,0,1,0
2133,,1,0,0
2134,47.5,0,1,0
2135,,0,1,0
2136,,0,1,0
2137,,0,1,0
2138,,0,1,0
2139,,0,1,0
2140,,0,1,0
2141,146.5,1,0,0
2142,,1,0,0
2143,,0,1,0
2144,,0,1,0
2145,,0,1,0
2146,,1,0,0
2147,,0,1,0
2148,,0,1,0
2149,,1,0,0
2150,648.0,0,4,0
2151,,0,1,0
2152,,0,1,0
2153,,0,1,0
2154,,0,1,0
2155,,1,0,0
2156,,0,2,0
2157,,0,2,0
2158,,0,1,0
2159,,0,1,0
2160,49.0,0,1,0
2161,,0,1,0
2162,,1,2,0
2163,,0,1,0
2164,,0,2,0
2165,,0,1,0
2166,,0,1,0
2167,,1,0,0
2168,,0,1,0
2169,,1,0,0
2170,,0,1,0
2171,,0,1,0
2172,,0,1,0
2173,,0,1,0
2174,,0,1,0
2175,,0,1,0
2176,,0,2,0
2177,,0,1,0
2178,,0,1,0
2179,,0,1,0
2180,,0,1,0
2181,,1,0,0
2182,,0,1,0
2183,,0,1,0
2184,,0,1,0
2185,,0,1,0
2186,,0,2,0
2187,,0,1,0
2188,,0,1,0
2189,,0,1,0
2190,,0,1,0
2191,,0,1,0
2192,,0,1,0
2193,,0,1,0
2194,,0,1,0
2195,,0,1,0
2196,,0,1,0
2197,,0,1,0
2198,,0,1,0
2199,,0,1,0
2200,,1,0,0
2201,,0,2,0
2202,,0,1,0
2203,,0,2,0
2204,,0,1,0
2205,,0,1,0
2206,,0,1,0
2207,,0,1,0
2208,,0,1,0
2209,,1,0,0
2210,,0,2,0
2211,,0,1,0
2212,,0,1,0
2213,,0,1,0
2214,,0,1,0
2215,,0,1,0
2216,,0,1,0
2217,148.0,0,4,0
2218,,0,1,0
2219,,0,2,0
2220,,1,0,0
2221,,0,1,0
2222,,0,1,0
2223,,0,1,0
2224,,0,1,0
2225,,0,1,0
2226,,0,1,0
2227,,0,1,0
2228,,0,1,0
2229,,0,1,0
2230,,0,2,0
2231,,1,0,0
2232,,0,2,0
2233,,0,1,0
2234,,0,1,0
2235,,0,2,0
2236,,0,1,0
2237,,0,1,0
2238,,0,1,0
2239,,0,4,0
2240,,0,1,0
2241,,0,1,0
2242,,1,0,0
2243,,0,1,0
2244,,0,1,0
2245,,0,1,0
2246,,0,1,0
2247,,0,3,0
2248,,0,2,0
2249,,0,1,0
2250,,0,1,0
2251,,0,1,0
2252,,0,1,0
2253,,0,1,0
2254,,0,1,0
2255,,0,7,0
2256,,0,1,0
2257,,0,3,0
2258,,0,1,0
2259,,0,1,0
2260,,0,1,0
2261,,0,1,0
2262,,0,1,0
2263,,0,1,0
2264,,1,0,0
2265,,0,1,0
2266,,0,2,0
2267,,1,0,0
2268,,1,0,0
2269,,0,1,0
2270,,0,1,0
2271,,0,3,0
2272,,0,1,0
2273,,0,1,0
2274,,0,2,0
2275,,0,1,0
2276,,0,1,0
2277,,0,1,0
2278,,0,1,0
2279,,0,1,0
2280,49.1,0,1,0
2281,,0,1,0
2282,,0,1,0
2283,,0,1,0
2284,,0,2,0
2285,,0,1,0
2286,,0,1,0
2287,,0,1,0
2288,,0,1,0
2289,,0,1,0
2290,,0,1,0
2291,,0,1,0
2292,,0,1,0
2293,,0,1,0
2294,,1,0,0
2295,,0,1,0
2296,0.0,0,1,0
2297,,0,4,0
2298,,0,1,0
2299,,0,1,0
2300,,0,1,0
2301,,0,1,0
2302,,0,1,0
2303,,0,1,0
2304,,0,1,0
2305,,0,1,0
2306,,0,1,0
2307,,1,0,0
2308,,0,1,0
2309,,0,2,0
2310,,0,1,0
2311,147.4,0,1,0
2312,,1,0,0
2313,,0,1,0
2314,,0,1,0
2315,,0,1,0
2316,,0,1,0
2317,,0,1,0
2318,,0,1,0
2319,,0,1,0
2320,,0,1,0
2321,,0,1,0
2322,,0,1,0
2323,,0,1,0
2324,,0,1,0
2325,,0,1,0
2326,,0,1,0
2327,,0,1,0
2328,,0,1,0
2329,,0,1,0
2330,,0,2,0
2331,,0,2,0
2332,,1,0,0
2333,,0,1,0
2334,,0,2,0
2335,,0,1,0
2336,,1,1,0
2337,,0,1,0
2338,,0,1,0
2339,,0,2,0
2340,,0,1,0
2341,,0,1,0
2342,,0,1,0
2343,,0,1,0
2344,,1,0,0
2345,,0,1,0
2346,,1,0,0
2347,,0,1,0
2348,,0,1,0
2349,,0,1,0
2350,,0,2,0
2351,148.4,0,1,0
2352,,0,1,0
2353,,0,1,0
2354,,1,0,0
2355,,0,1,0
2356,,0,1,0
2357,,0,2,0
2358,,0,1,0
2359,,0,1,0
2360,,0,1,0
2361,,1,0,0
2362,,0,1,0
2363,,0,1,0
2364,,0,2,0
2365,47.4,0,1,0
2366,48.8,0,2,0
2367,,0,1,0
2368,,0,1,0
2369,,0,2,0
2370,,0,1,0
2371,,0,1,0
2372,,1,0,0
2373,,0,1,0
2374,,0,2,0
2375,,0,1,0
2376,,0,1,0
2377,,0,1,0
2378,,0,1,0
2379,,0,2,0
2380,,0,1,0
2381,,0,2,0
2382,,0,1,0
2383,,0,1,0
2384,,0,1,0
2385,,0,1,0
2386,,0,3,0
2387,,0,1,0
2388,,1,0,0
2389,,0,2,0
2390,,0,1,0
2391,,1,0,0
2392,,0,1,0
2393,,0,1,0
2394,,0,2,0
2395,,0,1,0
2396,,1,1,0
2397,,1,0,0
2398,,0,1,0
2399,,0,1,0
2400,,0,1,0
2401,,0,1,0
2402,4.3,0,1,0
2403,22.0,0,1,0
2404,28.0,0,3,0
2405,745.0,0,1,0
2406,15.0,0,1,0
2407,,0,1,0
2408,,1,0,0
2409,,0,1,0
2410,,0,1,0
2411,5.1,0,1,0
2412,1.2,0,1,0
2413,30.5,0,0,1
2414,22.5,0,3,0
2415,8.2,0,2,0
2416,7.9,0,1,0
2417,,0,1,0
2418,,0,1,0
2419,178.6,0,2,0
2420,179.5,0,1,0
2421,183.6,0,1,0
2422,,0,1,0
2423,,0,1,0
2424,,0,1,0
2425,172.7,1,3,0
2426,,0,1,0
2427,15.6,0,1,0
2428,0.0,0,2,0
2429,175.85,0,2,0
2430,171.3,0,1,0
2431,,0,2,0
2432,,0,2,0
2433,,0,1,0
2434,0.9,0,2,0
2435,3.1,1,0,0
2436,4.3,0,3,0
2437,11.2,0,1,0
2438,4.3,0,2,0
2439,6.0,0,1,0
2440,4.6,0,2,0
2441,0.3,0,2,0
2442,4.5,0,1,0
2443,47.7,0,1,0
2444,681.2,0,1,0
2445,5.0,0,1,0
2446,7.8,0,1,0
2447,,0,3,0
2448,169.8,0,1,0
2449,166.7,0,2,0
2450,166.65,0,2,0
2451,166.63,0,2,0
2452,7.0,0,1,0
2453,166.63,0,2,0
2454,169.75,0,2,0
2455,166.5,0,6,0
2456,,0,1,0
2457,167.0,0,3,0
2458,166.8,0,1,0
2459,169.95,0,1,0
2460,,0,5,0
2461,0.0,0,2,0
2462,50.5,0,1,0
2463,8.0,0,1,0
2464,0.0,0,1,0
2465,1.7,0,1,0
2466,692.7,0,1,0
2467,2.9,0,2,0
2468,6.1,0,1,0
2469,0.0,0,1,0
2470,8.0,0,1,0
2471,8.05,0,1,0
2472,6.6,0,2,0
2473,8.5,0,1,0
2474,692.7,0,2,0
2475,0.9,0,4,0
2476,0.35,0,3,0
2477,8.0,0,1,0
2478,0.6,0,1,0
2479,0.0,0,1,0
2480,6.0,0,1,0
2481,1.8,0,1,0
2482,0.0,0,0,1
2483,1.7,0,4,0
2484,,0,1,0
2485,,0,1,0
2486,,0,1,0
2487,13.4,0,1,0
2488,,0,1,0
2489,125.5,0,1,0
2490,,0,1,0
2491,125.8,0,1,0
2492,,1,0,0
2493,,0,1,0
2494,,0,1,0
2495,129.5,0,2,0
2496,,0,1,0
2497,,0,2,0
2498,122.1,0,1,0
2499,669.1,0,1,0
2500,125.3,0,1,0
2501,,0,1,0
2502,125.6,0,1,0
2503,121.7,0,3,0
2504,123.7,0,1,0
2505,676.5,0,2,0
2506,673.0,0,1,0
2507,,0,1,0
2508,668.4,0,1,0
2509,,0,1,0
2510,124.2,0,1,0
2511,128.6,1,2,0
2512,6.5,1,0,0
2513,,0,1,0
2514,4.8,0,1,0
2515,123.6,1,0,1
2516,,0,1,0
2517,,0,1,0
2518,,0,1,0
2519,,0,1,0
2520,,0,1,0
2521,,0,1,0
2522,,0,1,0
2523,124.7,0,4,0
2524,129.5,0,1,0
2525,,0,1,0
2526,676.5,0,2,0
2527,,0,1,0
2528,0.2,2,3,0
2529,,0,1,0
2530,,0,1,0
2531,,0,1,0
2532,,0,1,0
2533,,0,0,1
2534,,1,0,0
2535,,1,0,0
2536,,0,1,0
2537,,0,2,0
2538,,0,1,0
2539,,1,0,0
2540,4.0,0,1,0
2541,7.2,1,0,0
2542,,0,1,0
2543,19.2,0,2,0
2544,,0,2,0
2545,23.3,0,1,0
2546,20.6,0,1,0
2547,11.0,0,1,0
2548,11.0,0,1,0
2549,0.2,0,1,0
2550,,0,2,0
2551,,1,0,0
2552,,0,1,0
2553,0.5,0,1,0
2554,735.5,0,1,0
2555,1.0,1,0,0
2556,,0,1,0
2557,,0,1,0
2558,,0,1,0
2559,0.0,0,1,0
2560,,0,1,0
2561,0.0,0,2,0
2562,0.5,0,1,0
2563,803.4,0,1,0
2564,1.3,0,1,0
2565,,1,0,0
2566,,1,0,0
2567,,0,1,0
2568,804.0,0,1,0
2569,2.7,0,2,0
2570,,0,2,0
2571,5.9,0,1,0
2572,,1,0,0
2573,,0,2,0
2574,0.0,0,0,1
2575,,0,2,0
2576,,0,1,0
2577,,0,1,0
2578,5.5,0,1,0
2579,799.0,0,1,0
2580,3.6,0,1,0
2581,,0,1,0
2582,,0,1,0
2583,5.2,0,1,0
2584,2.7,0,1,0
2585,,0,1,0
2586,803.3,0,1,0
2587,803.9,1,2,0
2588,,0,1,0
2589,797.8,0,1,0
2590,803.0,0,2,0
2591,23.3,0,1,0
2592,693.8,0,1,0
2593,538.8,0,1,0
2594,644.9,0,1,0
2595,540.85,0,2,0
2596,,0,1,0
2597,695.75,0,2,0
2598,,0,1,0
2599,,0,1,0
2600,,0,1,0
2601,,0,1,0
2602,,0,2,0
2603,,0,1,0
2604,,0,3,0
2605,,0,1,0
2606,,0,1,0
2607,,0,1,0
2608,10.1,0,1,0
2609,,0,1,0
2610,,0,1,0
2611,539.85,0,1,0
2612,,0,2,0
2613,,0,2,0
2614,,0,1,0
2615,,0,1,0
2616,1.0,1,0,0
2617,695.75,0,1,0
2618,,0,1,0
2619,542.2,0,1,0
2620,,0,3,0
2621,,0,1,0
2622,,0,4,0
2623,704.4,0,1,0
2624,710.0,0,1,0
2625,525.2,0,1,0
2626,706.2,0,1,0
2627,703.7,0,2,0
2628,706.1,0,1,0
2629,0.0,0,2,0
2630,707.4,0,1,0
2631,711.0,0,1,0
2632,1.5,0,1,0
2633,706.2,1,0,0
2634,1.5,0,2,0
2635,16.1,0,1,0
2636,707.7,0,1,0
2637,710.9,0,1,0
2638,529.5,0,3,0
2639,531.0,0,2,0
2640,712.0,0,1,0
2641,528.7,0,2,0
2642,710.95,0,1,0
2643,0.5,0,1,0
2644,525.0,0,1,0
2645,706.7,0,1,0
2646,527.5,0,7,0
2647,706.6,0,1,0
2648,706.73,0,6,0
2649,1.2,0,2,0
2650,17.3,0,1,0
2651,2.3,0,1,0
2652,9.8,0,1,0
2653,,0,1,0
2654,,0,1,0
2655,,0,2,0
2656,,0,1,0
2657,,0,1,0
2658,,0,1,0
2659,,0,1,0
2660,,0,1,0
2661,,0,1,0
2662,,0,1,0
2663,,0,5,0
2664,,0,1,0
2665,,1,0,0
2666,15.5,2,0,0
2667,,0,2,0
2668,,0,2,0
2669,,0,1,0
2670,,0,1,0
2671,,0,2,0
2672,,0,2,0
2673,,0,1,0
2674,709.5,0,2,0
2675,10.6,0,1,0
2676,523.0,0,1,0
2677,,0,2,0
2678,3.8,0,1,0
2679,1.0,0,0,1
2680,1.2,0,1,0
2681,16.1,0,3,0
2682,1.0,0,2,0
2683,,0,1,0
2684,5.8,1,1,0
2685,5.05,0,1,0
2686,4.4,1,0,0
2687,,0,1,0
2688,,0,1,0
2689,,0,1,0
2690,,0,1,0
2691,4.8,0,1,0
2692,,0,1,0
2693,,0,1,0
2694,,0,1,0
2695,3.8,0,1,0
2696,5.6,0,3,0
2697,,1,1,0
2698,,0,1,0
2699,,0,2,0
2700,6.5,0,1,0
2701,3.8,0,1,0
2702,3.0,0,1,0
2703,6.4,0,1,0
2704,,0,1,0
2705,4.4,0,1,0
2706,,0,1,0
2707,,0,3,0
2708,204.3,0,2,0
2709,,1,0,0
2710,,0,2,0
2711,,0,1,0
2712,184.8,0,1,0
2713,,0,1,0
2714,6.9,0,1,0
2715,2.9,0,1,0
2716,13.5,0,1,0
2717,7.6,0,2,0
2718,,0,2,0
2719,,0,1,0
2720,,0,1,0
2721,,0,1,0
2722,,0,1,0
2723,,0,1,0
2724,4.3,0,1,0
2725,,0,1,0
2726,5.5,0,2,0
2727,1.0,0,1,0
2728,,0,2,0
2729,,0,2,0
2730,1.8,0,1,0
2731,,0,2,0
2732,,0,2,0
2733,,0,1,0
2734,0.0,0,1,0
2735,,0,1,0
2736,7.0,0,1,0
2737,5.7,0,1,0
2738,0.0,0,1,0
2739,,0,1,0
2740,7.3,0,1,0
2741,,0,1,0
2742,,0,1,0
2743,,0,1,0
2744,186.1,2,2,0
2745,2.8,0,1,1
2746,,0,1,0
2747,9.7,0,1,0
2748,204.0,0,1,0
2749,,0,1,0
2750,,0,1,0
2751,,0,2,0
2752,,0,1,0
2753,5.0,0,2,0
2754,,0,1,0
2755,3.8,0,2,0
2756,,0,1,0
2757,,0,1,0
2758,16.0,0,1,0
2759,,0,1,0
2760,,0,1,0
2761,,0,2,0
2762,12.2,0,1,0
2763,,0,1,0
2764,,1,0,0
2765,,0,1,0
2766,16.2,0,4,0
2767,,0,1,0
2768,,0,1,0
2769,11.8,0,2,0
2770,2.05,0,2,0
2771,8.0,0,2,0
2772,730.5,0,1,0
2773,8.5,0,2,0
2774,723.8,1,0,0
2775,522.7,0,1,0
2776,1.3,0,1,0
2777,713.2,0,1,0
2778,95.0,0,2,0
2779,26.5,0,1,0
2780,0.0,0,1,0
2781,6.7,0,1,0
2782,725.9,0,1,0
2783,6.3,0,2,0
2784,0.0,0,2,0
2785,13.1,0,1,0
2786,729.3,1,0,0
2787,30.5,0,1,0
2788,726.15,1,0,0
2789,4.4,0,1,0
2790,0.1,0,6,0
2791,7.3,0,2,0
2792,14.4,0,1,0
2793,8.4,0,1,0
2794,5.0,0,1,0
2795,30.0,0,1,0
2796,524.6,1,2,0
2797,14.0,0,1,0
2798,517.9,0,1,0
2799,523.2,1,7,0
2800,712.9,0,1,0
2801,14.3,0,1,0
2802,0.5,0,1,0
2803,514.8,0,2,0
2804,3.5,0,1,0
2805,1.8,0,2,0
2806,3.4,0,3,0
2807,4.8,0,1,0
2808,3.3,0,2,0
2809,715.0,0,1,0
2810,7.3,0,3,0
2811,712.9,0,1,0
2812,724.05,0,1,0
2813,710.8,0,2,0
2814,8.7,0,2,0
2815,724.3,0,3,0
2816,0.5,0,1,0
2817,715.0,0,2,0
2818,,0,1,0
2819,,0,1,0
2820,,0,1,0
2821,,0,1,0
2822,,0,1,0
2823,,0,1,0
2824,,0,3,0
2825,,0,3,0
2826,,0,1,0
2827,,0,2,0
2828,,0,1,0
2829,,0,1,0
2830,,0,2,0
2831,,0,2,0
2832,,0,1,0
2833,,0,2,0
2834,,0,2,0
2835,,0,1,0
2836,,0,1,0
2837,,0,1,0
2838,,0,1,0
2839,1.0,0,3,0
2840,,1,0,0
2841,,0,1,0
2842,,0,1,0
2843,,1,0,0
2844,,0,1,0
2845,,0,1,0
2846,,0,1,0
2847,,0,2,0
2848,,0,1,0
2849,,0,2,0
2850,0.1,1,0,0
2851,1.25,0,1,0
2852,,0,3,0
2853,6.5,0,1,0
2854,,0,1,0
2855,,0,1,0
2856,,0,1,0
2857,,0,1,0
2858,,0,1,0
2859,,0,1,0
2860,,0,1,0
2861,,0,2,0
2862,,0,2,0
2863,,0,2,0
2864,,0,1,0
2865,,0,1,0
2866,,0,1,0
2867,,0,1,0
2868,,0,1,0
2869,4.9,0,1,0
2870,28.7,0,1,0
2871,,0,1,0
2872,,0,1,0
2873,,0,1,0
2874,,0,1,0
2875,,0,1,0
2876,,0,1,0
2877,,0,2,0
2878,,0,1,0
2879,,0,1,0
2880,,0,1,0
2881,,0,1,0
2882,,0,1,0
2883,,0,1,0
2884,,0,1,0
2885,,0,1,0
2886,,0,1,0
2887,,0,1,0
2888,,0,1,0
2889,,0,2,0
2890,,0,1,0
2891,,0,2,0
2892,,0,3,0
2893,,0,1,0
2894,,0,1,0
2895,,0,1,0
2896,,0,1,0
2897,,0,1,0
2898,,0,1,0
2899,,0,1,0
2900,,0,1,0
2901,,0,1,0
2902,,0,3,0
2903,,0,1,0
2904,,0,1,0
2905,,0,1,0
2906,,0,1,0
2907,,0,1,0
2908,,0,1,0
2909,,0,2,0
2910,,0,1,0
2911,,0,1,0
2912,,0,4,0
2913,725.9,0,2,0
2914,,0,1,0
2915,,0,1,0
2916,,0,1,0
2917,,0,1,0
2918,525.05,0,1,0
2919,521.1,0,1,0
2920,,0,1,0
2921,,0,3,0
2922,,0,2,0
2923,,0,1,0
2924,2.05,0,3,0
2925,,0,4,0
2926,,0,1,0
2927,,0,1,0
2928,,0,1,0
2929,,0,1,0
2930,,1,0,0
2931,,0,1,0
2932,,0,1,0
2933,,0,2,0
2934,,0,1,0
2935,,0,2,0
2936,,0,2,0
2937,,0,1,0
2938,,0,1,0
2939,14.3,0,1,0
2940,,0,1,0
2941,,0,1,0
2942,,0,1,0
2943,,0,1,0
2944,,0,1,0
2945,,0,2,0
2946,,0,1,0
2947,,0,2,0
2948,,0,1,0
2949,,0,1,0
2950,,0,1,0
2951,5.1,0,1,0
2952,,0,1,0
2953,,0,1,0
2954,,0,1,0
2955,,0,1,0
2956,,0,1,0
2957,8.05,1,0,0
2958,3.9,0,2,0
2959,,0,1,0
2960,12.3,0,1,0
2961,6.4,0,1,0
2962,,0,1,0
2963,,0,2,0
2964,,0,1,0
2965,,0,1,0
2966,,0,1,0
2967,,0,2,0
2968,,0,1,0
2969,,0,1,0
2970,4.4,0,1,0
2971,27.9,0,1,0
2972,,0,1,0
2973,,0,1,0
2974,,1,1,0
2975,728.6,0,1,0
2976,,0,1,0
2977,,0,1,0
2978,14.0,0,1,0
2979,0.6,0,1,0
2980,,0,1,0
2981,,0,1,0
2982,,1,0,0
2983,4.2,0,1,0
2984,,0,1,0
2985,,0,1,0
2986,1.0,1,0,0
2987,8.0,0,1,0
2988,,0,1,0
2989,,0,1,0
2990,522.9,0,2,0
2991,,0,1,0
2992,,0,1,0
2993,,0,1,0
2994,1.0,0,1,0
2995,,0,1,0
2996,,0,2,0
2997,6.6,0,1,0
2998,,0,1,0
2999,,0,1,0
3000,6.7,0,4,0
3001,,0,1,0
3002,,0,1,0
3003,,0,1,0
3004,,0,2,0
3005,,0,2,0
3006,,0,1,0
3007,,0,1,0
3008,,0,1,0
3009,2.2,0,2,0
3010,,0,2,0
3011,,0,1,0
3012,,0,1,0
3013,,0,1,0
3014,24.8,0,1,0
3015,,0,1,0
3016,,0,1,0
3017,,0,1,0
3018,,0,1,0
3019,,0,1,0
3020,,0,1,0
3021,,0,1,0
3022,,1,0,0
3023,,0,1,0
3024,,0,1,0
3025,,0,1,0
3026,,0,1,0
3027,,0,1,0
3028,,0,1,0
3029,,0,1,0
3030,725.0,0,6,0
3031,,0,1,0
3032,,0,1,0
3033,,0,1,0
3034,,0,1,0
3035,,0,1,0
3036,,0,2,0
3037,,0,1,0
3038,,0,1,0
3039,14.3,0,1,0
3040,,0,1,0
3041,,0,1,0
3042,29.35,0,1,0
3043,,0,1,0
3044,,0,1,0
3045,,0,1,0
3046,,0,1,0
3047,,0,1,0
3048,,0,1,0
3049,,1,0,0
3050,28.0,0,2,0
3051,,0,2,0
3052,79.9,0,1,0
3053,,0,1,0
3054,,0,1,0
3055,,0,1,0
3056,3.0,0,1,0
3057,,0,1,0
3058,,0,1,0
3059,,0,1,0
3060,,0,2,0
3061,,0,1,0
3062,,0,1,0
3063,780.4,0,1,0
3064,,0,1,0
3065,516.5,0,1,0
3066,730.6,0,2,0
3067,3.5,0,6,0
3068,,0,1,0
3069,,1,0,0
3070,,0,1,0
3071,,0,2,0
3072,,0,1,0
3073,14.5,0,3,0
3074,,0,3,0
3075,729.3,0,2,0
3076,,0,1,0
3077,,0,3,0
3078,,0,1,0
3079,,0,1,0
3080,,0,1,0
3081,30.0,0,2,0
3082,,0,1,0
3083,,0,1,0
3084,,0,1,0
3085,,0,1,0
3086,,0,2,0
3087,,0,1,0
3088,,0,3,0
3089,5.9,0,2,0
3090,,0,1,0
3091,,0,1,0
3092,,0,1,0
3093,,0,1,0
3094,,0,1,0
3095,,0,1,0
3096,,0,3,0
3097,,0,1,0
3098,,0,1,0
3099,,0,1,0
3100,,0,1,0
3101,,0,1,0
3102,,0,1,0
3103,,0,1,0
3104,,0,1,0
3105,,0,1,0
3106,2.0,0,1,0
3107,,0,1,0
3108,,0,1,0
3109,,0,3,0
3110,25.0,0,1,0
3111,,1,1,0
3112,0.25,0,2,0
3113,,0,3,0
3114,,0,3,0
3115,,0,1,0
3116,,0,1,0
3117,,0,1,0
3118,5.6,0,2,0
3119,,0,2,0
3120,,0,1,0
3121,,0,1,0
3122,520.4,1,0,0
3123,,0,2,0
3124,,0,1,0
3125,0.8,0,1,0
3126,2.1,0,1,0
3127,,0,4,0
3128,25.8,0,2,0
3129,12.8,0,1,0
3130,,0,1,0
3131,,0,2,0
3132,10.9,0,1,0
3133,,0,1,0
3134,,0,1,0
3135,,0,2,0
3136,730.5,0,1,0
3137,,0,1,0
3138,,0,1,0
3139,,0,1,0
3140,3.0,0,1,0
3141,,0,1,0
3142,516.5,0,1,0
3143,,0,1,0
3144,97.7,1,0,0
3145,30.0,0,5,0
3146,,0,1,0
3147,76.8,2,2,1
3148,,1,2,0
3149,,0,1,0
3150,,0,2,0
3151,,0,1,0
3152,0.9,0,2,0
3153,,1,0,0
3154,,0,1,0
3155,9.5,0,1,0
3156,,0,2,0
3157,,0,1,0
3158,,0,2,0
3159,,0,1,0
3160,,0,2,0
3161,,0,1,0
3162,,0,1,0
3163,,1,0,0
3164,,0,1,0
3165,,0,2,0
3166,10.0,0,1,0
3167,,0,1,0
3168,,0,1,0
3169,,0,1,0
3170,1.35,0,3,0
3171,,0,1,0
3172,,0,1,0
3173,,0,1,0
3174,,0,2,0
3175,,0,2,0
3176,3.4,0,1,0
3177,,0,1,0
3178,3.0,0,1,0
3179,97.7,0,1,0
3180,,0,1,0
3181,,0,1,0
3182,,0,1,0
3183,,0,2,0
3184,,0,2,0
3185,,0,1,0
3186,,1,0,0
3187,,0,1,0
3188,,0,1,0
3189,,0,1,0
3190,,0,1,0
3191,,0,1,0
3192,,0,1,0
3193,0.1,0,1,0
3194,,0,1,0
3195,,1,0,0
3196,517.8,2,3,4
3197,,0,2,0
3198,,0,2,0
3199,518.5,0,5,0
3200,,0,1,0
3201,,0,3,0
3202,,0,1,0
3203,,0,1,0
3204,,1,0,0
3205,,0,1,0
3206,5.0,0,1,0
3207,,0,1,0
3208,95.6,0,1,0
3209,,0,1,0
3210,,0,1,0
3211,,0,1,0
3212,3.0,0,1,0
3213,7.2,0,1,0
3214,,0,1,0
3215,,0,1,0
3216,0.8,0,1,0
3217,,0,1,0
3218,,0,1,0
3219,,0,1,0
3220,,0,1,0
3221,,0,1,0
3222,516.3,0,1,0
3223,,0,1,0
3224,,0,1,0
3225,,0,1,0
3226,,0,1,0
3227,,0,1,0
3228,,0,1,0
3229,,0,2,0
3230,,0,1,0
3231,,0,1,0
3232,,0,1,0
3233,,0,2,0
3234,1.2,0,4,0
3235,,0,1,0
3236,,0,1,0
3237,0.3,1,1,0
3238,,0,4,0
3239,0.2,0,4,0
3240,,0,4,0
3241,5.6,0,1,0
3242,522.15,0,3,0
3243,,0,1,0
3244,3.6,0,2,0
3245,,0,1,0
3246,731.5,0,1,0
3247,,0,1,0
3248,,0,2,0
3249,,0,1,0
3250,,0,1,0
3251,,0,1,0
3252,,0,1,0
3253,,0,1,0
3254,,0,1,0
3255,,0,1,0
3256,4.3,0,1,0
3257,,0,1,0
3258,,0,4,0
3259,,0,1,0
3260,,0,1,0
3261,,0,2,0
3262,,0,1,0
3263,,1,0,0
3264,,0,1,0
3265,716.0,0,1,0
3266,,0,1,0
3267,,0,1,0
3268,,0,2,0
3269,,0,3,0
3270,,0,1,0
3271,,0,1,0
3272,,0,1,0
3273,,0,1,0
3274,,0,1,0
3275,,0,1,0
3276,,0,1,0
3277,,0,1,0
3278,,0,1,0
3279,22.7,0,1,0
3280,,0,1,0
3281,4.2,0,1,0
3282,,1,0,0
3283,,0,1,0
3284,,0,1,0
3285,,0,1,0
3286,0.0,0,1,0
3287,,0,1,0
3288,,0,1,0
3289,,0,2,0
3290,,0,1,0
3291,,0,1,0
3292,,0,1,0
3293,,0,1,0
3294,,0,1,0
3295,,0,1,0
3296,7.3,0,1,0
3297,,0,1,0
3298,,1,0,0
3299,1.9,0,1,0
3300,,0,6,0
3301,,0,1,0
3302,,0,2,0
3303,,0,1,0
3304,,0,1,0
3305,,0,2,0
3306,,0,1,0
3307,,0,3,0
3308,,0,1,0
3309,,0,1,0
3310,,0,1,0
3311,,0,2,0
3312,,0,1,0
3313,,0,1,0
3314,,0,1,0
3315,1.0,0,1,0
3316,,0,1,0
3317,,0,4,0
3318,,0,1,0
3319,,0,1,0
3320,,0,2,0
3321,,0,1,0
3322,518.0,0,1,0
3323,,0,1,0
3324,,0,5,0
3325,,0,1,0
3326,,0,2,0
3327,,0,1,0
3328,4.5,0,1,0
3329,,0,1,0
3330,,0,1,0
3331,,0,2,0
3332,,0,2,0
3333,1.7,0,2,0
3334,,0,2,0
3335,,0,1,0
3336,,0,1,0
3337,,0,1,0
3338,,0,1,0
3339,,0,1,0
3340,,0,1,0
3341,,0,1,0
3342,,0,1,0
3343,8.3,2,1,0
3344,,0,1,0
3345,,0,1,0
3346,712.7,0,2,0
3347,,0,2,0
3348,,1,1,0
3349,,0,2,0
3350,0.5,1,2,1
3351,4.2,0,1,0
3352,,0,1,0
3353,5.5,0,1,0
3354,,0,3,0
3355,,0,1,0
3356,,0,1,0
3357,,0,1,0
3358,,0,1,0
3359,,0,1,0
3360,,0,1,0
3361,8.0,0,1,0
3362,,0,4,0
3363,,0,1,0
3364,,0,1,0
3365,,2,2,0
3366,,1,0,0
3367,,0,2,0
3368,,0,2,0
3369,,0,1,0
3370,,1,0,0
3371,97.3,0,1,0
3372,,0,1,0
3373,,0,1,0
3374,,0,1,0
3375,715.6,0,4,0
3376,,0,2,0
3377,517.5,0,1,0
3378,,0,1,0
3379,,1,0,0
3380,9.5,0,1,0
3381,,0,1,0
3382,,0,6,0
3383,,0,1,0
3384,,0,2,0
3385,,0,1,0
3386,,0,1,0
3387,,0,4,0
3388,,1,1,0
3389,,0,1,0
3390,723.4,0,3,0
3391,,0,1,0
3392,,0,1,0
3393,,0,1,0
3394,,0,1,0
3395,,0,1,0
3396,,0,1,0
3397,,0,1,0
3398,,0,1,0
3399,,0,1,0
3400,,0,1,0
3401,,0,1,0
3402,,0,1,0
3403,,0,1,0
3404,,0,1,0
3405,,0,1,0
3406,,1,0,0
3407,,0,2,0
3408,,0,2,0
3409,,1,0,0
3410,,0,1,0
3411,,0,1,0
3412,10.8,0,1,0
3413,,0,1,0
3414,,0,3,0
3415,,0,1,0
3416,723.8,0,1,0
3417,,0,1,0
3418,,0,1,0
3419,74.5,0,1,0
3420,,0,1,0
3421,,0,1,0
3422,,0,1,0
3423,4.5,0,1,0
3424,,0,1,0
3425,,0,1,0
3426,1.65,0,4,0
3427,1.8,0,1,0
3428,28.1,0,1,0
3429,,0,2,0
3430,28.28,0,0,1
3431,,0,2,0
3432,,0,1,0
3433,,0,1,0
3434,,0,2,0
3435,,0,5,0
3436,,0,1,0
3437,,0,1,0
3438,,0,1,0
3439,,0,1,0
3440,,0,1,0
3441,,0,1,0
3442,,0,1,0
3443,,0,1,0
3444,,0,1,0
3445,723.8,0,1,0
3446,,0,1,0
3447,,0,1,0
3448,,0,2,0
3449,,0,1,0
3450,,0,1,0
3451,,0,2,0
3452,,0,1,0
3453,,0,1,0
3454,,0,1,0
3455,98.7,3,1,0
3456,,0,2,0
3457,,0,1,0
3458,,0,1,0
3459,,0,1,0
3460,,0,1,0
3461,,0,1,0
3462,,0,1,0
3463,,0,2,0
3464,,0,1,0
3465,,0,1,0
3466,,0,1,0
3467,6.0,0,2,0
3468,0.6,0,2,0
3469,,0,2,0
3470,3.1,0,1,0
3471,,0,1,0
3472,,0,1,0
3473,,0,1,0
3474,,0,1,0
3475,,0,2,0
3476,,0,1,0
3477,2.1,0,1,0
3478,,0,1,0
3479,,0,1,0
3480,,0,1,0
3481,,0,1,0
3482,,0,1,0
3483,,0,1,0
3484,516.0,0,3,0
3485,,2,0,0
3486,,0,1,0
3487,,0,3,0
3488,,0,1,0
3489,,0,1,0
3490,,0,1,0
3491,,0,1,0
3492,722.7,0,1,0
3493,,0,1,0
3494,,0,1,0
3495,,0,2,0
3496,,0,3,0
3497,,0,1,0
3498,,0,1,0
3499,,0,3,0
3500,,0,2,0
3501,,0,1,0
3502,,0,1,0
3503,,0,1,0
3504,,0,1,0
3505,,0,1,0
3506,,1,0,0
3507,,0,1,0
3508,,0,1,0
3509,,0,1,0
3510,,0,2,0
3511,,0,1,0
3512,,0,1,0
3513,,0,0,1
3514,,0,1,0
3515,,0,1,0
3516,,0,3,0
3517,,0,1,0
3518,,0,1,0
3519,,0,1,0
3520,,0,1,0
3521,,0,1,0
3522,,0,1,0
3523,,0,1,0
3524,,0,1,0
3525,,0,1,0
3526,,0,1,0
3527,,0,1,0
3528,,0,3,0
3529,,0,4,0
3530,,0,1,0
3531,,0,1,0
3532,,0,1,0
3533,,0,2,0
3534,,0,1,0
3535,,0,2,0
3536,,0,2,0
3537,207.5,0,1,0
3538,,0,2,0
3539,1.2,0,2,0
3540,,0,1,0
3541,,0,1,0
3542,,0,1,0
3543,,1,0,0
3544,,0,1,0
3545,,0,1,0
3546,,0,1,0
3547,,0,1,0
3548,,0,1,0
3549,,0,1,0
3550,,0,1,0
3551,,0,1,0
3552,,0,1,0
3553,,0,2,0
3554,,1,0,0
3555,,0,2,0
3556,,0,1,0
3557,,0,1,0
3558,,0,1,0
3559,,0,1,0
3560,,0,1,0
3561,1.5,0,1,0
3562,,0,2,0
3563,,0,2,0
3564,,0,2,0
3565,,1,1,0
3566,,0,1,0
3567,,0,1,0
3568,,0,1,0
3569,,1,0,0
3570,,1,0,0
3571,,0,2,0
3572,,0,1,0
3573,,0,1,0
3574,,0,1,0
3575,,0,1,0
3576,,0,1,0
3577,,0,1,0
3578,,0,1,0
3579,,0,1,0
3580,,0,1,0
3581,14.5,0,1,0
3582,,0,1,0
3583,,0,1,0
3584,,0,2,0
3585,,0,2,0
3586,,0,1,0
3587,,0,1,0
3588,,0,1,0
3589,,0,1,0
3590,,0,1,0
3591,,0,1,0
3592,,0,1,0
3593,,0,1,0
3594,,0,1,0
3595,,0,3,0
3596,,0,1,0
3597,,0,1,0
3598,,0,1,0
3599,,0,1,0
3600,,0,1,0
3601,,0,2,0
3602,142.4,0,1,0
3603,5.9,0,1,0
3604,,0,1,0
3605,,0,3,0
3606,5.9,0,2,0
3607,5.9,0,1,0
3608,,0,2,0
3609,6.0,0,1,0
3610,,0,1,0
3611,6.6,0,1,0
3612,,0,1,0
3613,,0,1,0
3614,144.3,0,1,0
3615,,0,2,0
3616,144.1,0,1,0
3617,,0,2,0
3618,13.1,0,1,0
3619,,0,1,0
3620,,0,1,0
3621,,0,1,0
3622,144.2,0,1,0
3623,,0,1,0
3624,,0,1,0
3625,,0,1,0
3626,,0,1,0
3627,,0,1,0
3628,,0,2,0
3629,,0,1,0
3630,,0,2,0
3631,2.9,0,1,0
3632,2.0,0,1,0
3633,18.0,0,2,0
3634,,0,1,0
3635,17.2,0,1,0
3636,7.5,0,2,0
3637,18.2,0,3,0
3638,,0,2,0
3639,1.8,0,3,0
3640,189.35,0,1,0
3641,190.3,0,1,0
3642,1.8,0,1,0
3643,190.1,0,1,0
3644,190.6,0,2,0
3645,2.95,0,4,0
3646,9.7,0,1,0
3647,,0,1,0
3648,12.0,0,1,0
3649,,0,1,0
3650,,1,0,0
3651,,0,1,0
3652,76.2,0,1,0
3653,,0,1,0
3654,,0,3,0
3655,,0,1,0
3656,,0,1,0
3657,,0,1,0
3658,,0,1,0
3659,,0,1,0
3660,,0,1,0
3661,,0,1,0
3662,72.3,1,0,0
3663,64.5,0,1,0
3664,,0,1,0
3665,,0,1,0
3666,,0,1,0
3667,,0,1,0
3668,,1,0,0
3669,,0,3,0
3670,68.0,0,2,0
3671,70.0,0,1,0
3672,,0,1,0
3673,,0,1,0
3674,67.5,0,3,0
3675,3.7,0,1,0
3676,,0,1,0
3677,4.5,0,1,0
3678,,0,1,0
3679,69.7,0,1,0
3680,66.4,0,1,0
3681,,0,2,0
3682,67.0,0,4,0
3683,1.0,0,1,0
3684,64.9,0,1,0
3685,,0,1,0
3686,5.2,0,1,0
3687,72.25,1,3,0
3688,68.5,0,2,0
3689,,0,1,0
3690,3.0,0,1,0
3691,,1,0,0
3692,67.33,0,0,1
3693,,0,1,0
3694,72.5,0,2,0
3695,69.5,0,2,0
3696,70.1,0,1,0
3697,,0,1,0
3698,23.7,0,2,0
3699,68.8,1,0,0
3700,67.2,1,0,0
3701,,0,1,0
3702,,0,1,0
3703,,0,1,0
3704,,0,2,0
3705,67.4,0,1,0
3706,,0,1,0
3707,,0,1,0
3708,0.0,0,1,0
3709,68.5,0,1,0
3710,,0,1,0
3711,,0,1,0
3712,,0,1,0
3713,,0,1,0
3714,,0,2,0
3715,,0,1,0
3716,5.4,0,1,0
3717,5.3,0,1,0
3718,8.5,0,1,0
3719,8.1,0,2,0
3720,0.0,0,4,0
3721,8.0,0,2,0
3722,459.1,1,0,0
3723,8.7,0,1,0
3724,0.7,0,1,0
3725,3.5,0,1,0
3726,,0,2,0
3727,0.1,0,1,0
3728,,0,1,0
3729,,0,1,0
3730,2.0,0,1,0
3731,3.2,0,1,0
3732,,0,1,0
3733,,0,1,0
3734,,0,1,0
3735,,0,1,0
3736,,0,2,0
3737,2.7,0,1,0
3738,0.2,0,1,0
3739,,0,2,0
3740,2.1,0,1,0
3741,,0,1,0
3742,,0,1,0
3743,,0,1,0
3744,,0,2,0
3745,,0,1,0
3746,,0,5,0
3747,,0,1,0
3748,,0,2,0
3749,,0,1,0
3750,,0,1,0
3751,,0,1,0
3752,,0,1,0
3753,,0,1,0
3754,,0,1,0
3755,,0,2,0
3756,3.5,0,1,0
3757,,0,1,0
3758,463.78,0,2,0
3759,,0,1,0
3760,,0,3,0
3761,,0,1,0
3762,,0,1,0
3763,2.3,0,1,0
3764,11.7,0,1,0
3765,11.4,0,1,0
3766,10.7,1,2,0
3767,8.9,0,1,0
3768,2.0,0,1,0
3769,,0,2,0
3770,7.5,0,1,0
3771,1.2,0,1,0
3772,,1,1,0
3773,,0,1,0
3774,,0,1,0
3775,,0,1,0
3776,,0,1,0
3777,4.9,0,1,0
3778,6.2,0,1,0
3779,,0,1,0
3780,,0,1,0
3781,,0,1,0
3782,23.5,0,1,0
3783,0.0,0,5,0
3784,4.3,1,0,0
3785,3.6,0,1,0
3786,3.5,0,1,0
3787,,0,1,0
3788,,0,2,0
3789,,0,1,0
3790,,0,1,0
3791,,0,1,0
3792,,0,1,0
3793,,0,1,0
3794,,0,1,0
3795,,0,2,0
3796,,0,1,0
3797,,0,1,0
3798,,0,1,0
3799,,0,1,0
3800,,0,1,0
3801,,0,1,0
3802,,0,1,0
3803,,0,1,0
3804,,0,1,0
3805,0.5,0,2,0
3806,20.9,0,1,0
3807,,1,0,0
3808,27.9,0,2,0
3809,13.9,0,1,0
3810,16.5,1,0,0
3811,19.2,1,1,0
3812,9.1,0,2,0
3813,32.0,0,1,0
3814,,0,2,0
3815,10.2,0,1,0
3816,12.9,0,3,0
3817,31.5,0,1,0
3818,28.5,0,1,0
3819,11.6,0,1,0
3820,22.6,0,1,0
3821,29.5,0,1,0
3822,11.3,0,2,0
3823,18.4,1,1,0
3824,32.1,0,1,0
3825,20.8,0,1,0
3826,27.7,0,0,1
3827,22.5,0,1,0
3828,30.3,0,1,0
3829,21.0,1,0,0
3830,20.8,0,0,1
3831,21.8,0,1,0
3832,17.95,0,2,0
3833,10.2,0,1,0
3834,9.8,0,1,0
3835,3.15,0,1,0
3836,3.1,0,1,0
3837,1.6,0,1,0
3838,219.5,0,1,0
3839,4.8,0,1,0
3840,222.6,0,1,0
3841,223.9,0,1,0
3842,221.0,0,9,0
3843,218.0,0,2,0
3844,219.25,0,1,0
3845,220.0,0,2,0
3846,216.16,0,1,0
3847,220.0,0,2,0
3848,219.0,0,8,0
3849,224.2,0,1,0
3850,221.0,0,1,0
3851,217.8,0,3,0
3852,224.2,0,1,0
3853,13.7,0,1,0
3854,0.0,0,1,0
3855,,1,0,0
3856,0.0,0,1,0
3857,8.5,0,3,0
3858,4.6,0,1,0
3859,7.8,0,1,0
3860,19.2,0,1,0
3861,6.95,0,1,0
3862,1.0,0,1,0
3863,3.0,0,1,0
3864,0.0,0,1,0
3865,2.7,0,1,0
3866,0.0,0,2,0
3867,,0,1,0
3868,2.8,0,2,0
3869,,1,0,0
3870,,0,1,0
3871,,0,1,0
3872,3.0,0,2,0
3873,1.0,0,1,0
3874,6.7,0,1,0
3875,2.7,0,2,0
3876,,0,1,0
3877,7.05,0,1,0
3878,,0,1,0
3879,5.0,0,1,0
3880,1.2,0,3,0
3881,1.5,0,1,0
3882,1.0,0,2,0
3883,6.1,0,2,0
3884,5.0,0,1,0
3885,0.0,0,1,0
3886,,0,1,0
3887,2.4,0,3,0
3888,,0,2,0
3889,1.2,0,1,0
3890,1.9,0,1,0
3891,,0,1,0
3892,,0,1,0
3893,,0,1,0
3894,5.0,0,1,0
3895,,0,1,0
3896,,0,2,0
3897,,0,1,0
3898,,0,1,0
3899,,0,1,0
3900,3.5,0,1,0
3901,0.5,0,1,0
3902,8.3,0,1,0
3903,,0,1,0
3904,,0,1,0
3905,0.7,0,1,0
3906,,0,2,0
3907,,0,1,0
3908,1.0,0,1,0
3909,15.15,0,1,0
3910,0.5,0,1,0
3911,437.0,0,1,0
3912,14.6,1,1,0
3913,1.9,0,1,0
3914,1.2,1,0,0
3915,0.1,0,1,0
3916,803.0,0,1,0
3917,,0,2,0
3918,,0,2,0
3919,805.8,0,1,0
3920,805.0,0,3,0
3921,17.1,0,1,0
3922,12.5,0,1,0
3923,432.2,0,1,0
3924,,0,1,0
3925,,0,2,0
3926,,0,3,0
3927,211.6,0,4,0
3928,214.9,1,0,0
3929,211.3,0,1,0
3930,19.8,0,1,0
3931,8.2,1,0,0
3932,,0,1,0
3933,,0,1,0
3934,,0,1,0
3935,,0,2,0
3936,0.5,0,1,0
3937,3.7,0,1,0
3938,,1,0,0
3939,213.05,0,1,0
3940,7.0,0,1,0
3941,3.75,0,1,0
3942,4.2,0,4,0
3943,210.6,0,3,0
3944,217.67,0,4,0
3945,0.0,0,1,0
3946,213.0,0,1,0
3947,13.9,0,1,0
3948,,0,1,0
3949,,0,1,0
3950,,1,0,0
3951,,0,1,0
3952,,0,1,0
3953,,1,0,0
3954,,0,2,0
3955,,0,1,0
3956,,1,0,0
3957,,0,1,0
3958,,0,2,0
3959,,0,1,0
3960,0.4,0,1,0
3961,1.6,0,1,0
3962,4.0,0,2,0
3963,,0,1,0
3964,,1,2,0
3965,,0,1,0
3966,,1,0,0
3967,,0,1,0
3968,208.85,0,1,0
3969,214.8,0,1,0
3970,,0,2,0
3971,,0,2,0
3972,1.8,0,1,0
3973,,0,3,0
3974,46.8,0,1,0
3975,6.55,0,1,0
3976,44.1,0,1,0
3977,47.5,0,1,0
3978,,0,1,0
3979,,0,1,0
3980,5.3,3,2,0
3981,42.8,0,1,0
3982,46.3,0,1,0
3983,45.7,0,2,0
3984,45.0,0,1,0
3985,44.9,0,1,0
3986,44.9,0,2,0
3987,,0,1,0
3988,,1,0,0
3989,,0,1,0
3990,4.2,1,0,1
3991,,0,1,0
3992,199.0,1,2,1
3993,196.2,0,1,0
3994,195.7,0,1,0
3995,194.4,0,4,0
3996,193.2,0,1,0
3997,3.3,0,1,0
3998,0.1,0,3,0
3999,3.0,0,3,0
4000,0.4,0,1,0
4001,2.0,0,1,0
4002,,0,1,0
4003,0.8,0,1,0
4004,8.3,0,1,0
4005,2.9,0,1,0
4006,0.0,0,3,0
4007,3.0,0,2,0
4008,5.6,0,1,0
4009,1.2,0,1,0
4010,19.3,0,1,0
4011,3.85,0,1,0
4012,,0,1,0
4013,44.8,0,1,0
4014,5.0,0,4,0
4015,680.0,0,5,0
4016,683.2,0,1,0
4017,,1,0,0
4018,,0,2,0
4019,,0,3,0
4020,3.2,0,4,0
4021,,0,1,0
4022,,0,1,0
4023,,0,1,0
4024,0.5,0,1,0
4025,3.9,0,6,0
4026,3.0,0,1,0
4027,7.5,0,2,0
4028,686.7,0,2,0
4029,2.8,1,3,0
4030,,0,1,0
4031,7.5,0,1,0
4032,,0,2,0
4033,,0,2,0
4034,,0,1,0
4035,1.3,0,1,0
4036,58.8,0,2,0
4037,8.7,0,2,0
4038,688.34,1,0,0
4039,,0,1,0
4040,7.6,0,2,0
4041,,0,2,0
4042,2.0,0,1,0
4043,8.3,0,1,0
4044,0.0,0,1,0
4045,,0,2,0
4046,0.8,0,1,0
4047,,0,2,0
4048,2.0,0,1,0
4049,549.7,0,2,0
4050,50.7,0,1,0
4051,3.8,0,3,0
4052,,0,1,0
4053,546.3,0,1,0
4054,49.0,0,1,0
4055,23.2,0,1,0
4056,1.4,0,2,0
4057,2.3,0,1,0
4058,0.5,0,2,0
4059,4.4,0,2,0
4060,550.3,0,1,0
4061,2.7,0,2,0
4062,551.0,0,1,0
4063,49.0,0,1,0
4064,50.0,0,1,0
4065,8.0,0,1,0
4066,3.4,0,2,0
4067,0.1,0,5,0
4068,685.5,0,2,0
4069,4.3,0,4,0
4070,7.5,0,1,0
4071,1.8,0,2,0
4072,548.75,0,3,0
4073,0.0,0,1,0
4074,4.2,0,2,0
4075,8.3,0,1,0
4076,1.5,0,2,0
4077,8.0,0,1,0
4078,46.0,0,1,0
4079,52.7,0,2,0
4080,689.7,0,1,0
4081,5.0,0,1,0
4082,,1,0,0
4083,,0,1,0
4084,,0,1,0
4085,3.0,0,2,0
4086,50.2,0,2,0
4087,51.05,1,1,0
4088,,0,1,0
4089,51.5,0,1,0
4090,5.2,0,1,0
4091,,0,1,0
4092,4.8,1,0,0
4093,,0,1,0
4094,,0,1,0
4095,,1,0,0
4096,1.4,0,1,0
4097,4.7,0,2,0
4098,,0,1,0
4099,1.5,0,1,0
4100,0.1,0,1,0
4101,0.5,0,1,0
4102,49.9,0,3,0
4103,,0,3,0
4104,,0,1,0
4105,,0,1,0
4106,0.2,0,1,0
4107,,0,1,0
4108,,0,1,0
4109,552.4,0,8,0
4110,,0,4,0
4111,,0,1,0
4112,,0,3,0
4113,1.2,1,1,0
4114,0.75,0,1,0
4115,,0,1,0
4116,4.6,0,1,0
4117,,1,0,0
4118,9.8,0,1,0
4119,47.1,0,1,0
4120,686.2,0,1,0
4121,,1,0,0
4122,6.5,0,1,0
4123,1.9,0,2,0
4124,,0,1,0
4125,,1,0,0
4126,,0,1,0
4127,689.0,0,1,0
4128,1.3,0,1,0
4129,4.0,0,1,0
4130,,0,1,0
4131,50.0,0,1,0
4132,47.0,0,1,0
4133,6.0,0,2,0
4134,,0,1,0
4135,,0,1,0
4136,1.2,0,1,0
4137,,0,1,0
4138,,0,1,0
4139,0.5,0,1,0
4140,0.2,0,2,0
4141,540.5,0,1,0
4142,688.3,0,1,0
4143,2.0,0,1,0
4144,2.0,0,1,0
4145,552.5,2,0,0
4146,,0,1,0
4147,,0,2,0
4148,3.9,0,2,0
4149,1.3,0,1,0
4150,52.7,0,1,0
4151,3.0,0,4,0
4152,,0,1,0
4153,1.0,0,1,0
4154,,0,1,0
4155,,1,3,0
4156,,0,1,0
4157,18.3,1,2,0
4158,690.3,0,3,0
4159,6.1,0,1,0
4160,26.2,0,2,0
4161,2.1,0,1,0
4162,6.7,1,0,0
4163,,0,1,0
4164,1.5,0,1,0
4165,,0,1,0
4166,47.1,0,3,0
4167,,0,1,0
4168,191.2,0,0,1
4169,,0,1,0
4170,,0,1,0
4171,,0,1,0
4172,,0,1,0
4173,,0,1,0
4174,,0,1,0
4175,,0,1,0
4176,,0,3,0
4177,2.0,0,1,0
4178,191.75,2,3,0
4179,2.5,0,1,0
4180,12.1,0,1,0
4181,58.7,1,0,0
4182,0.5,1,0,0
4183,3.5,0,1,0
4184,10.3,0,1,0
4185,2.0,0,1,0
4186,1.2,0,1,0
4187,13.4,0,1,0
4188,,0,1,0
4189,,0,1,0
4190,,0,1,0
4191,,0,1,0
4192,,0,1,0
4193,,0,1,0
4194,8.2,1,0,0
4195,10.8,0,1,0
4196,203.35,0,1,0
4197,,0,2,0
4198,200.7,0,1,0
4199,201.8,4,5,1
4200,205.0,0,2,0
4201,204.9,0,1,0
4202,,0,0,1
4203,208.25,0,3,0
4204,201.8,0,2,0
4205,,0,1,0
4206,,0,1,0
4207,,0,1,0
4208,208.8,0,1,0
4209,,0,1,0
4210,202.0,0,1,0
4211,,0,1,0
4212,0.0,0,1,0
4213,199.8,0,1,0
4214,24.6,0,6,0
4215,25.4,0,1,0
4216,0.3,0,1,0
4217,,0,1,0
4218,56.0,0,1,0
4219,2.1,0,0,1
4220,3.1,0,1,0
4221,1.0,0,1,0
4222,2.1,0,1,0
4223,0.9,0,1,0
4224,,0,1,0
4225,2.8,0,1,0
4226,0.1,0,2,0
4227,,0,1,0
4228,,0,1,0
4229,,0,1,0
4230,692.0,0,1,0
4231,,0,1,0
4232,27.25,0,1,0
4233,3.9,0,1,0
4234,1.1,0,1,0
4235,3.1,0,1,0
4236,1.3,0,1,0
4237,1.0,0,1,0
4238,,0,1,0
4239,3.8,0,2,0
4240,3.3,0,7,0
4241,0.0,0,1,0
4242,17.5,0,1,0
4243,3.4,0,1,0
4244,3.0,0,1,0
4245,18.0,0,1,0
4246,7.02,0,2,0
4247,3.2,0,1,0
4248,5.5,0,1,0
4249,7.8,0,1,0
4250,1.55,0,1,0
4251,3.0,0,1,0
4252,7.0,0,2,0
4253,12.5,0,1,0
4254,159.0,0,1,0
4255,3.6,0,6,0
4256,74.1,0,2,0
4257,7.5,0,1,0
4258,7.0,2,1,1
4259,,0,1,0
4260,73.9,0,2,0
4261,4.5,0,1,0
4262,74.0,0,2,0
4263,3.3,0,1,0
4264,,0,1,0
4265,,0,2,0
4266,,0,2,0
4267,,0,1,0
4268,,0,1,0
4269,,0,4,0
4270,7.5,0,1,0
4271,,0,2,0
4272,7.3,0,2,0
4273,,1,0,0
4274,,0,1,0
4275,,0,1,0
4276,2.0,0,1,0
4277,,0,2,0
4278,,0,1,0
4279,,0,1,0
4280,,1,0,0
4281,0.0,0,1,0
4282,7.3,0,1,0
4283,,0,2,0
4284,6.5,0,1,0
4285,,0,2,0
4286,7.5,1,0,0
4287,,0,1,0
4288,,0,1,0
4289,7.3,0,1,0
4290,7.25,0,1,0
4291,0.1,0,0,1
4292,,1,0,0
4293,,0,1,0
4294,16.5,1,0,0
4295,0.5,0,2,0
4296,13.25,0,1,0
4297,15.15,2,0,0
4298,3.5,0,1,0
4299,1.8,0,7,0
4300,9.5,0,3,0
4301,,0,1,0
4302,3.1,0,1,0
4303,8.9,0,3,0
4304,23.0,0,1,0
4305,7.0,0,3,0
4306,5.8,0,1,0
4307,21.0,0,1,0
4308,,1,0,0
4309,,0,1,0
4310,,0,1,0
4311,,0,2,0
4312,91.0,0,2,0
4313,,0,2,0
4314,88.55,0,1,0
4315,7.5,0,1,0
4316,84.0,0,2,0
4317,92.0,0,1,0
4318,,0,1,0
4319,,0,1,0
4320,,0,1,0
4321,86.3,0,3,0
4322,7.3,0,3,0
4323,88.1,0,2,0
4324,2.0,0,1,0
4325,11.0,0,2,0
4326,,0,2,0
4327,11.7,0,1,0
4328,,0,1,0
4329,89.6,0,1,0
4330,,0,2,0
4331,,0,1,0
4332,0.0,0,1,0
4333,8.8,0,1,0
4334,,0,1,0
4335,,0,1,0
4336,88.6,0,1,0
4337,11.8,0,1,0
4338,91.0,0,1,0
4339,88.3,0,2,0
4340,11.8,0,1,0
4341,88.1,0,2,0
4342,10.95,0,1,0
4343,,0,2,0
4344,90.1,1,2,0
4345,91.4,0,1,0
4346,91.3,0,1,0
4347,11.5,0,1,0
4348,88.5,0,0,1
4349,88.7,0,1,0
4350,,0,1,0
4351,,0,1,0
4352,,0,1,0
4353,,0,1,0
4354,,0,1,0
4355,,0,1,0
4356,,0,1,0
4357,3.5,0,1,0
4358,,0,1,0
4359,0.8,0,1,0
4360,,0,2,0
4361,,0,1,0
4362,,0,1,0
4363,5.8,0,4,0
4364,485.0,1,0,0
4365,488.7,0,1,0
4366,,0,1,0
4367,2.44,0,1,0
4368,,0,2,0
4369,,0,2,0
4370,,0,2,0
4371,,0,2,0
4372,3.5,0,1,0
4373,483.7,0,1,0
4374,,0,1,0
4375,,1,0,0
4376,,0,1,0
4377,,0,1,0
4378,,0,1,0
4379,,0,1,0
4380,,0,1,0
4381,,0,2,0
4382,,0,2,0
4383,,0,1,0
4384,0.5,0,1,0
4385,,1,0,0
4386,,0,1,0
4387,,0,1,0
4388,,0,1,0
4389,,0,1,0
4390,0.1,0,1,0
4391,15.1,0,1,0
4392,196.0,0,1,0
4393,,0,1,0
4394,192.0,0,1,0
4395,191.3,0,1,0
4396,,0,5,0
4397,,1,0,0
4398,197.2,0,2,0
4399,0.0,0,1,0
4400,191.5,0,2,0
4401,196.85,0,0,1
4402,191.1,0,6,0
4403,15.2,0,1,0
4404,197.5,0,2,0
4405,199.0,0,1,0
4406,26.5,0,1,0
4407,23.0,0,1,0
4408,22.1,0,1,0
4409,14.25,0,1,0
4410,23.4,0,1,0
4411,5.8,0,2,0
4412,6.5,0,1,0
4413,1.7,0,1,0
4414,181.9,0,1,0
4415,181.6,0,1,0
4416,9.5,0,1,0
4417,4.95,0,1,0
4418,6.9,1,0,0
4419,3.9,0,1,0
4420,0.5,0,1,0
4421,1.0,1,0,0
4422,484.1,0,1,0
4423,9.9,0,3,0
4424,15.8,0,1,0
4425,1.5,0,1,0
4426,7.5,0,1,0
4427,15.8,1,0,0
4428,16.1,0,1,0
4429,488.5,0,1,0
4430,480.6,0,1,0
4431,4.5,0,1,0
4432,53.0,0,4,0
4433,54.5,0,1,0
4434,8.7,0,1,0
4435,53.2,0,1,0
4436,57.8,0,1,0
4437,753.6,0,2,0
4438,54.25,0,1,0
4439,9.0,0,1,0
4440,9.0,0,1,0
4441,53.1,0,1,0
4442,5.0,0,1,0
4443,,1,0,0
4444,,1,0,0
4445,9.0,0,1,0
4446,9.05,0,1,0
4447,54.8,0,1,0
4448,57.1,0,2,0
4449,54.8,0,2,0
4450,,1,0,0
4451,,1,0,0
4452,,0,0,1
4453,9.0,0,1,0
4454,7.3,0,3,0
4455,,1,0,0
4456,,1,0,0
4457,,1,0,0
4458,8.0,0,3,0
4459,53.1,0,1,0
4460,7.5,0,1,0
4461,9.0,0,1,0
4462,6.5,0,1,0
4463,6.5,0,3,0
4464,54.6,0,2,0
4465,56.0,0,1,0
4466,52.8,0,1,0
4467,56.0,0,2,0
4468,10.0,0,1,0
4469,5.75,0,1,0
4470,23.0,0,1,0
4471,54.5,0,5,0
4472,56.4,0,4,0
4473,53.2,0,7,0
4474,54.0,0,1,0
4475,9.0,0,3,0
4476,57.65,0,1,0
4477,8.1,0,1,0
4478,54.7,0,3,0
4479,9.6,0,1,0
4480,11.0,0,2,0
4481,54.7,0,1,0
4482,4.9,0,1,0
4483,6.7,0,1,0
4484,4.8,0,1,0
4485,58.0,0,2,0
4486,9.0,0,1,0
4487,54.5,0,1,0
4488,57.8,0,2,0
4489,63.5,0,1,0
4490,56.0,0,3,0
4491,57.1,0,2,0
4492,0.2,3,1,0
4493,53.0,0,1,0
4494,54.95,0,1,0
4495,9.8,0,1,0
4496,,1,0,0
4497,,1,0,0
4498,,1,1,0
4499,,1,0,0
4500,,0,1,0
4501,,0,1,0
4502,,0,1,0
4503,,1,1,0
4504,,0,1,0
4505,,0,1,0
4506,,0,1,0
4507,,0,1,0
4508,7.9,0,3,0
4509,,0,1,0
4510,,0,1,0
4511,,0,2,0
4512,,0,0,1
4513,,1,0,0
4514,,0,1,0
4515,,0,1,0
4516,,0,1,0
4517,,0,1,0
4518,,0,2,0
4519,,0,1,0
4520,,0,2,0
4521,,0,1,0
4522,,0,1,0
4523,,0,1,0
4524,199.5,0,1,0
4525,1.5,0,1,0
4526,,0,1,0
4527,137.9,0,5,0
4528,134.7,1,1,0
4529,3.2,0,2,0
4530,136.5,0,2,0
4531,134.5,0,1,0
4532,138.1,0,2,0
4533,23.7,0,1,0
4534,135.35,0,1,0
4535,130.8,0,1,0
4536,668.0,0,1,0
4537,138.5,0,1,0
4538,,0,1,0
4539,,1,0,0
4540,,1,0,0
4541,138.95,1,5,0
4542,,0,1,0
4543,130.8,0,5,0
4544,4.3,0,1,0
4545,142.6,0,3,0
4546,139.3,0,5,0
4547,130.5,0,1,0
4548,4.7,0,1,0
4549,130.6,0,2,0
4550,1.1,0,1,0
4551,138.4,0,1,0
4552,141.7,0,1,0
4553,19.0,0,0,1
4554,181.3,1,0,0
4555,181.5,0,1,0
4556,120.0,0,2,0
4557,120.2,0,0,2
4558,186.2,1,0,0
4559,169.6,0,0,2
4560,,0,1,0
4561,,0,2,0
4562,39.5,0,1,0
4563,173.1,0,1,0
4564,40.5,0,1,0
4565,123.95,1,0,0
4566,3.5,0,1,0
4567,172.9,0,1,0
4568,4.16,0,2,0
4569,189.75,1,0,0
4570,,0,1,0
4571,172.9,0,1,0
4572,0.7,0,1,0
4573,118.4,0,2,0
4574,48.7,0,2,0
4575,6.8,0,1,0
4576,124.1,0,1,0
4577,166.6,0,3,0
4578,40.5,0,1,0
4579,36.5,1,1,0
4580,,0,1,0
4581,172.85,0,2,0
4582,185.3,0,2,0
4583,175.9,0,3,0
4584,181.8,0,1,0
4585,172.9,0,3,0
4586,185.1,0,3,0
4587,184.2,0,3,0
4588,53.5,0,1,0
4589,39.8,0,0,1
4590,,0,1,0
4591,3.8,0,1,0
4592,,0,1,0
4593,,0,1,0
4594,,0,1,0
4595,,0,1,0
4596,,1,0,0
4597,,0,1,0
4598,9.9,0,1,0
4599,,0,1,0
4600,42.1,1,0,0
4601,172.85,0,2,0
4602,172.9,0,4,0
4603,186.4,0,1,0
4604,184.2,0,1,0
4605,,0,1,0
4606,,0,1,0
4607,,0,1,0
4608,,0,1,0
4609,,0,2,0
4610,,0,1,0
4611,,0,1,0
4612,9.55,0,1,0
4613,41.0,0,1,0
4614,39.2,0,3,0
4615,30.5,0,2,0
4616,0.3,0,1,0
4617,41.5,0,1,0
4618,770.0,0,1,0
4619,27.5,0,1,0
4620,768.0,0,1,0
4621,26.9,0,1,0
4622,0.0,0,1,0
4623,0.1,0,1,0
4624,39.55,0,1,0
4625,0.9,0,2,0
4626,1.0,0,1,0
4627,1.2,0,2,0
4628,5.6,0,1,0
4629,5.9,0,2,0
4630,5.2,0,2,0
4631,1.7,0,2,0
4632,,1,0,0
4633,,0,1,0
4634,534.7,0,2,0
4635,3.9,0,6,0
4636,0.5,0,3,0
4637,3.5,0,2,0
4638,536.0,0,1,0
4639,0.3,1,1,0
4640,3.4,0,1,0
4641,3.8,0,2,0
4642,536.6,0,5,0
4643,3.6,0,2,0
4644,2.5,0,1,0
4645,0.0,1,1,0
4646,3.0,0,2,0
4647,4.7,0,2,0
4648,5.0,0,1,0
4649,,0,1,0
100129,0.5,0,1,0
100130,449.0,0,1,0
100131,,0,1,0
100132,231.5,0,2,0
100133,0.1,0,1,0
100134,,0,1,0
100135,175.9,0,1,0
100136,,0,1,0
100137,16.1,1,0,0
100138,,0,1,0
100139,,0,1,0
100140,,0,1,0
100141,,0,3,0
100142,,0,1,0
100143,,1,0,0
100144,,1,0,0
100145,,0,2,0
100146,,0,1,0
100147,,0,2,0
100148,,0,1,0
100149,,0,1,0
100150,,0,1,0
100151,,0,1,0
100152,,0,1,0
100153,,0,2,0
100154,,0,1,0
100155,189.35,0,0,1
100156,,0,1,0
100157,4.1,0,1,0
100158,,1,0,0
100159,1.5,0,2,0
100160,,0,1,0
100161,,0,2,0
100162,,0,1,0
100163,,0,2,0
100164,,0,2,0
100165,211.5,0,2,0
100166,,0,1,0
100167,,0,1,0
100168,,0,1,0
100169,,0,1,0
100170,,0,1,0
100171,3.5,0,1,0
100172,2.0,0,1,0
100173,,0,0,1
100174,135.5,0,2,0
100175,,0,1,0
100176,,0,1,0
100177,,0,1,0
100178,,0,2,0
100179,,0,1,0
100180,,0,1,0
100181,190.7,0,6,0
100182,,0,1,0
100183,,0,1,0
100184,,1,0,0
100185,,1,0,0
100186,,0,2,0
100187,,0,1,0
1699,8.1,0,1,0
1700,12.1,1,0,0
1701,5.8,0,1,0
1702,12.5,0,1,0
1703,1.5,0,1,0
1704,0.0,0,1,0
1705,,0,1,0
1706,,0,1,0
1707,9.78,0,1,0
1708,,0,1,0
1709,,0,3,0
1710,9.0,0,1,0
1711,5.7,1,0,0
1712,8.5,1,1,0
1713,7.0,0,1,0
1714,8.5,0,1,0
1715,8.5,0,1,0
1716,7.5,0,1,0
1717,1.4,0,1,0
1718,,1,0,0
1719,536.55,0,1,0
1720,,0,1,0
1721,701.1,0,2,0
1722,1.2,0,1,0
1723,,0,2,0
1724,,0,4,0
1725,,0,3,0
1726,,0,1,0
1727,,0,2,0
1728,,0,1,0
1729,,0,1,0
1730,9.5,1,0,0
1731,3.0,0,2,0
1732,698.4,0,2,0
1733,696.1,0,1,0
1734,,0,2,0
1735,697.45,0,1,0
1736,697.4,0,1,0
1737,13.3,0,1,0
1738,,0,4,0
1739,,0,1,0
1740,,1,0,0
1741,,0,1,0
1742,,0,2,0
1743,,1,0,0
1744,0.8,0,1,0
1745,537.5,0,1,0
1746,2.8,0,1,0
1747,43.0,0,1,0
1748,0.5,0,1,0
1749,37.0,0,1,0
1750,48.2,0,1,0
1751,41.8,0,1,0
1752,45.2,0,0,1
1753,0.0,0,1,0
1754,4.5,0,1,0
1755,30.8,0,1,0
1756,32.3,0,1,0
1757,28.5,0,1,0
1758,,0,1,1
1759,2.5,0,3,0
1760,,0,1,0
1761,449.0,0,1,0
1762,,0,1,0
1763,,0,1,0
1764,,0,1,0
1765,,0,1,0
1766,5.7,0,2,0
1767,788.9,0,1,0
1768,3.3,0,1,0
1769,,0,1,0
1770,,0,1,0
1771,449.6,0,4,0
1772,6.7,0,1,0
1773,452.0,0,2,0
1774,,0,2,0
1775,,0,2,0
1776,,0,1,0
1777,,0,1,0
1778,,0,1,0
1779,,0,1,0
1780,,0,2,0
1781,,0,2,0
1782,,0,1,0
1783,,0,1,0
1784,,0,1,0
1785,445.4,0,3,0
1786,,0,2,0
1787,,0,1,0
1788,,0,1,0
1789,,0,1,0
1790,,0,2,0
1791,,0,1,0
1792,8.0,0,1,0
1793,,0,1,0
1794,12.5,0,1,0
1795,,0,1,0
1796,,0,1,0
1797,,0,1,0
1798,,0,1,0
1799,,1,0,0
1800,449.0,0,1,0
1801,0.0,0,1,0
1802,,0,1,0
1803,,0,3,0
1804,11.0,0,3,0
1805,8.2,0,1,0
1806,,0,2,0
1807,,0,1,0
1808,,0,1,0
1809,,0,1,0
1810,,0,1,0
1811,,0,1,0
1812,,0,5,0
1813,,0,1,0
1814,,0,1,0
1815,,0,1,0
1816,,0,1,0
1817,,0,1,0
1818,,0,1,0
1819,,0,1,0
1820,,0,1,0
1821,,0,3,0
1822,,0,2,0
1823,,0,2,0
1824,,0,1,0
1825,6.5,0,1,0
1826,,0,1,0
1827,0.9,0,1,0
1828,,0,1,0
1829,,0,2,0
1830,,0,1,0
1831,,0,1,0
1832,3.4,0,1,0
1833,,0,1,0
1834,,0,2,0
1835,,0,2,0
1836,,0,1,0
1837,,0,5,0
1838,449.0,0,1,0
1839,789.0,1,0,0
1840,,0,5,0
1841,,0,2,0
1842,,0,1,0
1843,,0,1,0
1844,,0,1,0
1845,,0,1,0
1846,,0,1,0
1847,,0,1,0
1848,,0,1,0
1849,154.4,0,1,0
1850,152.5,0,1,0
1851,153.25,0,1,0
1852,,0,1,0
1853,,1,0,0
1854,,0,1,0
1855,153.6,0,1,0
1856,2.4,0,1,0
1857,153.3,0,1,0
1858,,0,1,0
1859,,0,0,1
1860,152.8,0,1,0
1861,154.53,0,2,0
1862,153.5,0,1,0
1863,153.3,0,1,0
1864,152.8,0,1,0
1865,643.2,0,1,0
1866,,0,1,0
1867,,0,1,0
1868,152.8,0,1,0
1869,,0,2,0
1870,,0,1,0
1871,,1,0,0
1872,,1,0,0
1873,,1,0,0
1874,,0,1,0
1875,,0,1,0
1876,152.7,0,1,0
1877,,0,1,0
1878,,1,0,0
1879,,2,0,0
1880,,0,1,0
1881,,1,0,0
1882,,0,1,0
1883,,0,1,0
1884,152.6,0,1,0
1885,153.8,0,3,0
1886,,0,1,0
1887,,0,1,0
1888,,0,3,0
1889,,1,0,0
1890,,1,0,0
1891,,0,1,0
1892,5.9,0,2,0
1893,0.0,0,1,0
1894,1.6,0,1,0
1895,745.9,0,1,0
1896,2.0,0,1,0
1897,4.4,0,1,0
1898,0.1,0,2,0
1899,0.0,0,2,0
1900,6.8,1,0,0
1901,0.0,0,1,0
1902,0.0,0,2,0
1903,745.4,0,2,0
1904,23.1,0,1,0
1905,13.1,0,1,0
1906,0.6,0,1,0
1907,16.9,0,2,0
1908,,0,0,1
1909,0.5,0,7,0
1910,14.3,0,3,0
1911,0.1,0,1,0
1912,5.8,0,1,0
1913,17.0,0,1,1
1914,0.0,0,1,0
1915,15.3,0,2,0
1916,0.0,0,0,1
1917,3.5,0,1,0
1918,99.2,1,1,0
1919,18.1,0,1,0
1920,233.4,0,5,0
1921,3.5,0,4,0
1922,14.35,0,1,0
1923,238.5,0,2,0
1924,0.4,0,1,0
1925,,1,1,0
1926,230.7,0,1,0
1927,6.5,0,1,0
1928,4.5,0,1,0
1929,236.35,0,1,0
1930,,1,0,0
1931,4.85,1,1,1
1932,0.0,0,1,0
1933,14.8,0,1,0
1934,3.8,0,1,0
1935,3.1,0,1,0
1936,,1,0,0
1937,,1,0,0
1938,21.8,0,2,0
1939,238.2,0,2,0
1940,13.1,0,1,0
1941,,0,0,1
1942,10.4,0,6,0
1943,4.5,0,1,0
1944,0.0,0,1,0
1945,,1,0,0
1946,1.7,0,1,0
1947,9.3,0,1,0
1948,236.1,0,1,0
1949,,0,1,0
1950,,1,0,0
1951,6.5,0,1,0
1952,,1,0,0
1953,2.5,0,2,0
1954,,1,0,0
1955,,1,0,0
1956,,1,0,0
1957,,1,0,0
1958,,1,0,0
1959,,1,0,0
1960,,1,0,0
1961,,1,0,0
1962,,1,0,0
1963,,1,0,0
1964,,1,0,0
1965,,0,1,0
1966,,0,1,0
1967,,0,1,0
1968,,0,1,0
1969,,1,0,0
1970,,0,1,0
1971,,1,0,0
1972,,1,0,0
1973,,1,0,0
1974,,1,0,0
1975,0.0,0,1,0
1976,0.0,0,1,0
1977,,1,0,0
1978,15.2,0,1,0
1979,,1,0,1
1980,,1,0,0
1981,13.8,0,1,0
1982,230.0,0,1,0
1983,,1,0,0
1984,,0,1,1
1985,,1,0,0
1986,,1,1,0
1987,,1,0,0
1988,16.0,0,2,0
1989,4.0,0,2,0
1990,1.8,0,1,0
1991,14.0,0,1,0
1992,232.25,0,1,0
1993,232.25,0,1,0
1994,8.2,0,2,0
1995,11.5,0,2,0
1996,,1,0,0
1997,18.2,0,1,0
1998,18.2,0,1,0
1999,13.2,0,1,0
2000,,1,0,0
2001,0.0,0,1,0
2002,6.5,0,3,0
2003,1.8,0,2,0
2004,4.5,0,1,0
2005,4.4,0,4,0
2006,7.0,0,1,0
2007,0.2,0,2,0
2008,0.0,0,2,0
2009,12.5,0,1,0
2010,,0,0,1
2011,0.5,1,0,0
2012,1.6,0,1,0
2013,17.8,0,4,0
2014,0.5,0,1,0
2015,19.4,0,1,0
2016,,0,0,1
2017,,1,1,0
2018,,1,0,0
2019,3.6,0,3,0
2020,237.0,0,1,0
2021,21.2,0,1,0
2022,,1,0,0
2023,6.5,0,2,0
2024,0.0,0,2,0
2025,231.8,0,1,0
2026,6.8,0,1,0
2027,238.0,0,1,0
2028,228.55,0,1,0
2029,1.6,0,1,0
2030,6.5,0,1,0
2031,0.8,0,1,0
2032,4.1,0,1,0
2033,233.5,0,1,0
2034,6.5,0,4,0
2035,0.0,0,1,0
2036,14.1,0,3,0
2037,5.0,0,1,0
2038,1.5,0,1,0
2039,11.9,0,3,0
2040,0.0,0,3,0
2041,0.0,0,1,0
2042,4.5,0,1,0
2043,11.1,0,1,0
2044,0.7,0,2,0
2045,0.0,0,1,0
2046,14.6,0,2,0
2047,12.0,0,3,0
2048,2.9,0,1,0
2049,738.9,0,2,0
2050,740.5,0,5,0
2051,0.8,0,1,0
2052,1.7,0,1,0
2053,12.0,1,0,0
2054,742.5,0,4,0
2055,8.0,0,1,0
2056,11.6,0,1,0
2057,11.6,0,4,0
2058,3.5,0,1,0
2059,6.8,0,1,0
2060,742.1,0,1,0
2061,13.7,0,2,0
2062,11.5,0,1,0
2063,1.5,1,2,0
2064,,0,1,0
2065,,0,1,0
2066,164.4,0,1,0
2067,162.8,0,1,0
2068,160.2,1,1,0
2069,158.3,0,4,0
2070,154.8,0,1,0
2071,639.18,0,2,0
2072,21.5,0,1,0
2073,2.8,0,1,0
2074,,0,1,0
2075,155.8,0,1,0
2076,,1,0,0
2077,164.8,0,3,0
2078,,1,1,0
2079,162.7,0,2,0
2080,164.4,0,2,0
2081,638.0,3,4,0
2082,162.8,1,0,0
2083,0.0,0,1,0
2084,,1,0,0
2085,163.3,0,1,0
2086,154.85,0,1,0
2087,155.3,0,2,0
2088,637.0,0,1,0
2089,164.7,0,2,0
2090,,1,0,0
2091,164.2,0,1,0
2092,1.2,1,0,0
2093,1.4,0,1,0
2094,0.3,0,3,0
2095,0.9,0,1,0
2096,0.0,0,1,0
2097,0.5,0,1,0
2098,9.6,0,1,0
2099,8.4,0,2,0
2100,1.7,0,3,0
2101,0.0,0,4,0
2102,4.0,0,1,0
2103,3.25,0,1,0
2104,0.1,0,1,0
2105,5.4,0,1,0
2106,2.0,0,2,0
2107,,0,1,0
2108,,0,1,0
2109,14.3,0,1,0
2110,0.5,0,2,0
2111,,0,1,0
2112,17.75,1,0,0
2113,,0,1,0
2114,,0,1,0
2115,0.6,0,7,0
2116,8.5,1,4,0
2117,,0,2,0
2118,6.5,1,0,0
2119,1.4,0,0,2
2120,,0,2,0
2121,5.4,0,1,0
2122,4.5,0,1,0
2123,,0,2,0
2124,,0,1,0
2125,,0,1,0
2126,,0,1,0
2127,,0,1,0
2128,,2,0,0
2129,,0,1,0
2130,,0,1,0
2131,,0,1,0
2132,,0,1,0
2133,,0,1,0
2134,47.9,0,1,0
2135,,0,1,0
2136,147.5,0,1,0
2137,,0,1,0
2138,,0,1,0
2139,,0,1,0
2140,,0,1,0
2141,,0,1,0
2142,,0,1,0
2143,,0,1,0
2144,,0,1,0
2145,,1,0,0
2146,,0,1,0
2147,,0,2,0
2148,,0,1,0
2149,,0,1,0
2150,648.0,0,1,0
2151,,1,0,0
2152,,0,1,0
2153,,0,1,0
2154,,0,1,0
2155,,0,2,0
2156,,0,1,0
2157,,0,1,0
2158,,0,1,0
2159,,0,1,0
2160,,0,1,0
2161,,0,1,0
2162,,0,1,0
2163,,0,1,0
2164,,0,1,0
2165,,0,1,0
2166,,0,1,0
2167,,0,1,0
2168,,0,1,0
2169,,0,1,0
2170,,0,1,0
2171,,0,1,0
2172,,1,0,0
2173,,1,0,0
2174,144.6,0,1,0
2175,,0,1,0
2176,,0,2,0
2177,,0,1,0
2178,,1,0,0
2179,150.5,0,1,0
2180,,0,1,0
2181,,0,1,0
2182,,0,1,0
2183,,0,2,0
2184,,0,1,0
2185,146.5,0,2,0
2186,,0,1,0
2187,,0,1,0
2188,,0,1,0
2189,,0,1,0
2190,,1,1,0
2191,,1,0,0
2192,,0,1,0
2193,,0,1,0
2194,,0,1,0
2195,,0,1,0
2196,,0,1,0
2197,,0,1,0
2198,,0,1,0
2199,,1,0,0
2200,,0,1,0
2201,,0,1,0
2202,,1,0,0
2203,,0,1,0
2204,,0,1,0
2205,,0,1,0
2206,651.7,0,1,0
2207,,0,1,0
2208,,0,2,0
2209,,0,2,0
2210,,0,1,0
2211,,0,1,0
2212,144.95,0,1,0
2213,,0,1,0
2214,48.2,0,3,0
2215,,0,1,0
2216,49.0,0,2,0
2217,,0,1,0
2218,,0,1,0
2219,,0,1,0
2220,,0,1,0
2221,,0,1,0
2222,,0,1,0
2223,,0,1,0
2224,,0,1,0
2225,651.2,0,1,0
2226,,0,1,0
2227,,1,0,0
2228,,0,6,0
2229,,0,1,0
2230,,0,1,0
2231,,0,1,0
2232,,0,1,0
2233,,0,1,0
2234,,0,1,0
2235,142.8,0,0,1
2236,,0,1,0
2237,,0,1,0
2238,,0,2,0
2239,,0,1,0
2240,,0,1,0
2241,149.0,0,1,0
2242,47.8,0,1,0
2243,,0,1,0
2244,,0,1,0
2245,,0,1,0
2246,,0,2,0
2247,,0,2,0
2248,,0,1,0
2249,,0,1,0
2250,,0,2,0
2251,,1,1,0
2252,,0,1,0
2253,,0,1,0
2254,,0,1,0
2255,,0,1,0
2256,,1,0,0
2257,,0,2,0
2258,,0,2,0
2259,,0,1,0
2260,,0,1,0
2261,,0,1,0
2262,,0,1,0
2263,,0,2,0
2264,,1,0,0
2265,,0,1,0
2266,,0,2,0
2267,,1,0,0
2268,47.7,0,1,0
2269,,0,2,0
2270,48.3,0,1,0
2271,,0,1,0
2272,,0,1,0
2273,,0,1,0
2274,,0,1,0
2275,,0,1,0
2276,,0,1,0
2277,,0,1,0
2278,,0,2,0
2279,,1,0,0
2280,,0,1,0
2281,,0,1,0
2282,,0,4,0
2283,,0,1,0
2284,,0,0,1
2285,,0,1,0
2286,,0,1,0
2287,,0,1,0
2288,,0,1,0
2289,,1,0,0
2290,,0,1,0
2291,,0,2,0
2292,,0,1,0
2293,,0,1,0
2294,,0,1,0
2295,,0,1,0
2296,,0,1,0
2297,,0,1,0
2298,,1,0,0
2299,,0,1,0
2300,,0,1,0
2301,,0,1,0
2302,,0,1,0
2303,,0,1,0
2304,,0,2,0
2305,,0,3,0
2306,,0,1,0
2307,,0,1,0
2308,,0,1,0
2309,,0,1,0
2310,,0,1,0
2311,145.4,0,1,0
2312,,0,0,1
2313,,0,1,0
2314,,0,1,0
2315,,0,1,0
2316,,0,1,0
2317,,0,1,0
2318,,0,1,0
2319,,0,2,0
2320,,1,1,0
2321,,0,1,0
2322,,1,0,0
2323,,0,1,0
2324,,0,1,0
2325,,0,1,0
2326,,0,2,0
2327,,0,1,0
2328,,0,2,0
2329,,0,1,0
2330,144.9,0,1,0
2331,,0,1,0
2332,,2,0,0
2333,,0,1,0
2334,,0,2,0
2335,,0,0,1
2336,,0,1,0
2337,,0,1,0
2338,,1,0,0
2339,,0,1,0
2340,,0,1,0
2341,,0,2,0
2342,,1,0,0
2343,,0,1,0
2344,,0,0,1
2345,,0,1,0
2346,,0,1,0
2347,,0,1,0
2348,,0,1,0
2349,,0,1,0
2350,,0,1,0
2351,,0,1,0
2352,,0,1,0
2353,,0,1,0
2354,,0,1,0
2355,,1,0,0
2356,,0,1,0
2357,48.5,0,1,0
2358,,0,2,0
2359,,0,1,0
2360,49.1,0,1,0
2361,,0,1,0
2362,,0,1,0
2363,,0,1,0
2364,,0,1,0
2365,,0,1,0
2366,,0,1,0
2367,,0,2,0
2368,,1,0,0
2369,,0,1,0
2370,,0,1,0
2371,,0,1,0
2372,,1,0,0
2373,148.33,0,1,0
2374,,0,1,0
2375,,1,0,0
2376,,0,1,0
2377,,0,2,0
2378,,0,1,0
2379,,1,0,0
2380,,0,1,0
2381,,0,1,0
2382,,0,1,0
2383,,0,1,0
2384,,0,1,0
2385,,0,1,0
2386,,0,1,0
2387,,0,1,0
2388,,0,2,0
2389,,0,1,0
2390,,0,1,0
2391,,0,2,0
2392,,0,1,0
2393,,1,0,0
2394,,0,1,0
2395,,0,1,0
2396,,0,1,0
2397,,0,1,0
2398,146.4,0,0,1
2399,,0,1,0
2400,1.3,0,2,0
2401,,0,3,0
2402,8.9,0,2,0
2403,13.1,0,1,0
2404,745.3,0,5,0
2405,744.6,0,3,0
2406,,0,1,0
2407,15.2,0,1,0
2408,745.0,0,1,0
2409,15.1,0,1,0
2410,,0,1,0
2411,8.6,0,1,0
2412,1.2,0,1,0
2413,10.5,0,1,0
2414,9.2,0,1,0
2415,29.8,0,2,0
2416,31.0,0,2,0
2417,8.5,0,1,0
2418,10.8,0,1,0
2419,171.7,0,4,0
2420,171.85,0,1,0
2421,,0,1,0
2422,171.3,0,1,1
2423,180.5,0,1,0
2424,175.3,1,0,0
2425,175.35,0,0,1
2426,11.3,0,2,0
2427,620.3,0,1,0
2428,1.8,0,2,0
2429,175.85,0,1,0
2430,,0,1,0
2431,1.8,0,2,0
2432,,1,0,0
2433,,0,1,0
2434,4.3,0,3,0
2435,4.9,0,1,0
2436,6.7,0,5,0
2437,3.9,1,0,0
2438,1.0,0,1,0
2439,165.2,0,1,0
2440,170.5,0,3,0
2441,0.8,0,1,0
2442,168.9,1,1,0
2443,,0,1,0
2444,169.9,0,1,0
2445,169.0,0,1,0
2446,,0,1,0
2447,,1,0,0
2448,50.7,0,1,0
2449,53.8,0,1,0
2450,8.8,0,2,0
2451,53.2,0,1,0
2452,17.0,0,1,0
2453,53.4,0,1,0
2454,8.1,0,1,0
2455,7.9,0,1,0
2456,0.35,0,2,0
2457,4.0,0,2,0
2458,3.9,0,5,0
2459,8.5,1,0,0
2460,3.8,0,1,0
2461,3.8,0,2,0
2462,5.0,0,1,0
2463,6.4,0,9,0
2464,3.0,0,2,0
2465,1.9,0,1,0
2466,0.4,0,1,0
2467,126.8,0,1,0
2468,5.1,0,1,0
2469,4.2,0,1,0
2470,1.4,1,0,0
2471,121.3,0,2,0
2472,126.5,0,2,0
2473,128.5,0,1,0
2474,125.4,0,1,0
2475,126.4,0,1,0
2476,2.7,0,1,0
2477,674.3,0,2,0
2478,123.8,0,2,0
2479,120.4,0,2,0
2480,11.7,1,0,0
2481,121.5,0,1,0
2482,120.7,0,1,0
2483,,1,0,0
2484,128.2,0,1,0
2485,121.2,0,1,0
2486,,0,1,0
2487,125.3,0,1,0
2488,4.3,0,1,0
2489,1.2,0,1,0
2490,673.0,0,0,1
2491,129.5,0,1,0
2492,120.2,0,1,0
2493,,1,0,0
2494,,0,1,0
2495,674.6,0,4,0
2496,,0,1,0
2497,,0,1,0
2498,123.3,1,0,0
2499,676.5,1,1,0
2500,,1,0,0
2501,0.0,0,1,0
2502,,0,1,0
2503,,0,1,0
2504,34.4,0,1,0
2505,0.1,1,0,0
2506,36.0,0,2,0
2507,473.6,0,2,0
2508,,0,1,0
2509,,0,2,0
2510,,0,1,0
2511,469.8,0,1,0
2512,467.3,0,1,0
2513,471.0,0,2,0
2514,13.0,0,2,0
2515,,0,1,0
2516,,0,2,0
2517,467.85,0,2,0
2518,7.8,0,1,0
2519,9.2,0,1,0
2520,735.1,0,1,0
2521,1.5,0,0,1
2522,733.21,0,1,0
2523,1.4,0,1,0
2524,5.15,0,1,0
2525,2.0,0,3,0
2526,798.1,0,1,0
2527,804.0,0,2,0
2528,443.2,0,2,0
2529,798.3,0,1,0
2530,0.2,0,1,0
2531,797.5,0,2,0
2532,799.65,1,1,0
2533,21.4,1,0,0
2534,,0,2,0
2535,,0,2,0
2536,,0,1,0
2537,,1,0,0
2538,,0,2,0
2539,693.3,1,0,0
2540,541.95,0,1,0
2541,,0,1,0
2542,,0,1,0
2543,,0,1,0
2544,9.9,0,1,0
2545,,0,1,0
2546,,0,1,0
2547,,0,1,0
2548,,0,1,0
2549,696.5,0,1,0
2550,,0,1,0
2551,,0,2,0
2552,,0,2,0
2553,,0,4,0
2554,,0,1,0
2555,,0,1,0
2556,,0,2,0
2557,,0,1,0
2558,,0,1,0
2559,,0,1,0
2560,,0,1,0
2561,,0,1,0
2562,693.9,0,6,0
2563,,0,2,0
2564,,0,2,0
2565,,0,1,0
2566,,0,2,0
2567,,0,2,0
2568,,0,4,0
2569,11.2,0,2,0
2570,,0,1,0
2571,,0,1,0
2572,694.9,2,3,0
2573,,0,1,0
2574,,0,1,0
2575,1.6,0,1,0
2576,528.0,0,2,0
2577,529.3,0,2,0
2578,527.5,0,1,0
2579,0.0,0,1,0
2580,728.5,0,1,0
2581,525.63,0,1,0
2582,,0,2,0
2583,,0,2,0
2584,709.5,0,0,1
2585,529.8,0,3,0
2586,706.2,0,1,0
2587,,0,1,0
2588,,0,1,0
2589,710.9,0,1,0
2590,1.0,0,1,0
2591,712.3,0,1,0
2592,,0,1,0
2593,709.6,0,1,0
2594,706.7,0,2,0
2595,710.9,0,2,0
2596,1.6,0,0,1
2597,0.2,0,1,0
2598,,0,1,0
2599,,0,1,0
2600,1.0,0,2,0
2601,,0,3,0
2602,,0,1,0
2603,,0,2,0
2604,709.65,0,2,0
2605,728.6,1,0,0
2606,0.0,0,1,0
2607,523.0,0,7,0
2608,730.2,0,1,0
2609,711.0,0,3,0
2610,711.0,0,2,0
2611,2.0,0,1,0
2612,706.2,0,4,0
2613,724.5,1,0,0
2614,531.1,1,0,0
2615,528.3,0,1,0
2616,711.0,0,4,0
2617,739.34,0,5,0
2618,7.0,0,1,0
2619,16.5,0,2,0
2620,2.2,0,1,0
2621,,0,1,0
2622,,0,1,0
2623,,0,1,0
2624,5.0,0,1,0
2625,3.9,0,1,0
2626,,0,1,0
2627,5.0,3,0,0
2628,,0,1,0
2629,,0,1,0
2630,,0,2,0
2631,,0,2,0
2632,63.9,0,2,0
2633,0.0,0,1,0
2634,,0,1,0
2635,5.8,0,1,0
2636,3.1,0,2,0
2637,,0,1,0
2638,0.9,0,1,0
2639,5.5,0,2,0
2640,2.5,0,1,0
2641,,0,1,0
2642,,0,2,0
2643,,0,1,0
2644,,0,1,0
2645,,0,1,0
2646,2.0,0,1,0
2647,,0,1,0
2648,,0,1,0
2649,,0,1,0
2650,3.2,0,1,0
2651,,0,1,0
2652,0.0,0,5,0
2653,,1,0,0
2654,1.0,1,6,0
2655,3.1,0,1,0
2656,6.0,0,1,0
2657,3.0,0,1,0
2658,7.0,0,1,0
2659,,0,1,0
2660,4.8,0,1,0
2661,,0,1,0
2662,,0,1,0
2663,,0,1,0
2664,,0,1,0
2665,2.0,0,2,0
2666,,0,1,0
2667,4.0,0,1,0
2668,,0,2,0
2669,186.18,0,3,0
2670,0.2,0,0,1
2671,13.9,0,1,0
2672,0.8,0,1,0
2673,3.8,1,0,0
2674,,0,1,0
2675,,0,1,0
2676,,0,2,0
2677,,1,0,0
2678,,0,1,0
2679,,0,1,0
2680,,0,1,0
2681,,0,2,0
2682,,0,1,0
2683,,1,0,0
2684,,0,1,0
2685,,0,1,0
2686,,0,2,0
2687,,0,1,0
2688,,0,2,0
2689,,0,1,0
2690,27.0,0,1,0
2691,,0,1,0
2692,2.9,0,1,0
2693,,0,1,0
2694,,0,2,0
2695,,0,1,0
2696,,0,1,0
2697,,0,2,0
2698,,0,1,0
2699,,0,1,0
2700,1.0,0,1,0
2701,,0,2,0
2702,723.9,0,1,0
2703,,0,1,0
2704,,0,2,0
2705,,0,1,0
2706,,0,1,0
2707,,0,2,0
2708,,0,1,0
2709,,0,3,0
2710,,0,1,0
2711,,0,1,0
2712,,0,1,0
2713,,0,1,0
2714,,0,1,0
2715,,0,1,0
2716,,0,2,0
2717,,0,3,0
2718,,0,1,0
2719,522.2,1,4,0
2720,,1,0,0
2721,,0,1,0
2722,0.2,0,1,0
2723,,0,4,0
2724,,0,1,0
2725,97.2,0,1,0
2726,,0,1,0
2727,,0,1,0
2728,6.0,0,1,0
2729,513.9,0,3,0
2730,715.98,0,2,0
2731,,0,1,0
2732,,0,1,0
2733,,0,2,0
2734,,0,3,0
2735,,0,1,0
2736,,0,1,0
2737,,0,1,0
2738,,0,1,0
2739,,0,1,0
2740,,0,1,0
2741,,0,5,0
2742,5.8,0,2,0
2743,,0,1,0
2744,,0,2,0
2745,,0,1,0
2746,,1,0,0
2747,,0,1,0
2748,25.2,1,0,0
2749,,0,1,0
2750,3.2,0,2,0
2751,,0,1,0
2752,,0,1,0
2753,24.1,0,1,0
2754,,0,1,0
2755,730.3,0,1,0
2756,,0,1,0
2757,14.3,0,1,0
2758,,0,1,0
2759,,0,1,0
2760,,0,2,0
2761,,0,1,0
2762,,0,1,0
2763,,0,1,0
2764,,0,2,0
2765,,0,1,0
2766,,0,2,0
2767,,0,1,0
2768,,0,1,0
2769,,0,1,0
2770,,0,2,0
2771,11.4,0,1,0
2772,12.8,0,1,0
2773,,0,1,0
2774,,0,1,0
2775,,0,1,0
2776,,0,1,0
2777,,0,2,0
2778,,0,1,0
2779,,0,1,0
2780,,0,1,0
2781,,0,3,0
2782,,0,2,0
2783,,1,0,0
2784,79.3,0,3,0
2785,94.9,0,3,0
2786,,0,1,0
2787,0.6,0,2,0
2788,,1,0,0
2789,,0,1,0
2790,,0,1,0
2791,,0,1,0
2792,,0,1,0
2793,,0,1,0
2794,,0,1,0
2795,,0,1,0
2796,,0,1,0
2797,,0,1,0
2798,1.9,0,1,0
2799,,0,2,0
2800,,0,1,0
2801,,0,3,0
2802,,0,1,0
2803,,0,1,0
2804,,0,1,0
2805,,0,1,0
2806,,0,1,0
2807,,0,2,0
2808,8.7,0,2,0
2809,10.9,0,1,0
2810,3.0,0,2,0
2811,14.2,0,1,0
2812,,0,2,0
2813,2.0,0,1,0
2814,,0,1,0
2815,,0,1,0
2816,,0,3,0
2817,,0,4,0
2818,0.3,0,1,0
2819,,0,1,0
2820,729.4,1,0,0
2821,,0,1,0
2822,,0,1,0
2823,,0,1,0
2824,,0,2,0
2825,,0,4,0
2826,,0,1,0
2827,,0,1,0
2828,520.5,0,1,0
2829,0.5,0,1,0
2830,,0,1,0
2831,728.8,0,1,0
2832,714.8,0,1,0
2833,7.5,0,2,0
2834,,0,1,0
2835,,0,1,0
2836,,0,2,0
2837,,0,2,0
2838,,0,1,0
2839,10.0,0,1,0
2840,,0,1,0
2841,,0,1,0
2842,25.0,0,1,0
2843,,1,0,0
2844,,0,1,0
2845,,1,0,0
2846,,0,1,0
2847,523.3,0,5,0
2848,,0,1,0
2849,,0,1,0
2850,,0,1,0
2851,713.7,0,1,0
2852,,0,1,0
2853,,1,0,0
2854,,0,1,0
2855,,0,1,0
2856,,0,2,0
2857,2.5,0,1,0
2858,0.6,0,1,0
2859,,0,2,0
2860,,0,1,0
2861,,0,1,0
2862,,0,1,0
2863,,0,1,0
2864,,0,1,0
2865,722.0,0,1,0
2866,,0,2,0
2867,,0,1,0
2868,,0,1,0
2869,,0,1,0
2870,,0,1,0
2871,,0,1,0
2872,,0,1,0
2873,5.0,0,1,0
2874,,0,1,0
2875,,0,1,0
2876,,0,2,0
2877,0.8,0,2,0
2878,,0,1,0
2879,,0,1,0
2880,728.5,0,2,0
2881,,0,1,0
2882,,0,2,0
2883,,1,0,0
2884,10.5,0,1,0
2885,,0,1,0
2886,,0,2,0
2887,729.0,0,1,0
2888,80.9,0,1,0
2889,,0,1,0
2890,,0,1,0
2891,,0,2,0
2892,,0,1,0
2893,,0,1,0
2894,8.0,0,6,0
2895,,0,1,0
2896,4.8,0,1,0
2897,,0,1,0
2898,,0,1,0
2899,0.4,0,2,0
2900,,0,2,0
2901,,0,1,0
2902,,0,1,0
2903,,0,1,0
2904,26.5,1,0,0
2905,,0,1,0
2906,,0,1,0
2907,30.4,0,1,0
2908,0.6,0,1,0
2909,,0,1,0
2910,,0,1,0
2911,,0,1,0
2912,30.2,0,1,0
2913,,1,0,0
2914,,0,1,0
2915,,0,1,0
2916,,0,1,0
2917,,0,1,0
2918,5.1,0,1,0
2919,518.6,0,3,0
2920,3.1,0,1,0
2921,,0,1,0
2922,,0,1,0
2923,1.2,0,2,0
2924,521.3,1,0,0
2925,8.0,0,1,0
2926,8.1,0,3,0
2927,,0,1,0
2928,,0,1,0
2929,,0,1,0
2930,,0,1,0
2931,,0,1,0
2932,,0,2,0
2933,,0,1,0
2934,,0,1,0
2935,,0,1,0
2936,,1,0,0
2937,1.9,0,1,0
2938,,1,0,0
2939,731.9,0,1,0
2940,13.5,0,1,0
2941,,0,1,0
2942,,0,2,0
2943,,0,1,0
2944,1.8,0,1,0
2945,3.9,0,1,0
2946,0.0,0,1,0
2947,,0,2,0
2948,,0,1,0
2949,,0,1,0
2950,,0,1,0
2951,5.9,0,1,0
2952,,0,1,0
2953,,0,1,0
2954,,0,1,0
2955,,0,1,0
2956,,0,1,0
2957,,0,1,0
2958,,0,1,0
2959,,0,1,0
2960,,0,5,0
2961,,0,1,0
2962,,0,1,0
2963,28.4,0,2,0
2964,,0,2,0
2965,,0,1,0
2966,,0,2,0
2967,,0,1,0
2968,,0,1,0
2969,,0,1,0
2970,,0,1,0
2971,,0,2,0
2972,,0,1,0
2973,731.5,0,1,0
2974,31.4,0,1,0
2975,,0,2,0
2976,30.6,0,1,0
2977,,0,1,0
2978,,0,1,0
2979,,0,1,0
2980,,1,0,0
2981,,1,0,0
2982,,0,2,0
2983,,0,1,0
2984,,0,1,0
2985,,0,1,0
2986,,0,1,0
2987,,0,1,0
2988,,0,2,0
2989,,0,1,0
2990,522.0,0,1,0
2991,,0,1,0
2992,26.6,0,2,0
2993,,0,1,0
2994,0.1,0,2,0
2995,,0,1,0
2996,6.6,0,1,0
2997,5.35,1,0,0
2998,5.1,1,0,0
2999,,0,1,0
3000,5.4,0,1,0
3001,,0,1,0
3002,,0,1,0
3003,,0,1,0
3004,2.8,0,1,0
3005,7.4,0,1,0
3006,731.65,0,1,0
3007,0.5,0,1,0
3008,,0,1,0
3009,,0,1,0
3010,,0,1,0
3011,,0,1,0
3012,,0,1,0
3013,731.8,0,1,0
3014,,0,2,0
3015,,0,1,0
3016,,0,1,0
3017,2.2,0,1,0
3018,14.3,0,1,0
3019,,2,1,0
3020,,0,2,0
3021,1.7,0,1,0
3022,,0,1,0
3023,,0,1,0
3024,,0,1,0
3025,,0,1,0
3026,,0,1,0
3027,,0,2,0
3028,,0,1,0
3029,,0,2,0
3030,,0,1,0
3031,,0,1,0
3032,,0,1,0
3033,,0,1,0
3034,,0,1,0
3035,712.35,0,1,0
3036,,1,0,0
3037,,0,1,0
3038,0.4,0,1,0
3039,,0,1,0
3040,,0,1,0
3041,,0,2,0
3042,,0,2,0
3043,,0,2,0
3044,,0,2,0
3045,,0,4,0
3046,,0,1,0
3047,6.5,0,1,0
3048,,0,1,0
3049,,0,2,0
3050,6.7,0,1,0
3051,,0,1,0
3052,7.5,0,3,0
3053,0.5,0,2,0
3054,,0,4,0
3055,,0,2,0
3056,,0,1,0
3057,97.5,0,1,0
3058,,0,1,0
3059,522.8,0,1,0
3060,0.5,0,1,0
3061,10.3,0,1,0
3062,0.3,0,1,0
3063,6.9,0,1,0
3064,,1,0,0
3065,,0,2,0
3066,0.0,0,1,0
3067,,0,1,0
3068,,0,1,0
3069,,0,1,0
3070,,0,1,0
3071,,0,1,0
3072,,0,1,0
3073,,0,1,0
3074,,0,1,0
3075,,0,1,0
3076,,0,1,0
3077,,0,1,0
3078,,0,1,0
3079,5.6,0,2,0
3080,0.3,0,1,0
3081,,0,1,0
3082,,0,2,0
3083,,0,4,0
3084,,0,1,0
3085,,0,1,0
3086,2.2,0,1,0
3087,0.0,0,1,0
3088,,0,2,0
3089,,0,2,0
3090,,0,1,0
3091,,0,1,0
3092,,0,1,0
3093,,0,1,0
3094,4.2,0,2,0
3095,4.7,0,2,0
3096,,0,1,0
3097,,0,1,0
3098,,0,1,0
3099,,0,1,0
3100,,0,2,0
3101,,0,3,0
3102,,0,1,0
3103,,0,1,0
3104,,0,1,0
3105,,0,1,0
3106,2.5,0,1,0
3107,,0,1,0
3108,,0,1,0
3109,,0,1,0
3110,,0,1,0
3111,,0,1,0
3112,,0,1,0
3113,3.1,0,1,0
3114,,0,1,0
3115,522.15,0,1,0
3116,,0,1,0
3117,,0,1,0
3118,,0,1,0
3119,,0,1,0
3120,,0,1,0
3121,,0,1,0
3122,,0,1,0
3123,,0,1,0
3124,,0,4,0
3125,,0,1,0
3126,,0,1,0
3127,,0,1,0
3128,7.5,0,5,0
3129,15.8,0,1,0
3130,,0,1,0
3131,,0,2,0
3132,,0,1,0
3133,,0,1,0
3134,,0,1,0
3135,5.5,0,1,0
3136,5.55,0,1,0
3137,,0,1,0
3138,0.3,0,1,0
3139,4.6,0,1,0
3140,95.1,0,2,0
3141,16.4,0,1,0
3142,,0,2,0
3143,,0,1,0
3144,,0,1,0
3145,,0,1,0
3146,,0,1,0
3147,,0,1,0
3148,,0,1,0
3149,714.2,0,2,0
3150,,0,2,0
3151,,0,3,0
3152,7.2,1,0,0
3153,,0,1,0
3154,,0,2,0
3155,3.15,0,0,1
3156,,0,1,0
3157,,0,2,0
3158,,0,2,0
3159,,0,1,0
3160,,0,1,0
3161,,0,1,0
3162,,0,1,0
3163,,0,1,0
3164,,1,0,0
3165,,0,1,0
3166,,0,1,0
3167,7.6,0,1,0
3168,,0,1,0
3169,,1,0,0
3170,,0,1,0
3171,,0,3,0
3172,95.0,0,5,0
3173,7.0,0,2,0
3174,,0,3,0
3175,,0,1,0
3176,3.3,0,1,0
3177,,0,1,0
3178,,1,0,0
3179,,0,1,0
3180,,0,1,0
3181,,0,1,0
3182,,0,1,0
3183,,0,1,0
3184,729.0,0,3,0
3185,,0,1,0
3186,,0,1,0
3187,,0,1,0
3188,,0,1,0
3189,,0,1,0
3190,,0,1,0
3191,,0,1,0
3192,,0,1,0
3193,,0,1,0
3194,,0,1,0
3195,,0,2,0
3196,,0,1,0
3197,,0,1,0
3198,,0,1,0
3199,,0,1,0
3200,,0,1,0
3201,716.0,0,2,0
3202,1.1,0,1,0
3203,,0,1,0
3204,,0,1,0
3205,,0,1,0
3206,,0,5,0
3207,,0,5,0
3208,,0,1,0
3209,,0,0,1
3210,,0,1,0
3211,,0,4,0
3212,,0,1,0
3213,,0,2,0
3214,,1,0,0
3215,,0,1,0
3216,,0,1,0
3217,0.8,0,1,0
3218,,0,1,0
3219,,0,3,0
3220,,0,1,0
3221,,0,1,0
3222,,0,4,0
3223,,0,1,0
3224,,0,1,0
3225,,0,1,0
3226,,0,1,0
3227,,0,1,0
3228,,0,1,0
3229,,0,1,0
3230,5.35,1,0,0
3231,,0,1,0
3232,727.9,0,0,1
3233,,0,1,0
3234,,0,1,0
3235,,0,1,0
3236,,0,1,0
3237,,0,1,0
3238,,0,1,0
3239,,0,2,0
3240,22.4,0,2,0
3241,7.0,0,1,0
3242,,0,2,0
3243,7.3,0,1,0
3244,,0,2,0
3245,,0,2,0
3246,8.0,0,1,0
3247,,0,2,0
3248,,0,1,0
3249,,0,1,0
3250,,0,1,0
3251,,0,1,0
3252,,0,1,0
3253,731.9,0,1,0
3254,,0,1,0
3255,,0,1,0
3256,,0,2,0
3257,,0,2,0
3258,515.0,0,1,0
3259,,0,1,0
3260,,0,1,0
3261,,1,0,0
3262,,0,1,0
3263,,0,1,0
3264,1.2,0,4,0
3265,,0,1,0
3266,,0,1,0
3267,3.9,0,1,0
3268,,0,1,0
3269,518.0,0,1,0
3270,,0,2,0
3271,7.3,0,0,1
3272,517.25,0,1,0
3273,,0,1,0
3274,3.5,0,4,0
3275,,0,1,0
3276,,0,1,0
3277,,0,1,0
3278,708.5,0,1,0
3279,22.5,0,1,0
3280,,0,4,0
3281,,0,1,0
3282,,0,1,0
3283,,0,1,0
3284,,0,1,0
3285,,0,1,0
3286,,0,1,0
3287,,0,1,0
3288,25.4,0,1,0
3289,,0,1,0
3290,,0,1,0
3291,,0,1,0
3292,,0,1,0
3293,,0,1,0
3294,,0,1,0
3295,8.0,0,1,0
3296,,0,1,0
3297,,0,2,0
3298,,0,1,0
3299,,0,2,0
3300,,0,1,0
3301,,0,1,0
3302,,0,1,0
3303,9.5,0,1,0
3304,9.0,0,1,0
3305,,0,1,0
3306,,0,1,0
3307,23.45,0,1,0
3308,0.5,0,1,0
3309,25.8,0,1,0
3310,,0,1,0
3311,,0,1,0
3312,,0,1,0
3313,730.2,0,1,0
3314,,0,1,0
3315,0.5,0,1,0
3316,3.8,1,4,0
3317,,0,2,0
3318,,0,1,0
3319,,0,1,0
3320,0.7,0,1,0
3321,,0,6,0
3322,,0,1,0
3323,,0,2,0
3324,,0,1,0
3325,,0,1,0
3326,,0,2,0
3327,,1,0,0
3328,,0,1,0
3329,,0,1,0
3330,,0,1,0
3331,,0,1,0
3332,,0,1,0
3333,,0,1,0
3334,,0,2,0
3335,713.8,0,1,0
3336,,0,2,0
3337,,0,1,0
3338,516.35,0,3,0
3339,,0,0,1
3340,,1,0,0
3341,,0,1,0
3342,10.5,0,1,0
3343,,0,1,0
3344,,1,0,0
3345,,0,1,0
3346,,0,1,0
3347,,1,0,0
3348,,0,3,0
3349,,0,1,0
3350,,0,1,0
3351,0.1,0,1,0
3352,,0,1,0
3353,,0,1,0
3354,,0,1,0
3355,,0,1,0
3356,,0,1,0
3357,,0,1,0
3358,,0,1,0
3359,,0,1,0
3360,,0,1,0
3361,,0,1,0
3362,,0,1,0
3363,730.5,0,2,0
3364,,0,1,0
3365,,0,1,0
3366,,0,1,0
3367,,0,1,0
3368,,0,1,0
3369,5.4,0,1,0
3370,,0,5,0
3371,,0,2,0
3372,,0,1,0
3373,,0,4,0
3374,,0,1,0
3375,6.6,0,1,0
3376,,1,0,0
3377,,0,3,0
3378,730.4,0,2,0
3379,512.3,0,6,0
3380,,0,1,0
3381,4.2,0,2,0
3382,,0,1,0
3383,,0,1,0
3384,1.5,0,2,0
3385,,0,2,0
3386,730.5,0,1,0
3387,,0,1,0
3388,,0,1,0
3389,,0,6,0
3390,,0,1,0
3391,3.0,0,1,0
3392,,0,1,0
3393,,0,2,0
3394,,0,1,0
3395,6.8,0,1,0
3396,,0,3,0
3397,,0,3,0
3398,,0,2,0
3399,0.0,0,1,0
3400,,0,1,0
3401,,0,1,0
3402,6.6,0,1,0
3403,,0,2,0
3404,,0,1,0
3405,,0,1,0
3406,1.3,0,1,0
3407,,0,1,0
3408,,0,2,0
3409,2.3,0,1,0
3410,,0,1,0
3411,,0,2,0
3412,,0,5,0
3413,,0,2,0
3414,,0,1,0
3415,,0,2,0
3416,,0,1,0
3417,,0,1,0
3418,,0,1,0
3419,,0,1,0
3420,,1,0,0
3421,,0,1,0
3422,,0,2,0
3423,,0,1,0
3424,,0,1,0
3425,,0,1,0
3426,1.2,0,2,0
3427,24.6,0,2,0
3428,,0,1,0
3429,,0,1,0
3430,,0,2,0
3431,,0,1,0
3432,,0,1,0
3433,,0,3,0
3434,,0,2,0
3435,,0,2,0
3436,3.7,0,1,0
3437,1.7,0,2,0
3438,524.75,0,2,0
3439,,0,1,0
3440,,0,1,0
3441,,0,1,0
3442,,0,2,0
3443,,0,1,0
3444,,0,1,0
3445,,0,1,0
3446,,0,1,0
3447,,0,2,0
3448,,0,1,0
3449,731.2,0,1,0
3450,1.6,0,2,0
3451,,0,1,0
3452,0.0,0,1,0
3453,,0,1,0
3454,,0,1,0
3455,,1,1,0
3456,8.1,0,1,0
3457,2.6,0,1,0
3458,14.3,0,1,0
3459,,0,1,0
3460,,0,2,0
3461,8.2,0,1,0
3462,,1,0,0
3463,,0,1,0
3464,,0,2,0
3465,,0,1,0
3466,,1,0,0
3467,1.4,0,1,0
3468,,0,1,0
3469,,0,2,0
3470,,0,1,0
3471,0.8,0,3,0
3472,,0,1,0
3473,,0,1,0
3474,,0,1,0
3475,,0,1,0
3476,,0,1,0
3477,,0,1,0
3478,,0,1,0
3479,4.5,0,1,0
3480,,0,1,0
3481,,0,1,0
3482,518.15,0,1,0
3483,,0,1,0
3484,,1,0,0
3485,0.7,0,1,0
3486,,0,1,0
3487,521.3,1,0,1
3488,,0,1,0
3489,,0,1,0
3490,,0,1,0
3491,,0,1,0
3492,,0,1,0
3493,,0,1,0
3494,2.2,0,2,0
3495,,0,1,0
3496,,0,1,0
3497,,0,1,0
3498,,0,2,0
3499,,0,1,0
3500,,0,1,0
3501,,0,1,0
3502,,0,1,0
3503,,0,1,0
3504,,0,1,0
3505,,0,1,0
3506,0.6,0,2,0
3507,,0,1,0
3508,,0,1,0
3509,,0,1,0
3510,,0,1,0
3511,,0,1,0
3512,,0,1,0
3513,,0,0,1
3514,,0,1,0
3515,,0,1,0
3516,,0,1,0
3517,,0,1,0
3518,,0,1,0
3519,,0,1,0
3520,,0,2,0
3521,,0,1,0
3522,,0,1,0
3523,,1,0,0
3524,,0,2,0
3525,,0,2,0
3526,,1,0,0
3527,,0,1,0
3528,,0,1,0
3529,,0,1,0
3530,,0,1,0
3531,,0,1,0
3532,,0,1,0
3533,1.5,0,1,0
3534,,0,1,0
3535,,0,1,0
3536,,0,1,0
3537,,0,1,0
3538,,0,1,0
3539,,0,1,0
3540,,0,1,0
3541,,0,1,0
3542,,0,1,0
3543,,0,1,0
3544,,0,1,0
3545,0.0,0,1,0
3546,,0,2,0
3547,0.0,0,1,0
3548,,0,1,0
3549,,0,1,0
3550,,0,1,0
3551,,0,1,0
3552,,0,1,0
3553,,0,1,0
3554,,0,1,0
3555,,0,1,0
3556,,0,1,0
3557,,0,2,0
3558,12.8,0,1,0
3559,,0,1,0
3560,,0,3,0
3561,,0,1,0
3562,13.2,0,1,0
3563,207.7,0,2,0
3564,,0,2,0
3565,,0,1,0
3566,,0,1,0
3567,,0,1,0
3568,,0,4,0
3569,,0,1,0
3570,,0,1,0
3571,,0,1,0
3572,,0,1,0
3573,,0,1,0
3574,,0,1,0
3575,,0,1,0
3576,,0,1,0
3577,,0,1,0
3578,,0,2,0
3579,,0,1,0
3580,,0,1,0
3581,,0,1,0
3582,,0,1,0
3583,,0,1,0
3584,,0,1,0
3585,,0,1,0
3586,,0,1,0
3587,15.5,0,1,0
3588,,0,1,0
3589,,0,1,0
3590,144.1,0,2,0
3591,,0,1,0
3592,,0,1,0
3593,,1,0,0
3594,,0,1,0
3595,,0,1,0
3596,,0,1,0
3597,143.5,0,2,0
3598,144.2,0,1,0
3599,,0,1,0
3600,12.5,0,1,0
3601,,0,1,0
3602,,0,1,0
3603,,0,2,0
3604,5.9,0,1,0
3605,144.1,1,0,0
3606,1.0,0,1,0
3607,,0,1,0
3608,,0,2,0
3609,,1,0,0
3610,144.2,0,1,0
3611,0.0,0,3,0
3612,1.0,1,0,0
3613,17.0,0,2,0
3614,18.8,0,1,0
3615,0.9,0,1,0
3616,190.2,0,1,0
3617,0.5,0,3,0
3618,3.5,0,4,0
3619,611.1,0,2,0
3620,190.35,1,0,0
3621,186.93,0,2,0
3622,618.9,0,0,1
3623,5.0,0,0,1
3624,11.8,0,2,0
3625,0.22,0,1,0
3626,540.7,0,7,0
3627,,0,2,0
3628,0.45,1,0,0
3629,12.2,0,4,0
3630,,0,1,0
3631,,0,1,0
3632,52.0,0,1,0
3633,,0,2,0
3634,,0,1,0
3635,24.8,0,1,0
3636,0.7,1,0,0
3637,,0,1,0
3638,,0,1,0
3639,,1,0,0
3640,,0,2,0
3641,,0,1,0
3642,,0,1,0
3643,,0,1,0
3644,69.0,0,1,0
3645,,0,2,0
3646,,0,1,0
3647,,0,1,0
3648,,0,1,0
3649,,0,1,0
3650,21.7,1,0,0
3651,4.7,0,1,0
3652,,0,1,0
3653,3.5,0,1,0
3654,,0,1,0
3655,5.6,0,2,0
3656,24.5,0,1,0
3657,2.2,0,1,0
3658,0.1,0,3,0
3659,2.2,0,1,0
3660,,0,1,0
3661,,0,1,0
3662,,0,1,0
3663,,0,1,0
3664,1.0,0,2,0
3665,,0,1,0
3666,,0,1,0
3667,,0,1,0
3668,,0,1,0
3669,74.0,0,2,0
3670,1.2,1,0,0
3671,,0,1,0
3672,,0,2,0
3673,,0,1,0
3674,5.0,0,1,0
3675,,0,1,0
3676,68.2,0,1,0
3677,,0,1,0
3678,,0,1,0
3679,,0,3,0
3680,4.9,0,1,0
3681,10.1,0,1,0
3682,0.0,0,2,0
3683,4.8,1,0,0
3684,6.7,0,1,0
3685,15.4,1,1,0
3686,7.9,0,2,0
3687,6.5,0,2,0
3688,,0,1,0
3689,,0,1,0
3690,,0,2,0
3691,1.7,0,2,0
3692,,0,1,0
3693,,0,1,0
3694,,0,2,0
3695,,0,1,0
3696,456.8,0,1,0
3697,462.5,0,1,0
3698,456.58,2,0,0
3699,3.3,0,1,0
3700,458.0,0,2,0
3701,457.0,0,1,0
3702,,0,1,0
3703,,0,2,0
3704,11.0,0,1,0
3705,,0,1,0
3706,,0,1,0
3707,,0,1,0
3708,,0,1,0
3709,,0,1,0
3710,,0,1,0
3711,,0,1,0
3712,,0,1,0
3713,,0,1,0
3714,4.7,0,1,0
3715,12.3,0,1,0
3716,0.9,1,0,0
3717,1.6,0,2,0
3718,10.9,0,2,0
3719,10.1,0,1,0
3720,13.5,0,0,1
3721,41.0,1,0,0
3722,,0,1,0
3723,,0,1,0
3724,1.0,0,1,0
3725,,1,0,0
3726,,0,1,0
3727,,0,1,0
3728,,0,1,0
3729,,0,1,0
3730,,0,1,0
3731,,1,0,0
3732,,0,1,0
3733,4.65,0,4,0
3734,4.7,0,1,0
3735,,0,1,0
3736,,0,1,0
3737,6.9,0,1,0
3738,5.2,0,3,0
3739,,0,1,0
3740,,0,1,0
3741,,0,1,0
3742,,0,1,0
3743,,0,1,0
3744,,0,1,0
3745,2.2,0,2,0
3746,2.3,1,0,0
3747,,0,1,0
3748,,0,1,0
3749,10.1,1,1,0
3750,,0,1,0
3751,,0,1,0
3752,,0,1,0
3753,,0,1,0
3754,,0,1,0
3755,,0,1,0
3756,,0,1,0
3757,,0,1,0
3758,,1,0,0
3759,,0,1,0
3760,22.6,1,2,0
3761,23.0,0,1,0
3762,11.2,0,6,0
3763,22.6,0,1,0
3764,22.6,1,0,0
3765,16.0,0,0,1
3766,7.5,0,1,0
3767,22.3,0,1,0
3768,15.5,0,2,0
3769,0.7,0,0,1
3770,1.5,0,2,0
3771,21.7,0,1,0
3772,22.5,0,1,0
3773,0.8,0,1,0
3774,10.28,1,1,0
3775,13.8,0,1,0
3776,31.0,0,1,0
3777,10.2,0,1,0
3778,14.7,0,1,0
3779,31.5,0,1,0
3780,4.5,0,1,0
3781,7.0,1,0,0
3782,0.0,0,1,0
3783,8.0,1,0,0
3784,226.0,0,1,0
3785,217.0,0,1,0
3786,222.2,0,2,0
3787,221.0,0,1,0
3788,216.0,0,4,0
3789,8.7,0,1,0
3790,218.15,0,1,0
3791,223.5,0,1,0
3792,222.2,0,1,0
3793,224.5,0,1,0
3794,221.0,0,4,0
3795,224.7,0,0,1
3796,507.85,0,3,0
3797,222.3,0,1,0
3798,223.55,0,3,0
3799,7.9,0,1,0
3800,15.0,0,1,0
3801,4.1,0,2,0
3802,8.2,0,1,0
3803,16.0,0,2,0
3804,7.0,0,2,0
3805,,0,1,0
3806,1.3,0,1,0
3807,0.0,0,2,0
3808,0.1,0,1,0
3809,0.3,0,1,0
3810,2.8,0,1,0
3811,2.0,0,1,0
3812,,0,1,0
3813,1.1,1,0,0
3814,6.2,0,1,0
3815,6.9,0,1,0
3816,6.0,0,1,0
3817,,0,1,0
3818,,0,1,0
3819,,0,1,0
3820,,0,1,0
3821,0.1,0,1,0
3822,2.8,0,1,0
3823,2.8,0,1,0
3824,0.1,1,0,0
3825,,0,1,0
3826,6.95,0,2,0
3827,1.7,0,1,0
3828,6.0,0,1,0
3829,6.0,0,1,0
3830,2.6,0,1,0
3831,,0,2,0
3832,1.2,0,1,0
3833,1.75,1,0,1
3834,,0,1,0
3835,,0,1,0
3836,8.6,1,1,0
3837,3.25,1,0,0
3838,1.1,0,2,0
3839,3.8,1,2,0
3840,8.4,0,1,0
3841,,0,1,0
3842,4.0,0,1,0
3843,0.0,0,1,0
3844,0.0,0,1,0
3845,0.0,0,1,0
3846,5.95,0,1,0
3847,5.95,0,1,0
3848,805.3,0,1,0
3849,2.7,1,0,0
3850,,0,2,0
3851,3.1,0,3,0
3852,,0,3,0
3853,804.0,0,1,0
3854,433.55,0,2,0
3855,435.4,0,3,0
3856,,0,1,0
3857,,0,1,0
3858,,1,0,0
3859,431.0,0,1,0
3860,12.5,0,1,0
3861,213.0,0,1,0
3862,12.0,0,1,1
3863,14.5,0,1,0
3864,0.0,0,1,0
3865,213.5,1,0,0
3866,214.9,0,1,0
3867,12.9,0,1,0
3868,210.9,0,2,0
3869,215.2,0,2,0
3870,211.75,1,0,0
3871,1.5,1,0,0
3872,13.0,0,1,0
3873,,1,0,0
3874,,0,1,0
3875,,0,1,0
3876,,0,1,0
3877,,0,1,0
3878,,0,1,0
3879,,1,0,0
3880,,0,1,0
3881,,0,1,0
3882,,1,0,0
3883,,0,1,0
3884,,0,1,0
3885,216.2,0,3,0
3886,3.0,0,1,0
3887,19.5,0,1,0
3888,215.5,0,1,0
3889,43.5,0,1,0
3890,44.0,0,1,0
3891,46.8,0,1,0
3892,46.9,1,0,0
3893,46.9,0,1,0
3894,45.0,0,3,0
3895,44.95,0,2,0
3896,47.2,0,1,0
3897,,0,1,0
3898,,0,1,0
3899,43.3,0,1,0
3900,,0,1,0
3901,44.9,0,1,0
3902,44.3,0,1,0
3903,43.2,0,2,0
3904,199.2,0,2,0
3905,168.99,0,1,0
3906,0.2,0,4,0
3907,0.2,0,2,0
3908,1.7,0,3,1
3909,196.1,0,1,0
3910,610.3,0,1,0
3911,196.1,0,2,0
3912,,0,1,0
3913,,0,1,0
3914,,0,1,0
3915,7.8,0,1,0
3916,5.5,0,1,0
3917,,0,1,0
3918,3.5,0,2,0
3919,0.0,0,1,0
3920,,0,1,0
3921,4.8,0,1,0
3922,2.1,2,1,0
3923,21.6,0,1,0
3924,4.15,1,0,0
3925,,0,1,0
3926,0.3,0,1,0
3927,,0,2,0
3928,1.6,0,1,0
3929,,0,1,0
3930,,0,1,0
3931,,0,1,0
3932,,0,2,0
3933,,0,1,0
3934,,0,1,0
3935,1.4,0,1,0
3936,688.4,0,1,0
3937,1.85,0,1,0
3938,3.3,0,3,0
3939,1.5,0,2,0
3940,,0,1,0
3941,,0,1,0
3942,,0,1,0
3943,,0,1,0
3944,1.2,0,3,0
3945,,0,1,0
3946,4.9,0,1,0
3947,4.4,0,5,0
3948,545.1,0,1,0
3949,3.0,2,2,1
3950,52.0,0,2,0
3951,3.5,1,0,0
3952,1.3,0,5,0
3953,,0,1,0
3954,546.1,0,2,0
3955,,0,1,0
3956,,0,1,0
3957,,0,1,0
3958,,0,1,0
3959,2.95,0,5,0
3960,,0,1,0
3961,,0,2,0
3962,,0,1,0
3963,4.9,0,3,0
3964,,0,5,0
3965,1.0,0,1,0
3966,3.0,0,2,0
3967,1.8,0,4,0
3968,48.8,0,1,0
3969,,0,1,0
3970,2.0,0,1,0
3971,3.0,0,1,0
3972,,0,1,0
3973,3.5,0,1,0
3974,1.6,0,1,0
3975,52.2,0,4,0
3976,1.5,0,1,0
3977,2.3,0,2,0
3978,,0,1,0
3979,,0,2,0
3980,,0,2,0
3981,,0,1,0
3982,48.75,0,2,0
3983,3.7,0,1,0
3984,5.9,1,0,0
3985,,0,1,0
3986,53.0,0,2,0
3987,4.8,0,3,0
3988,51.5,0,2,0
3989,7.5,0,5,0
3990,8.9,0,1,0
3991,5.7,0,1,0
3992,7.8,0,1,0
3993,760.0,0,1,0
3994,,0,2,0
3995,4.2,0,1,0
3996,3.7,0,1,0
3997,1.0,0,2,0
3998,4.25,0,1,0
3999,,0,1,0
4000,0.2,0,1,0
4001,681.0,0,3,0
4002,1.5,0,1,0
4003,50.8,1,0,0
4004,,0,1,0
4005,17.2,1,0,0
4006,0.0,0,3,0
4007,46.0,0,1,0
4008,8.5,0,1,0
4009,50.1,0,3,0
4010,3.0,0,1,0
4011,,0,1,0
4012,6.3,0,3,0
4013,52.0,0,1,0
4014,5.9,0,1,0
4015,689.6,0,1,0
4016,0.0,0,1,0
4017,,0,1,0
4018,,0,1,0
4019,8.5,0,1,0
4020,1.0,0,10,0
4021,,0,2,0
4022,,0,1,0
4023,50.0,0,2,0
4024,4.65,0,1,0
4025,3.8,0,1,0
4026,4.0,0,1,0
4027,16.8,0,2,0
4028,551.25,0,1,0
4029,51.0,0,1,0
4030,,0,1,0
4031,546.6,0,2,0
4032,50.0,0,1,0
4033,2.8,0,1,0
4034,4.2,0,2,0
4035,49.25,0,3,0
4036,52.0,0,2,0
4037,48.6,0,1,0
4038,50.8,0,1,0
4039,683.15,0,2,0
4040,688.2,0,1,0
4041,4.8,0,1,0
4042,4.2,0,1,0
4043,0.1,0,2,0
4044,3.4,0,4,0
4045,2.8,0,1,0
4046,50.22,0,2,0
4047,682.3,0,1,0
4048,0.0,0,2,0
4049,680.9,0,2,0
4050,48.4,0,1,0
4051,763.0,0,2,0
4052,,0,2,0
4053,548.2,0,3,0
4054,15.0,0,1,0
4055,,0,1,0
4056,1.1,1,0,0
4057,2.0,0,4,0
4058,3.7,0,1,0
4059,1.9,0,1,0
4060,3.0,0,4,0
4061,7.3,0,2,0
4062,1.6,2,0,1
4063,5.8,0,5,0
4064,52.8,0,1,0
4065,0.0,0,1,0
4066,541.95,1,0,0
4067,544.1,0,1,0
4068,44.8,0,2,0
4069,763.0,0,1,0
4070,52.8,0,1,0
4071,5.4,0,5,0
4072,679.4,1,0,0
4073,10.5,0,1,0
4074,2.0,0,2,0
4075,545.0,0,2,0
4076,2.7,0,1,0
4077,2.0,0,1,0
4078,14.1,0,2,0
4079,50.0,0,1,0
4080,542.6,0,2,0
4081,0.8,0,2,0
4082,546.6,0,2,0
4083,688.0,0,1,0
4084,,0,1,0
4085,,0,1,0
4086,690.85,0,3,0
4087,,0,1,0
4088,14.6,0,1,0
4089,,0,1,0
4090,550.0,0,1,0
4091,191.5,0,1,0
4092,196.0,0,1,0
4093,2.9,0,1,0
4094,,0,1,0
4095,,0,2,0
4096,,0,1,0
4097,190.8,0,3,0
4098,612.7,0,1,0
4099,194.0,0,1,0
4100,195.15,1,1,0
4101,,0,2,0
4102,48.0,1,2,0
4103,193.4,0,1,0
4104,4.7,0,1,0
4105,195.7,0,2,0
4106,,0,1,0
4107,3.0,0,1,0
4108,4.0,0,3,0
4109,61.0,0,1,0
4110,61.0,0,1,0
4111,26.2,0,1,0
4112,2.9,0,1,0
4113,10.0,0,2,0
4114,25.0,0,1,0
4115,,0,1,0
4116,,0,1,0
4117,,0,2,0
4118,,0,1,0
4119,,0,1,0
4120,,0,1,0
4121,,0,1,0
4122,,0,2,0
4123,13.0,0,1,0
4124,12.2,1,0,0
4125,,0,3,0
4126,,0,2,0
4127,207.5,0,1,0
4128,206.8,0,2,0
4129,209.5,0,1,0
4130,,0,1,0
4131,,0,1,0
4132,201.65,0,1,0
4133,0.0,0,1,0
4134,5.0,0,1,0
4135,208.5,0,2,0
4136,,0,1,0
4137,,0,1,0
4138,,0,1,0
4139,206.0,0,1,0
4140,0.0,0,1,0
4141,199.5,0,2,0
4142,,0,1,0
4143,209.8,0,1,0
4144,204.95,0,3,0
4145,208.1,0,3,0
4146,202.5,0,1,0
4147,204.5,0,3,0
4148,22.6,0,1,0
4149,21.8,0,4,0
4150,0.0,0,1,0
4151,20.8,0,1,0
4152,36.9,0,2,0
4153,36.9,0,1,0
4154,,0,1,0
4155,0.2,0,2,0
4156,36.9,0,1,0
4157,0.5,0,1,0
4158,,0,1,0
4159,37.3,1,0,0
4160,0.3,0,1,0
4161,36.95,0,1,0
4162,,0,1,0
4163,691.85,0,1,0
4164,,0,2,0
4165,692.23,0,1,0
4166,2.8,0,2,0
4167,0.0,0,1,0
4168,2.2,0,1,0
4169,0.3,0,2,0
4170,692.2,0,1,0
4171,3.2,0,5,0
4172,,0,1,0
4173,1.1,0,1,0
4174,9.1,1,0,0
4175,1.4,1,0,0
4176,743.0,0,2,0
4177,3.9,0,1,0
4178,1.0,0,1,0
4179,0.0,0,1,0
4180,19.7,0,2,0
4181,1.8,0,1,0
4182,15.0,0,1,0
4183,0.0,0,1,0
4184,1.0,0,1,0
4185,1.0,0,1,0
4186,1.8,0,1,0
4187,1.9,0,2,0
4188,15.8,0,3,0
4189,10.9,0,2,0
4190,14.0,0,1,0
4191,3.0,0,2,0
4192,17.2,0,1,0
4193,16.0,0,1,0
4194,74.0,0,1,0
4195,1.0,0,1,0
4196,5.5,1,0,0
4197,73.93,0,3,0
4198,4.2,0,1,0
4199,4.1,0,1,0
4200,,0,1,0
4201,9.8,0,2,0
4202,,0,2,0
4203,114.2,1,0,0
4204,,0,1,0
4205,6.4,0,1,0
4206,,0,4,0
4207,,0,1,0
4208,,0,1,0
4209,116.0,1,0,0
4210,,0,1,0
4211,,0,1,0
4212,,1,1,0
4213,,0,1,0
4214,,0,1,0
4215,,0,1,0
4216,,0,1,0
4217,,0,1,0
4218,,0,1,0
4219,,0,1,0
4220,3.9,0,4,0
4221,,0,4,0
4222,,0,1,0
4223,,0,1,0
4224,,0,2,0
4225,,1,0,0
4226,,0,1,0
4227,117.3,0,2,0
4228,,0,2,0
4229,,0,1,0
4230,,0,1,0
4231,113.7,0,1,0
4232,,1,0,0
4233,,0,1,0
4234,5.9,0,1,0
4235,,0,1,0
4236,,0,2,0
4237,,0,1,0
4238,,0,2,0
4239,,0,1,0
4240,,0,1,0
4241,,0,2,0
4242,8.0,0,4,0
4243,,0,1,0
4244,,0,1,0
4245,,0,1,0
4246,,0,1,0
4247,,1,0,0
4248,,0,1,0
4249,5.0,0,1,0
4250,,0,1,0
4251,,0,1,0
4252,,0,1,0
4253,,0,1,0
4254,,0,1,0
4255,,1,1,0
4256,19.5,0,1,0
4257,9.6,0,4,0
4258,4.5,0,1,0
4259,13.8,1,0,0
4260,5.0,0,2,0
4261,9.8,0,1,0
4262,3.2,0,1,0
4263,10.5,0,1,0
4264,15.0,0,1,0
4265,18.5,0,1,0
4266,0.0,1,0,0
4267,2.8,0,1,0
4268,2.5,0,2,0
4269,19.9,0,3,0
4270,9999.0,0,1,0
4271,83.4,0,2,0
4272,87.9,1,1,0
4273,82.8,0,2,0
4274,91.8,0,1,1
4275,,0,1,0
4276,,0,1,0
4277,90.0,0,1,0
4278,11.8,0,1,0
4279,90.4,0,3,0
4280,,0,1,0
4281,83.0,0,1,0
4282,,0,1,0
4283,90.4,0,2,0
4284,88.1,0,1,0
4285,91.1,0,2,0
4286,11.8,0,1,0
4287,88.1,0,2,0
4288,88.1,0,4,0
4289,92.0,0,2,0
4290,88.6,0,1,0
4291,91.9,0,3,0
4292,1.0,1,0,0
4293,,0,1,0
4294,87.0,0,1,0
4295,81.8,0,1,0
4296,88.1,0,2,0
4297,89.55,0,4,0
4298,0.1,0,1,0
4299,87.3,0,4,0
4300,,0,2,1
4301,,0,1,0
4302,11.25,0,2,0
4303,93.5,0,1,0
4304,10.7,0,5,0
4305,93.0,1,0,1
4306,11.7,0,1,0
4307,,0,3,0
4308,,0,1,0
4309,88.2,0,1,0
4310,,0,1,0
4311,92.2,0,1,0
4312,,0,2,0
4313,0.0,0,1,0
4314,12.0,0,1,0
4315,485.7,0,1,0
4316,0.5,0,2,0
4317,,0,1,0
4318,,0,1,0
4319,2.44,0,1,0
4320,0.0,0,1,0
4321,492.0,0,1,0
4322,0.2,0,1,0
4323,0.4,0,3,0
4324,7.4,0,1,0
4325,489.6,0,2,0
4326,0.1,0,2,0
4327,,0,1,0
4328,671.3,0,1,0
4329,0.8,1,0,0
4330,,0,1,0
4331,,0,1,0
4332,0.3,0,3,0
4333,,0,1,0
4334,,1,0,0
4335,4.0,0,1,0
4336,491.5,0,1,0
4337,0.8,0,1,0
4338,0.0,0,1,0
4339,1.3,0,1,0
4340,,0,1,0
4341,,0,1,0
4342,,0,1,0
4343,,0,1,0
4344,2.95,1,0,0
4345,0.2,0,1,0
4346,,0,1,0
4347,,0,3,0
4348,,0,1,0
4349,,0,1,0
4350,,0,1,0
4351,0.0,0,1,0
4352,485.3,0,4,0
4353,198.6,0,1,0
4354,0.8,1,0,0
4355,196.95,0,1,0
4356,4.1,0,2,0
4357,0.0,0,1,0
4358,1.5,1,0,0
4359,20.4,1,3,0
4360,193.6,0,6,0
4361,20.6,0,1,0
4362,193.0,0,1,0
4363,15.38,0,1,0
4364,195.75,0,4,0
4365,19.4,0,1,0
4366,29.8,0,1,0
4367,6.95,0,2,0
4368,13.0,0,1,0
4369,15.2,0,1,0
4370,4.9,0,1,0
4371,5.5,0,1,0
4372,3.6,0,1,0
4373,2.2,0,1,0
4374,4.6,0,3,0
4375,0.0,1,0,0
4376,1.5,0,1,0
4377,1.0,0,1,0
4378,11.2,0,1,0
4379,7.6,1,0,0
4380,483.4,1,3,0
4381,485.8,0,1,0
4382,6.2,0,1,0
4383,9.5,0,1,0
4384,5.0,0,1,0
4385,8.0,0,1,0
4386,63.9,0,1,0
4387,54.6,0,4,0
4388,63.8,0,2,0
4389,7.9,0,1,0
4390,9.0,0,1,0
4391,52.9,0,2,0
4392,8.1,1,1,0
4393,,1,0,1
4394,52.9,0,1,0
4395,6.0,0,1,0
4396,56.3,0,3,0
4397,7.9,0,1,0
4398,54.0,0,1,0
4399,66.7,1,0,0
4400,4.5,0,1,0
4401,25.0,0,4,0
4402,52.8,0,1,0
4403,54.5,0,2,0
4404,62.0,0,1,0
4405,55.5,0,2,0
4406,57.8,0,2,0
4407,9.7,0,2,0
4408,54.4,0,1,0
4409,9.0,0,1,0
4410,54.6,0,1,0
4411,53.0,0,1,0
4412,52.8,0,1,0
4413,57.7,0,1,0
4414,54.1,0,1,0
4415,54.4,0,2,0
4416,56.2,0,3,0
4417,,0,2,0
4418,,0,1,0
4419,,0,1,0
4420,,0,1,0
4421,,0,1,0
4422,,0,2,0
4423,,0,1,0
4424,54.0,0,5,0
4425,57.5,0,1,0
4426,55.2,0,1,0
4427,6.5,0,1,0
4428,9.0,0,2,0
4429,55.9,0,4,0
4430,4.9,0,1,0
4431,53.0,0,1,0
4432,7.7,0,3,0
4433,57.7,0,1,0
4434,54.3,0,2,0
4435,54.7,0,1,0
4436,,0,1,0
4437,,0,1,0
4438,,0,1,0
4439,,0,1,0
4440,,0,1,0
4441,,0,1,0
4442,4.0,0,1,0
4443,52.7,0,2,0
4444,54.2,0,2,0
4445,56.0,0,2,0
4446,57.5,0,1,0
4447,54.0,0,1,0
4448,5.1,0,2,0
4449,54.5,0,3,0
4450,55.3,0,4,0
4451,758.0,0,2,0
4452,,1,0,0
4453,,0,1,0
4454,,0,1,0
4455,,0,1,0
4456,,0,1,0
4457,,0,1,0
4458,9.0,0,1,0
4459,52.9,1,2,0
4460,,1,0,0
4461,,0,1,0
4462,,0,1,0
4463,,0,1,0
4464,,0,1,0
4465,,0,1,0
4466,,0,2,0
4467,0.0,0,1,0
4468,,0,2,0
4469,,0,1,0
4470,65.8,1,0,0
4471,130.2,0,1,0
4472,0.2,1,0,0
4473,139.15,0,1,0
4474,1.2,0,1,0
4475,2.9,0,1,0
4476,134.8,0,2,0
4477,130.4,0,2,0
4478,130.6,0,3,0
4479,139.5,2,1,0
4480,662.0,0,1,0
4481,1.5,0,1,0
4482,142.0,3,1,1
4483,,0,2,0
4484,118.4,1,1,0
4485,1.4,0,1,0
4486,186.5,0,2,0
4487,54.3,0,1,0
4488,186.6,0,1,0
4489,119.1,0,0,1
4490,,0,1,0
4491,17.0,0,1,0
4492,,1,0,0
4493,48.7,0,1,0
4494,181.9,0,1,0
4495,186.0,0,2,0
4496,171.5,0,1,0
4497,185.3,0,5,0
4498,,0,3,0
4499,,0,1,0
4500,,1,0,0
4501,,0,2,0
4502,1.2,0,1,1
4503,,0,2,0
4504,,0,1,0
4505,188.2,3,1,0
4506,1.5,0,1,0
4507,,0,2,0
4508,,0,2,0
4509,,0,1,0
4510,,1,0,0
4511,173.8,0,1,0
4512,121.75,2,7,0
4513,185.5,0,2,0
4514,190.8,0,1,0
4515,28.1,0,1,0
4516,186.5,0,1,0
4517,,0,2,0
4518,3.3,1,2,0
4519,9999.0,0,2,0
4520,,0,1,0
4521,,0,1,0
4522,,0,3,0
4523,,0,1,0
4524,,0,1,0
4525,,0,1,0
4526,,0,1,0
4527,,0,1,0
4528,,1,0,0
4529,6.4,0,1,0
4530,42.95,0,1,0
4531,,0,1,0
4532,,0,1,0
4533,,0,2,0
4534,,0,1,0
4535,3.5,0,2,1
4536,51.2,0,1,0
4537,,1,0,0
4538,8.8,0,1,0
4539,,0,1,0
4540,,0,1,0
4541,41.4,2,1,0
4542,39.5,0,1,0
4543,39.6,0,1,0
4544,23.0,0,1,0
4545,39.0,0,1,0
4546,3.0,0,1,0
4547,42.8,0,2,0
4548,43.8,0,2,0
4549,771.6,0,2,0
4550,43.0,0,2,0
4551,2.0,0,4,0
4552,774.0,0,1,0
4553,0.0,0,1,0
4554,19.0,0,1,0
4555,43.0,0,1,0
4556,1.0,0,1,0
4557,30.2,0,3,0
4558,0.0,0,1,0
4559,0.35,0,2,0
4560,43.4,0,1,0
4561,4.5,0,1,0
4562,4.7,0,1,0
4563,5.6,0,1,0
4564,6.5,0,1,0
4565,4.5,0,1,0
4566,1.2,0,1,0
4567,,1,0,0
4568,,0,1,0
4569,,0,1,0
4570,,0,1,0
4571,532.65,0,1,0
4572,534.0,3,0,1
4573,2.7,0,7,0
4574,,0,1,0
4575,,0,2,0
99993,,0,2,0
99994,16.0,0,3,0
99995,2.2,0,2,0
99996,6.2,0,1,0
99997,,0,1,0
99998,,1,0,1
99999,,0,0,1
100000,,0,1,0
100001,,0,2,0
100002,,0,1,0
100003,,0,1,0
100004,,0,1,0
100005,,0,3,0
100006,,0,2,0
100007,,0,2,0
100008,,0,1,0
100009,,0,1,0
100010,,0,1,0
100011,,0,1,0
100012,,0,1,0
100013,,0,2,0
100014,,0,1,0
100015,,0,2,0
100016,,0,1,0
100017,,0,2,0
100018,,0,1,0
100019,,0,1,0
100020,0.3,0,1,0
100021,,0,1,0
100022,,0,1,0
100023,,0,1,0
100024,,0,1,0
100025,,0,1,0
100026,,1,0,0
100027,,1,0,0
100028,,0,1,0
100029,,0,2,0
100030,,0,1,0
100031,,0,1,0
100032,,0,1,0
100033,,0,1,0
100034,,0,1,0
100035,,1,0,0
100036,,0,1,0
100037,,0,1,0
100038,,0,1,0
100039,,0,2,0
100040,,0,2,0
100041,,0,1,0
100042,54.0,0,0,1
100043,687.8,0,3,0
100044,5.8,0,3,0
100045,,0,2,0
100046,,0,1,0
100047,,0,4,0
100048,,0,2,0
100049,,0,2,0
100050,,1,0,0
100051,,0,1,0
100052,,0,1,0
100053,,0,1,0
100054,,0,1,0
100055,,0,1,0
100056,,0,1,0
100057,,0,1,0
100058,,0,1,0
100059,,0,2,0
100060,,1,0,0
100061,0.8,0,2,0
100062,,0,1,0
100063,,0,2,0
100064,,0,1,0
100065,,0,1,0
100066,,0,1,0
100067,684.2,1,1,0
100068,,0,1,0
100069,57.35,3,2,0
1734,51.7,0,1,0
1735,0.0,1,0,0
1736,12.5,0,1,0
1737,5.9,0,2,0
1738,,0,2,0
1739,3.8,0,1,0
1740,5.45,0,1,0
1741,4.5,1,0,0
1742,5.6,0,1,0
1743,2.7,0,3,0
1744,6.5,0,1,0
1745,7.6,0,1,0
1746,7.8,0,2,0
1747,14.1,0,2,0
1748,12.85,0,1,0
1749,0.0,0,1,0
1750,,0,4,0
1751,702.35,1,1,0
1752,,0,3,0
1753,,0,1,0
1754,,0,4,0
1755,4.8,0,2,0
1756,537.7,0,2,0
1757,702.0,0,2,0
1758,,0,1,0
1759,,0,1,0
1760,0.0,0,6,0
1761,0.2,1,0,0
1762,2.7,0,1,0
1763,697.4,0,1,0
1764,,0,1,0
1765,,0,1,0
1766,697.4,0,3,0
1767,534.1,0,3,0
1768,41.4,0,2,0
1769,43.3,0,1,0
1770,29.5,0,1,0
1771,18.2,0,1,0
1772,,0,0,1
1773,34.0,0,1,0
1774,,0,1,0
1775,,0,1,0
1776,,0,1,0
1777,790.6,0,2,0
1778,,0,1,0
1779,,0,1,0
1780,449.9,0,2,0
1781,,0,1,0
1782,,0,1,0
1783,448.2,0,1,0
1784,,0,1,0
1785,451.6,0,2,0
1786,2.7,0,1,0
1787,449.0,0,1,0
1788,3.4,0,1,0
1789,,0,3,0
1790,,0,3,0
1791,,0,3,0
1792,,0,1,0
1793,,0,1,0
1794,449.0,0,1,0
1795,,0,1,0
1796,,0,1,0
1797,0.5,0,1,0
1798,5.0,0,1,0
1799,,0,1,0
1800,12.8,0,1,0
1801,,0,1,0
1802,,0,1,0
1803,,0,4,0
1804,,0,1,0
1805,452.75,0,1,0
1806,,1,0,0
1807,,0,1,0
1808,,0,1,0
1809,,0,3,0
1810,,0,1,0
1811,,1,0,0
1812,,0,1,0
1813,1.3,0,3,0
1814,447.0,0,2,0
1815,,2,0,0
1816,,0,1,0
1817,,0,1,0
1818,,0,1,0
1819,,0,3,0
1820,,0,1,0
1821,8.7,0,2,0
1822,452.4,0,1,0
1823,451.0,0,1,0
1824,153.4,1,0,0
1825,,0,1,0
1826,,1,0,0
1827,3.0,1,0,0
1828,153.5,0,1,0
1829,,1,0,0
1830,,0,1,0
1831,,1,0,0
1832,0.2,0,1,0
1833,152.9,0,2,0
1834,,0,1,0
1835,153.3,0,1,0
1836,153.0,0,1,0
1837,3.5,0,1,0
1838,152.2,0,1,0
1839,643.1,0,1,0
1840,,0,1,0
1841,3.0,0,2,0
1842,,0,1,0
1843,,0,1,0
1844,,0,1,0
1845,152.45,0,1,0
1846,,0,2,0
1847,0.2,0,1,0
1848,,0,2,0
1849,,0,1,0
1850,1.2,0,2,0
1851,,1,0,0
1852,,1,0,0
1853,,0,1,0
1854,3.4,0,1,0
1855,,0,1,0
1856,8.5,0,1,0
1857,152.0,0,2,0
1858,,0,2,0
1859,,1,0,0
1860,,0,2,0
1861,153.5,0,1,0
1862,,1,0,0
1863,,0,1,0
1864,,0,1,0
1865,1.5,0,1,0
1866,,0,1,0
1867,,1,0,0
1868,,0,1,0
1869,153.0,0,1,0
1870,152.15,0,0,1
1871,154.6,0,1,0
1872,,1,0,0
1873,,0,1,0
1874,153.7,1,0,0
1875,153.8,0,1,0
1876,,0,1,0
1877,8.9,0,1,0
1878,0.0,0,4,0
1879,3.25,0,0,1
1880,,0,1,0
1881,,0,1,0
1882,,0,1,0
1883,,0,1,0
1884,,0,1,0
1885,3.5,0,1,0
1886,0.1,0,2,0
1887,0.0,0,4,0
1888,7.1,0,1,0
1889,0.0,0,2,0
1890,4.0,0,2,0
1891,3.8,0,1,0
1892,6.5,0,1,0
1893,232.3,0,7,0
1894,18.7,0,1,0
1895,15.7,0,1,0
1896,17.5,0,1,0
1897,0.5,0,4,0
1898,235.7,1,0,0
1899,18.0,0,1,0
1900,15.9,0,1,0
1901,21.0,0,1,0
1902,0.0,0,1,0
1903,18.3,0,5,0
1904,0.0,0,1,0
1905,235.2,0,1,0
1906,3.5,0,1,0
1907,21.5,0,1,0
1908,7.25,1,1,0
1909,4.5,0,1,0
1910,230.5,0,1,0
1911,,1,0,0
1912,,1,0,0
1913,16.2,0,2,0
1914,,1,0,0
1915,,1,0,0
1916,,1,1,0
1917,0.8,0,1,0
1918,4.8,0,1,0
1919,16.0,0,1,0
1920,,1,0,0
1921,231.75,0,1,0
1922,3.55,0,1,0
1923,17.4,0,2,0
1924,,1,0,0
1925,,1,0,0
1926,,1,0,0
1927,,0,1,1
1928,0.0,0,1,0
1929,0.0,0,1,0
1930,6.4,0,1,0
1931,0.2,0,2,0
1932,22.0,0,2,0
1933,0.0,0,1,0
1934,0.0,0,1,0
1935,0.0,1,0,0
1936,5.7,0,3,0
1937,22.2,0,4,1
1938,17.5,0,1,0
1939,0.0,0,2,0
1940,14.4,0,2,0
1941,17.0,0,1,0
1942,16.1,0,2,0
1943,,1,0,0
1944,,1,0,0
1945,,2,0,0
1946,,2,0,0
1947,,1,0,0
1948,,1,0,0
1949,,0,1,0
1950,,1,0,0
1951,,1,0,0
1952,,1,0,0
1953,,1,1,0
1954,,1,0,0
1955,,1,1,0
1956,,1,0,0
1957,,1,1,0
1958,12.0,0,1,0
1959,4.6,0,1,0
1960,,1,0,0
1961,16.8,0,2,0
1962,0.0,0,1,0
1963,1.0,0,1,0
1964,,1,0,0
1965,,1,2,0
1966,,1,0,0
1967,0.5,0,2,0
1968,238.5,0,2,0
1969,18.7,4,2,1
1970,6.6,0,1,0
1971,,1,0,0
1972,,1,0,0
1973,,1,0,0
1974,3.9,0,1,0
1975,16.25,0,1,0
1976,8.1,0,3,0
1977,,1,0,0
1978,2.0,0,1,0
1979,,1,0,0
1980,,1,0,0
1981,7.5,0,1,0
1982,0.0,0,2,0
1983,17.3,0,3,0
1984,489.0,0,2,0
1985,4.7,0,1,0
1986,0.1,0,1,0
1987,3.2,0,1,0
1988,231.65,0,1,0
1989,8.7,0,4,0
1990,0.0,0,2,0
1991,14.0,0,1,0
1992,9.8,0,1,0
1993,235.2,0,3,0
1994,0.0,0,2,0
1995,21.85,0,1,0
1996,0.0,0,1,0
1997,4.65,0,1,0
1998,21.95,0,2,0
1999,4.3,0,1,0
2000,16.0,0,1,0
2001,488.65,0,1,0
2002,0.0,0,1,0
2003,0.0,0,1,0
2004,13.5,0,2,0
2005,17.5,0,4,0
2006,0.1,0,1,0
2007,16.6,0,3,0
2008,15.2,0,1,0
2009,2.4,0,1,0
2010,,1,0,0
2011,,1,0,0
2012,,1,0,0
2013,,1,0,0
2014,,1,0,0
2015,,1,0,0
2016,,1,0,0
2017,10.6,0,1,0
2018,,1,0,0
2019,,1,0,0
2020,236.4,0,3,0
2021,0.4,1,0,0
2022,232.5,1,0,0
2023,2.5,0,1,0
2024,12.5,0,1,0
2025,235.5,0,1,0
2026,15.3,0,1,0
2027,0.5,0,1,0
2028,0.8,0,1,0
2029,10.0,0,1,0
2030,6.5,0,2,0
2031,0.5,0,2,0
2032,,1,0,0
2033,10.3,0,2,0
2034,17.3,0,3,0
2035,1.8,0,1,0
2036,17.0,0,1,0
2037,14.1,0,1,0
2038,,1,1,0
2039,0.0,0,1,0
2040,13.6,0,2,0
2041,0.7,0,1,0
2042,13.7,0,1,0
2043,16.1,0,1,0
2044,227.75,0,1,0
2045,1.2,0,1,0
2046,17.4,0,1,0
2047,16.7,0,1,0
2048,231.2,0,1,0
2049,0.5,0,6,0
2050,742.0,0,1,0
2051,0.5,0,2,0
2052,14.2,1,0,0
2053,6.3,1,0,0
2054,11.8,0,1,0
2055,4.7,2,1,0
2056,10.2,0,1,0
2057,11.35,1,1,1
2058,7.8,0,1,0
2059,7.8,0,1,0
2060,736.95,0,3,0
2061,0.5,0,1,0
2062,14.9,0,1,0
2063,2.0,0,1,0
2064,0.5,1,0,0
2065,14.9,0,1,0
2066,14.2,0,2,0
2067,737.0,0,3,0
2068,737.5,0,1,0
2069,1.5,0,1,0
2070,4.9,0,1,0
2071,14.2,0,3,0
2072,7.5,0,1,0
2073,748.8,0,0,1
2074,2.7,0,3,0
2075,13.0,0,2,0
2076,13.0,0,1,0
2077,1.0,0,1,0
2078,161.0,0,1,0
2079,162.7,0,1,0
2080,,0,1,0
2081,,1,0,0
2082,160.75,1,0,0
2083,155.6,0,1,0
2084,163.35,0,1,0
2085,164.6,0,3,0
2086,634.3,0,1,0
2087,154.65,0,1,0
2088,155.5,0,1,0
2089,20.4,0,1,0
2090,162.4,0,1,0
2091,164.3,0,5,0
2092,154.8,0,1,0
2093,164.1,0,1,0
2094,640.9,0,3,0
2095,638.0,0,5,0
2096,19.0,0,1,0
2097,,0,2,0
2098,155.35,0,2,0
2099,154.5,0,1,0
2100,155.1,0,1,0
2101,,0,1,0
2102,,1,1,0
2103,,0,1,0
2104,,0,1,0
2105,164.1,0,1,0
2106,12.8,1,1,0
2107,0.9,0,1,0
2108,0.0,0,1,0
2109,4.0,0,1,0
2110,11.7,0,1,0
2111,2.8,0,1,0
2112,13.85,0,6,0
2113,6.0,0,2,0
2114,3.5,0,1,0
2115,2.8,0,1,0
2116,11.1,0,2,0
2117,9.6,1,0,0
2118,4.0,0,1,0
2119,,0,1,0
2120,,0,1,0
2121,9.4,0,1,0
2122,,0,1,0
2123,24.6,0,1,0
2124,0.0,0,1,0
2125,31.3,0,2,0
2126,0.0,0,1,0
2127,28.5,0,2,0
2128,2.6,0,2,0
2129,8.0,0,1,0
2130,8.0,0,2,0
2131,4.1,0,3,0
2132,7.5,0,1,0
2133,0.1,0,1,0
2134,0.9,0,1,0
2135,7.5,0,1,0
2136,8.2,0,2,0
2137,7.5,0,1,0
2138,0.7,1,0,0
2139,4.5,0,1,0
2140,1.9,0,1,0
2141,,0,1,0
2142,,0,1,0
2143,,0,1,0
2144,,0,1,0
2145,,1,0,0
2146,,0,1,0
2147,,1,0,0
2148,,0,1,0
2149,,0,1,0
2150,,0,1,0
2151,145.8,0,2,0
2152,,1,0,0
2153,,0,1,0
2154,,0,1,0
2155,,1,0,0
2156,,1,0,0
2157,,1,0,0
2158,,0,1,0
2159,,0,1,0
2160,,0,4,0
2161,,0,1,0
2162,,0,1,0
2163,,0,1,0
2164,,0,1,0
2165,,1,0,0
2166,,0,1,0
2167,,1,0,0
2168,,0,1,0
2169,,0,1,0
2170,0.0,0,1,0
2171,,1,0,0
2172,,0,1,0
2173,,0,1,0
2174,,0,1,0
2175,149.65,0,3,0
2176,,0,1,0
2177,,0,1,0
2178,,1,0,0
2179,,0,1,0
2180,,0,1,0
2181,,1,0,0
2182,,0,1,0
2183,,0,1,0
2184,,0,1,0
2185,,0,1,0
2186,,0,1,0
2187,,0,3,0
2188,,0,1,0
2189,,0,1,0
2190,,0,2,0
2191,646.1,0,2,0
2192,,0,5,0
2193,,1,0,0
2194,,0,1,0
2195,,0,1,0
2196,,0,1,0
2197,48.8,0,1,0
2198,,0,1,0
2199,,0,1,0
2200,,0,4,0
2201,,0,1,0
2202,,0,1,0
2203,,0,1,0
2204,,1,0,0
2205,,0,1,0
2206,,0,1,0
2207,147.3,0,1,0
2208,,0,1,0
2209,,0,1,0
2210,,1,0,0
2211,,0,1,0
2212,674.1,1,0,0
2213,,0,1,0
2214,,0,1,0
2215,,0,3,0
2216,,0,1,0
2217,,1,0,0
2218,,0,1,0
2219,,0,1,0
2220,,0,1,0
2221,,2,0,0
2222,,0,1,0
2223,,0,4,0
2224,,0,1,0
2225,48.6,0,1,0
2226,,0,1,0
2227,,0,1,0
2228,,0,1,0
2229,,0,1,0
2230,,0,1,0
2231,,0,1,0
2232,,0,1,0
2233,151.2,0,3,0
2234,,0,1,0
2235,,0,2,0
2236,,0,1,0
2237,,0,1,0
2238,,0,1,0
2239,,0,1,0
2240,,1,0,0
2241,,0,1,0
2242,,0,1,0
2243,,0,1,0
2244,,0,1,0
2245,,0,1,0
2246,49.0,0,1,0
2247,,0,1,0
2248,,0,1,0
2249,,0,1,0
2250,47.7,0,1,0
2251,,0,2,0
2252,,0,1,0
2253,,0,2,0
2254,,0,1,0
2255,,0,1,0
2256,146.5,0,1,0
2257,,0,3,0
2258,,0,1,0
2259,,0,1,0
2260,,0,1,0
2261,,0,1,0
2262,,0,1,0
2263,,0,1,0
2264,145.8,0,1,0
2265,,0,1,0
2266,,0,1,0
2267,,0,1,0
2268,,0,1,0
2269,,0,1,0
2270,,0,2,0
2271,,0,1,0
2272,,0,1,0
2273,,0,2,0
2274,,0,1,0
2275,,0,1,0
2276,,0,1,0
2277,,0,1,0
2278,0.0,0,3,0
2279,,0,1,0
2280,147.0,0,1,0
2281,,0,1,0
2282,,1,0,0
2283,,1,0,0
2284,,0,1,0
2285,,0,2,0
2286,,0,2,0
2287,,0,2,0
2288,141.9,0,2,0
2289,,0,1,0
2290,,0,1,0
2291,,0,1,0
2292,,0,1,0
2293,,0,1,0
2294,647.0,0,2,0
2295,145.85,0,2,0
2296,,0,1,0
2297,,1,0,0
2298,,0,1,0
2299,,0,1,0
2300,,0,2,0
2301,,0,1,0
2302,,0,1,0
2303,,0,1,0
2304,,0,1,0
2305,,0,1,0
2306,,0,1,0
2307,,0,1,0
2308,147.2,0,1,0
2309,,0,1,0
2310,,0,2,0
2311,,0,1,0
2312,148.0,0,1,0
2313,,0,1,0
2314,,0,1,0
2315,,0,1,0
2316,148.0,0,1,0
2317,,0,1,0
2318,150.4,1,0,0
2319,,0,1,0
2320,150.9,0,1,0
2321,,0,1,0
2322,,0,1,0
2323,,0,2,0
2324,,0,2,0
2325,,0,1,0
2326,,0,1,0
2327,,0,1,0
2328,,1,0,0
2329,,0,1,0
2330,,0,1,0
2331,,0,1,0
2332,,0,1,0
2333,,0,2,0
2334,,0,1,0
2335,,1,0,0
2336,149.2,2,0,0
2337,,0,1,0
2338,,0,2,0
2339,,0,1,0
2340,,0,1,0
2341,,0,1,0
2342,,0,1,0
2343,,0,1,0
2344,,0,2,0
2345,,0,1,0
2346,,0,1,0
2347,,0,2,0
2348,,0,1,0
2349,,0,1,0
2350,,0,1,0
2351,,0,3,0
2352,,0,1,0
2353,,0,1,0
2354,,0,1,0
2355,146.3,0,1,0
2356,146.65,0,1,0
2357,,0,1,0
2358,148.5,0,1,0
2359,,0,2,0
2360,1.0,0,1,0
2361,146.8,0,3,0
2362,,0,1,0
2363,,0,1,0
2364,,0,1,0
2365,,0,1,0
2366,,0,2,0
2367,147.5,0,1,0
2368,,0,1,0
2369,149.8,0,3,0
2370,,0,2,0
2371,,0,1,0
2372,,1,0,0
2373,,0,2,0
2374,,0,2,0
2375,646.4,0,1,0
2376,,1,0,0
2377,,0,3,0
2378,28.6,0,2,0
2379,744.2,0,1,0
2380,11.5,2,0,0
2381,14.0,0,1,0
2382,9.9,0,1,0
2383,745.0,0,1,0
2384,10.2,0,2,0
2385,,0,1,0
2386,37.0,0,1,0
2387,1.3,0,1,0
2388,38.0,0,1,0
2389,20.5,0,1,0
2390,3.4,0,1,0
2391,2.55,0,1,0
2392,626.5,1,0,3
2393,626.2,0,2,0
2394,179.13,0,2,0
2395,171.25,1,0,0
2396,174.0,0,2,0
2397,11.2,0,1,0
2398,180.3,0,1,0
2399,21.5,0,2,0
2400,170.35,1,0,0
2401,629.95,0,1,0
2402,9.9,0,1,0
2403,9.0,0,1,0
2404,171.5,0,3,0
2405,170.75,0,2,0
2406,179.9,0,1,0
2407,1.5,0,1,0
2408,,0,1,0
2409,,0,1,0
2410,,0,1,0
2411,175.9,0,1,0
2412,6.4,0,1,0
2413,,2,0,0
2414,,0,1,0
2415,,0,2,0
2416,8.7,0,1,0
2417,3.3,0,1,0
2418,4.0,0,1,0
2419,3.2,1,0,0
2420,4.0,0,5,0
2421,45.9,0,1,0
2422,44.5,0,1,0
2423,45.5,0,1,0
2424,3.8,0,2,0
2425,0.5,0,2,0
2426,5.5,0,1,0
2427,,0,1,0
2428,166.15,0,1,0
2429,165.95,0,5,0
2430,,0,1,0
2431,168.1,0,1,0
2432,,0,1,0
2433,169.5,0,1,0
2434,,0,1,0
2435,,0,1,0
2436,168.5,0,1,0
2437,53.7,0,2,0
2438,14.8,0,1,0
2439,51.1,0,1,0
2440,0.8,0,3,0
2441,1.5,0,1,0
2442,1.0,0,1,0
2443,,0,1,0
2444,8.0,0,1,0
2445,692.7,0,1,0
2446,1.5,0,1,0
2447,,0,1,0
2448,,0,1,0
2449,,1,0,0
2450,,0,1,0
2451,,1,0,0
2452,,1,1,0
2453,,0,1,0
2454,,0,1,0
2455,,0,1,0
2456,1.0,0,1,0
2457,,0,1,0
2458,,0,1,0
2459,,0,2,0
2460,6.3,0,2,0
2461,8.5,0,2,0
2462,126.2,0,1,0
2463,122.8,0,1,0
2464,127.75,0,1,0
2465,672.0,1,0,0
2466,1.0,0,1,0
2467,5.5,0,1,0
2468,126.45,0,1,0
2469,,0,1,0
2470,677.0,0,1,0
2471,674.5,1,0,0
2472,676.8,1,1,0
2473,,1,0,0
2474,,0,1,0
2475,671.4,0,1,0
2476,,0,1,0
2477,,0,1,0
2478,4.2,0,2,0
2479,678.1,0,2,0
2480,0.9,0,7,0
2481,128.0,0,0,1
2482,2.8,0,1,0
2483,671.5,2,1,0
2484,128.5,0,2,0
2485,,0,1,0
2486,122.9,0,1,0
2487,0.7,0,2,0
2488,671.95,0,2,0
2489,125.6,0,1,0
2490,18.9,0,7,0
2491,,0,1,0
2492,6.1,0,1,0
2493,4.5,0,3,0
2494,,0,1,0
2495,,0,1,0
2496,,1,2,0
2497,,1,0,0
2498,,0,1,0
2499,,0,1,0
2500,474.8,0,2,0
2501,0.0,0,1,0
2502,469.0,0,0,1
2503,,1,0,0
2504,28.3,0,1,0
2505,1.0,0,1,0
2506,734.5,0,3,0
2507,0.0,0,1,0
2508,1.5,0,1,0
2509,799.0,0,1,0
2510,798.1,0,5,0
2511,3.8,0,1,0
2512,1.2,0,1,0
2513,2.0,0,2,0
2514,440.8,0,1,0
2515,804.0,0,1,0
2516,5.5,0,1,0
2517,5.9,0,1,0
2518,799.5,0,1,0
2519,21.3,0,1,0
2520,0.4,0,2,0
2521,798.0,0,5,0
2522,3.4,0,2,0
2523,17.8,0,1,0
2524,,0,1,0
2525,,0,1,0
2526,4.2,0,1,0
2527,,0,2,0
2528,,0,1,0
2529,541.2,0,0,1
2530,1.0,0,1,0
2531,10.4,0,1,0
2532,,0,1,0
2533,,0,1,0
2534,,0,2,0
2535,,0,1,0
2536,0.4,0,4,0
2537,,0,2,0
2538,,0,1,0
2539,,0,2,0
2540,694.9,0,4,0
2541,,0,1,0
2542,,0,1,0
2543,,0,1,0
2544,707.0,0,1,0
2545,709.5,0,1,0
2546,0.0,0,1,0
2547,1.9,0,1,0
2548,2.0,0,2,0
2549,725.0,0,1,0
2550,526.0,0,1,0
2551,707.6,0,2,0
2552,726.2,0,1,0
2553,712.3,0,1,0
2554,7.5,0,1,0
2555,524.8,0,3,0
2556,725.3,0,1,0
2557,8.0,0,1,0
2558,17.7,1,1,0
2559,15.0,1,0,0
2560,710.7,0,2,0
2561,10.5,0,1,0
2562,527.0,0,2,0
2563,524.8,0,1,0
2564,712.0,0,1,0
2565,711.0,0,1,0
2566,730.0,0,1,0
2567,,0,1,0
2568,712.3,0,1,0
2569,10.2,0,2,0
2570,0.15,0,3,0
2571,731.5,0,2,0
2572,2.5,0,1,0
2573,1.4,1,0,0
2574,1.4,0,2,0
2575,8.0,0,6,0
2576,1.0,0,1,0
2577,0.0,0,2,0
2578,,0,1,0
2579,9.9,0,1,0
2580,706.75,1,1,0
2581,706.2,0,1,0
2582,530.2,0,1,0
2583,8.0,0,1,0
2584,,0,1,0
2585,706.2,0,1,0
2586,530.5,0,1,0
2587,5.0,1,0,0
2588,2.2,1,0,0
2589,1.0,0,2,0
2590,740.0,0,1,0
2591,2.0,0,1,0
2592,17.5,0,1,0
2593,18.5,0,2,0
2594,,1,0,0
2595,,0,1,0
2596,,0,1,0
2597,3.9,0,2,0
2598,2.8,0,2,0
2599,5.9,0,1,0
2600,2.1,0,1,0
2601,186.5,1,0,0
2602,5.5,0,1,0
2603,5.8,0,1,0
2604,,0,1,0
2605,1.2,0,1,0
2606,4.6,0,1,0
2607,9.2,0,1,0
2608,,0,1,0
2609,,0,1,0
2610,3.0,0,1,0
2611,,0,2,0
2612,,0,2,0
2613,11.7,0,1,0
2614,,1,1,0
2615,4.2,0,1,0
2616,,0,1,0
2617,,0,1,0
2618,,0,1,0
2619,,0,1,0
2620,,0,1,0
2621,,1,0,0
2622,7.3,0,1,0
2623,,0,1,0
2624,11.5,0,3,0
2625,,0,1,0
2626,,0,1,0
2627,4.2,0,2,0
2628,3.8,0,2,0
2629,4.2,0,1,0
2630,,0,1,0
2631,,0,1,0
2632,5.1,0,1,0
2633,7.1,0,1,0
2634,0.5,0,2,0
2635,,0,1,0
2636,,1,0,0
2637,,0,1,0
2638,,0,1,0
2639,4.0,0,2,0
2640,4.5,1,1,0
2641,,0,1,0
2642,,0,1,0
2643,,0,1,0
2644,,0,1,0
2645,,0,1,0
2646,,0,1,0
2647,,0,1,0
2648,,0,1,0
2649,3.8,0,1,0
2650,,0,1,0
2651,,0,1,0
2652,1.0,0,2,0
2653,,0,1,0
2654,,0,1,1
2655,,0,1,0
2656,6.7,0,1,0
2657,4.0,0,1,0
2658,,0,1,0
2659,,1,0,0
2660,,0,1,0
2661,5.5,0,1,0
2662,6.9,0,1,0
2663,6.8,0,1,0
2664,,0,1,0
2665,1.1,0,1,0
2666,,0,2,0
2667,2.51,0,1,0
2668,,0,1,0
2669,4.9,0,2,0
2670,,1,0,0
2671,1.0,0,1,0
2672,1.7,0,1,0
2673,15.45,0,1,0
2674,16.7,0,1,0
2675,0.5,0,1,0
2676,,0,1,0
2677,,0,1,0
2678,,0,1,0
2679,8.8,0,2,0
2680,,0,2,0
2681,,0,1,0
2682,518.8,0,1,0
2683,,0,1,0
2684,0.7,0,5,0
2685,,0,1,0
2686,729.5,0,1,0
2687,,0,1,0
2688,,0,1,0
2689,,0,2,0
2690,6.4,0,1,0
2691,,1,0,0
2692,,1,0,0
2693,,0,1,0
2694,,0,3,0
2695,,0,1,0
2696,,0,1,0
2697,,0,1,0
2698,,0,1,0
2699,18.0,0,1,0
2700,,0,1,0
2701,,0,1,0
2702,,0,1,0
2703,,0,1,0
2704,,0,1,0
2705,,0,1,0
2706,,0,1,0
2707,,0,1,0
2708,726.7,0,1,0
2709,,0,1,0
2710,,1,1,0
2711,,0,1,0
2712,,0,1,0
2713,,0,1,0
2714,,0,1,0
2715,,0,1,0
2716,,0,2,0
2717,3.7,0,1,0
2718,523.5,0,1,0
2719,,0,1,0
2720,24.2,0,4,0
2721,,0,1,0
2722,,0,1,0
2723,,1,0,0
2724,,0,2,0
2725,,0,2,0
2726,,0,2,0
2727,2.4,0,2,0
2728,,0,1,0
2729,,0,1,0
2730,,1,0,0
2731,,0,1,0
2732,,0,1,0
2733,,0,1,0
2734,,0,1,0
2735,,0,1,0
2736,,0,4,0
2737,8.0,0,1,0
2738,,0,2,0
2739,,0,3,0
2740,,1,0,0
2741,,0,1,0
2742,,0,2,0
2743,21.5,0,1,0
2744,,1,0,0
2745,,0,1,0
2746,,0,1,0
2747,,0,2,0
2748,,0,1,0
2749,,0,1,0
2750,,0,1,0
2751,,0,2,0
2752,,0,1,0
2753,,0,2,0
2754,,0,1,0
2755,,0,1,0
2756,,0,5,0
2757,,0,1,0
2758,,1,0,0
2759,,0,1,0
2760,,0,1,0
2761,,0,1,0
2762,,0,1,0
2763,11.5,0,1,0
2764,,0,1,0
2765,0.3,0,1,0
2766,,0,3,0
2767,,0,6,0
2768,,0,1,0
2769,,0,2,0
2770,,0,2,0
2771,22.8,0,1,0
2772,,0,1,0
2773,,0,1,0
2774,1.3,0,1,0
2775,,0,1,0
2776,,0,1,0
2777,,0,1,0
2778,,0,1,0
2779,97.4,0,1,0
2780,3.8,0,1,0
2781,,0,1,0
2782,,0,1,0
2783,,0,1,0
2784,,0,1,0
2785,714.9,0,1,0
2786,,0,2,0
2787,,0,1,0
2788,,0,2,0
2789,,0,1,0
2790,,0,1,0
2791,,0,1,0
2792,,0,1,0
2793,512.4,0,2,0
2794,,0,1,0
2795,11.5,0,1,0
2796,,0,1,0
2797,96.5,1,0,0
2798,,0,1,0
2799,27.6,0,2,0
2800,,0,1,0
2801,25.9,0,2,0
2802,,0,1,0
2803,,0,2,0
2804,,0,1,0
2805,,0,1,0
2806,,0,2,0
2807,,0,1,0
2808,,0,1,0
2809,,0,1,0
2810,,0,1,0
2811,513.6,0,2,0
2812,724.5,0,2,0
2813,,0,1,0
2814,,0,1,0
2815,,0,1,0
2816,,0,1,0
2817,0.15,0,1,0
2818,,0,1,0
2819,,1,0,0
2820,,0,1,0
2821,,0,1,0
2822,,0,1,0
2823,,0,2,0
2824,,0,1,0
2825,,0,1,0
2826,,0,1,0
2827,,1,0,0
2828,,1,0,0
2829,0.3,0,1,0
2830,0.0,0,1,0
2831,,0,3,0
2832,,0,1,0
2833,,0,1,0
2834,,0,1,0
2835,2.94,1,0,0
2836,,0,1,0
2837,,0,1,0
2838,726.5,0,1,0
2839,,0,1,0
2840,,0,1,0
2841,,0,1,0
2842,731.9,0,1,0
2843,0.8,0,1,0
2844,,0,1,0
2845,,0,1,0
2846,8.5,0,1,0
2847,,0,1,0
2848,,0,1,0
2849,,0,1,0
2850,,0,1,0
2851,,0,2,0
2852,,0,1,0
2853,,0,2,0
2854,,0,1,0
2855,,0,2,0
2856,,0,1,0
2857,518.7,0,1,0
2858,,0,1,0
2859,,0,1,0
2860,,0,3,0
2861,516.5,0,2,0
2862,517.3,0,2,0
2863,,0,1,0
2864,,0,1,0
2865,9.0,0,1,0
2866,,1,0,0
2867,,0,2,0
2868,,0,1,0
2869,,0,1,0
2870,,0,1,0
2871,,0,3,0
2872,729.3,0,1,0
2873,516.9,1,0,0
2874,,0,1,0
2875,4.1,0,1,0
2876,,0,2,0
2877,,0,1,0
2878,8.7,0,1,0
2879,522.3,0,2,0
2880,,1,2,0
2881,1.2,0,1,0
2882,20.4,0,2,0
2883,,0,1,0
2884,97.0,0,2,0
2885,,0,2,0
2886,5.9,0,1,0
2887,,0,1,0
2888,,0,1,0
2889,,0,1,0
2890,,0,4,0
2891,,0,3,0
2892,,0,1,0
2893,,0,1,0
2894,,0,1,0
2895,,0,1,0
2896,,1,0,0
2897,,0,1,0
2898,,0,1,0
2899,,0,1,0
2900,,0,2,0
2901,,0,2,0
2902,,0,1,0
2903,,0,2,0
2904,92.0,0,1,0
2905,,0,3,0
2906,,0,1,0
2907,0.2,0,1,0
2908,,0,1,0
2909,,0,1,0
2910,,0,1,0
2911,728.7,0,1,0
2912,,0,3,0
2913,713.75,0,2,0
2914,,0,1,0
2915,,0,1,0
2916,,0,1,0
2917,,0,1,0
2918,,0,1,0
2919,713.7,0,1,0
2920,,0,1,0
2921,,0,1,0
2922,,0,3,0
2923,,0,1,0
2924,,0,1,0
2925,,0,1,0
2926,,0,1,0
2927,,0,1,0
2928,508.5,0,1,0
2929,,0,1,0
2930,76.5,0,1,0
2931,10.1,0,0,1
2932,,0,2,0
2933,,0,1,0
2934,,0,3,0
2935,,0,1,0
2936,,0,2,0
2937,,0,2,0
2938,730.5,0,1,0
2939,12.5,0,1,0
2940,2.7,0,2,0
2941,715.0,0,1,0
2942,,0,1,0
2943,,0,2,0
2944,,0,1,0
2945,0.0,0,1,0
2946,,1,0,0
2947,,0,1,0
2948,,0,1,0
2949,,0,1,0
2950,,0,1,0
2951,,0,1,0
2952,,0,1,0
2953,,0,1,0
2954,,0,1,0
2955,,0,1,0
2956,,0,1,0
2957,,0,1,0
2958,,0,1,0
2959,,0,1,0
2960,0.2,0,1,0
2961,,0,1,0
2962,,0,1,0
2963,2.2,1,0,0
2964,,0,1,0
2965,,0,1,0
2966,,0,1,0
2967,,0,2,0
2968,,0,1,0
2969,,0,1,0
2970,,1,1,0
2971,,0,1,0
2972,,0,1,0
2973,,0,1,0
2974,,0,1,0
2975,,0,1,0
2976,,0,1,0
2977,4.3,0,4,0
2978,,0,1,0
2979,,0,1,0
2980,,0,1,0
2981,,0,2,0
2982,,0,1,0
2983,,0,1,0
2984,712.4,0,1,0
2985,517.0,0,1,0
2986,29.4,1,1,0
2987,,0,1,0
2988,,0,1,0
2989,,0,1,0
2990,,1,0,0
2991,,0,1,0
2992,,0,1,0
2993,,0,1,0
2994,,0,1,0
2995,,0,1,0
2996,,0,1,0
2997,,0,1,0
2998,,0,1,0
2999,,0,1,0
3000,,0,2,0
3001,,0,3,0
3002,,0,1,0
3003,,0,1,0
3004,1.0,1,0,0
3005,,0,1,0
3006,,0,1,0
3007,,0,1,0
3008,,0,1,0
3009,,0,1,0
3010,,0,1,0
3011,,0,1,0
3012,,0,1,0
3013,,0,1,0
3014,,0,1,0
3015,,0,1,0
3016,14.2,0,1,0
3017,0.0,0,1,0
3018,94.3,0,1,0
3019,,0,1,0
3020,,0,1,0
3021,,0,1,0
3022,,0,2,0
3023,,0,2,0
3024,,0,1,0
3025,,0,1,0
3026,,0,1,0
3027,1.4,0,1,0
3028,,0,1,0
3029,,1,0,0
3030,,0,1,0
3031,,0,1,0
3032,,0,2,0
3033,,0,2,0
3034,5.5,0,1,0
3035,,0,2,0
3036,,0,1,0
3037,94.0,0,1,0
3038,22.4,0,1,0
3039,,0,1,0
3040,,0,4,0
3041,,0,1,0
3042,,0,1,0
3043,716.0,0,3,0
3044,,0,1,0
3045,,0,1,0
3046,,0,2,0
3047,,0,1,0
3048,26.5,0,1,0
3049,725.0,0,1,0
3050,,0,1,0
3051,14.1,0,1,0
3052,19.6,1,0,0
3053,93.2,0,4,0
3054,,0,1,0
3055,5.0,0,1,0
3056,,0,1,0
3057,,0,1,0
3058,1.5,0,1,0
3059,,0,1,0
3060,,2,0,0
3061,,0,2,0
3062,,0,1,0
3063,,0,2,0
3064,27.2,0,4,0
3065,0.6,0,1,0
3066,,0,2,0
3067,,0,1,0
3068,3.9,0,2,0
3069,,0,1,0
3070,,0,1,0
3071,,0,1,0
3072,1.7,0,2,0
3073,,0,1,0
3074,,0,1,0
3075,,0,1,0
3076,,0,1,0
3077,,0,1,0
3078,,0,1,0
3079,8.1,0,1,0
3080,6.8,0,1,0
3081,,0,1,0
3082,6.6,0,1,0
3083,,0,1,0
3084,2.0,0,1,0
3085,,1,0,0
3086,,0,1,0
3087,,0,2,0
3088,6.6,0,1,0
3089,2.1,0,1,0
3090,,0,2,0
3091,,0,1,0
3092,,0,2,0
3093,2.7,0,1,0
3094,25.0,0,1,0
3095,,0,1,0
3096,2.8,0,2,0
3097,,0,1,0
3098,,0,3,0
3099,,0,3,0
3100,,0,1,0
3101,1.0,0,1,0
3102,1.5,0,1,0
3103,,0,1,0
3104,,0,1,0
3105,,0,1,0
3106,1.0,0,1,0
3107,,0,2,0
3108,,0,1,0
3109,,0,1,0
3110,,0,1,0
3111,,0,1,0
3112,,0,1,0
3113,22.1,0,1,0
3114,,0,1,0
3115,,0,1,0
3116,14.3,0,1,0
3117,7.9,0,2,0
3118,,0,1,0
3119,,0,1,0
3120,0.4,0,1,0
3121,,0,1,0
3122,,0,1,0
3123,6.0,0,1,0
3124,5.6,0,3,0
3125,0.8,0,1,0
3126,,0,1,0
3127,,0,1,0
3128,,0,1,0
3129,,0,1,0
3130,,0,1,0
3131,,0,1,0
3132,2.3,0,1,0
3133,,0,1,0
3134,,0,2,0
3135,,0,1,0
3136,,0,1,0
3137,,0,1,0
3138,,0,1,0
3139,,0,1,0
3140,,0,1,0
3141,,0,1,0
3142,,0,1,0
3143,,0,2,0
3144,,0,1,0
3145,,0,2,0
3146,,0,2,0
3147,,0,2,0
3148,,0,1,0
3149,,1,0,0
3150,514.5,0,1,0
3151,,0,3,0
3152,,0,1,0
3153,,0,1,0
3154,,0,6,0
3155,,0,1,0
3156,515.9,1,0,0
3157,,0,1,0
3158,,0,1,0
3159,27.35,0,1,0
3160,12.4,0,1,0
3161,,0,1,0
3162,,0,1,0
3163,0.65,0,1,0
3164,,0,1,0
3165,,0,2,0
3166,,0,1,0
3167,,0,2,0
3168,,0,1,0
3169,6.2,0,1,0
3170,,0,3,0
3171,,0,1,0
3172,,1,0,0
3173,1.1,0,1,0
3174,,0,1,0
3175,,0,1,0
3176,,0,1,0
3177,,0,2,0
3178,,0,3,0
3179,,0,1,0
3180,,0,1,0
3181,,0,1,0
3182,,0,1,0
3183,,0,1,0
3184,1.1,0,1,0
3185,,0,1,0
3186,,0,1,0
3187,,0,4,0
3188,1.0,0,1,0
3189,,0,2,0
3190,,0,2,0
3191,524.0,0,2,0
3192,,0,1,0
3193,8.4,0,1,0
3194,731.9,0,1,0
3195,,0,1,0
3196,,0,1,0
3197,,0,1,0
3198,,0,1,0
3199,,0,1,0
3200,,0,2,0
3201,,0,1,0
3202,4.5,0,1,0
3203,7.35,0,2,0
3204,,0,1,0
3205,,0,1,0
3206,,0,1,0
3207,,0,1,0
3208,2.1,0,1,0
3209,,0,1,0
3210,,0,2,0
3211,,0,1,0
3212,,0,3,0
3213,,0,1,0
3214,,0,1,0
3215,,1,0,0
3216,,0,1,0
3217,,0,2,0
3218,,0,1,0
3219,,0,3,0
3220,,0,1,0
3221,,0,1,0
3222,,0,2,0
3223,14.3,0,1,0
3224,,0,1,0
3225,,0,1,0
3226,,0,3,0
3227,,0,1,0
3228,,0,1,0
3229,713.8,0,1,0
3230,0.25,0,2,0
3231,,0,1,0
3232,,0,1,0
3233,2.3,0,1,0
3234,,0,1,0
3235,,0,1,0
3236,730.75,0,1,0
3237,,0,1,0
3238,,0,2,0
3239,,0,2,0
3240,7.4,0,1,0
3241,,0,1,0
3242,,0,1,0
3243,,0,1,0
3244,,0,2,0
3245,3.6,1,0,0
3246,,0,2,0
3247,,0,1,0
3248,6.7,0,1,0
3249,722.5,0,1,0
3250,,0,1,0
3251,,0,1,0
3252,,0,1,0
3253,,0,1,0
3254,,0,1,0
3255,95.6,1,0,0
3256,,0,1,0
3257,,0,1,0
3258,,0,1,0
3259,,0,1,0
3260,1.1,0,1,0
3261,,0,1,0
3262,,0,3,0
3263,2.25,0,1,0
3264,3.2,0,1,0
3265,,0,1,0
3266,,0,1,0
3267,,0,1,0
3268,,0,2,0
3269,,0,1,0
3270,,0,1,0
3271,,0,1,0
3272,,0,1,0
3273,,0,1,0
3274,,0,1,0
3275,,0,1,0
3276,,0,1,0
3277,,0,1,0
3278,,0,2,0
3279,,0,1,0
3280,,0,1,0
3281,,0,1,0
3282,8.0,0,1,0
3283,5.68,0,1,0
3284,,0,1,0
3285,,0,1,0
3286,,0,1,0
3287,,0,2,0
3288,731.1,0,1,0
3289,,0,1,0
3290,8.6,1,0,0
3291,,0,1,0
3292,,0,1,0
3293,,0,1,0
3294,,0,1,0
3295,,0,1,0
3296,,0,1,0
3297,,0,1,0
3298,1.2,2,2,0
3299,,0,1,0
3300,,0,1,0
3301,,0,1,0
3302,14.5,0,1,0
3303,,0,1,0
3304,,0,1,0
3305,,0,1,0
3306,,0,2,0
3307,,0,1,0
3308,,0,1,0
3309,,0,1,0
3310,,0,1,0
3311,97.8,0,1,0
3312,,0,1,0
3313,,0,1,0
3314,,0,1,0
3315,,0,1,0
3316,,0,1,0
3317,,0,1,0
3318,,0,1,0
3319,726.0,1,0,0
3320,18.95,0,1,0
3321,,0,1,0
3322,,0,1,0
3323,,0,3,0
3324,,0,1,0
3325,10.6,0,3,0
3326,,0,1,0
3327,,0,1,0
3328,,0,1,0
3329,,0,2,0
3330,,0,1,0
3331,,0,1,0
3332,,0,1,0
3333,,0,2,0
3334,724.2,0,1,0
3335,,0,1,0
3336,715.0,0,1,0
3337,,0,1,0
3338,8.0,0,1,0
3339,,0,1,0
3340,,0,1,0
3341,,0,1,0
3342,,0,1,0
3343,,0,1,0
3344,,0,1,0
3345,,0,1,0
3346,,0,1,0
3347,12.5,0,3,0
3348,,0,1,0
3349,,0,2,0
3350,,0,2,0
3351,,0,2,0
3352,,0,1,0
3353,7.0,0,1,0
3354,1.0,0,3,0
3355,,0,1,0
3356,,0,1,0
3357,,0,1,0
3358,,0,1,0
3359,14.2,0,1,0
3360,,0,1,0
3361,728.7,0,2,0
3362,722.5,0,2,0
3363,3.1,0,1,0
3364,,0,1,0
3365,,0,1,0
3366,4.8,0,1,0
3367,8.5,0,1,0
3368,,0,1,0
3369,5.7,0,1,0
3370,,0,1,0
3371,,0,2,0
3372,,0,1,0
3373,,0,1,0
3374,,0,2,0
3375,,0,1,0
3376,,0,1,0
3377,,0,1,0
3378,,0,1,0
3379,,0,1,0
3380,6.1,1,0,0
3381,,0,1,0
3382,,0,1,0
3383,,0,1,0
3384,,0,1,0
3385,715.0,0,4,0
3386,,0,1,0
3387,,0,1,0
3388,,0,1,0
3389,,0,1,0
3390,729.0,0,1,0
3391,,1,0,0
3392,,0,3,0
3393,,0,2,0
3394,,0,1,0
3395,,0,1,0
3396,,0,2,0
3397,,0,1,0
3398,,0,1,0
3399,,0,1,0
3400,1.4,0,2,0
3401,4.3,0,1,0
3402,0.7,0,2,0
3403,,0,1,0
3404,,0,2,0
3405,,0,1,0
3406,27.0,0,1,0
3407,517.2,0,4,0
3408,,0,2,0
3409,,0,1,0
3410,,0,1,0
3411,17.0,0,1,0
3412,,0,2,0
3413,,0,2,0
3414,4.3,0,1,0
3415,522.9,0,1,0
3416,95.3,0,2,0
3417,,0,1,0
3418,,0,2,0
3419,,0,1,0
3420,,0,1,0
3421,,0,1,0
3422,,1,0,0
3423,,0,1,0
3424,,0,1,0
3425,,0,2,0
3426,,0,1,0
3427,,0,1,0
3428,,0,1,0
3429,,0,1,0
3430,0.5,0,1,0
3431,,0,1,0
3432,,0,1,0
3433,716.0,0,3,0
3434,,0,1,0
3435,,0,1,0
3436,,0,3,0
3437,,0,1,0
3438,2.2,0,1,0
3439,,0,1,0
3440,6.0,0,1,0
3441,726.2,0,1,0
3442,,0,1,0
3443,,0,1,0
3444,,0,1,0
3445,,0,2,0
3446,9.7,1,1,0
3447,0.0,0,1,0
3448,,0,2,0
3449,,0,1,0
3450,,0,1,0
3451,516.8,3,2,0
3452,93.8,0,3,0
3453,1.5,0,1,0
3454,,0,2,0
3455,14.3,0,1,0
3456,,0,1,0
3457,3.0,0,2,0
3458,,0,1,0
3459,521.9,0,1,0
3460,,0,1,0
3461,,0,1,0
3462,,0,1,0
3463,,0,1,0
3464,,0,1,0
3465,,0,1,0
3466,,0,1,0
3467,1.1,0,1,0
3468,,0,2,0
3469,,0,2,0
3470,1.5,0,1,0
3471,,0,2,0
3472,,0,1,0
3473,,0,2,0
3474,,0,1,0
3475,,0,1,0
3476,,1,0,0
3477,,0,2,0
3478,,0,1,0
3479,207.7,0,2,0
3480,,0,1,0
3481,,0,2,0
3482,,0,1,0
3483,,0,1,0
3484,,0,1,0
3485,,0,1,0
3486,,0,2,0
3487,,0,1,0
3488,,0,1,0
3489,,1,0,0
3490,,0,2,0
3491,,0,1,0
3492,,0,1,0
3493,,0,1,0
3494,,0,2,0
3495,,0,1,0
3496,,0,1,0
3497,,0,1,0
3498,0.6,1,2,0
3499,,0,1,0
3500,,0,1,0
3501,200.8,0,1,0
3502,,0,2,0
3503,,0,1,0
3504,,0,1,0
3505,0.92,1,0,0
3506,,0,1,0
3507,,0,1,0
3508,,0,1,0
3509,,0,2,0
3510,,0,1,0
3511,,0,1,0
3512,,0,1,0
3513,,0,1,0
3514,,0,1,0
3515,,0,1,0
3516,,0,1,0
3517,,0,1,0
3518,,0,3,0
3519,,0,1,0
3520,,1,0,0
3521,,0,1,0
3522,207.4,0,1,0
3523,,1,0,0
3524,,0,1,0
3525,,1,0,0
3526,,0,1,0
3527,,1,0,0
3528,,0,1,0
3529,,0,1,0
3530,,0,1,0
3531,,0,1,0
3532,,1,1,0
3533,,0,1,0
3534,,0,1,0
3535,,0,2,0
3536,,0,5,0
3537,,0,2,0
3538,,0,1,0
3539,,0,1,0
3540,206.3,0,1,0
3541,,0,1,0
3542,,0,2,0
3543,,0,1,0
3544,,0,1,0
3545,,1,0,0
3546,,0,1,0
3547,,0,1,0
3548,,0,1,0
3549,,0,1,0
3550,,0,1,0
3551,,0,1,0
3552,,0,1,0
3553,,0,1,0
3554,,0,1,0
3555,,0,2,0
3556,,0,1,0
3557,3.0,0,1,0
3558,144.2,0,2,0
3559,5.0,0,1,0
3560,3.2,0,1,0
3561,1.7,0,1,0
3562,,0,1,0
3563,,0,1,0
3564,5.95,0,2,0
3565,,0,1,0
3566,,0,1,0
3567,,0,1,0
3568,4.95,0,1,0
3569,,0,2,0
3570,,0,1,0
3571,,0,1,0
3572,,0,1,0
3573,144.2,0,1,0
3574,,0,1,0
3575,,0,2,0
3576,143.5,0,1,0
3577,13.3,1,0,0
3578,144.2,0,4,0
3579,144.2,0,3,0
3580,1.0,0,1,0
3581,2.0,0,1,0
3582,618.1,0,1,0
3583,190.9,1,0,0
3584,190.1,0,5,0
3585,186.1,0,1,0
3586,0.5,0,3,0
3587,538.8,0,1,0
3588,542.8,0,1,0
3589,12.0,0,1,0
3590,,0,1,0
3591,70.2,0,1,0
3592,,0,2,0
3593,,0,1,0
3594,69.5,0,1,0
3595,,0,1,0
3596,66.8,0,1,0
3597,,0,1,0
3598,,0,1,0
3599,69.55,0,1,0
3600,4.5,0,1,0
3601,,0,1,0
3602,,0,1,0
3603,,0,1,0
3604,,0,1,0
3605,,0,1,0
3606,,1,0,0
3607,5.1,0,4,0
3608,73.4,0,1,0
3609,70.65,0,3,0
3610,6.5,0,1,0
3611,,0,1,0
3612,67.8,0,1,0
3613,71.0,1,0,0
3614,,0,1,0
3615,21.2,0,1,0
3616,72.8,0,1,0
3617,,0,2,0
3618,,0,1,0
3619,67.8,0,0,1
3620,1.3,1,1,0
3621,75.0,0,1,0
3622,,0,1,0
3623,,0,2,0
3624,,0,1,0
3625,69.8,0,1,0
3626,67.2,0,1,0
3627,74.5,0,4,0
3628,72.8,0,1,0
3629,2.6,0,3,0
3630,5.3,0,1,0
3631,5.3,0,1,0
3632,5.0,0,1,0
3633,9.8,1,1,0
3634,17.4,0,2,0
3635,16.6,0,1,0
3636,0.0,0,1,0
3637,,0,2,0
3638,,0,2,0
3639,6.1,0,1,0
3640,8.95,0,1,0
3641,2.26,0,0,1
3642,456.3,0,1,0
3643,459.4,0,1,0
3644,461.35,0,4,0
3645,3.4,0,1,0
3646,464.3,0,1,0
3647,,0,1,0
3648,12.2,1,1,0
3649,11.5,0,1,0
3650,13.0,0,1,0
3651,1.8,0,1,0
3652,10.25,0,2,0
3653,12.2,0,1,0
3654,1.2,0,1,0
3655,10.5,0,1,0
3656,,1,0,0
3657,3.9,0,2,0
3658,1.7,0,1,0
3659,,0,1,0
3660,,0,1,0
3661,7.1,0,2,0
3662,,0,0,1
3663,,0,1,0
3664,,0,1,0
3665,,0,1,0
3666,,0,1,0
3667,,0,1,0
3668,,0,1,0
3669,,0,1,0
3670,,0,1,0
3671,,0,1,0
3672,9.5,0,1,0
3673,5.4,1,1,0
3674,3.8,0,1,0
3675,2.5,1,0,0
3676,10.7,0,1,0
3677,,0,1,0
3678,11.4,0,1,0
3679,,0,1,0
3680,,0,1,0
3681,,0,1,0
3682,9.9,0,1,0
3683,5.3,0,1,0
3684,0.5,0,2,0
3685,9.9,0,2,0
3686,2.95,4,0,0
3687,20.8,1,0,0
3688,13.3,1,0,0
3689,5.0,0,1,0
3690,14.0,0,2,0
3691,9.6,0,2,0
3692,12.5,0,1,0
3693,14.2,1,2,0
3694,6.4,0,1,0
3695,4.5,0,1,0
3696,,0,1,0
3697,,0,1,0
3698,23.3,0,1,0
3699,15.3,0,1,0
3700,25.0,0,1,0
3701,13.9,0,2,0
3702,22.7,0,1,0
3703,22.5,0,2,0
3704,,0,1,0
3705,,0,1,0
3706,11.9,0,0,2
3707,8.8,0,1,0
3708,,0,2,0
3709,,0,1,0
3710,20.4,0,1,0
3711,3.5,0,2,0
3712,5.5,0,1,0
3713,4.8,1,0,0
3714,225.9,1,0,0
3715,216.4,0,1,0
3716,216.6,0,1,0
3717,216.7,0,1,0
3718,9.7,0,1,0
3719,3.8,0,1,0
3720,220.5,0,1,0
3721,226.4,0,1,0
3722,221.9,0,2,0
3723,506.8,0,1,0
3724,220.6,0,3,0
3725,705.7,0,1,0
3726,217.0,0,3,0
3727,226.4,0,1,0
3728,217.6,0,10,0
3729,217.0,0,2,1
3730,223.1,0,0,1
3731,223.55,0,1,0
3732,3.7,0,1,0
3733,219.3,0,2,0
3734,221.2,0,2,0
3735,221.2,0,4,0
3736,216.8,0,3,0
3737,216.9,0,5,0
3738,222.8,0,3,0
3739,8.1,0,1,0
3740,219.2,0,5,0
3741,222.5,0,1,0
3742,222.7,0,2,0
3743,15.25,1,0,0
3744,3.4,0,1,0
3745,,0,2,0
3746,4.5,0,2,0
3747,14.85,0,1,0
3748,4.0,0,1,0
3749,6.0,0,1,0
3750,11.7,0,1,0
3751,9.7,0,2,0
3752,16.6,0,1,0
3753,3.2,0,1,0
3754,1.9,1,0,0
3755,8.6,0,0,1
3756,1.1,0,1,0
3757,5.9,0,1,0
3758,3.5,0,1,0
3759,0.0,0,1,0
3760,6.0,0,1,0
3761,0.3,0,1,0
3762,4.6,0,1,0
3763,0.4,0,1,0
3764,,0,1,0
3765,,0,1,0
3766,,0,1,0
3767,,0,1,0
3768,2.2,0,2,0
3769,,0,1,0
3770,678.2,0,1,0
3771,1.5,0,1,0
3772,1.7,2,4,0
3773,0.1,0,2,0
3774,,0,1,0
3775,0.0,0,1,0
3776,,0,1,0
3777,,0,1,0
3778,,3,0,0
3779,6.0,0,1,0
3780,0.3,0,1,0
3781,,0,2,0
3782,,0,1,0
3783,,0,1,0
3784,,0,1,0
3785,1.5,0,2,0
3786,6.0,0,1,0
3787,0.8,1,0,0
3788,2.1,0,1,0
3789,7.5,0,2,0
3790,,0,1,0
3791,,0,1,0
3792,8.5,0,1,0
3793,680.1,1,1,0
3794,,0,1,0
3795,,0,1,0
3796,,0,1,0
3797,,0,1,0
3798,5.95,0,1,0
3799,,1,0,0
3800,0.9,0,0,1
3801,,0,1,0
3802,,0,1,0
3803,,0,1,0
3804,,0,0,1
3805,,0,2,0
3806,,0,2,0
3807,6.0,0,1,0
3808,,0,1,0
3809,,0,1,0
3810,1.8,1,0,0
3811,2.0,0,1,0
3812,7.1,0,1,0
3813,803.0,0,1,0
3814,804.9,0,1,0
3815,804.0,0,1,0
3816,432.0,0,1,0
3817,805.2,0,1,0
3818,805.0,0,2,0
3819,5.45,1,0,0
3820,457.4,0,1,0
3821,,0,1,0
3822,,0,1,0
3823,3.8,0,1,0
3824,4.9,1,0,0
3825,3.8,0,1,0
3826,212.0,0,1,0
3827,215.7,0,3,0
3828,14.2,0,1,0
3829,14.3,0,1,0
3830,215.3,0,3,0
3831,,0,1,0
3832,213.1,0,1,0
3833,13.0,0,1,0
3834,14.55,0,1,0
3835,209.9,0,1,0
3836,0.2,0,1,0
3837,211.0,0,2,0
3838,209.0,0,4,0
3839,213.3,0,1,0
3840,19.6,0,1,0
3841,,0,1,0
3842,,0,1,0
3843,,0,1,0
3844,,0,1,0
3845,,0,1,0
3846,,0,1,0
3847,,0,1,0
3848,,0,1,0
3849,,0,1,0
3850,,0,1,0
3851,,0,1,0
3852,,0,1,0
3853,,0,1,0
3854,,0,1,0
3855,,0,2,0
3856,3.7,0,1,0
3857,2.0,0,1,0
3858,4.0,1,0,0
3859,,0,1,0
3860,217.6,2,0,0
3861,,0,1,0
3862,,0,1,0
3863,,0,1,0
3864,1.8,0,1,0
3865,215.8,0,1,0
3866,14.5,0,2,0
3867,6.2,2,0,0
3868,44.4,0,1,0
3869,44.4,0,1,0
3870,47.0,0,1,0
3871,45.5,0,1,0
3872,46.7,0,1,0
3873,,0,1,0
3874,46.0,0,1,0
3875,46.4,0,1,0
3876,4.6,0,1,0
3877,45.5,0,1,0
3878,5.5,0,1,0
3879,4.7,0,1,0
3880,4.2,0,1,0
3881,44.0,0,1,0
3882,46.3,0,1,0
3883,5.3,0,2,0
3884,,0,1,0
3885,,0,1,0
3886,,1,0,0
3887,,0,1,0
3888,,0,1,0
3889,,0,1,0
3890,,0,1,0
3891,43.4,0,1,0
3892,3.9,0,1,0
3893,46.5,0,1,0
3894,8.8,0,1,0
3895,196.35,1,0,0
3896,0.3,0,1,0
3897,1.2,1,0,1
3898,7.0,0,1,0
3899,,0,1,0
3900,3.4,0,0,1
3901,,0,2,0
3902,4.5,0,0,1
3903,,0,2,0
3904,,0,1,0
3905,8.3,0,1,0
3906,,0,1,0
3907,21.5,0,1,0
3908,0.4,1,0,0
3909,21.8,0,1,0
3910,9.1,0,1,0
3911,13.2,0,1,0
3912,5.5,1,0,0
3913,0.5,1,0,0
3914,2.2,0,2,0
3915,5.6,0,1,0
3916,6.9,0,1,0
3917,,0,2,0
3918,1.3,0,2,0
3919,5.0,0,2,0
3920,5.0,0,3,0
3921,4.5,2,4,0
3922,2.0,0,1,0
3923,1.0,0,3,0
3924,4.5,0,1,0
3925,690.3,0,2,0
3926,5.6,0,1,0
3927,0.1,0,1,0
3928,0.1,0,1,0
3929,3.4,0,2,0
3930,,1,0,0
3931,3.4,0,2,0
3932,1.4,0,1,0
3933,,0,1,0
3934,,0,1,0
3935,7.4,0,2,0
3936,50.1,0,2,0
3937,,0,1,0
3938,1.2,0,1,0
3939,4.2,0,2,0
3940,687.25,0,1,0
3941,0.8,0,1,0
3942,47.2,0,1,0
3943,50.1,0,2,0
3944,7.2,0,1,0
3945,7.5,0,2,0
3946,546.6,0,1,0
3947,5.0,0,1,0
3948,7.6,0,2,0
3949,48.8,0,1,0
3950,44.9,0,1,0
3951,687.65,0,1,0
3952,680.3,0,1,0
3953,52.9,0,1,0
3954,5.6,0,1,0
3955,5.6,0,1,0
3956,4.1,0,4,0
3957,48.8,0,1,0
3958,46.0,0,2,0
3959,546.0,0,5,0
3960,4.3,1,0,0
3961,686.0,0,2,0
3962,0.1,0,1,0
3963,46.75,0,1,0
3964,50.3,0,1,0
3965,52.9,0,5,0
3966,48.0,0,1,0
3967,2.0,1,0,0
3968,51.5,0,1,0
3969,8.4,0,1,0
3970,0.5,0,1,0
3971,679.65,0,3,1
3972,760.0,0,1,0
3973,50.0,0,2,0
3974,44.9,0,1,0
3975,3.7,0,2,0
3976,1.2,1,0,0
3977,13.2,0,1,0
3978,6.6,0,2,0
3979,687.2,1,3,0
3980,1.4,0,2,0
3981,44.9,0,1,0
3982,1.7,0,2,0
3983,5.5,0,4,0
3984,0.5,0,1,0
3985,,0,3,0
3986,4.1,0,5,0
3987,50.0,0,4,0
3988,50.0,0,3,0
3989,680.35,0,1,0
3990,685.5,0,1,0
3991,,0,2,0
3992,,0,1,0
3993,,0,1,0
3994,,0,1,0
3995,,0,1,0
3996,48.0,1,0,0
3997,2.6,0,3,0
3998,0.25,0,1,0
3999,3.87,0,2,0
4000,,0,2,0
4001,48.8,0,1,0
4002,51.5,0,3,0
4003,0.2,0,1,0
4004,48.0,0,0,1
4005,684.85,0,2,0
4006,,0,1,0
4007,,0,1,0
4008,,0,5,0
4009,,0,1,0
4010,,0,1,0
4011,27.0,0,1,0
4012,0.5,0,1,0
4013,,0,2,0
4014,683.0,0,1,0
4015,4.5,0,3,0
4016,2.0,0,1,0
4017,,0,0,1
4018,0.3,2,2,0
4019,0.2,0,1,0
4020,,0,1,0
4021,,0,1,0
4022,,0,1,0
4023,,0,2,0
4024,,0,2,0
4025,,0,1,0
4026,,0,1,0
4027,,0,2,0
4028,2.6,2,3,0
4029,,0,1,0
4030,1.5,0,1,0
4031,,0,1,0
4032,,0,2,0
4033,,0,1,0
4034,,0,1,0
4035,688.4,0,1,0
4036,3.2,0,1,0
4037,20.5,0,1,1
4038,0.3,0,1,0
4039,5.0,0,2,0
4040,2.2,0,1,0
4041,682.7,0,5,0
4042,545.0,0,1,0
4043,0.4,2,0,0
4044,0.7,0,1,0
4045,6.4,0,2,0
4046,3.0,0,1,0
4047,1.6,0,2,0
4048,0.45,0,3,0
4049,2.3,0,1,0
4050,50.0,0,2,0
4051,547.6,1,0,0
4052,2.2,0,1,0
4053,3.2,0,1,0
4054,7.6,0,6,0
4055,688.0,0,1,0
4056,26.5,0,1,0
4057,7.7,0,1,0
4058,45.5,0,2,0
4059,45.0,0,1,0
4060,194.7,0,1,0
4061,614.2,0,3,0
4062,191.2,0,1,0
4063,6.1,0,1,0
4064,1.5,0,1,0
4065,195.7,1,0,1
4066,,0,1,0
4067,48.5,0,1,0
4068,,0,1,0
4069,1.2,0,1,0
4070,61.8,0,2,0
4071,59.7,0,1,0
4072,2.9,0,1,0
4073,12.1,0,1,0
4074,2.1,0,0,1
4075,4.9,0,1,0
4076,6.0,0,2,0
4077,59.8,0,1,0
4078,6.1,0,1,0
4079,64.4,0,2,0
4080,0.5,0,1,0
4081,,0,2,0
4082,205.0,0,2,0
4083,203.3,0,3,0
4084,203.2,0,0,1
4085,207.8,0,2,0
4086,1.5,0,2,0
4087,,0,2,0
4088,208.8,0,1,0
4089,,0,2,0
4090,,0,1,0
4091,,0,1,0
4092,,0,3,0
4093,,0,1,0
4094,,0,1,0
4095,198.8,0,4,1
4096,,0,1,0
4097,208.0,0,1,0
4098,0.0,0,1,0
4099,25.3,0,1,0
4100,23.2,0,2,0
4101,22.2,0,2,0
4102,0.9,0,1,0
4103,22.6,0,1,0
4104,22.3,0,2,0
4105,20.3,0,1,0
4106,0.6,0,1,0
4107,,0,1,0
4108,,0,1,0
4109,,0,0,1
4110,2.0,0,1,0
4111,1.0,0,0,1
4112,53.8,0,1,0
4113,54.4,1,0,0
4114,,0,1,0
4115,56.0,0,1,0
4116,0.1,0,1,0
4117,0.2,0,3,0
4118,2.5,0,2,0
4119,691.8,0,1,0
4120,692.0,0,1,0
4121,27.5,0,1,0
4122,1.3,0,1,0
4123,26.0,0,1,0
4124,4.0,0,1,0
4125,1.5,0,1,0
4126,1.1,0,1,0
4127,1.0,0,1,0
4128,1.0,0,1,0
4129,,0,1,0
4130,,1,0,0
4131,19.5,0,1,0
4132,1.0,0,1,0
4133,1.0,0,1,0
4134,745.0,0,1,0
4135,1.6,0,1,0
4136,15.8,0,1,0
4137,19.4,1,0,0
4138,7.5,0,1,0
4139,14.5,0,1,0
4140,7.0,0,1,0
4141,7.0,0,1,0
4142,7.1,0,1,0
4143,14.6,0,1,0
4144,6.0,0,1,0
4145,74.8,0,1,0
4146,6.2,0,1,0
4147,6.7,0,1,0
4148,74.4,0,1,0
4149,,0,2,0
4150,,0,1,0
4151,,0,2,0
4152,,0,1,0
4153,,0,1,0
4154,,0,1,0
4155,7.3,0,1,0
4156,,0,1,0
4157,8.4,0,1,0
4158,117.3,1,0,0
4159,10.9,0,2,0
4160,1.0,0,2,0
4161,16.0,0,1,0
4162,13.1,0,1,0
4163,15.6,1,0,0
4164,3.0,0,1,0
4165,15.5,0,1,0
4166,9.0,0,1,0
4167,10.9,0,1,0
4168,0.0,0,1,0
4169,18.0,0,1,0
4170,10.6,0,1,0
4171,19.9,0,2,0
4172,,1,1,0
4173,80.0,1,1,0
4174,11.0,2,0,0
4175,87.6,1,1,0
4176,89.1,0,0,1
4177,80.9,1,1,0
4178,89.7,0,1,0
4179,11.8,0,4,0
4180,84.5,1,0,0
4181,91.5,0,1,0
4182,88.2,0,1,0
4183,,0,1,0
4184,88.1,0,2,0
4185,,0,1,0
4186,11.8,0,1,0
4187,90.8,0,4,0
4188,0.0,0,1,0
4189,88.1,0,2,0
4190,11.7,0,1,0
4191,,0,1,0
4192,,0,1,0
4193,88.32,0,2,0
4194,,0,1,0
4195,11.5,0,1,0
4196,9.2,0,1,0
4197,,0,1,0
4198,86.3,0,5,0
4199,,0,1,0
4200,88.6,0,3,0
4201,88.0,0,1,0
4202,90.4,0,3,0
4203,94.0,0,4,0
4204,,0,1,0
4205,,0,1,0
4206,,0,1,0
4207,,0,1,0
4208,,0,1,0
4209,,0,1,0
4210,,0,1,0
4211,,0,1,0
4212,,0,1,0
4213,,0,1,0
4214,,0,1,0
4215,,0,1,0
4216,,0,2,0
4217,,0,1,0
4218,83.95,1,0,0
4219,85.4,0,1,0
4220,86.63,0,0,1
4221,90.6,0,1,0
4222,88.0,0,2,0
4223,,0,1,0
4224,,0,1,0
4225,,0,1,0
4226,,0,1,0
4227,9.9,0,1,0
4228,,0,1,0
4229,,0,1,0
4230,,0,1,0
4231,,0,1,0
4232,87.4,0,4,0
4233,92.3,0,1,0
4234,91.4,0,1,0
4235,,0,1,0
4236,,0,1,0
4237,,0,1,0
4238,,0,1,0
4239,9.9,0,1,0
4240,0.1,0,1,0
4241,,0,1,0
4242,94.3,0,3,1
4243,,0,1,0
4244,,0,1,0
4245,,0,1,0
4246,,0,1,0
4247,,0,2,0
4248,,0,1,0
4249,,0,1,0
4250,,0,1,0
4251,80.7,0,3,0
4252,92.3,0,1,0
4253,,0,1,0
4254,,0,2,0
4255,,0,2,0
4256,82.5,5,0,1
4257,0.0,0,1,0
4258,,0,1,0
4259,,0,2,0
4260,,1,0,0
4261,9.0,0,1,0
4262,,1,0,0
4263,0.0,0,1,0
4264,3.5,0,1,0
4265,0.0,0,1,0
4266,,0,1,0
4267,2.1,0,1,0
4268,0.0,0,4,0
4269,,0,1,0
4270,,0,1,0
4271,,0,0,1
4272,,0,1,0
4273,0.0,0,3,0
4274,2.44,0,1,0
4275,,0,1,0
4276,3.0,1,0,0
4277,,0,1,0
4278,,0,1,0
4279,,0,1,0
4280,488.0,0,2,0
4281,1.33,0,1,0
4282,0.0,0,1,0
4283,3.4,0,1,0
4284,2.8,0,2,0
4285,5.5,0,1,0
4286,0.0,0,1,0
4287,0.8,0,1,0
4288,,0,1,0
4289,,0,1,0
4290,,0,1,0
4291,,0,1,0
4292,,0,1,0
4293,,0,1,0
4294,,0,1,0
4295,2.9,0,1,0
4296,,0,1,0
4297,,0,1,0
4298,12.7,0,2,0
4299,,0,1,0
4300,,0,2,0
4301,,0,1,0
4302,,0,1,0
4303,,0,1,0
4304,,0,1,0
4305,,1,0,0
4306,,0,1,0
4307,,0,1,0
4308,,0,1,0
4309,,0,1,0
4310,0.5,0,1,0
4311,,0,2,0
4312,,0,1,0
4313,,1,0,0
4314,0.5,0,1,0
4315,0.6,0,3,0
4316,0.0,0,1,0
4317,,0,2,0
4318,491.0,0,2,0
4319,4.5,0,1,0
4320,,0,1,0
4321,0.5,0,2,0
4322,0.0,0,1,0
4323,0.0,0,1,0
4324,,0,1,0
4325,,0,1,0
4326,,0,2,0
4327,0.0,0,2,0
4328,195.5,0,1,0
4329,3.5,0,1,0
4330,,0,1,0
4331,,0,1,0
4332,,0,1,0
4333,,0,2,0
4334,,0,2,0
4335,0.1,0,1,0
4336,195.5,0,5,0
4337,0.5,0,2,0
4338,197.0,0,1,0
4339,0.3,0,2,0
4340,15.3,0,1,0
4341,620.0,0,0,1
4342,33.7,0,1,0
4343,43.9,0,1,0
4344,2.3,0,1,0
4345,1.5,0,1,0
4346,9.4,0,1,0
4347,2.5,0,2,0
4348,2.7,0,1,0
4349,1.8,0,1,0
4350,1.4,0,1,0
4351,4.9,0,1,0
4352,2.1,2,0,0
4353,12.0,0,1,0
4354,13.3,0,1,0
4355,7.4,0,2,0
4356,483.7,0,2,0
4357,480.5,0,2,0
4358,12.0,0,1,0
4359,477.4,0,1,0
4360,11.2,0,1,0
4361,479.9,1,0,0
4362,482.1,0,1,0
4363,12.2,0,1,0
4364,15.8,0,1,0
4365,55.9,0,1,0
4366,8.5,0,3,0
4367,64.7,0,1,0
4368,5.5,0,1,0
4369,6.7,1,0,0
4370,4.8,0,1,0
4371,56.0,0,1,0
4372,58.6,0,1,0
4373,58.0,0,1,0
4374,53.0,0,1,0
4375,9.0,0,1,0
4376,57.0,0,1,0
4377,4.8,0,1,0
4378,54.5,0,2,0
4379,58.55,1,0,0
4380,22.5,0,1,0
4381,20.5,1,1,0
4382,54.4,0,2,0
4383,6.5,0,1,0
4384,57.8,0,2,0
4385,57.6,0,2,0
4386,63.5,0,1,0
4387,726.54,0,4,0
4388,56.2,0,2,0
4389,9.7,1,0,0
4390,23.1,0,0,1
4391,56.1,0,3,0
4392,,1,0,0
4393,23.1,0,5,0
4394,,1,0,0
4395,758.2,1,3,0
4396,53.0,0,3,0
4397,9.0,0,1,0
4398,56.0,0,1,0
4399,,0,3,0
4400,,1,0,0
4401,,1,0,0
4402,,1,0,0
4403,,1,0,0
4404,54.7,0,2,0
4405,,1,1,0
4406,,1,0,0
4407,,1,0,0
4408,,1,0,0
4409,,1,0,0
4410,,1,0,0
4411,,1,1,0
4412,55.7,0,1,0
4413,4.5,0,2,0
4414,54.6,0,4,0
4415,,0,0,1
4416,57.9,0,1,0
4417,56.75,1,0,0
4418,53.4,0,4,0
4419,54.1,0,1,0
4420,64.85,0,1,0
4421,56.4,0,2,0
4422,58.0,0,2,0
4423,61.2,0,3,0
4424,63.0,0,2,0
4425,54.5,0,4,0
4426,8.2,0,1,0
4427,12.4,0,1,0
4428,9.0,0,1,0
4429,6.5,0,2,0
4430,54.6,0,1,0
4431,53.0,0,1,0
4432,54.0,0,2,0
4433,56.3,0,5,0
4434,54.4,0,1,0
4435,55.0,0,1,0
4436,52.8,0,2,0
4437,,0,2,0
4438,,0,1,0
4439,,0,2,0
4440,,0,1,0
4441,,0,1,0
4442,,0,2,0
4443,,0,1,0
4444,,0,1,0
4445,,0,1,0
4446,,0,1,0
4447,,0,1,0
4448,,0,1,0
4449,,0,1,0
4450,,0,3,0
4451,,0,1,0
4452,,0,2,0
4453,,0,1,0
4454,,0,1,0
4455,9.1,0,2,0
4456,24.0,0,2,0
4457,6.5,0,2,0
4458,56.2,0,2,0
4459,55.7,0,1,0
4460,4.8,0,1,0
4461,6.5,0,2,0
4462,4.6,0,1,0
4463,,0,1,0
4464,,0,1,0
4465,,0,1,0
4466,,0,2,0
4467,,0,1,0
4468,55.4,0,1,0
4469,,0,1,0
4470,,0,1,0
4471,,0,1,0
4472,,0,3,0
4473,,0,2,0
4474,,0,1,0
4475,,0,1,0
4476,,0,1,0
4477,,0,1,0
4478,,0,1,0
4479,,0,1,0
4480,,0,1,0
4481,,0,2,0
4482,,0,1,0
4483,,0,1,0
4484,,0,1,0
4485,,0,3,0
4486,,0,1,0
4487,,0,1,0
4488,,0,1,0
4489,,0,1,0
4490,,0,1,0
4491,,0,1,0
4492,,0,1,0
4493,,0,1,0
4494,,0,1,0
4495,,0,1,0
4496,,0,2,0
4497,,1,1,0
4498,,1,0,0
4499,,1,0,0
4500,,1,0,0
4501,3.5,1,0,0
4502,9.3,0,1,0
4503,15.0,0,1,0
4504,5.1,0,1,0
4505,46.3,0,1,0
4506,,1,0,0
4507,201.6,0,1,0
4508,,0,1,0
4509,,0,2,0
4510,204.0,0,1,0
4511,,0,1,0
4512,132.0,0,2,0
4513,,0,2,0
4514,,0,1,0
4515,,0,1,0
4516,,0,1,0
4517,,0,1,0
4518,,0,1,0
4519,,1,1,0
4520,,0,1,0
4521,,0,1,0
4522,,0,1,0
4523,,0,1,0
4524,,1,0,0
4525,,0,1,0
4526,,0,1,0
4527,1.4,1,2,0
4528,1.5,0,1,0
4529,,0,1,0
4530,1.7,0,1,0
4531,0.8,0,1,0
4532,,0,1,0
4533,,0,1,0
4534,665.4,0,2,0
4535,,0,1,0
4536,,0,1,0
4537,,0,1,0
4538,,0,1,0
4539,,0,1,0
4540,,0,1,0
4541,,0,1,0
4542,,0,1,0
4543,,0,2,0
4544,,2,0,0
4545,,0,0,1
4546,,0,2,0
4547,,0,1,0
4548,,0,1,0
4549,,0,1,0
4550,3.7,0,1,0
4551,,0,1,0
4552,,0,1,0
4553,,0,1,0
4554,,0,1,0
4555,,0,1,0
4556,,0,1,0
4557,,0,1,0
4558,138.5,0,1,0
4559,,0,1,0
4560,,1,0,0
4561,,0,1,0
4562,,1,0,0
4563,,0,1,0
4564,,0,2,0
4565,,0,1,0
4566,3.5,0,7,0
4567,,0,1,0
4568,,0,1,0
4569,2.0,0,4,0
4570,135.5,0,1,0
4571,131.5,0,1,0
4572,3.6,0,1,0
4573,662.5,0,1,0
4574,138.35,0,1,0
4575,,0,1,0
4576,118.7,0,3,0
4577,187.9,0,1,0
4578,176.2,1,0,0
4579,,0,1,0
4580,4.2,0,1,0
4581,47.5,0,1,0
4582,186.85,0,1,0
4583,,0,1,0
4584,185.3,0,2,0
4585,,0,1,0
4586,,0,1,0
4587,,0,1,0
4588,,0,1,0
4589,186.1,1,0,0
4590,188.9,0,1,0
4591,181.6,0,2,0
4592,,0,2,0
4593,186.4,0,1,0
4594,52.9,0,1,0
4595,42.1,0,1,0
4596,,1,1,0
4597,49.5,0,0,1
4598,39.5,0,1,0
4599,,0,1,0
4600,2.6,0,1,0
4601,3.0,0,0,1
4602,11.5,0,1,0
4603,2.0,0,1,0
4604,180.0,1,0,0
4605,44.6,0,1,0
4606,182.6,0,1,0
4607,169.45,0,1,0
4608,0.8,0,1,0
4609,,0,1,0
4610,38.3,0,1,0
4611,,1,0,0
4612,174.1,0,1,0
4613,,0,1,0
4614,,1,0,0
4615,,0,1,0
4616,3.1,0,1,0
4617,50.5,0,1,0
4618,,0,1,0
4619,169.25,0,1,0
4620,81.4,0,1,0
4621,186.9,0,1,0
4622,182.5,0,2,0
4623,189.6,1,0,0
4624,185.6,0,3,0
4625,,0,1,0
4626,,1,0,0
4627,,0,1,0
4628,167.3,0,1,0
4629,,1,0,0
4630,26.7,0,1,0
4631,28.25,0,1,0
4632,0.8,0,1,0
4633,772.5,0,1,0
4634,0.8,0,4,0
4635,773.4,0,1,0
4636,40.0,1,0,0
4637,771.0,0,1,0
4638,38.9,0,1,0
4639,39.4,0,1,0
4640,771.85,0,2,0
4641,772.0,0,1,0
4642,773.4,0,3,0
4643,771.7,0,2,0
4644,27.0,0,1,0
4645,773.7,0,1,0
4646,771.0,1,1,0
4647,44.3,0,2,0
4648,41.0,0,1,0
4649,4.8,0,1,0
4650,3.8,0,2,0
4651,1.5,0,1,0
4652,3.8,0,1,0
4653,0.8,0,2,0
4654,7.8,1,0,0
4655,0.8,0,1,0
4656,3.7,0,1,0
4657,4.4,0,1,0
4658,1.4,0,1,0
4659,537.0,0,1,0
4660,535.0,0,2,0
4661,0.0,0,1,0
4662,2.9,1,1,0
4663,0.4,0,3,0
4664,1.5,1,1,0
4665,,0,2,0
4666,,0,1,0
4667,,0,1,0
4668,,0,2,0
99944,,0,1,0
99945,,1,0,0
99946,,0,1,0
99947,,0,1,0
99948,,0,1,0
99949,,1,0,0
99950,,1,0,0
99951,,0,1,0
99952,,1,0,0
99953,,1,0,0
99954,,0,1,0
99955,,0,0,1
99956,0.7,0,3,0
99957,125.5,0,1,0
99958,,0,2,0
99959,,0,1,0
99960,,0,1,0
99961,,0,1,0
99962,,0,1,0
99963,,0,1,0
99964,,0,1,0
99965,7.5,0,1,0
99966,,0,2,0
99967,0.8,0,1,0
99968,,0,1,0
99969,5.3,0,2,0
99970,,0,1,0
99971,,0,1,0
99972,,0,1,0
99973,,0,1,0
99974,,0,2,0
99975,,0,1,0
99976,,0,2,0
99977,,0,1,0
99978,,2,0,0
99979,,0,2,0
99980,,1,1,0
99981,,0,2,0
99982,,0,2,0
99983,,0,3,0
99984,,0,3,0
99985,2.2,0,1,0
99986,,0,1,0
99987,,0,1,0
99988,,0,1,0
99989,,0,1,0
99990,,0,1,0
99991,,0,1,0
99992,,0,1,0
99993,,0,1,0
99994,8.4,0,1,0
99995,8.5,0,5,0
99996,,0,1,0
99997,,0,1,0
99998,,0,2,0
99999,684.1,0,1,0
100000,,1,0,0
100001,,0,2,0
100002,,0,1,0
100003,,0,1,0
100004,,0,0,1
100005,1.4,1,0,0
100006,547.2,0,1,0
100007,,1,0,0
100008,,0,0,1
100009,,0,1,0
100010,,0,1,0
100011,18.1,0,1,0
100012,90.8,0,1,0
100013,,0,1,0
100014,,0,1,0
100015,,0,1,0
100016,,0,1,0
100017,31.1,0,1,0
100018,,1,0,0
100019,,0,1,0
100020,,2,0,0
100021,,1,0,0
100022,,1,0,0
100023,,1,0,0
100024,,1,0,0
100025,,1,0,0
100026,,1,0,0
100027,,0,3,0
100028,,0,1,0
100029,,0,1,0
1709,49.8,0,1,0
1710,1.2,1,0,0
1711,5.8,0,0,1
1712,6.7,0,1,0
1713,10.2,0,1,0
1714,3.7,0,1,0
1715,3.8,0,1,0
1716,10.3,0,3,0
1717,,0,1,0
1718,8.5,0,2,0
1719,,0,1,0
1720,,0,1,0
1721,,0,1,0
1722,10.5,0,1,0
1723,9.5,0,2,0
1724,11.5,0,1,0
1725,13.7,0,2,0
1726,697.5,0,1,0
1727,,0,1,0
1728,535.4,0,3,0
1729,13.2,0,1,0
1730,,0,1,0
1731,696.9,0,1,0
1732,,0,1,0
1733,697.4,0,1,0
1734,701.8,0,1,0
1735,,0,1,0
1736,,0,2,0
1737,,0,2,0
1738,,0,1,0
1739,13.4,0,2,0
1740,,0,1,0
1741,,1,0,0
1742,,0,2,0
1743,532.3,0,1,0
1744,700.9,0,1,0
1745,,0,2,0
1746,534.0,0,3,0
1747,,0,1,0
1748,1.0,0,2,0
1749,1.0,1,0,1
1750,,0,1,0
1751,,0,1,0
1752,10.3,0,1,0
1753,,0,1,0
1754,698.45,0,4,0
1755,41.7,1,3,0
1756,43.5,0,1,0
1757,41.9,0,1,0
1758,44.0,0,1,0
1759,2.8,0,1,0
1760,29.1,0,1,0
1761,25.7,0,1,0
1762,453.7,0,2,0
1763,8.0,0,1,0
1764,,0,0,1
1765,9.5,0,1,0
1766,792.0,0,1,0
1767,5.0,1,0,0
1768,449.0,0,1,0
1769,445.0,0,2,0
1770,,0,1,0
1771,1.7,0,1,0
1772,451.3,0,2,0
1773,447.3,0,2,0
1774,3.1,0,1,0
1775,,0,1,0
1776,,0,2,0
1777,,0,1,0
1778,,0,1,0
1779,,0,1,0
1780,,0,1,0
1781,1.3,1,0,0
1782,,1,0,0
1783,456.0,1,0,0
1784,147.3,1,1,0
1785,,0,2,0
1786,,0,1,0
1787,,1,0,0
1788,,0,1,0
1789,,0,1,0
1790,,0,1,0
1791,792.2,0,1,0
1792,,0,1,0
1793,,0,1,0
1794,,0,1,0
1795,3.8,0,2,0
1796,,0,1,0
1797,,1,0,0
1798,,0,1,0
1799,,0,1,0
1800,,0,1,0
1801,,0,1,0
1802,1.3,0,1,0
1803,2.1,0,1,0
1804,0.8,0,1,0
1805,0.8,1,0,0
1806,153.4,0,1,0
1807,153.8,0,1,0
1808,,0,1,0
1809,,1,1,0
1810,,1,0,0
1811,,1,0,0
1812,,0,1,0
1813,,2,0,0
1814,151.5,0,1,0
1815,152.6,0,1,0
1816,153.4,0,2,0
1817,645.2,0,1,0
1818,1.5,0,2,0
1819,152.8,0,1,0
1820,152.5,0,3,0
1821,,0,1,0
1822,,0,1,0
1823,,0,1,0
1824,,0,1,0
1825,,0,1,0
1826,153.4,0,2,0
1827,,0,1,0
1828,,0,1,0
1829,,0,1,0
1830,153.4,0,1,0
1831,,0,1,0
1832,,0,1,0
1833,,0,1,0
1834,,0,1,0
1835,153.7,0,3,0
1836,153.0,0,1,0
1837,153.0,0,3,0
1838,,0,1,0
1839,,0,1,0
1840,,0,3,0
1841,,0,1,0
1842,153.7,0,1,0
1843,,0,1,0
1844,1.85,0,0,1
1845,,1,0,0
1846,,0,1,0
1847,,1,0,0
1848,153.6,0,2,0
1849,,0,1,0
1850,2.0,0,2,0
1851,,0,1,0
1852,,0,1,0
1853,,0,1,0
1854,,0,1,0
1855,153.7,0,1,0
1856,152.7,0,1,0
1857,,0,1,0
1858,,1,0,0
1859,154.6,0,1,0
1860,154.2,0,1,0
1861,1.3,0,1,0
1862,153.6,0,1,0
1863,152.7,0,1,0
1864,,1,0,0
1865,153.25,0,1,0
1866,2.17,1,0,0
1867,745.8,0,2,0
1868,0.0,0,1,0
1869,0.0,0,3,0
1870,8.9,1,5,0
1871,234.8,0,1,0
1872,5.19,0,1,0
1873,,0,0,1
1874,,1,0,0
1875,19.2,0,2,0
1876,,0,0,1
1877,238.8,0,2,0
1878,234.65,0,1,0
1879,15.2,0,2,0
1880,0.0,0,1,0
1881,,1,0,0
1882,,1,1,0
1883,,1,0,0
1884,,1,0,0
1885,230.0,0,1,0
1886,18.6,0,1,0
1887,14.7,0,1,0
1888,21.3,0,1,0
1889,14.5,0,1,0
1890,16.6,0,2,0
1891,13.0,0,1,0
1892,6.7,0,1,0
1893,5.6,0,1,1
1894,15.6,0,4,0
1895,9.15,0,1,0
1896,0.2,0,1,0
1897,0.5,0,1,0
1898,229.6,0,1,0
1899,0.0,0,1,0
1900,6.5,0,1,0
1901,18.7,0,1,0
1902,0.0,0,2,0
1903,0.4,0,2,0
1904,9.0,0,2,0
1905,11.8,0,1,0
1906,3.5,0,1,0
1907,235.6,0,3,0
1908,,2,0,0
1909,,1,0,0
1910,,1,0,0
1911,,1,0,0
1912,2.1,0,2,0
1913,,1,0,0
1914,,1,0,0
1915,,1,0,0
1916,,1,0,0
1917,,1,0,0
1918,,1,0,0
1919,,1,0,0
1920,,1,0,0
1921,,1,0,0
1922,,1,0,0
1923,0.0,0,2,0
1924,17.5,0,1,0
1925,,1,0,0
1926,0.8,0,1,0
1927,0.2,0,1,0
1928,230.6,0,1,0
1929,13.0,0,1,0
1930,16.8,0,1,0
1931,21.9,0,1,0
1932,13.0,0,2,0
1933,,2,1,0
1934,,1,0,0
1935,,0,3,0
1936,,1,0,0
1937,,1,0,0
1938,17.9,0,1,0
1939,0.0,0,2,0
1940,3.0,0,1,0
1941,10.5,0,1,0
1942,238.4,0,2,0
1943,234.2,0,1,0
1944,731.2,0,1,0
1945,9.3,0,1,0
1946,21.4,0,1,0
1947,234.7,0,1,0
1948,,1,0,0
1949,,1,0,0
1950,,1,0,0
1951,,1,0,0
1952,,0,0,1
1953,21.5,0,1,0
1954,,1,0,0
1955,1.9,0,1,0
1956,0.0,0,1,0
1957,0.35,0,2,0
1958,4.5,0,3,0
1959,9.5,0,1,0
1960,0.0,0,3,0
1961,8.5,0,2,0
1962,18.8,0,1,0
1963,6.0,0,1,1
1964,6.4,0,6,0
1965,21.3,0,2,0
1966,1.6,0,2,0
1967,0.4,0,2,0
1968,0.0,0,2,0
1969,4.0,0,2,0
1970,4.0,0,1,0
1971,239.0,0,1,0
1972,9.7,0,2,0
1973,,0,1,0
1974,0.0,0,1,0
1975,,0,1,0
1976,,0,1,0
1977,,0,1,0
1978,,0,1,0
1979,,0,1,0
1980,0.95,0,7,0
1981,0.8,0,1,0
1982,232.5,0,2,0
1983,0.1,0,1,0
1984,0.0,0,1,0
1985,,0,0,1
1986,13.0,0,1,0
1987,,0,0,1
1988,22.3,0,2,0
1989,,2,0,0
1990,,1,0,0
1991,,1,0,0
1992,,1,0,0
1993,,1,0,0
1994,,1,0,0
1995,,1,0,0
1996,,1,0,0
1997,,1,0,0
1998,,1,0,0
1999,,1,1,0
2000,,1,1,0
2001,,2,3,0
2002,,1,0,0
2003,,1,0,0
2004,,1,0,0
2005,,1,0,0
2006,,1,0,0
2007,,1,0,0
2008,,1,0,0
2009,,0,1,0
2010,235.2,0,1,0
2011,,0,0,1
2012,,1,0,0
2013,,1,0,0
2014,0.2,0,2,0
2015,9.0,0,1,0
2016,17.2,0,1,0
2017,15.9,0,1,0
2018,0.4,0,1,0
2019,3.3,0,2,0
2020,0.5,0,3,0
2021,7.8,0,2,0
2022,5.2,0,1,0
2023,,0,3,0
2024,0.0,1,0,0
2025,235.7,0,1,0
2026,16.15,0,4,0
2027,0.0,0,2,0
2028,0.1,0,1,0
2029,17.3,0,2,0
2030,0.0,0,1,0
2031,,0,1,0
2032,234.2,0,1,0
2033,,0,1,0
2034,12.2,0,5,0
2035,14.6,0,2,0
2036,12.3,0,1,0
2037,15.3,0,2,0
2038,6.5,0,3,0
2039,,0,1,0
2040,737.7,0,1,0
2041,0.1,0,1,0
2042,2.8,0,4,0
2043,6.9,0,2,0
2044,0.5,0,1,0
2045,737.5,0,2,0
2046,738.2,0,1,0
2047,739.0,0,1,0
2048,0.7,0,1,0
2049,2.5,0,1,0
2050,1.2,0,2,0
2051,12.8,0,1,0
2052,13.2,0,1,0
2053,737.7,0,1,0
2054,6.2,1,0,0
2055,5.3,1,1,0
2056,14.6,0,5,0
2057,156.5,0,1,0
2058,,0,1,0
2059,,0,1,0
2060,,0,1,0
2061,,0,1,0
2062,164.2,0,1,0
2063,156.0,0,1,0
2064,,0,1,0
2065,,0,1,0
2066,161.0,0,1,0
2067,,0,2,0
2068,155.8,1,0,0
2069,,0,1,0
2070,,0,1,0
2071,,0,1,0
2072,,0,1,0
2073,154.95,0,1,0
2074,155.3,0,2,0
2075,,1,0,0
2076,,0,1,0
2077,,0,1,0
2078,,0,1,0
2079,,0,1,0
2080,,1,0,0
2081,164.3,0,1,0
2082,638.2,0,3,0
2083,,0,1,0
2084,,0,1,0
2085,,0,1,0
2086,,1,0,0
2087,,0,1,0
2088,,0,4,0
2089,,0,2,0
2090,,0,1,0
2091,,0,2,0
2092,,0,1,0
2093,,0,1,0
2094,,0,1,0
2095,,0,1,0
2096,,0,1,0
2097,163.9,0,1,0
2098,21.7,0,1,0
2099,2.5,0,2,0
2100,154.9,0,1,0
2101,1.5,0,1,0
2102,13.2,0,1,0
2103,3.6,0,1,0
2104,0.0,0,4,0
2105,12.95,0,1,0
2106,7.0,0,1,0
2107,8.0,0,1,0
2108,2.4,0,3,0
2109,4.5,0,1,0
2110,6.3,0,1,0
2111,8.3,0,1,0
2112,12.8,1,0,0
2113,4.0,0,1,0
2114,12.6,0,1,0
2115,0.1,0,3,0
2116,3.3,0,1,0
2117,0.4,1,2,0
2118,4.0,0,1,0
2119,8.0,0,2,0
2120,19.5,0,1,0
2121,21.5,0,3,0
2122,18.5,0,2,0
2123,15.9,0,1,0
2124,22.7,0,1,0
2125,17.2,0,1,0
2126,27.7,0,2,0
2127,29.75,1,2,0
2128,8.1,0,1,0
2129,4.4,0,1,0
2130,9.5,0,2,1
2131,7.6,0,2,0
2132,5.4,0,1,0
2133,8.4,0,2,0
2134,9.99,0,3,0
2135,5.5,0,0,1
2136,,0,1,0
2137,26.6,0,1,0
2138,11.1,1,0,0
2139,35.65,0,0,1
2140,0.3,0,1,0
2141,2.0,0,2,0
2142,,0,1,0
2143,,0,1,0
2144,,0,1,0
2145,145.5,0,2,0
2146,145.5,0,1,0
2147,,0,1,0
2148,,0,1,0
2149,,0,1,0
2150,,0,2,0
2151,,0,1,0
2152,,0,1,0
2153,,0,1,0
2154,,0,1,0
2155,,0,1,0
2156,,1,0,0
2157,195.9,0,1,0
2158,,0,1,0
2159,,0,1,0
2160,,0,2,0
2161,,0,1,0
2162,,0,1,0
2163,,0,1,0
2164,,0,0,1
2165,145.0,0,0,1
2166,,1,0,0
2167,,0,1,0
2168,,0,1,0
2169,,0,1,0
2170,,0,2,0
2171,,0,1,0
2172,,0,1,0
2173,,0,1,0
2174,,0,1,0
2175,,0,1,0
2176,152.0,0,1,0
2177,,0,1,0
2178,152.0,0,1,0
2179,,0,1,0
2180,1.9,0,1,0
2181,,0,3,0
2182,,0,1,0
2183,,0,1,0
2184,,0,1,0
2185,,0,1,0
2186,,0,2,0
2187,,0,1,0
2188,,0,1,0
2189,,0,2,0
2190,,1,0,0
2191,,0,1,0
2192,,0,1,0
2193,,0,1,0
2194,,1,1,0
2195,,0,1,0
2196,148.0,0,1,0
2197,,0,1,0
2198,,0,1,0
2199,,0,2,0
2200,,0,1,0
2201,,0,1,0
2202,,0,1,0
2203,,0,1,0
2204,,0,1,0
2205,,0,1,0
2206,,1,0,0
2207,,0,1,0
2208,,0,1,0
2209,,0,1,0
2210,,0,1,0
2211,,0,2,0
2212,,0,2,0
2213,,0,1,0
2214,,0,1,0
2215,,0,2,0
2216,,0,1,0
2217,47.8,0,1,0
2218,,0,2,0
2219,,0,0,1
2220,47.4,0,1,0
2221,,1,1,0
2222,,0,1,0
2223,,0,1,0
2224,,1,0,0
2225,,0,2,0
2226,,0,1,0
2227,,0,1,0
2228,,0,2,0
2229,,0,1,0
2230,,0,1,0
2231,,0,2,0
2232,,0,1,0
2233,,1,2,0
2234,,0,1,0
2235,,0,1,0
2236,,0,2,0
2237,147.0,1,0,0
2238,,1,0,0
2239,,0,1,0
2240,651.6,0,1,0
2241,,0,1,0
2242,,0,2,0
2243,,0,1,0
2244,,0,1,0
2245,,0,1,0
2246,,0,2,0
2247,,0,1,0
2248,,0,2,0
2249,,1,0,0
2250,,0,1,0
2251,,0,1,0
2252,,0,1,0
2253,,0,1,0
2254,,0,1,0
2255,,0,1,0
2256,47.7,0,1,0
2257,,0,1,0
2258,146.1,0,1,0
2259,,0,1,0
2260,,0,1,0
2261,0.2,0,2,1
2262,,0,1,0
2263,,0,1,0
2264,,0,2,0
2265,,0,1,0
2266,,0,1,0
2267,,0,1,0
2268,,0,2,0
2269,,0,1,0
2270,,0,2,0
2271,,0,1,0
2272,137.9,0,2,0
2273,,0,1,0
2274,,0,1,0
2275,,0,1,0
2276,,0,1,0
2277,,0,2,0
2278,,0,1,0
2279,,0,2,0
2280,,0,1,0
2281,,0,1,0
2282,,0,1,0
2283,,0,1,0
2284,,0,2,0
2285,,0,2,0
2286,,0,5,0
2287,,0,1,0
2288,,0,1,0
2289,,0,1,0
2290,,0,1,0
2291,49.5,0,1,0
2292,648.0,0,1,0
2293,,0,1,0
2294,,0,1,0
2295,,0,1,0
2296,,0,1,0
2297,,0,1,0
2298,,0,1,0
2299,,0,2,0
2300,,0,1,0
2301,,0,1,0
2302,,1,0,0
2303,,0,1,0
2304,,0,1,0
2305,,0,1,0
2306,,0,1,0
2307,49.0,0,2,0
2308,,0,1,0
2309,,1,0,0
2310,,0,1,0
2311,,0,1,0
2312,,0,1,0
2313,,0,0,1
2314,,0,1,0
2315,,0,1,0
2316,0.7,0,2,0
2317,,1,0,0
2318,,0,1,0
2319,,0,1,0
2320,,0,1,0
2321,,0,1,0
2322,147.7,0,1,0
2323,,0,2,0
2324,,0,1,0
2325,,0,1,0
2326,,0,2,0
2327,,0,1,0
2328,147.5,0,1,0
2329,147.4,0,1,0
2330,,0,1,0
2331,146.8,0,1,0
2332,,0,1,0
2333,0.0,0,1,0
2334,,0,1,0
2335,,0,1,0
2336,,0,1,0
2337,,0,2,0
2338,,1,0,0
2339,,1,0,0
2340,147.5,0,1,0
2341,,1,0,0
2342,,0,3,0
2343,48.5,0,1,0
2344,,0,1,0
2345,146.9,0,3,0
2346,,0,2,0
2347,,0,1,0
2348,,2,0,0
2349,,0,1,0
2350,,0,1,0
2351,,0,1,0
2352,,0,1,0
2353,,0,1,0
2354,,0,0,1
2355,,0,1,0
2356,,0,1,0
2357,648.0,0,1,0
2358,,0,1,0
2359,,0,1,0
2360,,0,1,0
2361,,0,1,0
2362,149.2,0,1,0
2363,,0,1,0
2364,,0,1,0
2365,48.2,0,1,0
2366,,0,1,0
2367,,0,1,0
2368,,0,1,0
2369,,0,1,0
2370,,0,1,0
2371,,0,1,0
2372,,0,1,0
2373,,0,2,0
2374,,0,1,0
2375,,0,1,0
2376,,0,2,0
2377,147.9,0,2,0
2378,,0,1,0
2379,,1,0,0
2380,,1,0,0
2381,,1,0,0
2382,,0,1,0
2383,,0,2,0
2384,,0,1,0
2385,19.5,0,1,0
2386,27.2,0,4,0
2387,745.0,0,1,0
2388,745.0,0,1,0
2389,12.7,0,2,0
2390,7.5,0,1,0
2391,8.0,0,2,0
2392,1.0,0,1,0
2393,36.9,0,1,1
2394,21.5,0,1,0
2395,21.5,0,1,0
2396,0.2,0,1,0
2397,7.5,1,0,0
2398,8.5,1,0,0
2399,2.8,1,0,0
2400,624.3,0,1,0
2401,6.8,0,1,0
2402,621.0,1,0,0
2403,0.0,0,1,0
2404,,0,0,1
2405,1.6,1,1,0
2406,12.45,0,1,0
2407,10.7,1,0,0
2408,4.4,0,1,0
2409,6.8,0,2,0
2410,618.9,0,1,0
2411,621.0,0,4,0
2412,629.5,0,1,0
2413,179.8,0,1,0
2414,,0,1,0
2415,0.0,0,1,0
2416,10.0,0,1,0
2417,0.9,0,2,0
2418,,1,0,0
2419,,0,1,0
2420,9.5,0,2,0
2421,7.3,0,1,0
2422,9.5,0,1,0
2423,4.5,0,1,0
2424,6.0,0,1,0
2425,4.9,0,1,0
2426,45.9,0,1,0
2427,8.4,1,0,0
2428,3.2,1,0,0
2429,5.5,0,1,0
2430,,1,0,0
2431,169.7,0,1,0
2432,166.6,1,0,0
2433,167.7,1,0,1
2434,163.4,0,2,0
2435,,0,1,0
2436,,0,1,0
2437,,0,2,0
2438,,1,1,0
2439,2.6,0,1,0
2440,50.5,1,3,0
2441,51.0,0,1,0
2442,11.8,0,1,0
2443,13.4,0,1,0
2444,,0,1,0
2445,12.9,0,1,0
2446,,0,1,0
2447,,0,1,0
2448,0.5,0,1,0
2449,1.6,0,1,0
2450,,0,1,0
2451,2.1,0,1,0
2452,0.0,0,1,0
2453,1.8,0,1,0
2454,8.4,0,2,0
2455,,0,5,0
2456,,0,1,0
2457,,0,1,0
2458,,0,1,0
2459,,0,1,0
2460,,0,3,0
2461,,0,2,0
2462,,0,3,0
2463,,0,2,0
2464,,0,1,0
2465,,0,1,0
2466,,0,1,0
2467,,0,2,0
2468,,0,1,0
2469,,0,1,0
2470,,0,1,0
2471,,0,1,0
2472,3.8,0,1,0
2473,,0,2,0
2474,7.5,0,1,0
2475,0.1,0,1,0
2476,,0,2,0
2477,7.9,0,1,0
2478,128.75,1,0,0
2479,11.5,0,1,0
2480,1.0,0,1,0
2481,678.1,0,2,0
2482,127.8,0,1,0
2483,,0,1,0
2484,124.8,0,1,0
2485,1.1,0,2,0
2486,,1,0,0
2487,124.0,0,1,0
2488,120.3,1,2,0
2489,129.4,1,2,0
2490,120.8,0,1,0
2491,128.6,0,2,0
2492,125.1,0,1,0
2493,125.3,0,1,0
2494,674.2,3,4,3
2495,129.85,0,1,0
2496,674.2,1,2,0
2497,122.6,0,1,0
2498,130.6,0,1,0
2499,128.4,0,3,0
2500,1.95,0,1,0
2501,676.0,0,1,0
2502,127.2,0,2,0
2503,125.5,1,0,0
2504,125.5,0,1,0
2505,128.0,0,2,0
2506,6.0,1,0,0
2507,124.0,0,1,0
2508,126.7,0,2,0
2509,128.4,0,1,0
2510,129.5,4,0,1
2511,126.3,0,1,0
2512,122.9,0,1,0
2513,33.7,0,1,0
2514,35.5,0,1,0
2515,6.15,1,0,0
2516,0.8,0,1,0
2517,,0,2,0
2518,8.7,0,0,1
2519,,0,2,0
2520,,0,1,0
2521,17.9,0,1,0
2522,,0,1,0
2523,10.5,0,1,0
2524,469.4,1,0,0
2525,18.9,0,1,0
2526,0.0,0,1,0
2527,19.0,0,2,0
2528,8.6,0,1,0
2529,28.5,0,0,1
2530,25.2,0,1,0
2531,6.7,1,0,0
2532,736.5,0,1,0
2533,4.2,0,1,0
2534,736.5,0,1,0
2535,735.0,0,1,0
2536,736.2,0,3,0
2537,736.2,0,1,0
2538,1.5,0,2,0
2539,7.0,0,1,0
2540,730.0,0,1,0
2541,4.7,0,1,0
2542,2.0,0,3,0
2543,735.7,0,3,0
2544,735.0,0,1,0
2545,1.0,0,1,0
2546,1.2,0,2,0
2547,1.5,0,4,0
2548,733.5,1,1,0
2549,799.0,0,1,0
2550,804.0,0,1,0
2551,5.9,1,0,0
2552,1.8,0,0,1
2553,0.4,0,4,0
2554,798.12,0,2,0
2555,,0,1,0
2556,,0,1,0
2557,798.2,0,2,0
2558,,0,3,0
2559,798.1,0,1,0
2560,797.4,1,1,0
2561,804.0,0,1,0
2562,,0,1,0
2563,797.5,0,1,0
2564,21.8,0,1,0
2565,,0,1,0
2566,,0,2,0
2567,10.2,0,1,0
2568,,0,1,0
2569,,0,1,0
2570,,0,1,0
2571,,0,2,0
2572,,0,1,0
2573,537.9,0,1,0
2574,694.0,0,2,0
2575,,0,1,0
2576,695.3,0,2,0
2577,,0,1,0
2578,,0,1,0
2579,542.0,0,1,0
2580,694.0,0,1,0
2581,695.0,0,1,0
2582,15.35,0,1,0
2583,0.5,0,1,0
2584,711.0,0,2,0
2585,530.5,0,1,0
2586,,0,2,0
2587,705.65,0,5,0
2588,1.0,0,1,0
2589,0.0,0,1,0
2590,12.8,0,1,0
2591,10.5,0,1,0
2592,529.6,0,1,0
2593,0.0,0,2,0
2594,,0,1,0
2595,10.95,0,1,0
2596,707.4,0,2,0
2597,0.0,0,1,0
2598,730.0,0,1,0
2599,703.8,0,1,0
2600,0.15,0,1,0
2601,0.0,0,2,0
2602,530.8,0,3,0
2603,525.25,0,2,0
2604,710.98,0,2,0
2605,528.1,0,1,0
2606,709.5,0,1,0
2607,0.4,0,1,0
2608,1.7,0,1,0
2609,528.0,0,1,0
2610,0.2,0,1,0
2611,707.65,0,1,0
2612,706.2,0,2,0
2613,707.8,0,1,0
2614,8.7,0,1,0
2615,528.53,0,7,0
2616,16.3,0,3,0
2617,528.3,0,4,0
2618,725.4,0,1,0
2619,12.8,1,0,0
2620,707.25,0,4,0
2621,5.3,0,1,0
2622,,0,1,0
2623,,0,2,0
2624,,0,1,0
2625,,0,3,0
2626,,1,0,0
2627,,0,1,0
2628,,0,1,0
2629,6.5,0,2,0
2630,,1,0,0
2631,,0,1,0
2632,,0,1,0
2633,7.0,0,1,0
2634,,0,1,0
2635,,0,1,0
2636,,0,1,0
2637,5.5,0,2,0
2638,9.5,0,1,0
2639,,0,1,0
2640,,1,0,0
2641,,1,0,0
2642,7.5,0,1,0
2643,3.5,0,1,0
2644,12.5,0,1,0
2645,5.0,0,1,0
2646,8.9,0,2,0
2647,,0,1,0
2648,2.5,3,5,0
2649,,1,1,0
2650,4.9,2,0,1
2651,3.9,0,3,0
2652,3.5,0,1,0
2653,10.9,0,1,0
2654,1.7,0,1,0
2655,0.5,0,1,0
2656,,0,1,0
2657,,0,7,0
2658,0.2,0,1,0
2659,2.0,0,1,0
2660,737.9,0,1,0
2661,10.5,0,1,0
2662,,0,2,0
2663,,0,1,0
2664,,0,1,0
2665,2.5,0,3,0
2666,,0,1,0
2667,98.0,0,5,0
2668,,0,2,0
2669,1.1,0,1,0
2670,,0,1,0
2671,14.5,0,1,0
2672,6.8,0,1,0
2673,,0,1,0
2674,,0,2,0
2675,,0,1,0
2676,0.1,0,1,0
2677,,0,0,1
2678,30.3,0,3,0
2679,724.1,1,0,0
2680,,0,1,0
2681,,0,1,0
2682,30.0,0,1,0
2683,,0,1,0
2684,511.0,0,1,0
2685,,0,1,0
2686,,0,1,0
2687,,0,1,0
2688,,0,1,0
2689,,0,1,0
2690,,0,1,0
2691,,0,1,0
2692,,0,1,0
2693,,0,2,0
2694,,0,1,0
2695,,1,0,0
2696,,0,1,0
2697,518.5,0,2,1
2698,730.5,0,3,0
2699,7.4,0,1,0
2700,,0,1,0
2701,,0,1,0
2702,,0,2,0
2703,14.2,0,1,0
2704,,0,1,0
2705,,0,1,0
2706,,0,1,0
2707,,0,2,0
2708,,0,1,0
2709,,0,1,0
2710,,0,2,0
2711,23.9,0,1,0
2712,515.8,0,1,0
2713,,0,1,0
2714,2.0,0,1,0
2715,22.0,0,2,0
2716,,0,1,0
2717,4.6,0,1,0
2718,8.4,0,1,0
2719,,1,0,0
2720,,0,2,0
2721,4.2,0,1,0
2722,3.5,0,2,0
2723,,0,1,0
2724,712.3,0,1,0
2725,11.1,1,0,0
2726,,0,1,0
2727,714.8,0,3,0
2728,,1,1,0
2729,,0,1,0
2730,5.6,0,1,0
2731,,0,1,0
2732,2.8,0,4,0
2733,,0,2,0
2734,,0,1,0
2735,,0,1,0
2736,0.8,0,1,0
2737,,0,1,0
2738,,0,2,0
2739,,0,1,0
2740,14.85,0,3,0
2741,,0,1,0
2742,,0,2,0
2743,,0,1,0
2744,14.0,0,1,0
2745,,0,1,0
2746,,0,1,0
2747,,0,2,0
2748,,0,1,0
2749,,0,1,0
2750,14.3,0,1,0
2751,,0,1,0
2752,,0,1,1
2753,,0,1,0
2754,,0,1,0
2755,,0,1,0
2756,,0,1,0
2757,,0,1,0
2758,,0,1,0
2759,,0,1,0
2760,,0,2,0
2761,725.8,0,1,0
2762,,0,1,0
2763,0.0,0,1,0
2764,,0,1,0
2765,,0,1,0
2766,,0,2,0
2767,,0,1,0
2768,,0,1,0
2769,,1,0,0
2770,,0,1,0
2771,,0,1,0
2772,,0,1,0
2773,,0,1,0
2774,,0,2,0
2775,1.3,0,3,0
2776,,1,0,0
2777,,0,2,0
2778,,0,1,0
2779,11.8,0,1,0
2780,,0,1,0
2781,,0,1,0
2782,,0,1,0
2783,,0,1,0
2784,,0,1,0
2785,,0,1,0
2786,726.8,0,1,0
2787,,0,1,0
2788,,0,1,0
2789,,0,1,0
2790,,0,1,0
2791,,0,1,0
2792,,0,1,0
2793,14.5,0,1,0
2794,,0,1,0
2795,0.0,0,1,0
2796,,0,1,0
2797,14.6,0,1,0
2798,,1,0,0
2799,,0,3,0
2800,0.6,0,1,0
2801,,0,3,0
2802,,0,1,0
2803,,1,0,0
2804,713.9,0,2,0
2805,,0,1,0
2806,,0,1,0
2807,74.7,0,1,0
2808,,0,2,0
2809,,0,1,0
2810,9.55,0,1,0
2811,6.2,0,1,0
2812,,0,1,0
2813,,0,4,0
2814,729.4,0,1,0
2815,,0,1,0
2816,14.3,0,1,0
2817,,0,1,0
2818,,0,1,0
2819,,0,1,0
2820,,0,1,0
2821,,0,2,0
2822,,0,1,0
2823,3.0,2,0,0
2824,,0,1,0
2825,,0,1,0
2826,731.2,0,1,0
2827,7.5,0,1,0
2828,8.8,0,1,0
2829,,0,1,0
2830,,0,1,0
2831,,0,1,0
2832,,0,1,0
2833,,0,1,0
2834,31.0,0,2,0
2835,,0,2,0
2836,,0,1,0
2837,729.4,0,2,0
2838,,0,3,0
2839,,0,1,0
2840,,0,1,0
2841,9.3,0,3,0
2842,,0,1,0
2843,,0,1,0
2844,24.6,0,1,0
2845,,0,1,0
2846,,0,1,0
2847,,0,1,0
2848,,0,1,0
2849,,0,2,0
2850,,1,0,0
2851,723.5,0,1,0
2852,14.3,0,1,0
2853,,0,1,0
2854,,0,1,0
2855,,0,1,0
2856,523.3,0,3,0
2857,,0,1,0
2858,,0,1,0
2859,,0,1,0
2860,,0,1,0
2861,5.7,1,0,0
2862,730.2,0,1,0
2863,,0,1,0
2864,19.7,0,1,0
2865,,0,1,0
2866,,0,1,0
2867,4.5,0,1,0
2868,,0,1,0
2869,,0,1,0
2870,,0,1,0
2871,715.9,0,1,0
2872,,0,1,0
2873,6.4,1,0,0
2874,515.0,1,1,0
2875,23.7,0,2,0
2876,2.4,0,2,0
2877,,0,1,0
2878,,0,1,0
2879,,0,1,0
2880,,0,1,0
2881,,0,1,0
2882,,0,1,0
2883,3.3,1,0,0
2884,,0,3,0
2885,,0,1,0
2886,,0,1,0
2887,,0,1,0
2888,722.9,0,1,0
2889,,0,1,0
2890,,0,2,0
2891,2.0,0,1,0
2892,2.1,0,1,0
2893,730.5,0,1,0
2894,,0,1,0
2895,,0,1,0
2896,,0,1,0
2897,518.55,0,1,0
2898,,0,1,0
2899,,0,1,0
2900,95.4,0,6,0
2901,,0,2,0
2902,,0,1,0
2903,,0,2,0
2904,,0,1,0
2905,,0,1,0
2906,10.0,0,3,0
2907,,0,1,0
2908,,0,1,0
2909,,0,1,0
2910,,0,1,0
2911,,1,0,0
2912,,0,1,0
2913,723.1,0,1,0
2914,,0,1,0
2915,723.6,0,2,0
2916,0.0,0,1,0
2917,,0,1,0
2918,,0,1,0
2919,,0,1,0
2920,,0,2,0
2921,,0,1,0
2922,,0,3,0
2923,731.0,0,1,0
2924,1.3,0,1,0
2925,28.5,0,2,0
2926,22.5,0,2,0
2927,,0,1,0
2928,21.9,0,1,0
2929,,0,1,0
2930,,0,1,0
2931,,0,1,0
2932,,0,1,0
2933,,0,1,0
2934,,0,1,0
2935,22.15,0,1,0
2936,,0,2,0
2937,,0,1,0
2938,,1,0,0
2939,14.3,0,1,0
2940,,0,2,0
2941,,0,1,0
2942,,0,3,0
2943,14.5,0,2,0
2944,,0,2,0
2945,5.5,0,1,0
2946,,0,1,0
2947,,0,1,0
2948,,0,1,0
2949,,0,1,0
2950,0.9,0,1,0
2951,,1,0,0
2952,,0,1,0
2953,,0,2,0
2954,,0,1,0
2955,,1,0,0
2956,729.0,0,1,0
2957,,0,1,0
2958,,0,2,0
2959,4.8,0,2,0
2960,,0,2,0
2961,,0,2,0
2962,,0,1,0
2963,,0,1,0
2964,4.0,0,2,0
2965,,0,1,0
2966,,0,1,0
2967,,0,1,0
2968,8.0,0,1,0
2969,,0,1,0
2970,3.0,0,1,0
2971,23.8,0,1,0
2972,,0,3,0
2973,,0,1,0
2974,,0,1,0
2975,7.5,0,1,0
2976,,0,1,0
2977,,0,1,0
2978,,0,1,0
2979,,0,1,0
2980,94.6,0,1,0
2981,,0,1,0
2982,,0,3,0
2983,,0,1,0
2984,7.35,0,1,0
2985,,0,2,0
2986,,0,1,0
2987,,0,1,0
2988,1.9,0,1,0
2989,,0,2,0
2990,,1,0,0
2991,9.2,1,0,0
2992,,0,2,0
2993,,0,1,0
2994,22.3,0,1,0
2995,,1,0,1
2996,,0,1,0
2997,5.0,0,2,0
2998,95.15,0,2,0
2999,,1,1,0
3000,,0,1,0
3001,,0,1,0
3002,,0,2,0
3003,,0,1,0
3004,514.9,0,1,0
3005,,0,1,0
3006,7.5,0,1,0
3007,8.4,0,1,0
3008,4.1,0,1,0
3009,4.0,0,2,0
3010,17.0,0,1,0
3011,,0,1,0
3012,,0,1,0
3013,,0,1,0
3014,,0,1,0
3015,715.9,0,1,0
3016,,0,1,0
3017,,0,1,0
3018,,0,1,0
3019,,0,1,0
3020,,0,2,0
3021,,0,2,0
3022,,0,2,0
3023,,0,2,0
3024,,0,1,0
3025,,0,2,0
3026,,0,3,0
3027,,0,1,0
3028,,0,1,0
3029,,0,1,0
3030,,0,1,0
3031,,0,1,0
3032,,0,1,0
3033,,1,0,0
3034,,0,5,0
3035,,0,1,0
3036,,0,1,0
3037,,0,1,0
3038,,0,1,0
3039,,0,1,0
3040,,0,1,0
3041,,0,1,0
3042,,0,1,0
3043,,0,1,0
3044,517.6,0,1,0
3045,,0,1,0
3046,12.85,0,1,0
3047,,0,1,0
3048,2.0,0,0,1
3049,,0,2,0
3050,,0,1,0
3051,,0,1,0
3052,2.95,0,1,0
3053,5.4,0,1,0
3054,713.65,0,1,0
3055,3.0,0,1,0
3056,,0,2,0
3057,,0,1,0
3058,,0,1,0
3059,,0,1,0
3060,,0,1,0
3061,,0,1,0
3062,,0,1,0
3063,,0,1,0
3064,,0,1,0
3065,,0,1,0
3066,730.0,0,1,0
3067,,1,0,0
3068,,1,1,0
3069,7.5,1,0,0
3070,,0,1,0
3071,,0,1,0
3072,,0,1,0
3073,,0,1,0
3074,522.8,0,1,0
3075,522.0,0,1,0
3076,,0,1,0
3077,,0,1,0
3078,1.9,0,3,0
3079,,0,1,0
3080,,0,1,0
3081,,0,1,0
3082,6.85,0,1,0
3083,,1,1,0
3084,5.5,0,1,0
3085,,0,1,0
3086,,0,1,0
3087,,0,1,0
3088,5.2,0,1,1
3089,,0,1,0
3090,,0,3,0
3091,,0,3,0
3092,,0,1,0
3093,,0,2,0
3094,,0,1,0
3095,4.5,0,1,0
3096,,0,2,0
3097,,0,1,0
3098,,0,1,0
3099,,0,1,0
3100,,0,4,0
3101,,0,1,0
3102,,0,1,0
3103,,0,1,0
3104,,0,1,0
3105,,0,1,0
3106,,0,4,0
3107,518.5,0,2,0
3108,,0,1,0
3109,,0,1,0
3110,,0,2,0
3111,,0,2,0
3112,,0,1,0
3113,,0,1,0
3114,,0,1,0
3115,,0,1,0
3116,,0,1,0
3117,,0,1,0
3118,,0,1,0
3119,,0,1,0
3120,,0,1,0
3121,,0,1,0
3122,,0,1,0
3123,,0,1,0
3124,98.0,1,0,0
3125,,0,1,0
3126,,0,3,0
3127,,0,2,0
3128,,0,1,0
3129,,0,1,0
3130,,0,1,0
3131,,0,1,0
3132,7.2,0,1,0
3133,28.6,1,0,0
3134,13.8,0,1,0
3135,,0,2,0
3136,,0,2,0
3137,,0,1,0
3138,96.0,0,3,0
3139,520.4,1,0,0
3140,2.0,0,1,0
3141,7.3,0,1,0
3142,,0,1,0
3143,,0,1,0
3144,,0,2,0
3145,,0,1,0
3146,,0,1,0
3147,715.0,0,1,0
3148,27.5,0,2,0
3149,24.3,0,1,0
3150,,0,1,0
3151,,0,1,0
3152,,0,1,0
3153,,0,2,0
3154,508.8,0,1,0
3155,,0,1,0
3156,514.5,0,3,0
3157,3.5,0,1,0
3158,,0,1,0
3159,,1,0,0
3160,,1,0,0
3161,,0,1,0
3162,715.0,0,1,0
3163,,0,1,0
3164,,0,1,0
3165,,0,1,0
3166,516.0,0,1,0
3167,,0,1,0
3168,14.5,0,1,0
3169,,0,2,0
3170,,0,1,0
3171,7.8,0,1,0
3172,,0,1,0
3173,,0,2,0
3174,,0,1,0
3175,,1,0,0
3176,,0,1,0
3177,11.3,0,2,0
3178,,0,1,0
3179,1.1,2,0,0
3180,,0,1,0
3181,,0,1,0
3182,,0,1,0
3183,,0,1,0
3184,,0,1,0
3185,,0,1,0
3186,520.4,0,5,0
3187,,0,1,0
3188,,0,1,0
3189,,0,1,0
3190,,0,1,0
3191,,0,1,0
3192,730.5,0,1,0
3193,7.3,0,1,0
3194,,0,1,0
3195,3.5,0,2,0
3196,,0,1,0
3197,,0,1,0
3198,,0,2,0
3199,,0,1,0
3200,,0,1,0
3201,523.0,0,1,0
3202,10.8,0,1,0
3203,512.2,0,2,0
3204,,0,1,0
3205,,0,1,0
3206,,0,4,0
3207,723.45,0,1,0
3208,,0,1,0
3209,,0,1,0
3210,,0,1,0
3211,5.3,0,1,0
3212,,0,1,0
3213,,0,1,0
3214,,0,1,0
3215,,0,1,0
3216,713.7,0,1,0
3217,722.8,0,2,0
3218,,0,1,0
3219,518.5,0,1,0
3220,,0,1,0
3221,,0,1,0
3222,,0,1,0
3223,,0,1,0
3224,,0,1,0
3225,,0,2,0
3226,,0,1,0
3227,,0,1,0
3228,,0,1,0
3229,,0,1,0
3230,,0,1,0
3231,,0,1,0
3232,,0,1,0
3233,,0,1,0
3234,,0,1,0
3235,,0,1,0
3236,,0,1,0
3237,,0,2,0
3238,,0,1,0
3239,,0,1,0
3240,,0,1,0
3241,,0,1,0
3242,,0,1,0
3243,5.5,0,1,0
3244,7.0,0,1,0
3245,24.0,0,2,0
3246,14.4,0,3,0
3247,,0,1,0
3248,,0,2,0
3249,,0,2,0
3250,,0,1,0
3251,4.2,0,1,0
3252,,0,1,0
3253,,0,1,0
3254,,0,2,0
3255,,0,1,0
3256,,0,1,0
3257,,0,1,0
3258,,0,1,0
3259,,0,1,0
3260,4.6,0,1,0
3261,12.9,0,2,0
3262,1.1,0,1,0
3263,521.9,0,1,0
3264,7.2,0,1,0
3265,730.5,0,1,0
3266,512.0,0,1,0
3267,0.8,0,1,0
3268,713.4,0,3,0
3269,520.7,0,2,0
3270,16.8,0,1,0
3271,5.6,0,1,0
3272,14.0,0,1,0
3273,511.5,0,2,0
3274,4.2,0,1,0
3275,,0,2,0
3276,,0,1,0
3277,20.5,0,2,0
3278,,0,1,0
3279,,0,1,0
3280,,0,1,0
3281,12.5,0,2,0
3282,,0,1,0
3283,,0,1,0
3284,,0,1,0
3285,,0,3,0
3286,,0,1,0
3287,,0,1,0
3288,201.1,0,1,0
3289,,1,0,0
3290,,0,0,1
3291,,1,1,0
3292,,0,1,0
3293,,0,1,0
3294,,0,1,0
3295,,0,1,0
3296,,0,1,0
3297,,0,1,0
3298,,0,1,0
3299,,0,2,0
3300,,0,1,0
3301,,0,1,0
3302,,0,1,0
3303,1.5,0,2,0
3304,,0,1,0
3305,,0,2,0
3306,,0,1,0
3307,,0,1,0
3308,,0,1,0
3309,,0,2,0
3310,,0,1,0
3311,1.5,0,1,0
3312,0.5,0,1,0
3313,13.1,1,0,0
3314,,0,1,0
3315,0.1,0,1,0
3316,,0,1,0
3317,,0,3,0
3318,,0,1,0
3319,,0,1,0
3320,,0,1,0
3321,,0,1,0
3322,1.0,1,0,0
3323,,0,1,0
3324,,0,1,0
3325,,0,1,0
3326,207.5,0,1,0
3327,,0,1,0
3328,,0,1,0
3329,13.7,0,1,0
3330,18.9,0,1,0
3331,144.5,0,1,0
3332,,0,1,0
3333,6.25,0,1,0
3334,,1,0,0
3335,,0,1,0
3336,10.7,0,1,0
3337,,0,1,0
3338,,0,1,0
3339,,0,1,0
3340,,0,1,0
3341,,0,2,0
3342,5.8,0,1,0
3343,,0,1,0
3344,,0,1,0
3345,144.5,0,1,0
3346,144.3,0,1,0
3347,3.7,0,1,0
3348,,0,1,0
3349,144.2,0,1,0
3350,144.3,0,1,0
3351,5.2,0,1,0
3352,5.1,0,1,0
3353,,1,0,0
3354,5.9,0,1,0
3355,3.9,0,1,0
3356,,0,2,0
3357,,0,1,0
3358,,0,2,0
3359,,0,2,0
3360,4.9,1,0,0
3361,,0,1,0
3362,3.8,0,1,0
3363,143.8,0,1,0
3364,,0,1,0
3365,,0,1,0
3366,,0,2,0
3367,,0,1,0
3368,144.8,0,1,0
3369,6.3,0,1,0
3370,0.6,0,1,0
3371,4.0,0,1,0
3372,16.0,0,4,0
3373,18.68,0,1,0
3374,16.0,0,1,0
3375,1.5,0,1,0
3376,0.95,2,0,0
3377,1.0,0,2,0
3378,616.1,0,1,0
3379,618.0,0,1,0
3380,188.0,0,1,0
3381,190.9,3,1,1
3382,8.2,0,1,0
3383,1.2,1,0,0
3384,1.8,0,2,0
3385,12.8,0,1,0
3386,694.2,0,2,0
3387,0.0,0,2,0
3388,11.5,0,1,0
3389,25.0,0,1,0
3390,,1,0,0
3391,72.6,0,1,0
3392,73.0,0,1,0
3393,,0,2,0
3394,68.8,0,1,0
3395,24.0,0,1,0
3396,69.5,0,1,0
3397,,0,1,0
3398,,0,1,0
3399,70.1,0,1,0
3400,0.2,1,0,0
3401,5.0,0,1,0
3402,5.0,0,1,0
3403,5.6,0,1,0
3404,3.5,0,2,0
3405,,0,1,0
3406,,0,4,0
3407,,0,2,0
3408,73.3,0,2,0
3409,22.0,0,1,0
3410,,0,1,0
3411,,0,1,0
3412,3.0,0,2,0
3413,,2,0,0
3414,,0,1,0
3415,,0,1,0
3416,69.9,0,1,0
3417,13.9,0,1,0
3418,16.3,1,0,0
3419,1.0,0,1,0
3420,4.9,0,0,1
3421,,0,1,0
3422,,0,1,0
3423,,0,1,0
3424,1.9,0,1,0
3425,,0,1,0
3426,,0,1,0
3427,,0,1,0
3428,,0,1,0
3429,,0,1,0
3430,,0,1,0
3431,,0,1,0
3432,2.1,0,1,0
3433,3.0,0,1,0
3434,2.9,0,1,0
3435,5.0,0,2,0
3436,459.25,0,1,0
3437,12.0,1,0,0
3438,466.55,0,1,0
3439,458.3,0,3,0
3440,460.0,0,1,0
3441,463.0,0,2,0
3442,1.6,0,1,0
3443,,0,1,0
3444,2.4,0,1,0
3445,1.6,0,1,0
3446,12.4,0,3,0
3447,2.4,0,2,0
3448,4.25,0,1,0
3449,9.25,2,0,0
3450,5.6,0,2,0
3451,10.7,0,1,0
3452,6.5,1,0,0
3453,0.9,0,1,0
3454,6.2,0,2,0
3455,3.8,0,2,0
3456,3.8,1,0,0
3457,3.4,0,1,0
3458,1.3,0,1,0
3459,4.0,0,1,0
3460,5.7,0,2,0
3461,3.8,0,1,0
3462,5.0,0,2,0
3463,3.3,0,2,0
3464,1.9,0,1,0
3465,,0,1,0
3466,,0,1,0
3467,,0,1,0
3468,,0,1,0
3469,,0,1,0
3470,,0,1,0
3471,10.6,0,1,0
3472,2.5,0,1,0
3473,10.7,0,1,0
3474,27.8,1,0,0
3475,,0,1,0
3476,21.2,1,0,0
3477,28.4,0,1,0
3478,7.8,0,2,0
3479,12.7,0,1,0
3480,31.2,0,1,0
3481,3.1,0,1,0
3482,18.1,0,1,0
3483,8.8,1,1,0
3484,5.5,0,2,0
3485,,0,1,0
3486,23.5,0,1,0
3487,4.4,0,1,1
3488,5.8,0,1,0
3489,33.8,0,1,0
3490,31.7,0,2,0
3491,6.8,0,1,0
3492,4.2,0,1,0
3493,7.9,0,1,0
3494,220.1,0,1,0
3495,221.2,0,7,0
3496,0.0,0,1,0
3497,12.1,0,1,0
3498,219.0,0,2,0
3499,219.7,0,1,0
3500,705.9,1,0,0
3501,224.1,0,2,0
3502,221.0,0,1,0
3503,221.2,0,1,0
3504,218.0,0,2,0
3505,218.3,1,0,0
3506,221.2,0,1,0
3507,18.0,0,1,0
3508,218.8,0,0,1
3509,5.0,0,1,0
3510,219.9,0,1,0
3511,220.1,0,2,0
3512,221.8,0,1,0
3513,218.0,0,2,0
3514,1.6,1,0,0
3515,220.1,0,3,0
3516,219.5,0,1,0
3517,221.2,0,2,0
3518,219.5,0,2,0
3519,222.3,0,1,0
3520,0.0,0,1,0
3521,,0,1,0
3522,4.8,0,2,0
3523,2.2,0,2,0
3524,7.6,1,0,0
3525,10.7,0,1,0
3526,,1,0,0
3527,,0,3,0
3528,,0,1,0
3529,12.7,0,1,0
3530,,0,2,0
3531,,0,1,0
3532,,1,0,0
3533,,0,1,0
3534,,0,2,0
3535,,0,1,0
3536,,0,1,0
3537,,0,3,0
3538,6.95,0,1,0
3539,5.95,0,1,0
3540,0.1,0,1,0
3541,5.0,0,1,0
3542,0.0,0,1,0
3543,0.0,0,1,0
3544,682.4,2,2,0
3545,21.5,0,1,0
3546,7.9,1,1,0
3547,,0,1,0
3548,6.0,0,1,0
3549,0.0,0,1,0
3550,7.0,0,1,0
3551,,0,0,1
3552,,0,1,0
3553,,0,1,0
3554,,0,1,0
3555,,0,1,0
3556,2.5,0,1,0
3557,,0,2,0
3558,4.5,0,1,0
3559,4.9,0,1,0
3560,7.4,0,1,0
3561,0.5,0,1,0
3562,0.8,0,1,0
3563,2.9,0,1,0
3564,2.1,0,1,0
3565,0.5,0,2,0
3566,6.9,0,1,0
3567,6.0,0,1,0
3568,2.3,0,1,0
3569,1.8,1,0,0
3570,6.9,0,1,0
3571,6.35,0,1,0
3572,2.4,0,1,0
3573,,0,1,0
3574,,0,1,0
3575,,0,1,0
3576,,0,2,0
3577,,0,1,0
3578,,0,2,0
3579,2.7,0,1,0
3580,3.5,0,1,0
3581,0.8,0,1,0
3582,0.95,0,1,0
3583,5.9,0,2,0
3584,0.0,0,4,0
3585,1.0,0,1,0
3586,435.0,0,1,0
3587,803.0,0,1,0
3588,0.9,0,1,0
3589,,1,0,0
3590,434.6,0,1,0
3591,1.0,0,2,0
3592,17.7,0,2,0
3593,,0,1,0
3594,,0,2,0
3595,,0,2,0
3596,13.3,0,1,0
3597,433.3,0,1,0
3598,434.6,0,2,0
3599,,0,1,0
3600,,0,2,0
3601,429.0,0,1,0
3602,,1,0,0
3603,212.0,2,0,1
3604,211.65,0,1,0
3605,16.3,0,3,0
3606,216.5,0,1,0
3607,2.8,0,3,0
3608,14.0,0,1,0
3609,4.3,0,3,0
3610,217.0,0,1,0
3611,12.3,0,1,0
3612,6.1,0,1,0
3613,,1,0,0
3614,13.4,0,2,0
3615,13.8,0,1,0
3616,0.3,0,1,0
3617,0.0,0,2,0
3618,0.8,0,1,0
3619,,0,1,0
3620,4.2,0,1,0
3621,,0,1,0
3622,,0,1,0
3623,9.5,1,1,0
3624,,0,1,0
3625,6.8,0,1,0
3626,210.5,0,2,0
3627,209.8,0,1,0
3628,46.2,0,1,0
3629,47.6,0,1,0
3630,6.6,0,1,0
3631,43.3,0,1,0
3632,43.3,0,1,0
3633,46.4,0,1,0
3634,44.5,0,1,0
3635,46.3,0,1,0
3636,4.85,0,2,0
3637,43.8,0,1,0
3638,44.95,0,1,0
3639,45.8,0,1,0
3640,43.6,0,2,0
3641,45.8,0,1,0
3642,46.9,0,1,0
3643,43.3,0,1,0
3644,47.5,0,1,0
3645,3.8,0,1,0
3646,0.3,0,1,0
3647,,0,1,0
3648,58.0,0,1,0
3649,,0,1,0
3650,43.3,0,1,0
3651,44.2,0,1,0
3652,46.1,0,1,0
3653,4.0,0,1,0
3654,47.3,0,1,0
3655,196.3,0,1,0
3656,1.5,0,1,0
3657,197.2,0,0,1
3658,608.7,0,4,0
3659,0.1,0,2,0
3660,0.0,0,2,0
3661,3.0,0,1,0
3662,0.9,0,1,0
3663,1.9,0,4,0
3664,4.3,0,1,0
3665,21.8,0,1,0
3666,21.5,0,2,0
3667,21.1,0,3,0
3668,21.0,1,0,0
3669,4.0,0,1,0
3670,89.0,0,3,0
3671,52.7,0,2,0
3672,688.7,0,2,0
3673,2.0,0,1,0
3674,,0,1,0
3675,4.1,0,1,0
3676,,0,1,0
3677,1.0,0,1,0
3678,1.0,0,1,0
3679,7.3,0,1,0
3680,6.1,0,1,0
3681,3.6,0,3,0
3682,3.0,0,1,0
3683,2.6,0,1,0
3684,,0,1,0
3685,1.9,0,1,0
3686,,0,1,0
3687,5.3,0,1,0
3688,3.85,0,1,0
3689,681.3,0,1,0
3690,0.6,0,1,0
3691,4.1,0,1,0
3692,4.0,0,1,0
3693,52.4,0,1,0
3694,550.7,0,8,0
3695,,0,1,0
3696,,0,2,0
3697,,0,1,0
3698,2.0,0,1,0
3699,,0,1,0
3700,547.1,0,1,0
3701,688.3,0,1,0
3702,7.6,0,5,0
3703,,0,1,0
3704,,0,4,0
3705,,0,1,0
3706,,0,1,0
3707,764.0,0,1,0
3708,3.4,0,1,0
3709,6.5,0,2,0
3710,683.3,0,1,0
3711,,0,1,0
3712,548.2,0,3,0
3713,,0,1,0
3714,9.0,0,2,0
3715,,0,2,0
3716,,0,1,0
3717,,0,2,0
3718,,0,1,0
3719,,0,1,0
3720,5.7,0,1,0
3721,5.5,0,1,0
3722,46.0,0,1,0
3723,45.5,0,1,0
3724,681.0,0,1,0
3725,,0,2,0
3726,0.8,0,2,0
3727,2.6,1,0,0
3728,,0,1,0
3729,,0,1,0
3730,,0,2,0
3731,2.0,0,1,0
3732,,0,1,0
3733,,0,4,0
3734,5.5,0,1,0
3735,5.9,0,1,0
3736,1.2,0,1,0
3737,52.25,0,1,0
3738,686.9,0,1,0
3739,,0,1,0
3740,,0,1,0
3741,546.0,0,3,0
3742,,0,2,0
3743,,0,1,0
3744,,0,5,0
3745,1.5,0,1,0
3746,,0,1,0
3747,1.9,0,2,0
3748,,0,2,0
3749,,1,0,0
3750,551.8,0,1,0
3751,,0,1,0
3752,,0,2,0
3753,,0,1,0
3754,684.1,0,1,0
3755,,0,1,0
3756,,0,1,0
3757,49.9,0,2,0
3758,686.4,0,1,0
3759,,0,2,0
3760,4.5,0,1,0
3761,,0,1,0
3762,,0,1,0
3763,17.5,0,1,0
3764,2.6,1,0,0
3765,1.5,0,1,0
3766,,0,1,0
3767,,0,1,0
3768,51.0,0,1,0
3769,4.98,4,0,0
3770,689.0,0,2,0
3771,0.5,1,0,0
3772,,0,2,0
3773,,0,1,0
3774,,0,1,0
3775,,0,1,0
3776,,1,2,0
3777,,0,1,0
3778,,1,0,0
3779,,0,1,0
3780,0.76,0,1,0
3781,,0,1,0
3782,3.5,1,0,0
3783,48.3,0,1,0
3784,,0,0,1
3785,,0,1,0
3786,5.0,0,1,0
3787,548.3,0,1,0
3788,2.0,0,1,0
3789,50.6,0,4,0
3790,0.4,0,1,0
3791,8.5,0,1,0
3792,,0,1,0
3793,551.2,0,1,0
3794,3.5,0,2,0
3795,2.7,0,1,0
3796,549.35,0,7,0
3797,3.1,0,2,0
3798,,0,1,0
3799,,0,1,0
3800,,0,4,0
3801,,0,3,0
3802,547.2,0,1,0
3803,668.0,0,1,0
3804,,0,1,0
3805,688.0,0,1,0
3806,686.9,0,2,0
3807,0.1,0,1,0
3808,4.8,0,1,0
3809,,0,1,0
3810,,0,1,0
3811,0.5,0,2,0
3812,,0,1,0
3813,44.5,0,1,0
3814,,0,2,0
3815,1.4,0,1,0
3816,2.6,1,0,0
3817,5.0,0,1,0
3818,545.3,0,1,0
3819,,0,3,0
3820,7.5,0,1,0
3821,48.5,0,2,0
3822,44.9,0,1,0
3823,,0,1,0
3824,50.0,0,1,0
3825,7.75,0,1,0
3826,1.8,0,2,0
3827,,0,2,0
3828,,0,3,0
3829,,0,1,0
3830,,0,1,0
3831,,0,1,0
3832,,0,1,0
3833,548.0,0,2,0
3834,21.9,1,0,0
3835,759.7,0,1,0
3836,,0,1,0
3837,545.1,0,7,0
3838,3.2,0,1,0
3839,1.7,0,1,0
3840,679.0,1,0,0
3841,,0,1,0
3842,7.5,0,0,1
3843,3.4,0,1,0
3844,46.9,1,0,0
3845,1.95,0,3,0
3846,50.0,0,2,0
3847,4.3,0,2,0
3848,25.5,0,0,1
3849,30.0,0,1,0
3850,0.8,1,1,0
3851,2.8,0,1,0
3852,,0,1,0
3853,,0,2,0
3854,,0,1,0
3855,193.6,0,2,0
3856,192.95,0,3,0
3857,0.4,0,1,0
3858,,0,1,0
3859,,0,1,0
3860,,0,2,0
3861,,0,1,0
3862,8.0,0,1,0
3863,,0,1,0
3864,6.5,0,0,1
3865,21.9,0,1,0
3866,62.0,0,1,0
3867,57.8,0,1,0
3868,,0,1,0
3869,,0,1,0
3870,,0,1,0
3871,,0,2,0
3872,,0,1,0
3873,,1,0,0
3874,58.8,0,1,0
3875,,0,1,0
3876,5.0,1,1,0
3877,61.3,0,1,0
3878,18.3,0,1,0
3879,207.2,0,1,0
3880,207.5,0,4,0
3881,,0,1,0
3882,,0,1,0
3883,,0,1,0
3884,,0,1,0
3885,,0,2,0
3886,,0,1,0
3887,,0,1,0
3888,207.7,0,1,0
3889,199.7,0,2,0
3890,,0,1,0
3891,,0,1,0
3892,,0,1,0
3893,201.8,0,1,0
3894,,0,1,0
3895,,0,1,0
3896,,0,1,0
3897,,0,1,0
3898,4.4,0,1,0
3899,,0,1,0
3900,203.4,1,0,0
3901,205.4,0,1,0
3902,205.8,0,1,0
3903,203.5,0,1,0
3904,201.4,1,0,0
3905,208.1,0,2,0
3906,199.7,0,2,0
3907,,0,1,0
3908,,0,1,0
3909,201.55,0,1,0
3910,200.1,0,2,0
3911,,0,2,0
3912,0.1,0,1,0
3913,,0,1,0
3914,207.5,0,3,0
3915,205.35,0,1,0
3916,,0,1,0
3917,,0,1,0
3918,,0,1,0
3919,,0,1,0
3920,,0,2,0
3921,,0,1,0
3922,,0,1,0
3923,,0,1,0
3924,,0,1,0
3925,,0,1,0
3926,,0,1,0
3927,,0,1,0
3928,,0,1,0
3929,,0,1,0
3930,,0,2,0
3931,,0,1,0
3932,,0,2,0
3933,,0,1,0
3934,,0,3,0
3935,,0,1,0
3936,,0,1,0
3937,,0,1,0
3938,,0,1,0
3939,,0,1,0
3940,,0,1,0
3941,,0,1,0
3942,,0,2,0
3943,,0,1,0
3944,,0,1,0
3945,10.45,0,1,0
3946,25.5,0,1,0
3947,26.0,1,0,0
3948,2.9,0,1,0
3949,6.0,0,1,0
3950,28.0,0,1,0
3951,26.3,0,1,0
3952,1.8,0,1,0
3953,1.8,0,1,0
3954,23.9,0,1,0
3955,41.6,0,1,0
3956,36.8,0,1,0
3957,36.78,0,1,0
3958,38.1,1,0,0
3959,53.8,0,1,0
3960,2.5,1,0,0
3961,1.3,0,1,0
3962,0.1,0,2,0
3963,692.5,0,1,0
3964,692.2,0,1,0
3965,545.0,0,2,0
3966,,0,1,0
3967,,0,1,0
3968,,0,1,0
3969,,0,1,0
3970,,1,0,0
3971,692.1,0,3,0
3972,,0,1,0
3973,,0,1,0
3974,,0,1,0
3975,,0,3,0
3976,,0,3,0
3977,692.2,0,4,0
3978,,0,1,0
3979,3.5,0,1,0
3980,1.1,1,0,0
3981,1.5,0,1,0
3982,2.7,0,1,0
3983,2.1,0,1,0
3984,0.8,0,1,0
3985,0.8,0,2,0
3986,743.0,0,1,0
3987,743.0,0,1,0
3988,3.9,0,1,0
3989,3.9,0,1,0
3990,21.9,0,3,0
3991,2.0,0,5,0
3992,1.3,0,1,0
3993,15.5,0,1,0
3994,0.3,0,4,0
3995,2.2,0,1,0
3996,1.0,0,1,0
3997,1.6,0,1,0
3998,15.9,0,1,0
3999,7.5,0,2,0
4000,11.1,1,0,0
4001,14.4,0,1,0
4002,47.0,0,1,0
4003,14.8,0,1,0
4004,12.9,0,4,0
4005,13.7,0,1,0
4006,6.0,0,1,0
4007,74.7,1,0,0
4008,3.8,0,0,1
4009,74.5,0,1,0
4010,5.5,0,1,0
4011,7.0,0,2,0
4012,6.5,0,1,0
4013,74.15,0,2,0
4014,3.0,0,2,0
4015,74.7,0,1,0
4016,,0,1,0
4017,,0,1,0
4018,8.5,0,1,0
4019,1.0,0,1,0
4020,,0,1,0
4021,,0,1,0
4022,,0,2,0
4023,,0,3,0
4024,0.0,0,1,0
4025,,0,1,0
4026,,0,2,0
4027,0.4,0,1,0
4028,,0,1,0
4029,,1,1,0
4030,,0,5,0
4031,,1,0,0
4032,,0,1,0
4033,,0,1,0
4034,,0,1,0
4035,8.7,0,1,0
4036,,0,2,0
4037,0.0,0,1,0
4038,10.9,0,1,0
4039,8.0,0,1,0
4040,6.0,0,1,0
4041,755.2,0,1,0
4042,3.5,0,2,0
4043,14.85,0,1,0
4044,0.0,0,3,0
4045,6.0,0,2,0
4046,22.0,0,1,0
4047,20.3,0,1,0
4048,9.7,0,1,0
4049,5.3,0,2,0
4050,16.8,0,10,0
4051,16.0,0,2,0
4052,0.5,0,1,0
4053,,0,2,0
4054,,0,1,0
4055,,0,2,0
4056,82.95,1,1,1
4057,,0,1,0
4058,22.0,0,1,0
4059,,0,1,0
4060,11.4,0,1,0
4061,86.2,0,2,0
4062,,1,0,0
4063,,1,0,0
4064,,1,0,0
4065,11.3,0,1,0
4066,11.0,1,0,0
4067,,0,1,0
4068,0.0,0,1,0
4069,,1,0,0
4070,8.8,0,1,0
4071,,0,1,0
4072,11.8,0,1,0
4073,91.8,0,1,0
4074,,0,1,0
4075,88.9,0,5,0
4076,,0,1,0
4077,91.8,0,1,0
4078,,0,1,0
4079,88.2,0,2,0
4080,89.74,2,2,0
4081,,1,0,0
4082,11.8,0,1,0
4083,,0,1,0
4084,90.4,0,1,0
4085,11.8,0,1,0
4086,,0,1,0
4087,88.1,0,1,0
4088,81.15,0,3,0
4089,11.8,0,2,0
4090,11.4,0,1,0
4091,,0,1,0
4092,,0,1,0
4093,,0,3,0
4094,,0,1,0
4095,88.2,0,2,0
4096,77.7,0,5,0
4097,88.15,0,1,0
4098,19.5,0,1,0
4099,,0,1,0
4100,,0,1,0
4101,88.1,0,1,0
4102,89.9,0,1,0
4103,88.1,1,0,0
4104,3.5,0,2,0
4105,4.5,0,1,0
4106,,0,1,0
4107,0.9,0,1,0
4108,,1,8,0
4109,486.0,1,1,0
4110,,0,1,0
4111,,0,1,0
4112,1.6,0,2,0
4113,0.0,0,1,0
4114,,1,0,0
4115,0.0,0,1,0
4116,,0,1,0
4117,489.0,0,2,0
4118,,0,1,0
4119,,0,1,0
4120,3.3,0,1,0
4121,0.8,0,1,0
4122,0.0,0,1,0
4123,485.6,0,3,0
4124,3.1,0,1,0
4125,0.0,0,1,0
4126,0.6,0,1,0
4127,0.8,0,1,0
4128,197.2,0,1,0
4129,198.1,0,5,0
4130,,1,0,0
4131,,0,1,0
4132,196.75,0,2,0
4133,197.15,0,3,0
4134,5.5,0,1,0
4135,0.7,0,1,0
4136,,0,1,0
4137,,0,1,0
4138,193.0,0,1,0
4139,198.0,0,1,0
4140,192.0,0,2,0
4141,,0,1,0
4142,191.7,0,2,0
4143,13.72,0,1,0
4144,39.8,0,1,0
4145,41.3,0,1,0
4146,35.0,0,1,0
4147,34.0,0,1,0
4148,0.5,1,0,0
4149,32.0,0,1,0
4150,3.0,1,0,0
4151,8.7,0,1,0
4152,182.8,0,0,1
4153,0.1,0,1,0
4154,1.5,0,2,0
4155,4.11,0,1,0
4156,4.1,0,2,0
4157,2.7,0,1,0
4158,0.1,0,0,1
4159,0.7,0,1,0
4160,481.8,0,1,0
4161,11.7,1,2,0
4162,11.1,0,1,0
4163,480.0,0,2,0
4164,1.3,0,1,0
4165,478.6,0,2,2
4166,11.8,0,1,0
4167,3.0,1,0,0
4168,17.3,0,1,0
4169,0.21,0,1,0
4170,11.0,0,1,0
4171,10.8,0,1,0
4172,,0,0,1
4173,5.5,0,3,0
4174,23.5,0,4,0
4175,,0,1,0
4176,,0,1,0
4177,,0,2,0
4178,,0,1,0
4179,,0,1,0
4180,,0,1,0
4181,55.9,0,2,0
4182,55.0,0,3,0
4183,9.8,0,1,0
4184,63.4,1,0,0
4185,8.0,0,1,0
4186,,0,1,0
4187,,0,1,0
4188,,0,1,0
4189,,0,1,0
4190,,0,2,0
4191,,0,1,0
4192,,0,2,0
4193,,0,1,0
4194,,0,1,0
4195,,0,1,0
4196,,0,2,0
4197,,0,1,0
4198,,0,1,0
4199,,0,4,0
4200,6.5,0,1,0
4201,63.8,0,1,0
4202,9.0,0,1,0
4203,8.7,0,1,0
4204,55.1,0,1,0
4205,23.0,0,1,0
4206,57.2,0,2,0
4207,53.9,0,1,0
4208,55.1,0,3,0
4209,63.2,0,1,0
4210,63.8,0,1,0
4211,57.0,0,4,0
4212,4.2,1,0,0
4213,57.2,0,2,0
4214,56.2,0,2,0
4215,57.2,0,0,1
4216,54.0,0,1,0
4217,52.85,0,3,0
4218,2.7,0,1,0
4219,56.6,0,3,0
4220,62.0,0,1,0
4221,56.3,0,2,0
4222,7.7,0,1,0
4223,55.6,0,2,0
4224,57.5,0,0,1
4225,0.1,0,1,0
4226,54.1,0,1,0
4227,13.5,0,2,0
4228,56.5,0,1,0
4229,52.8,0,1,0
4230,5.5,0,1,0
4231,54.0,0,4,0
4232,56.1,0,1,0
4233,70.0,0,1,0
4234,9.2,1,0,0
4235,,0,1,0
4236,,0,2,0
4237,,0,1,0
4238,,0,1,0
4239,,0,2,0
4240,,0,1,0
4241,,0,1,0
4242,,0,1,0
4243,,0,1,0
4244,,0,1,0
4245,,0,1,0
4246,,0,1,0
4247,,0,4,0
4248,,0,1,0
4249,,0,1,0
4250,,0,2,0
4251,,0,2,0
4252,,0,2,0
4253,,0,2,0
4254,,0,2,0
4255,,0,1,0
4256,,0,2,0
4257,0.0,0,1,0
4258,,0,1,0
4259,,0,1,0
4260,,0,1,0
4261,,0,1,0
4262,7.3,2,0,0
4263,6.5,0,1,0
4264,,0,1,0
4265,,0,1,0
4266,,0,1,0
4267,,0,1,0
4268,,0,1,0
4269,,0,2,0
4270,,0,1,0
4271,,0,1,0
4272,,0,1,0
4273,,0,4,0
4274,,0,1,0
4275,,0,2,0
4276,,0,1,0
4277,,0,1,0
4278,,0,1,0
4279,0.0,0,1,0
4280,,0,6,0
4281,,0,6,0
4282,,0,1,0
4283,,0,1,0
4284,,0,1,0
4285,,0,1,0
4286,,0,2,0
4287,,0,1,0
4288,54.8,0,1,0
4289,,0,1,0
4290,,0,2,0
4291,,0,2,0
4292,,0,1,0
4293,,0,2,0
4294,,0,2,0
4295,,0,1,0
4296,,0,1,0
4297,,0,1,0
4298,,0,1,0
4299,,0,1,0
4300,,0,1,0
4301,,0,1,0
4302,,0,1,0
4303,,0,1,0
4304,,0,1,0
4305,,0,1,0
4306,,0,1,0
4307,,0,1,0
4308,,0,1,0
4309,,0,2,0
4310,,0,1,0
4311,,0,1,0
4312,,0,1,0
4313,,0,1,0
4314,,0,1,0
4315,,0,1,0
4316,,0,1,0
4317,,0,1,0
4318,,0,1,0
4319,,0,1,0
4320,,0,1,0
4321,,0,2,0
4322,,0,1,0
4323,,1,1,0
4324,,0,1,0
4325,,0,2,0
4326,,0,2,0
4327,,0,1,0
4328,,0,1,0
4329,,0,1,0
4330,,1,0,0
4331,,0,1,0
4332,,1,0,0
4333,,0,2,0
4334,,1,0,0
4335,,0,1,0
4336,,1,0,0
4337,,0,1,0
4338,,0,1,0
4339,,0,2,0
4340,,0,1,0
4341,,0,1,0
4342,,0,2,0
4343,,0,1,0
4344,,1,0,0
4345,,1,0,0
4346,,1,0,0
4347,,0,1,0
4348,,0,2,0
4349,,1,0,0
4350,,1,0,0
4351,,0,2,0
4352,,0,3,0
4353,,0,1,0
4354,,0,1,0
4355,,0,1,0
4356,1.0,0,1,0
4357,,0,1,0
4358,,0,1,0
4359,,0,1,0
4360,,0,1,0
4361,,0,1,0
4362,,0,1,0
4363,,0,1,0
4364,,1,0,0
4365,,0,1,0
4366,41.9,1,0,0
4367,,1,0,0
4368,0.5,0,2,0
4369,,1,1,0
4370,,1,0,0
4371,,1,0,0
4372,201.0,0,1,0
4373,137.15,0,1,0
4374,665.7,0,1,0
4375,142.4,0,9,0
4376,658.0,2,1,1
4377,662.6,0,1,0
4378,143.25,2,1,0
4379,143.5,0,1,0
4380,36.8,0,1,0
4381,5.6,0,1,0
4382,141.9,0,6,0
4383,660.1,1,0,0
4384,140.4,0,1,0
4385,,0,1,0
4386,,0,1,0
4387,169.1,0,2,0
4388,29.1,2,0,1
4389,2.5,0,1,0
4390,180.0,0,2,0
4391,53.2,0,1,0
4392,186.0,0,2,0
4393,172.5,0,2,0
4394,175.6,0,1,0
4395,,0,1,0
4396,,0,2,0
4397,,0,1,0
4398,6.3,0,2,0
4399,186.9,1,0,0
4400,,1,0,0
4401,,1,0,0
4402,,0,1,0
4403,184.5,0,1,0
4404,,0,1,0
4405,,0,1,0
4406,,1,0,0
4407,168.6,2,1,0
4408,,0,3,0
4409,,0,1,0
4410,0.8,0,1,0
4411,,1,0,0
4412,1.8,0,1,0
4413,50.4,1,2,1
4414,173.9,0,1,0
4415,1.9,0,1,0
4416,,0,2,0
4417,,0,1,0
4418,0.1,0,3,0
4419,178.55,0,6,0
4420,185.4,0,3,0
4421,,0,2,0
4422,184.3,0,15,0
4423,,0,1,0
4424,185.0,0,3,0
4425,187.0,0,2,0
4426,40.5,0,1,0
4427,189.0,0,1,0
4428,,0,4,0
4429,,0,1,0
4430,38.7,0,2,0
4431,,0,1,0
4432,,0,1,0
4433,,0,1,0
4434,,0,1,0
4435,,1,0,0
4436,190.45,0,2,0
4437,48.9,0,2,0
4438,8.5,0,1,0
4439,0.7,0,1,0
4440,40.5,0,1,0
4441,42.6,0,1,0
4442,3.4,0,2,0
4443,31.0,0,1,0
4444,2.5,0,1,0
4445,39.5,0,1,0
4446,44.0,0,1,0
4447,43.4,1,0,0
4448,1.0,0,1,0
4449,768.6,1,0,0
4450,0.0,0,1,0
4451,1.1,0,1,0
4452,0.5,0,1,0
4453,6.0,0,1,0
4454,0.8,1,3,0
4455,3.5,2,0,0
4456,4.9,0,1,0
4457,,0,1,0
4458,2.8,0,1,0
4459,3.4,0,1,0
4460,6.5,1,0,0
4461,2.9,0,1,0
4462,8.5,0,1,0
4463,2.9,0,1,0
4464,0.9,1,1,0
4465,,0,1,0
4466,537.0,0,1,0
4467,534.5,0,2,0
4468,1.1,0,1,0
4469,533.3,0,1,0
4470,1.0,0,2,0
4471,533.55,0,4,0
4472,534.5,0,1,0
4473,539.2,0,1,0
4474,1.0,0,1,0
100341,445.1,1,2,0
100342,,0,0,1
100343,,1,0,0
100344,,1,0,0
100345,,1,0,0
100346,,1,0,0
100347,,1,0,0
100348,,0,1,0
100349,0.5,0,1,0
100350,,0,1,0
100351,,1,0,0
100352,,0,1,0
100353,,0,1,0
100354,6.5,0,3,0
100355,,0,1,0
100356,,0,1,0
100357,,0,1,0
100358,,0,1,0
100359,,0,2,0
100360,12.9,0,1,0
100361,,0,1,0
100362,,0,1,0
100363,,0,1,0
100364,4.0,0,3,0
100365,,0,1,0
100366,,0,1,0
100367,,0,1,0
100368,,0,4,0
100369,,0,1,0
100370,,0,1,0
100371,,0,5,0
100372,,0,1,0
100373,,0,1,0
100374,,1,0,0
100375,731.0,0,1,0
100376,22.3,0,1,0
100377,729.0,1,0,0
100378,,0,1,0
100379,,0,1,0
100380,,0,1,0
100381,,0,2,0
100382,,0,1,0
100383,,0,2,0
100384,,0,1,0
100385,,0,1,0
100386,,0,1,0
100387,,1,0,0
100388,,0,1,0
100389,,0,2,0
100390,,0,1,0
100391,,0,1,0
100392,,0,1,0
100393,,0,2,0
100394,,0,1,0
100395,,0,1,0
100396,2.5,1,0,0
100397,0.9,0,1,0
100398,,0,1,0
100399,,1,0,0
100400,,0,1,0
100401,,0,1,0
100402,,0,1,0
100403,,0,1,0
100404,,0,1,0
100405,,0,1,0
100406,,0,1,0
100407,,0,1,0
100408,,0,1,0
100409,,0,1,0
100410,,0,1,0
100411,,0,1,0
100412,,0,1,0
100413,,0,0,1
100414,,0,1,0
100415,,0,1,0
100416,,0,0,1
100417,,1,0,0
100418,,0,2,0
100419,,0,1,0
100420,,0,2,0
100421,,0,1,0
100422,,0,2,0
100423,,0,0,1
100424,,0,1,1
100425,,0,1,0
100426,26.8,0,3,0
100427,,0,0,1
1387,53.2,0,2,0
1388,10.7,0,1,0
1389,5.9,0,1,0
1390,5.4,0,2,0
1391,0.8,0,2,0
1392,1.0,0,1,0
1393,6.0,0,1,0
1394,5.0,0,1,0
1395,6.7,0,1,0
1396,6.2,1,0,1
1397,7.8,0,1,0
1398,0.8,0,1,0
1399,9.4,0,1,0
1400,10.0,0,1,0
1401,1.0,0,0,1
1402,11.0,0,1,0
1403,698.3,0,1,0
1404,,0,1,0
1405,,0,3,0
1406,9.7,0,1,0
1407,0.5,0,1,0
1408,697.4,0,3,0
1409,,0,1,0
1410,3.9,0,1,0
1411,13.4,0,1,0
1412,697.0,0,1,0
1413,0.0,0,2,0
1414,697.4,0,3,0
1415,697.7,0,2,0
1416,697.4,0,4,0
1417,9.7,0,2,0
1418,6.1,0,2,0
1419,8.3,1,0,0
1420,697.4,0,1,0
1421,1.0,0,1,0
1422,535.0,0,1,0
1423,537.0,0,1,0
1424,,0,2,0
1425,,0,1,0
1426,,0,1,0
1427,,0,1,0
1428,,0,1,0
1429,,0,1,0
1430,45.9,1,0,0
1431,41.5,0,1,0
1432,47.1,0,1,0
1433,44.0,0,1,0
1434,3.0,0,1,0
1435,30.0,0,1,0
1436,30.5,0,1,0
1437,30.0,0,1,0
1438,34.8,0,1,0
1439,30.0,0,1,0
1440,32.2,0,1,0
1441,,0,1,0
1442,,0,1,0
1443,,0,0,1
1444,797.4,0,1,0
1445,,0,1,0
1446,,1,0,0
1447,35.0,0,1,0
1448,,0,1,0
1449,,1,0,0
1450,2.6,0,1,1
1451,,0,1,0
1452,452.0,0,1,0
1453,445.5,0,1,0
1454,,0,1,0
1455,,0,1,0
1456,,0,1,0
1457,,0,1,0
1458,,1,0,0
1459,,0,1,0
1460,445.0,0,1,0
1461,,0,1,0
1462,,0,2,0
1463,,1,0,0
1464,,0,1,0
1465,,0,1,0
1466,,1,0,0
1467,,0,1,0
1468,451.0,0,1,0
1469,,0,1,0
1470,,0,2,0
1471,797.5,0,1,0
1472,,0,1,0
1473,9.4,0,1,0
1474,,0,1,0
1475,,0,1,0
1476,,0,1,0
1477,445.3,0,1,0
1478,,0,1,0
1479,,0,1,0
1480,443.6,0,1,0
1481,,0,1,0
1482,,0,1,0
1483,798.4,0,1,0
1484,,0,1,0
1485,,0,1,0
1486,,1,0,0
1487,,0,1,0
1488,,0,1,0
1489,,1,0,0
1490,,0,2,0
1491,,0,1,0
1492,,0,1,0
1493,,0,1,0
1494,13.75,0,1,0
1495,0.3,0,1,0
1496,3.1,0,1,0
1497,,0,1,0
1498,,1,0,0
1499,,1,0,0
1500,,0,1,0
1501,152.6,0,1,0
1502,,0,1,0
1503,,0,1,0
1504,643.6,0,1,0
1505,,1,1,0
1506,,2,0,0
1507,,0,1,0
1508,,1,0,0
1509,,0,1,0
1510,,0,1,0
1511,,1,0,0
1512,,0,3,0
1513,152.7,0,1,0
1514,153.4,0,1,0
1515,153.7,0,1,0
1516,153.4,0,1,0
1517,645.8,0,1,0
1518,153.5,0,2,0
1519,645.4,0,1,0
1520,,1,0,0
1521,,0,1,0
1522,,0,1,0
1523,0.9,0,4,0
1524,,1,0,0
1525,2.0,0,2,0
1526,152.7,0,1,0
1527,,1,3,0
1528,1.0,0,1,0
1529,,0,1,0
1530,153.5,0,1,0
1531,,0,1,0
1532,,0,1,0
1533,,0,2,0
1534,6.2,0,1,0
1535,0.0,0,1,0
1536,10.0,0,1,0
1537,4.9,0,1,0
1538,17.4,0,1,0
1539,13.2,0,1,0
1540,1.0,0,1,0
1541,5.3,0,1,0
1542,22.0,0,1,0
1543,15.5,0,3,0
1544,,3,0,0
1545,6.5,0,2,0
1546,13.2,0,1,0
1547,229.5,0,0,1
1548,236.7,0,1,0
1549,3.2,0,1,0
1550,3.8,0,1,0
1551,15.7,0,1,0
1552,14.1,0,2,0
1553,0.0,1,0,1
1554,,1,0,0
1555,,1,0,0
1556,17.2,0,4,0
1557,,1,0,0
1558,8.9,1,0,0
1559,,0,1,0
1560,0.2,0,3,0
1561,6.8,0,1,0
1562,0.1,0,1,0
1563,5.0,0,2,0
1564,236.4,0,2,0
1565,238.8,0,5,0
1566,0.4,0,1,0
1567,15.7,0,4,0
1568,0.8,0,1,0
1569,0.0,0,1,0
1570,,1,0,0
1571,100.5,1,0,0
1572,237.1,0,4,0
1573,,0,0,1
1574,1.3,0,1,0
1575,,1,0,0
1576,9.2,0,2,0
1577,236.5,0,2,0
1578,7.5,0,1,0
1579,235.0,1,0,0
1580,7.7,0,1,0
1581,,0,1,0
1582,,0,1,0
1583,10.7,0,1,0
1584,,0,1,0
1585,,0,0,1
1586,233.9,0,1,0
1587,,1,0,0
1588,2.0,0,1,0
1589,7.5,0,1,0
1590,0.3,0,1,0
1591,,1,0,0
1592,,1,0,0
1593,,2,0,0
1594,6.5,0,1,0
1595,17.2,0,1,0
1596,516.5,0,1,0
1597,14.9,0,1,0
1598,233.2,0,1,0
1599,1.5,0,3,0
1600,4.3,0,1,0
1601,17.4,0,1,0
1602,7.5,0,2,0
1603,0.0,0,2,0
1604,7.0,0,5,0
1605,17.5,0,1,0
1606,234.0,0,1,0
1607,,1,0,0
1608,0.0,0,1,0
1609,6.5,0,4,0
1610,235.9,0,1,0
1611,6.5,0,1,0
1612,15.0,0,1,0
1613,9.6,0,1,0
1614,691.0,1,0,0
1615,,1,0,0
1616,,1,0,0
1617,1.9,0,1,0
1618,,1,0,0
1619,,1,0,0
1620,,1,1,0
1621,,1,0,0
1622,,1,0,0
1623,6.0,0,2,0
1624,236.0,0,2,1
1625,2.1,0,1,0
1626,8.2,0,1,0
1627,0.0,0,1,0
1628,0.8,0,1,0
1629,,0,1,1
1630,1.9,0,1,0
1631,6.5,0,1,0
1632,3.8,0,1,0
1633,235.3,0,5,0
1634,1.7,0,1,0
1635,13.4,1,0,0
1636,,1,0,0
1637,,1,0,0
1638,15.7,0,1,0
1639,,1,0,0
1640,229.3,0,1,0
1641,0.0,0,1,0
1642,230.9,0,1,0
1643,9.5,0,1,0
1644,0.5,0,3,0
1645,14.3,0,2,0
1646,15.2,0,1,0
1647,13.8,0,1,0
1648,6.5,0,1,0
1649,10.8,0,1,0
1650,8.2,1,0,0
1651,16.6,0,2,0
1652,0.3,0,1,0
1653,16.5,0,1,0
1654,2.92,0,1,0
1655,2.4,0,3,0
1656,,1,0,0
1657,11.0,0,1,0
1658,2.7,0,1,0
1659,231.4,0,1,0
1660,6.5,0,1,0
1661,0.3,0,1,0
1662,0.3,0,1,0
1663,742.2,0,1,0
1664,8.5,0,1,0
1665,742.2,0,1,0
1666,8.7,0,1,0
1667,5.5,1,0,0
1668,8.0,0,2,0
1669,9.4,0,1,0
1670,736.2,0,1,0
1671,1.2,0,1,0
1672,18.4,0,1,0
1673,638.5,0,1,0
1674,160.5,0,1,0
1675,638.3,0,1,0
1676,21.8,0,1,0
1677,154.8,0,1,0
1678,,0,1,0
1679,,0,1,0
1680,,0,1,0
1681,,0,2,0
1682,21.5,0,4,0
1683,157.7,0,1,0
1684,,1,0,0
1685,,0,1,0
1686,,0,2,0
1687,,0,1,0
1688,161.5,0,1,0
1689,2.8,0,1,0
1690,162.4,1,0,0
1691,17.0,0,1,0
1692,,2,0,0
1693,,0,2,0
1694,,1,0,0
1695,,1,0,0
1696,,0,1,0
1697,641.5,1,0,0
1698,155.9,0,1,0
1699,160.6,0,1,0
1700,,0,1,0
1701,,1,0,0
1702,,0,1,0
1703,164.2,0,2,0
1704,,0,1,0
1705,,0,0,1
1706,,0,1,0
1707,,0,1,0
1708,,0,1,0
1709,,0,1,0
1710,2.1,0,1,0
1711,,1,0,0
1712,,0,2,0
1713,,0,1,0
1714,,0,1,0
1715,162.2,0,1,0
1716,,0,1,0
1717,,0,1,0
1718,,0,1,0
1719,,0,1,0
1720,,0,1,0
1721,,0,1,0
1722,,0,1,0
1723,,1,0,0
1724,,0,1,0
1725,,0,1,0
1726,3.4,0,1,0
1727,0.1,0,1,0
1728,5.3,0,0,1
1729,6.2,0,1,0
1730,2.0,0,1,0
1731,3.6,0,1,0
1732,1.0,0,1,0
1733,13.2,0,1,0
1734,0.0,0,1,0
1735,1.7,0,1,0
1736,3.5,1,0,0
1737,4.73,0,2,0
1738,4.8,0,1,0
1739,0.23,0,1,0
1740,,0,1,0
1741,7.5,1,0,0
1742,8.79,0,1,0
1743,9.3,0,1,0
1744,18.3,0,1,0
1745,13.0,0,1,0
1746,15.32,0,1,0
1747,26.1,0,1,0
1748,,0,1,0
1749,2.0,0,4,0
1750,0.0,0,1,0
1751,0.9,0,3,0
1752,5.4,0,1,0
1753,,0,2,0
1754,4.1,0,2,0
1755,1.0,0,3,0
1756,,0,1,0
1757,3.5,0,1,0
1758,2.45,0,2,0
1759,6.2,1,2,0
1760,7.9,0,1,0
1761,7.0,0,1,0
1762,0.0,0,2,0
1763,35.9,1,0,0
1764,36.5,0,1,0
1765,,0,1,0
1766,,0,1,0
1767,,1,1,0
1768,,0,1,0
1769,47.5,0,1,0
1770,,0,1,0
1771,49.5,0,2,0
1772,,0,1,0
1773,,0,1,0
1774,,0,1,0
1775,,0,1,0
1776,,0,1,0
1777,144.9,0,3,0
1778,,0,1,0
1779,,1,0,0
1780,,0,1,0
1781,,0,1,0
1782,49.0,0,1,0
1783,,0,1,0
1784,,0,3,0
1785,,0,3,0
1786,,0,1,0
1787,,0,1,0
1788,,0,1,0
1789,48.8,0,1,0
1790,49.0,0,1,0
1791,,0,1,0
1792,,0,1,0
1793,,0,1,0
1794,144.6,0,0,1
1795,,0,1,0
1796,,0,1,0
1797,,0,1,0
1798,,0,1,0
1799,,0,1,0
1800,,0,1,0
1801,,0,1,0
1802,,0,1,0
1803,,0,4,0
1804,,0,2,0
1805,,0,1,0
1806,4.0,0,1,0
1807,,0,0,1
1808,,0,2,0
1809,,0,1,0
1810,47.3,0,1,0
1811,49.0,0,1,0
1812,,0,1,0
1813,,0,1,0
1814,,0,1,0
1815,,0,1,0
1816,,0,1,0
1817,,0,1,0
1818,,0,1,0
1819,,0,1,0
1820,,0,1,0
1821,,0,1,0
1822,48.4,0,1,0
1823,,0,1,0
1824,,0,1,0
1825,,0,2,0
1826,,1,1,0
1827,,0,2,0
1828,,0,1,0
1829,,0,1,0
1830,49.0,0,2,0
1831,,0,1,0
1832,,0,1,0
1833,49.0,0,1,0
1834,,0,1,0
1835,,1,0,0
1836,,2,0,0
1837,,0,1,0
1838,46.5,0,1,0
1839,49.0,0,1,0
1840,,0,1,0
1841,,0,1,0
1842,,1,0,0
1843,,0,1,0
1844,,0,1,0
1845,,0,1,0
1846,,0,1,0
1847,,0,1,0
1848,,0,1,0
1849,48.5,0,1,0
1850,,0,1,0
1851,,0,2,0
1852,,0,1,0
1853,,0,1,0
1854,,0,1,0
1855,,0,1,0
1856,,0,1,0
1857,,0,1,0
1858,,0,1,0
1859,,0,2,0
1860,,0,1,0
1861,,0,2,0
1862,,0,2,0
1863,,0,1,0
1864,148.0,0,2,0
1865,,0,2,0
1866,,0,1,0
1867,,1,0,0
1868,,0,1,0
1869,652.0,0,2,0
1870,,0,1,0
1871,,0,1,0
1872,47.8,0,1,0
1873,,1,0,0
1874,,0,1,0
1875,,0,1,0
1876,,0,1,0
1877,150.7,0,4,0
1878,,0,1,0
1879,,0,4,0
1880,,0,1,0
1881,,0,1,0
1882,,1,1,0
1883,50.0,0,1,0
1884,,0,1,0
1885,,0,1,0
1886,50.4,0,1,0
1887,,0,1,0
1888,50.4,0,1,0
1889,,0,2,0
1890,,0,1,0
1891,,0,2,0
1892,,0,1,0
1893,,0,1,0
1894,,0,1,0
1895,,0,1,0
1896,,0,1,0
1897,,0,1,0
1898,144.5,0,1,0
1899,,0,1,0
1900,,0,2,0
1901,,0,1,0
1902,147.8,1,0,0
1903,,0,1,0
1904,,0,1,0
1905,,0,1,0
1906,,0,1,0
1907,,0,1,0
1908,0.1,1,0,0
1909,48.5,0,1,0
1910,,1,0,0
1911,,1,0,0
1912,150.5,0,1,0
1913,,0,0,1
1914,,0,1,0
1915,,1,1,0
1916,,0,1,0
1917,,0,1,0
1918,,0,3,0
1919,,1,0,0
1920,,1,0,0
1921,,0,2,0
1922,13.15,0,1,0
1923,1.05,0,2,0
1924,12.38,0,1,0
1925,8.0,0,1,0
1926,5.1,0,1,0
1927,7.4,0,1,0
1928,631.3,0,0,1
1929,6.5,0,1,0
1930,622.0,0,1,0
1931,4.0,0,1,0
1932,,0,1,0
1933,621.0,0,1,0
1934,179.9,0,1,0
1935,621.0,0,1,0
1936,,0,1,0
1937,11.2,0,1,0
1938,6.95,1,2,0
1939,6.7,0,3,0
1940,6.5,0,1,0
1941,6.4,0,1,0
1942,,0,1,0
1943,,0,4,0
1944,,1,0,0
1945,0.3,1,0,0
1946,1.3,0,1,0
1947,6.0,0,1,0
1948,6.5,0,1,0
1949,4.5,0,4,0
1950,4.9,0,2,0
1951,16.6,0,1,0
1952,45.6,1,0,0
1953,2.5,0,1,0
1954,9.5,0,1,0
1955,1.7,0,1,0
1956,11.6,0,2,0
1957,5.7,0,1,0
1958,11.2,0,2,0
1959,0.9,0,2,0
1960,166.0,0,1,0
1961,167.1,1,1,0
1962,1.8,0,1,0
1963,165.2,0,1,0
1964,165.0,0,1,0
1965,0.6,0,1,0
1966,1.0,0,2,0
1967,631.8,0,1,0
1968,53.1,0,1,0
1969,13.2,0,1,0
1970,11.5,0,1,0
1971,13.6,1,0,0
1972,49.7,0,1,0
1973,53.6,0,3,0
1974,0.0,0,1,0
1975,692.7,0,1,0
1976,,0,1,0
1977,,0,1,0
1978,692.8,0,1,0
1979,1.3,0,1,0
1980,0.0,0,1,0
1981,8.6,0,1,0
1982,0.3,0,1,0
1983,0.0,0,2,0
1984,,1,0,0
1985,,0,1,0
1986,0.4,0,2,0
1987,693.1,0,2,0
1988,,0,1,0
1989,,0,1,0
1990,,0,1,0
1991,,0,1,0
1992,,0,1,0
1993,,0,1,0
1994,,0,1,0
1995,,0,1,0
1996,,0,1,0
1997,,0,2,0
1998,,0,2,0
1999,,0,1,0
2000,4.3,0,1,0
2001,,0,1,0
2002,692.7,0,2,0
2003,670.0,0,1,0
2004,,0,1,0
2005,,0,1,0
2006,,0,1,0
2007,1.4,0,1,0
2008,13.5,0,1,0
2009,678.4,0,1,0
2010,13.5,0,1,0
2011,128.3,3,0,2
2012,0.9,0,4,0
2013,0.4,0,1,0
2014,0.5,0,1,0
2015,672.4,0,2,0
2016,,0,1,0
2017,,0,1,0
2018,,1,0,0
2019,,1,0,0
2020,,1,0,0
2021,671.4,0,1,0
2022,,0,1,0
2023,6.8,0,1,0
2024,31.14,0,1,0
2025,0.0,1,1,0
2026,,0,1,0
2027,2.1,0,1,0
2028,471.5,1,0,0
2029,4.8,0,1,0
2030,6.8,0,1,0
2031,9.2,0,1,0
2032,477.9,0,0,1
2033,16.4,0,2,0
2034,6.3,0,2,0
2035,1.92,0,1,0
2036,9.0,0,1,0
2037,10.0,0,1,0
2038,10.1,0,1,0
2039,734.2,0,1,0
2040,57.0,0,2,0
2041,733.4,1,1,0
2042,734.2,0,1,0
2043,800.3,0,1,0
2044,800.0,0,1,0
2045,,0,1,0
2046,,2,0,0
2047,438.8,0,1,0
2048,798.1,0,1,0
2049,441.0,0,1,0
2050,798.8,0,1,0
2051,0.0,0,1,0
2052,1.05,0,1,0
2053,0.01,0,1,0
2054,,0,1,0
2055,4.3,0,2,0
2056,802.7,0,1,0
2057,3.8,0,1,0
2058,693.8,0,1,0
2059,,0,1,0
2060,542.5,0,1,0
2061,,0,1,0
2062,541.1,0,1,0
2063,541.7,0,1,0
2064,,0,1,0
2065,,0,2,0
2066,542.5,0,2,0
2067,,0,1,0
2068,538.0,0,2,0
2069,695.0,1,4,2
2070,10.1,0,1,0
2071,,0,1,0
2072,4.3,0,1,0
2073,706.7,1,3,0
2074,528.7,0,1,0
2075,713.0,0,1,0
2076,529.4,0,1,0
2077,707.7,0,1,0
2078,528.3,0,0,3
2079,524.7,0,1,0
2080,10.7,0,1,0
2081,532.1,0,2,0
2082,529.8,0,2,0
2083,528.5,0,1,0
2084,706.8,0,1,0
2085,528.5,0,2,0
2086,4.5,0,1,0
2087,710.0,0,1,0
2088,0.0,0,2,0
2089,,0,1,0
2090,529.6,0,2,0
2091,531.7,0,1,0
2092,,0,1,0
2093,,0,1,0
2094,,0,1,0
2095,738.0,0,1,0
2096,740.0,0,1,0
2097,2.7,0,1,0
2098,17.2,1,0,0
2099,17.05,0,1,0
2100,5.5,0,1,0
2101,4.5,0,1,0
2102,9.7,0,1,0
2103,4.6,1,0,0
2104,2.2,0,1,0
2105,5.0,1,0,0
2106,8.38,2,2,0
2107,4.3,1,0,0
2108,3.5,0,3,0
2109,,1,0,0
2110,3.5,0,1,0
2111,,1,0,0
2112,4.86,1,0,0
2113,,1,0,1
2114,,0,1,0
2115,,0,2,0
2116,7.0,0,2,0
2117,5.0,0,1,0
2118,,0,1,0
2119,,1,0,0
2120,,0,1,0
2121,,0,1,0
2122,,1,0,0
2123,3.0,0,1,0
2124,6.2,0,1,0
2125,6.8,0,1,0
2126,,0,1,0
2127,,0,1,0
2128,,0,1,0
2129,,0,2,0
2130,7.0,0,1,0
2131,2.6,0,3,0
2132,,0,0,1
2133,,0,1,0
2134,,0,1,0
2135,,1,0,0
2136,,0,1,0
2137,,0,1,0
2138,,0,1,0
2139,,0,1,0
2140,5.6,0,1,0
2141,,0,1,0
2142,,0,1,0
2143,3.5,0,1,0
2144,,0,1,0
2145,1.0,1,0,0
2146,,0,1,0
2147,,0,1,0
2148,,0,1,0
2149,,0,1,0
2150,,0,1,0
2151,,0,1,0
2152,,0,1,0
2153,,0,2,0
2154,,0,1,0
2155,3.0,0,3,0
2156,2.0,0,1,0
2157,,1,0,0
2158,,0,1,0
2159,,0,1,0
2160,,1,1,0
2161,,0,1,0
2162,2.0,1,1,0
2163,6.9,0,2,0
2164,,1,0,0
2165,6.9,0,1,0
2166,0.5,0,1,0
2167,1.8,1,1,0
2168,13.9,1,1,0
2169,16.25,1,0,0
2170,1.2,0,2,0
2171,724.5,0,1,0
2172,10.4,0,1,0
2173,0.4,0,3,0
2174,4.2,0,1,0
2175,10.1,0,1,0
2176,8.5,0,1,0
2177,0.6,0,1,0
2178,523.1,0,1,0
2179,22.3,0,1,0
2180,6.0,0,2,0
2181,730.5,0,1,0
2182,97.7,0,0,1
2183,7.1,0,1,0
2184,11.3,0,1,0
2185,726.5,0,1,0
2186,23.5,0,0,1
2187,729.0,0,1,0
2188,12.8,1,0,0
2189,0.5,0,1,0
2190,24.0,0,2,0
2191,6.8,0,1,0
2192,3.0,0,2,0
2193,11.5,0,2,0
2194,523.4,0,2,0
2195,,0,0,1
2196,713.8,0,5,0
2197,730.3,0,1,0
2198,2.6,0,1,0
2199,730.1,0,1,0
2200,1.8,0,1,0
2201,508.0,0,1,0
2202,4.0,0,1,0
2203,518.6,1,0,0
2204,14.3,0,1,0
2205,9.0,0,1,0
2206,730.4,0,1,0
2207,,0,0,1
2208,5.5,0,2,0
2209,7.9,0,1,0
2210,6.8,0,1,0
2211,1.6,0,1,0
2212,715.0,0,1,0
2213,2.8,0,1,0
2214,4.1,0,2,0
2215,508.2,0,1,0
2216,0.4,0,1,0
2217,10.5,0,1,0
2218,0.1,0,1,0
2219,510.7,0,1,0
2220,22.0,0,1,0
2221,7.5,0,1,0
2222,713.7,0,1,0
2223,6.15,0,3,0
2224,30.1,0,1,0
2225,1.0,0,1,0
2226,0.0,0,1,0
2227,1.5,0,1,0
2228,9.6,0,1,0
2229,2.9,1,0,0
2230,1.2,0,1,0
2231,1.9,0,1,0
2232,0.1,0,1,0
2233,8.3,0,2,0
2234,9.5,1,4,0
2235,7.4,0,4,0
2236,3.1,0,1,0
2237,6.2,0,1,0
2238,730.5,0,1,0
2239,5.4,0,2,0
2240,27.2,0,1,0
2241,2.9,0,1,0
2242,10.0,0,1,0
2243,5.5,0,2,0
2244,25.0,0,2,0
2245,1.5,0,1,0
2246,0.5,0,1,0
2247,11.0,0,1,0
2248,5.5,0,2,0
2249,0.2,0,1,0
2250,97.2,0,1,0
2251,92.8,0,1,0
2252,6.4,0,2,0
2253,8.4,0,1,0
2254,4.7,0,1,0
2255,16.8,0,1,0
2256,714.3,1,0,0
2257,1.1,0,1,0
2258,515.0,0,1,0
2259,727.1,0,1,0
2260,3.0,0,2,0
2261,522.9,0,1,0
2262,5.3,0,1,0
2263,712.3,0,1,0
2264,7.9,0,1,0
2265,97.5,0,1,0
2266,6.6,0,4,0
2267,523.0,0,2,0
2268,8.0,0,1,0
2269,6.5,0,1,0
2270,2.5,0,1,0
2271,715.0,0,1,0
2272,0.0,0,1,0
2273,2.1,0,1,0
2274,23.6,0,1,0
2275,729.8,0,2,0
2276,14.5,0,1,0
2277,5.5,0,2,0
2278,729.3,0,2,0
2279,13.5,1,0,0
2280,731.0,0,1,0
2281,523.0,0,1,0
2282,18.4,1,0,0
2283,1.2,0,2,0
2284,0.4,0,2,0
2285,24.4,0,1,0
2286,0.0,1,0,0
2287,522.8,0,4,0
2288,6.2,0,2,0
2289,1.8,0,1,0
2290,6.0,0,1,0
2291,7.1,0,1,0
2292,729.3,0,3,0
2293,6.5,0,1,0
2294,13.5,0,1,0
2295,2.34,0,1,0
2296,8.4,0,1,0
2297,14.4,0,1,0
2298,20.8,0,2,0
2299,,0,1,0
2300,,0,2,0
2301,3.6,0,2,0
2302,,0,1,0
2303,,0,1,0
2304,,1,0,0
2305,,1,0,0
2306,,0,1,0
2307,,0,1,0
2308,,0,1,0
2309,,0,1,0
2310,0.7,0,1,1
2311,,0,1,0
2312,,0,1,0
2313,,0,1,0
2314,2.65,0,1,0
2315,,0,1,0
2316,,1,0,1
2317,,0,1,0
2318,,0,1,0
2319,,0,1,0
2320,,0,1,0
2321,,0,2,0
2322,200.2,0,1,0
2323,,0,1,0
2324,,0,2,0
2325,,0,1,0
2326,,2,0,0
2327,,0,1,0
2328,204.6,0,1,0
2329,2.8,0,1,0
2330,,0,1,0
2331,,0,1,0
2332,,0,1,0
2333,,0,1,0
2334,206.7,0,1,0
2335,208.1,0,1,0
2336,202.2,0,1,0
2337,,0,1,0
2338,17.4,0,1,0
2339,144.5,0,5,0
2340,,0,1,0
2341,,0,1,0
2342,144.0,0,1,0
2343,3.5,0,1,0
2344,9.3,0,1,0
2345,144.0,0,3,0
2346,5.9,0,2,0
2347,,0,2,0
2348,,0,2,0
2349,,0,1,0
2350,2.3,0,1,0
2351,11.4,0,1,0
2352,1.85,1,0,0
2353,4.4,0,1,0
2354,,0,1,0
2355,,0,1,0
2356,144.3,0,1,0
2357,,1,0,0
2358,,0,1,0
2359,,0,1,0
2360,,1,0,0
2361,143.9,0,2,0
2362,,0,1,0
2363,,0,1,0
2364,0.7,0,1,0
2365,1.33,1,0,0
2366,616.0,0,1,0
2367,618.3,0,3,0
2368,3.2,0,2,0
2369,1.8,0,3,0
2370,0.2,0,1,0
2371,12.0,0,1,0
2372,69.4,0,1,0
2373,72.1,1,0,0
2374,68.7,0,1,0
2375,21.1,0,1,0
2376,22.7,1,3,0
2377,5.8,0,1,0
2378,0.5,0,2,0
2379,19.5,2,0,0
2380,67.0,0,3,0
2381,4.0,0,2,0
2382,70.1,0,1,0
2383,66.3,0,1,0
2384,1.0,0,0,1
2385,4.01,0,3,0
2386,0.1,0,1,0
2387,0.0,0,1,0
2388,12.3,0,1,0
2389,,0,1,0
2390,,0,1,0
2391,3.2,0,1,0
2392,,0,1,0
2393,,0,1,0
2394,,0,1,0
2395,,0,1,0
2396,,0,1,0
2397,451.5,0,1,0
2398,2.5,0,1,0
2399,460.8,0,3,0
2400,464.9,0,1,0
2401,1.9,0,1,0
2402,,0,1,0
2403,,0,1,0
2404,,0,1,0
2405,2.1,0,1,0
2406,,0,1,0
2407,458.7,0,3,0
2408,1.9,0,1,0
2409,10.5,0,2,0
2410,457.5,0,1,0
2411,460.1,0,2,0
2412,,0,2,0
2413,,0,1,0
2414,,0,1,0
2415,0.7,0,1,0
2416,460.0,0,1,0
2417,458.0,0,1,0
2418,11.5,0,1,0
2419,1.9,1,1,0
2420,8.0,0,1,0
2421,4.0,0,1,0
2422,8.6,0,1,0
2423,3.95,0,1,0
2424,4.4,0,2,0
2425,6.6,1,0,0
2426,11.3,0,1,0
2427,,0,1,0
2428,2.5,0,1,0
2429,8.6,0,1,0
2430,9.8,0,1,0
2431,0.5,2,0,0
2432,10.6,0,1,0
2433,7.2,0,1,0
2434,7.8,0,1,0
2435,,0,0,1
2436,,0,1,0
2437,27.4,1,0,0
2438,12.95,0,1,0
2439,4.0,0,1,0
2440,12.3,1,0,0
2441,20.7,0,1,0
2442,20.0,0,1,0
2443,30.9,0,1,0
2444,18.2,0,1,0
2445,23.5,1,0,0
2446,22.7,0,1,0
2447,20.7,0,1,0
2448,32.3,0,1,0
2449,14.7,0,0,1
2450,22.7,0,1,0
2451,30.8,0,1,0
2452,14.3,0,2,0
2453,20.9,0,1,0
2454,,0,1,0
2455,33.6,0,1,0
2456,11.9,0,1,0
2457,6.6,0,1,0
2458,30.8,0,1,0
2459,22.5,0,1,0
2460,14.35,0,1,0
2461,22.26,0,1,0
2462,10.2,0,1,0
2463,216.6,0,1,0
2464,225.7,0,1,0
2465,1.0,0,2,0
2466,0.0,0,1,0
2467,507.1,0,2,0
2468,12.2,0,1,0
2469,507.4,1,0,1
2470,218.0,0,3,0
2471,10.4,0,1,0
2472,,0,1,0
2473,,0,1,0
2474,,1,2,0
2475,,0,1,0
2476,,0,1,0
2477,,0,1,0
2478,6.5,1,0,0
2479,1.5,0,1,0
2480,1.4,0,1,0
2481,0.5,0,2,0
2482,0.1,0,1,0
2483,1.2,0,1,0
2484,0.8,0,1,0
2485,5.9,0,1,0
2486,,0,3,0
2487,1.8,0,1,0
2488,1.2,0,1,0
2489,2.3,0,2,0
2490,1.0,0,1,0
2491,678.7,0,1,0
2492,0.0,0,2,0
2493,4.0,1,0,1
2494,0.0,0,2,0
2495,2.5,0,1,0
2496,2.3,1,0,0
2497,1.7,0,1,0
2498,1.5,0,1,0
2499,0.37,0,1,0
2500,1.5,0,2,0
2501,0.0,0,1,0
2502,3.78,1,0,0
2503,3.6,0,1,0
2504,,0,2,0
2505,,0,2,0
2506,,0,1,0
2507,,0,1,0
2508,,0,1,0
2509,,0,1,0
2510,,0,1,0
2511,,0,1,0
2512,,0,1,0
2513,687.6,0,1,0
2514,1.5,0,1,0
2515,0.0,0,2,0
2516,806.0,0,1,0
2517,0.0,0,1,0
2518,18.1,0,1,0
2519,1.3,0,1,0
2520,436.0,0,1,0
2521,436.0,0,1,0
2522,0.9,0,1,0
2523,436.9,0,1,0
2524,805.0,0,1,0
2525,1.63,0,1,0
2526,214.7,0,2,0
2527,214.2,0,2,0
2528,7.5,0,6,0
2529,217.0,0,2,0
2530,3.9,0,1,0
2531,210.1,0,2,0
2532,213.9,0,2,0
2533,1.8,0,1,0
2534,0.72,0,1,0
2535,,0,1,0
2536,,0,1,0
2537,,0,1,0
2538,,0,1,0
2539,,0,4,0
2540,,0,2,0
2541,,0,2,0
2542,,0,1,0
2543,,0,1,0
2544,211.9,0,2,1
2545,3.7,0,1,0
2546,17.95,1,0,0
2547,4.8,0,1,0
2548,15.57,0,1,0
2549,211.5,0,1,0
2550,213.0,0,5,0
2551,14.49,0,1,0
2552,195.2,0,1,0
2553,,0,1,0
2554,,0,1,0
2555,,2,0,0
2556,,0,3,0
2557,,0,1,0
2558,0.6,1,0,0
2559,45.7,0,1,0
2560,46.7,0,1,0
2561,45.1,0,1,0
2562,46.2,0,1,0
2563,45.7,0,2,0
2564,3.5,0,1,0
2565,48.0,0,1,0
2566,46.8,0,1,0
2567,46.1,0,1,0
2568,48.0,0,1,0
2569,44.4,1,0,0
2570,19.2,0,1,0
2571,198.0,0,1,0
2572,606.7,0,1,0
2573,196.8,1,0,0
2574,6.5,0,1,0
2575,4.3,1,0,0
2576,1.9,0,1,0
2577,10.0,0,1,0
2578,4.8,0,1,0
2579,0.9,0,1,0
2580,4.5,0,1,0
2581,7.0,0,1,0
2582,4.2,0,1,0
2583,0.0,0,1,0
2584,6.8,0,1,0
2585,3.5,0,1,0
2586,2.6,0,2,0
2587,3.0,0,1,0
2588,,0,1,0
2589,,0,2,0
2590,3.5,0,1,0
2591,1.0,0,2,0
2592,2.5,0,2,0
2593,688.2,0,1,0
2594,0.65,0,1,0
2595,679.3,1,0,0
2596,,0,1,0
2597,6.35,0,4,0
2598,5.0,0,1,0
2599,685.5,0,2,0
2600,550.5,0,2,0
2601,4.9,0,1,0
2602,,0,3,0
2603,,0,2,0
2604,687.0,0,2,0
2605,50.1,0,2,0
2606,3.0,0,2,0
2607,,0,1,0
2608,,0,2,0
2609,,0,1,0
2610,2.0,0,2,0
2611,,0,1,0
2612,,0,1,0
2613,,0,1,0
2614,,1,0,0
2615,2.25,0,1,0
2616,50.0,0,1,0
2617,9.1,0,1,0
2618,7.6,0,1,0
2619,,0,1,0
2620,5.3,0,1,0
2621,,0,1,0
2622,,0,1,0
2623,683.0,0,1,0
2624,1.0,0,1,0
2625,51.6,0,1,0
2626,688.1,0,1,0
2627,1.8,0,1,0
2628,,0,1,0
2629,,0,1,0
2630,6.0,0,1,0
2631,695.6,0,2,0
2632,3.9,0,1,0
2633,683.7,0,1,0
2634,,1,0,0
2635,684.8,0,1,0
2636,0.1,0,1,0
2637,4.0,0,1,0
2638,1.2,0,1,0
2639,768.3,1,0,0
2640,763.0,1,6,0
2641,0.1,1,0,0
2642,687.5,0,2,0
2643,,0,1,0
2644,685.4,0,1,0
2645,,0,1,0
2646,688.4,0,1,0
2647,19.5,0,1,0
2648,0.1,0,3,0
2649,3.15,0,1,0
2650,0.0,0,1,0
2651,48.8,0,2,0
2652,3.85,0,1,0
2653,696.6,0,1,0
2654,50.0,0,3,0
2655,,0,1,0
2656,,0,1,0
2657,,0,1,0
2658,0.5,1,1,0
2659,547.6,0,3,0
2660,0.0,0,1,0
2661,,0,1,0
2662,550.2,0,3,0
2663,,0,2,0
2664,0.3,0,2,0
2665,,0,1,0
2666,,0,3,0
2667,0.6,0,1,0
2668,48.1,0,1,0
2669,4.1,0,1,0
2670,5.1,0,1,0
2671,685.5,0,1,0
2672,,0,1,0
2673,687.5,0,1,0
2674,689.0,0,3,0
2675,4.35,0,1,0
2676,0.1,0,1,0
2677,,0,1,0
2678,550.4,0,2,0
2679,550.6,0,1,0
2680,1.8,1,0,0
2681,3.75,0,3,0
2682,0.25,0,1,0
2683,686.0,0,1,0
2684,687.5,0,2,0
2685,6.1,0,6,0
2686,3.6,0,1,0
2687,761.4,0,1,0
2688,48.8,0,1,0
2689,552.4,1,2,0
2690,551.4,0,2,0
2691,2.9,0,1,0
2692,0.0,0,3,0
2693,2.6,0,2,0
2694,0.3,0,1,0
2695,1.9,0,3,0
2696,1.74,1,0,0
2697,544.9,0,3,0
2698,681.9,0,1,0
2699,4.15,0,1,0
2700,49.2,0,1,0
2701,31.5,0,1,0
2702,48.5,0,1,0
2703,48.5,0,1,0
2704,,0,1,0
2705,191.2,0,1,0
2706,195.7,0,1,0
2707,612.0,0,1,0
2708,,0,1,0
2709,,0,4,0
2710,,0,1,0
2711,,0,1,0
2712,190.9,0,3,0
2713,6.7,0,1,0
2714,192.0,0,1,0
2715,613.4,0,1,0
2716,2.64,0,1,0
2717,8.0,0,1,0
2718,7.0,0,1,0
2719,12.2,0,2,1
2720,26.5,0,1,0
2721,,0,1,0
2722,,0,1,0
2723,,0,1,0
2724,,0,2,0
2725,,0,2,0
2726,,0,1,0
2727,,0,4,0
2728,,0,1,0
2729,,0,1,0
2730,,1,0,0
2731,,0,1,0
2732,,0,1,0
2733,20.75,0,1,0
2734,,0,1,0
2735,,1,0,0
2736,206.1,0,2,0
2737,,0,1,0
2738,,0,2,0
2739,,0,1,0
2740,,0,1,0
2741,,0,1,0
2742,,0,1,0
2743,,0,1,0
2744,,0,1,0
2745,,0,1,0
2746,,0,2,0
2747,,0,1,0
2748,,0,1,0
2749,,0,1,0
2750,,0,1,0
2751,,1,0,0
2752,,0,1,0
2753,,2,0,0
2754,205.3,0,4,0
2755,,0,3,0
2756,,0,1,0
2757,,0,1,0
2758,,0,1,0
2759,,0,1,0
2760,,0,1,0
2761,9.7,0,1,0
2762,0.3,0,1,0
2763,10.93,0,1,0
2764,25.15,0,2,0
2765,0.9,0,1,0
2766,23.1,0,2,1
2767,,0,1,0
2768,36.05,0,2,0
2769,2.2,0,4,0
2770,5.8,0,1,0
2771,6.9,0,1,0
2772,7.6,0,1,0
2773,1.4,0,1,0
2774,,0,1,0
2775,0.6,1,2,0
2776,,1,0,0
2777,691.8,0,1,0
2778,542.8,0,4,1
2779,545.1,0,1,0
2780,27.9,2,0,0
2781,22.4,1,0,0
2782,26.0,0,1,0
2783,2.4,0,1,0
2784,20.1,0,1,0
2785,3.9,0,1,0
2786,7.0,0,1,0
2787,1.3,1,0,0
2788,19.4,0,2,0
2789,1.0,0,1,0
2790,17.5,0,1,0
2791,2.0,0,1,0
2792,18.0,0,2,0
2793,21.0,0,1,0
2794,3.8,0,1,0
2795,2.25,0,0,1
2796,16.0,0,7,0
2797,8.2,0,3,0
2798,18.0,1,2,0
2799,,0,2,0
2800,15.3,0,1,0
2801,13.0,0,1,0
2802,16.6,0,2,0
2803,3.5,0,1,0
2804,6.1,0,1,0
2805,4.5,0,1,0
2806,74.7,0,1,0
2807,2.9,0,1,0
2808,2.5,1,0,0
2809,74.9,0,1,0
2810,74.5,0,2,0
2811,3.2,0,1,0
2812,74.2,0,2,0
2813,,0,1,0
2814,,0,1,0
2815,,0,2,0
2816,,0,1,0
2817,,0,1,0
2818,,0,1,0
2819,,1,0,0
2820,,0,1,0
2821,,0,2,0
2822,,0,1,0
2823,5.4,0,1,0
2824,,1,0,0
2825,,0,3,0
2826,9.0,0,1,0
2827,,0,1,0
2828,17.5,0,2,0
2829,21.53,0,1,0
2830,16.73,0,2,0
2831,16.0,0,1,0
2832,15.4,0,1,0
2833,17.5,0,1,0
2834,7.2,0,1,0
2835,16.5,0,1,0
2836,7.0,0,1,0
2837,16.05,0,1,0
2838,91.9,0,1,0
2839,11.8,0,1,0
2840,84.0,0,1,0
2841,,0,1,0
2842,87.9,0,0,1
2843,88.1,0,1,0
2844,,1,0,0
2845,,1,0,0
2846,88.1,0,1,0
2847,,0,1,0
2848,81.2,0,1,0
2849,88.1,0,3,0
2850,88.3,0,1,0
2851,84.2,0,3,0
2852,,0,1,0
2853,,0,1,0
2854,11.8,0,1,0
2855,88.4,0,3,0
2856,9.1,0,1,0
2857,88.2,0,3,0
2858,80.4,1,0,0
2859,,0,1,0
2860,,0,1,0
2861,88.1,0,3,0
2862,,0,1,0
2863,,0,1,0
2864,88.9,0,1,0
2865,,1,3,0
2866,91.9,0,1,0
2867,80.0,0,1,0
2868,,0,2,0
2869,,0,1,0
2870,,0,1,0
2871,,0,1,0
2872,,0,1,0
2873,,1,0,0
2874,,1,0,0
2875,,1,0,0
2876,,0,1,0
2877,,0,2,0
2878,,0,1,0
2879,,0,1,0
2880,,0,1,0
2881,,0,1,0
2882,,0,1,0
2883,,0,1,0
2884,,0,2,0
2885,2.8,0,1,0
2886,3.7,0,1,0
2887,0.8,0,1,0
2888,0.8,0,1,0
2889,0.1,0,2,0
2890,4.0,0,1,0
2891,7.0,0,1,0
2892,4.3,0,1,0
2893,0.9,0,1,0
2894,6.9,0,3,0
2895,0.0,0,1,0
2896,2.5,0,1,0
2897,0.8,0,1,0
2898,2.5,0,1,0
2899,0.0,0,1,0
2900,0.8,2,0,0
2901,3.0,0,2,0
2902,1.5,0,2,0
2903,,0,0,1
2904,0.5,0,1,0
2905,14.17,0,1,0
2906,192.0,1,0,0
2907,194.3,0,1,0
2908,1.4,0,1,0
2909,2.8,0,2,0
2910,197.2,0,1,0
2911,16.0,1,3,0
2912,196.8,1,0,0
2913,197.2,0,1,0
2914,4.5,0,1,0
2915,6.05,0,1,0
2916,0.4,0,1,0
2917,21.9,1,1,0
2918,15.2,0,1,0
2919,12.9,1,0,0
2920,33.7,0,1,0
2921,4.7,0,1,0
2922,7.3,0,1,0
2923,2.6,0,0,1
2924,2.05,0,1,0
2925,8.0,0,1,0
2926,183.1,0,1,0
2927,1.0,0,1,0
2928,5.0,0,1,0
2929,477.2,0,2,0
2930,21.9,0,1,0
2931,482.0,0,1,0
2932,482.5,0,2,0
2933,8.56,0,1,0
2934,485.0,1,0,0
2935,12.8,0,1,0
2936,483.1,1,0,0
2937,12.1,0,1,0
2938,7.3,0,1,0
2939,55.2,0,2,0
2940,56.3,0,1,0
2941,56.0,0,3,0
2942,56.3,0,1,0
2943,24.0,0,1,0
2944,1.0,0,1,0
2945,,0,3,0
2946,,0,1,0
2947,,0,1,0
2948,,0,1,0
2949,,0,2,0
2950,,0,1,0
2951,,0,1,0
2952,,1,0,0
2953,,1,0,0
2954,,0,2,0
2955,,0,2,0
2956,,0,1,0
2957,53.0,0,2,0
2958,57.0,0,1,0
2959,,1,0,0
2960,,0,0,1
2961,8.04,0,1,0
2962,57.8,0,1,0
2963,,0,1,0
2964,,0,1,0
2965,,0,1,0
2966,,0,2,0
2967,,0,2,0
2968,,0,1,0
2969,,0,1,0
2970,,0,1,0
2971,,0,1,0
2972,,0,4,0
2973,,0,1,0
2974,,0,1,0
2975,,0,1,0
2976,,0,2,0
2977,,1,0,0
2978,,0,1,0
2979,,0,1,0
2980,,0,1,0
2981,,0,1,0
2982,,0,1,0
2983,53.3,0,1,0
2984,,0,1,0
2985,,0,2,0
2986,,0,1,0
2987,4.8,0,1,0
2988,53.0,0,1,0
2989,53.4,0,3,0
2990,8.7,0,2,0
2991,9.1,0,1,0
2992,56.1,0,6,0
2993,57.8,0,2,0
2994,7.8,0,1,0
2995,6.0,0,1,0
2996,52.9,0,1,0
2997,54.2,0,2,0
2998,52.9,0,1,0
2999,9.0,0,1,0
3000,4.9,0,1,0
3001,56.2,0,2,0
3002,9.1,0,1,0
3003,56.0,0,1,0
3004,56.0,0,1,0
3005,56.0,0,2,0
3006,4.84,0,1,0
3007,,0,1,0
3008,,2,1,0
3009,0.0,1,0,0
3010,,1,1,0
3011,,1,0,0
3012,,1,0,0
3013,,0,1,0
3014,,0,1,0
3015,,1,0,0
3016,,1,0,0
3017,,1,1,0
3018,,0,1,0
3019,,1,0,0
3020,,0,1,0
3021,,1,0,0
3022,,1,0,0
3023,,1,0,0
3024,,1,0,0
3025,,1,0,0
3026,,1,0,0
3027,,0,1,0
3028,,0,1,0
3029,,0,2,0
3030,,0,1,0
3031,,0,2,0
3032,,1,0,0
3033,,1,0,0
3034,,0,1,0
3035,,1,0,0
3036,,0,1,0
3037,,0,1,0
3038,,0,1,0
3039,,0,1,0
3040,,0,1,0
3041,,0,1,0
3042,,0,1,0
3043,2.5,0,4,0
3044,,0,4,0
3045,,0,1,0
3046,,0,1,0
3047,,0,1,0
3048,,0,1,0
3049,,0,3,0
3050,,0,2,0
3051,,0,2,0
3052,,0,2,0
3053,3.0,0,1,0
3054,,0,1,0
3055,,0,1,0
3056,1.0,0,3,0
3057,,0,1,0
3058,,0,1,0
3059,,0,2,0
3060,1.0,0,1,0
3061,,0,1,0
3062,,0,1,0
3063,,0,1,0
3064,,0,2,0
3065,,0,1,0
3066,,0,8,0
3067,,0,1,0
3068,,0,4,0
3069,,0,1,0
3070,,0,1,0
3071,,0,1,0
3072,,0,1,0
3073,,0,2,0
3074,,0,1,0
3075,,0,4,0
3076,,0,1,0
3077,,0,1,0
3078,,0,2,0
3079,,0,1,0
3080,,0,1,0
3081,,0,2,0
3082,22.6,0,2,0
3083,25.4,0,1,0
3084,10.9,0,1,0
3085,14.15,0,0,1
3086,36.9,0,1,0
3087,,0,1,0
3088,66.3,0,1,0
3089,,0,3,0
3090,200.0,0,1,0
3091,,0,1,0
3092,153.7,1,0,0
3093,666.1,1,0,0
3094,,0,1,0
3095,,0,1,0
3096,,0,1,0
3097,,0,1,0
3098,,0,1,0
3099,,0,1,0
3100,,0,1,0
3101,,0,1,0
3102,,0,1,0
3103,,1,0,0
3104,,0,1,0
3105,,0,1,0
3106,,0,1,0
3107,,0,1,0
3108,,0,0,1
3109,6.8,0,2,0
3110,659.0,0,1,0
3111,,0,1,0
3112,,0,1,0
3113,132.0,0,1,0
3114,2.8,0,1,0
3115,3.6,0,1,0
3116,656.7,0,1,0
3117,134.7,0,1,0
3118,1.8,0,1,0
3119,142.8,0,1,0
3120,1.0,0,1,0
3121,143.7,0,1,0
3122,133.8,1,0,0
3123,5.15,0,1,0
3124,141.0,1,0,0
3125,141.0,0,5,0
3126,0.5,0,1,0
3127,2.15,0,1,0
3128,184.8,0,1,0
3129,83.2,0,1,0
3130,,0,1,0
3131,51.65,0,1,0
3132,55.0,0,1,0
3133,2.95,0,1,0
3134,188.2,1,0,0
3135,,0,1,0
3136,,1,0,0
3137,36.8,1,4,0
3138,182.0,0,1,0
3139,79.7,1,1,1
3140,2.1,0,1,0
3141,48.2,0,1,0
3142,174.8,0,2,0
3143,170.3,0,3,0
3144,0.37,0,2,0
3145,1.5,0,1,0
3146,73.0,0,1,0
3147,168.2,0,2,0
3148,42.3,0,1,0
3149,0.8,0,1,0
3150,182.5,0,2,0
3151,3.0,0,1,0
3152,,0,1,0
3153,172.9,0,2,0
3154,,0,2,0
3155,,0,2,0
3156,3.4,0,1,0
3157,118.3,0,3,0
3158,,0,1,0
3159,0.0,0,1,0
3160,39.55,0,1,0
3161,27.5,1,0,1
3162,770.5,0,1,0
3163,0.0,0,1,0
3164,24.1,1,0,0
3165,39.5,0,1,0
3166,39.5,0,1,0
3167,40.0,0,1,0
3168,0.5,0,1,0
3169,42.7,1,0,0
3170,1.8,1,0,0
3171,7.8,0,4,0
3172,7.6,0,0,1
3173,6.5,0,1,0
3174,8.8,0,1,0
3175,4.6,0,1,0
3176,5.9,0,1,0
3177,2.3,0,1,0
3178,2.3,0,1,0
3179,537.5,0,6,0
3180,2.5,1,0,0
3181,2.0,0,1,0
3182,5.0,0,2,0
3183,4.7,0,1,0
3184,4.6,0,5,0
70725,7.7,0,1,0
70726,,0,1,0
70727,,0,1,0
70728,,0,1,0
70729,,0,1,0
70730,,0,1,0
70731,,0,1,0
70732,,1,0,0
70733,17.4,0,1,0
70734,,0,1,0
70735,,1,0,0
70736,,0,1,0
70737,,0,1,0
70738,,0,1,0
70739,,1,0,0
70740,,0,2,0
70741,,1,0,0
70742,,0,1,0
70743,5.0,0,1,0
70744,,1,0,0
70745,729.0,0,2,0
70746,518.0,0,1,0
70747,,1,0,0
70748,,1,0,0
70749,,1,0,0
70750,,1,0,0
70751,,1,2,0
70752,,1,1,0
70753,,1,0,0
70754,,1,0,0
70755,,1,1,0
70756,,1,0,0
70757,,0,2,0
70758,,0,2,0
70759,,0,1,0
70760,,0,2,0
70761,,0,1,0
70762,,0,1,0
70763,0.0,0,1,0
70764,,0,1,0
70765,,0,3,0
70766,,0,1,0
70767,,0,1,0
70768,,0,1,0
70769,,0,1,0
70770,,0,2,0
70771,,0,1,0
70772,,0,1,0
70773,,1,0,0
70774,,0,1,0
70775,,0,1,0
70776,,0,3,0
70777,,0,1,0
70778,,0,1,0
70779,,0,1,0
70780,,0,1,0
70781,,0,1,0
70782,,1,1,2
70783,,1,0,0
70784,,1,0,0
70785,0.8,0,1,0
70786,,0,1,0
70787,,0,3,0
70788,,0,1,0
70789,,0,1,0
70790,,0,1,0
70791,,0,3,0
70792,,0,1,0
70793,,0,2,0
70794,6.5,0,1,0
70795,,1,0,0
70796,,0,1,0
70797,,0,1,0
70798,,0,1,0
70799,,0,1,0
70800,,1,0,0
70801,,1,0,0
70802,,0,1,0
70803,,0,1,0
70804,,0,1,0
70805,,0,1,0
70806,,0,2,0
70807,,0,1,0
70808,,0,2,0
1600,1.9,0,1,0
1601,4.9,0,1,0
1602,7.7,0,3,0
1603,7.0,0,1,0
1604,8.248,0,1,0
1605,9.7,0,1,0
1606,11.2,1,0,0
1607,12.437,0,1,0
1608,0.0,0,1,0
1609,697.5,0,1,0
1610,696.9,0,1,0
1611,,0,1,0
1612,,0,2,0
1613,,0,1,0
1614,5.393,0,1,0
1615,,0,1,0
1616,534.9,0,1,0
1617,,0,1,0
1618,697.4,0,2,0
1619,0.578,0,1,0
1620,,0,2,0
1621,532.2,0,2,0
1622,0.9,0,1,0
1623,697.4,0,1,0
1624,697.45,0,1,0
1625,,0,1,0
1626,5.5,0,1,0
1627,,1,0,0
1628,,0,1,0
1629,,0,1,0
1630,701.7,0,1,0
1631,7.9,0,1,0
1632,1.0,0,1,0
1633,,0,1,0
1634,3.365,0,2,0
1635,,0,3,0
1636,47.1,0,1,0
1637,27.798,0,1,0
1638,,0,1,0
1639,10.0,0,1,0
1640,,2,0,0
1641,,0,1,0
1642,13.0,0,1,0
1643,,0,1,0
1644,,0,1,0
1645,2.5,0,1,0
1646,,0,1,0
1647,,0,2,0
1648,,0,2,0
1649,12.7,0,2,0
1650,,0,1,0
1651,,0,1,0
1652,,1,1,0
1653,,1,0,0
1654,,0,0,1
1655,,1,0,0
1656,,0,1,0
1657,,0,1,0
1658,,0,1,0
1659,,0,1,0
1660,4.4,0,2,0
1661,,0,1,0
1662,4.5,1,1,0
1663,4.0,0,1,0
1664,,0,2,0
1665,,0,1,0
1666,2.4,0,1,0
1667,1.2,0,1,0
1668,448.978,0,1,0
1669,3.2,1,0,0
1670,3.65,0,1,0
1671,,0,2,0
1672,449.1,0,1,0
1673,,0,4,0
1674,,1,0,0
1675,,0,1,0
1676,,0,1,0
1677,,0,1,0
1678,,0,1,0
1679,,0,1,0
1680,,0,1,0
1681,,0,1,0
1682,,0,1,0
1683,4.0,0,1,0
1684,,0,2,0
1685,,0,3,0
1686,,1,0,0
1687,7.9,0,1,0
1688,,0,1,0
1689,,0,1,0
1690,,0,3,0
1691,,1,0,0
1692,,0,1,0
1693,790.3,0,1,0
1694,,0,1,0
1695,,0,1,0
1696,791.955,0,1,0
1697,1.8,0,1,0
1698,,0,1,0
1699,449.0,0,1,0
1700,,0,1,0
1701,447.8,0,1,0
1702,,0,1,0
1703,,1,0,0
1704,,0,1,0
1705,,0,1,0
1706,,1,0,0
1707,,0,1,0
1708,,0,1,0
1709,4.0,0,1,0
1710,152.36,1,0,0
1711,1.8,0,1,0
1712,,0,1,0
1713,,0,1,0
1714,,1,0,0
1715,,1,0,0
1716,,0,1,0
1717,,0,1,0
1718,,0,1,0
1719,,0,1,0
1720,,0,1,0
1721,,1,0,0
1722,,1,0,0
1723,,0,5,0
1724,,0,1,0
1725,645.4,0,1,0
1726,,0,1,0
1727,,0,1,0
1728,,0,1,0
1729,,0,2,0
1730,,0,1,0
1731,,0,1,0
1732,8.95,0,1,0
1733,9.0,0,1,0
1734,0.001,0,1,0
1735,9.5,1,1,0
1736,0.0,0,2,0
1737,745.0,0,1,0
1738,745.9,0,1,0
1739,10.0,0,1,0
1740,8.4,0,1,0
1741,0.0,0,1,0
1742,0.039,0,1,0
1743,23.543,1,0,0
1744,19.6,1,0,0
1745,21.325,0,3,0
1746,20.2,0,2,0
1747,234.0,0,1,0
1748,1.95,0,1,0
1749,6.5,0,1,0
1750,0.4,0,1,0
1751,,1,0,0
1752,13.2,0,2,0
1753,13.4,1,0,0
1754,17.0,0,2,0
1755,0.01,0,1,0
1756,234.75,0,1,0
1757,8.6,0,2,0
1758,0.5,0,1,0
1759,,0,1,0
1760,17.4,0,1,0
1761,,0,1,0
1762,,0,1,0
1763,,0,2,0
1764,,0,1,0
1765,,0,1,0
1766,,0,1,0
1767,,0,2,0
1768,,0,1,0
1769,,0,1,0
1770,,0,1,0
1771,3.4,0,1,0
1772,,1,1,0
1773,,0,1,0
1774,,0,1,0
1775,,0,1,0
1776,230.6,0,1,0
1777,0.6,0,2,0
1778,0.0,0,2,0
1779,17.0,0,1,0
1780,,0,2,0
1781,,0,1,0
1782,,0,1,0
1783,,0,1,0
1784,226.8,0,4,0
1785,,0,1,0
1786,,0,2,0
1787,,0,1,0
1788,,0,1,0
1789,,0,1,0
1790,,0,1,0
1791,,0,1,0
1792,,0,1,0
1793,,0,1,0
1794,,0,1,0
1795,,0,1,0
1796,,0,1,0
1797,,0,1,0
1798,,0,1,0
1799,0.8,0,1,0
1800,1.9,0,1,0
1801,,0,1,0
1802,,0,2,0
1803,,0,1,0
1804,,0,1,0
1805,,0,1,0
1806,,0,1,0
1807,,1,0,1
1808,,0,1,0
1809,,0,1,0
1810,,0,1,0
1811,,0,1,0
1812,,0,1,0
1813,,0,1,0
1814,,0,1,0
1815,,0,1,0
1816,,0,1,0
1817,,0,1,1
1818,,0,1,0
1819,,0,1,0
1820,,0,1,0
1821,,0,1,0
1822,8.4,0,2,0
1823,0.8,0,1,0
1824,6.5,0,1,0
1825,233.655,0,1,0
1826,230.407,0,2,0
1827,732.08,0,1,0
1828,10.5,0,2,0
1829,12.147,0,2,0
1830,,0,1,0
1831,,0,1,0
1832,,0,1,0
1833,6.5,0,2,0
1834,,0,1,0
1835,,0,1,0
1836,0.3,0,1,0
1837,1.1,0,2,0
1838,,0,1,0
1839,,0,1,0
1840,,0,1,0
1841,3.0,0,2,0
1842,,0,1,0
1843,,0,1,0
1844,,0,1,0
1845,9.5,0,1,0
1846,20.9,0,1,0
1847,,0,1,0
1848,11.509,0,1,0
1849,,0,1,0
1850,0.9,0,1,0
1851,17.1,0,1,0
1852,,0,1,0
1853,,1,2,0
1854,230.3,0,1,0
1855,14.837,0,1,0
1856,230.4,0,2,0
1857,17.5,0,1,0
1858,4.5,0,1,0
1859,237.0,0,1,0
1860,231.9,0,1,0
1861,,0,1,0
1862,3.01,0,2,0
1863,,0,1,0
1864,8.3,0,1,0
1865,0.0,0,2,0
1866,,0,1,0
1867,,0,1,0
1868,,0,1,0
1869,,0,1,0
1870,238.95,0,1,0
1871,,0,1,0
1872,,0,1,0
1873,227.8,0,1,0
1874,17.3,1,0,0
1875,,0,6,0
1876,,0,1,0
1877,,0,1,0
1878,22.25,0,1,0
1879,14.4,0,2,0
1880,11.5,0,2,0
1881,18.3,0,2,0
1882,,1,0,0
1883,21.7,0,1,0
1884,17.5,0,1,0
1885,,0,1,0
1886,,0,1,0
1887,,0,1,0
1888,227.727,0,2,0
1889,,0,1,0
1890,227.75,0,2,0
1891,2.8,0,1,0
1892,3.45,0,4,0
1893,1.15,0,1,0
1894,6.4,0,1,0
1895,7.5,0,1,0
1896,15.35,0,2,0
1897,227.0,1,1,0
1898,6.5,0,2,0
1899,11.4,0,3,0
1900,,1,0,0
1901,,0,1,0
1902,228.4,0,3,0
1903,11.3,0,1,0
1904,,0,1,0
1905,,0,1,0
1906,1.7,0,1,0
1907,,0,1,0
1908,,0,1,0
1909,,0,3,0
1910,,0,1,0
1911,,0,1,0
1912,,0,1,0
1913,489.4,0,1,0
1914,6.0,0,1,0
1915,0.0,0,2,0
1916,,0,1,0
1917,,0,1,0
1918,,0,1,0
1919,,0,4,0
1920,,0,1,0
1921,,0,1,0
1922,,0,1,0
1923,1.1,0,1,0
1924,,0,1,0
1925,,0,1,0
1926,0.0,0,1,0
1927,11.6,0,2,0
1928,,0,1,0
1929,,0,1,0
1930,,0,1,0
1931,21.15,0,1,0
1932,0.0,1,2,0
1933,,0,1,0
1934,1.2,0,1,0
1935,21.2,0,4,0
1936,,0,1,0
1937,,0,2,0
1938,230.9,1,0,1
1939,,0,2,0
1940,13.0,0,2,0
1941,229.6,0,1,0
1942,,0,1,0
1943,2.4,0,2,0
1944,17.6,0,2,0
1945,,0,1,0
1946,6.3,0,1,0
1947,229.8,0,2,0
1948,,0,1,0
1949,0.0,0,2,0
1950,8.1,0,1,0
1951,,0,1,0
1952,10.0,0,1,0
1953,16.0,0,1,0
1954,,0,2,0
1955,17.2,0,1,0
1956,0.5,1,2,1
1957,8.1,0,1,0
1958,238.3,0,1,0
1959,7.0,0,2,0
1960,,1,4,0
1961,,0,1,0
1962,,1,0,0
1963,,1,0,0
1964,,0,1,0
1965,,0,1,0
1966,,0,0,1
1967,,0,3,0
1968,,0,1,0
1969,,0,1,0
1970,,0,2,0
1971,,1,1,0
1972,,1,0,0
1973,,0,2,0
1974,,1,0,0
1975,,1,0,0
1976,,1,0,0
1977,,1,1,0
1978,,1,1,0
1979,,1,1,0
1980,,1,1,0
1981,,0,1,0
1982,,1,1,0
1983,,1,0,0
1984,,1,1,0
1985,,1,1,0
1986,,1,0,0
1987,,1,0,0
1988,,1,0,0
1989,,0,2,0
1990,,0,1,0
1991,17.1,0,11,0
1992,8.9,0,1,0
1993,,0,1,0
1994,16.0,0,2,0
1995,,0,1,0
1996,0.4,0,3,0
1997,16.5,0,4,0
1998,16.0,0,3,0
1999,,1,0,0
2000,,1,0,0
2001,,1,0,0
2002,,0,2,0
2003,,1,0,0
2004,234.9,0,1,0
2005,,0,2,0
2006,12.7,0,1,0
2007,,0,1,0
2008,,0,1,0
2009,15.0,0,2,0
2010,,1,0,0
2011,,1,0,0
2012,21.7,0,1,0
2013,230.1,0,1,0
2014,,0,1,0
2015,,0,2,0
2016,3.9,0,1,0
2017,,0,1,0
2018,1.1,0,1,0
2019,15.9,0,1,0
2020,0.1,0,2,0
2021,,0,1,0
2022,,1,0,0
2023,,0,1,0
2024,,2,0,0
2025,,0,1,0
2026,,0,1,0
2027,15.8,0,2,0
2028,0.005,0,2,0
2029,11.0,0,1,0
2030,,0,1,0
2031,,0,1,0
2032,5.5,0,1,0
2033,0.47,0,1,0
2034,0.05,0,1,0
2035,,1,0,0
2036,,0,1,0
2037,,1,0,0
2038,,1,1,0
2039,,0,0,1
2040,6.5,0,2,0
2041,,0,1,0
2042,,1,0,0
2043,,1,0,0
2044,,2,1,0
2045,0.6,0,1,0
2046,0.0,0,2,0
2047,,0,1,0
2048,2.6,0,1,0
2049,16.3,0,2,0
2050,,0,2,0
2051,6.5,0,1,0
2052,8.5,0,3,0
2053,,0,1,0
2054,,1,0,0
2055,,1,0,0
2056,,1,0,0
2057,,1,0,0
2058,,1,0,0
2059,,1,0,0
2060,,1,0,0
2061,,1,0,0
2062,,1,0,0
2063,2.0,0,2,0
2064,7.9,0,1,0
2065,7.1,1,0,0
2066,6.95,0,2,0
2067,0.5,0,2,0
2068,740.0,0,3,0
2069,735.75,0,1,0
2070,742.6,0,1,0
2071,7.262,0,1,0
2072,0.0,0,1,0
2073,737.0,0,2,0
2074,14.744,0,1,0
2075,5.5,0,1,0
2076,739.0,0,3,0
2077,12.6,0,2,0
2078,2.0,0,5,0
2079,0.8,1,1,0
2080,17.2,0,3,0
2081,,1,0,0
2082,,0,1,0
2083,,0,1,0
2084,164.2,0,1,0
2085,164.2,0,1,0
2086,,0,1,0
2087,,1,0,0
2088,,0,5,0
2089,,0,1,0
2090,162.324,0,3,0
2091,,0,1,0
2092,,0,1,0
2093,21.8,0,1,0
2094,,0,1,0
2095,,0,1,0
2096,1.7,0,1,0
2097,,0,1,0
2098,,0,1,0
2099,,0,1,0
2100,,0,3,0
2101,154.85,0,3,0
2102,,1,0,0
2103,,0,1,0
2104,162.4,0,1,0
2105,,0,1,0
2106,,0,1,0
2107,,0,1,0
2108,164.138,0,1,0
2109,161.854,0,2,0
2110,21.8,0,2,0
2111,,0,1,0
2112,,0,1,0
2113,164.5,0,1,0
2114,641.0,0,1,0
2115,,2,0,0
2116,,1,0,0
2117,,0,1,0
2118,,0,5,0
2119,,0,1,0
2120,,1,0,0
2121,,0,1,0
2122,,1,0,0
2123,,0,1,0
2124,,0,2,0
2125,,0,1,0
2126,,0,2,0
2127,,1,0,0
2128,,1,0,0
2129,,0,1,0
2130,,0,1,0
2131,,0,2,0
2132,,0,1,0
2133,,0,1,0
2134,162.3,0,3,0
2135,638.0,0,1,0
2136,2.3,1,1,0
2137,12.672,0,1,0
2138,5.7,0,1,0
2139,1.9,1,0,0
2140,1.4,0,1,0
2141,3.316,0,1,0
2142,0.0,0,1,0
2143,0.7,0,2,0
2144,5.6,0,1,0
2145,2.42,0,1,0
2146,4.15,2,0,0
2147,5.65,0,1,0
2148,4.65,0,3,0
2149,6.1,0,11,0
2150,1.409,0,1,0
2151,13.9,1,3,0
2152,3.5,0,1,0
2153,7.0,0,1,0
2154,22.67,0,3,0
2155,7.016,0,1,0
2156,12.8,0,1,0
2157,12.7,0,1,0
2158,17.7,0,1,0
2159,13.1,0,2,0
2160,,1,0,0
2161,24.961,0,2,0
2162,10.3,0,1,0
2163,28.74,0,1,0
2164,,1,0,0
2165,7.5,0,2,0
2166,8.0,0,2,0
2167,9.5,0,1,0
2168,5.5,0,1,0
2169,3.0,0,1,0
2170,1.7,0,3,0
2171,2.5,0,1,0
2172,1.3,1,0,0
2173,,0,2,0
2174,6.7,0,1,0
2175,7.5,0,1,0
2176,25.6,0,2,0
2177,10.125,0,1,0
2178,33.712,0,1,0
2179,,0,2,0
2180,1.942,0,1,0
2181,5.4,0,1,0
2182,,0,1,0
2183,,0,1,0
2184,,0,1,0
2185,49.1,0,1,0
2186,,0,1,0
2187,,0,2,0
2188,,0,1,0
2189,,0,1,0
2190,,0,2,0
2191,144.6,0,1,0
2192,651.4,0,1,0
2193,49.85,0,1,0
2194,,0,1,0
2195,,0,1,0
2196,,0,2,0
2197,,0,1,0
2198,,0,1,0
2199,,0,1,0
2200,,1,0,0
2201,,0,1,0
2202,,0,1,0
2203,,0,1,0
2204,,0,1,0
2205,,0,1,0
2206,,0,2,0
2207,,0,1,0
2208,144.1,0,2,0
2209,49.8,0,2,0
2210,,1,0,0
2211,,0,1,0
2212,,0,1,0
2213,,0,3,0
2214,,0,1,0
2215,,0,1,0
2216,,0,1,0
2217,,0,5,0
2218,,0,1,0
2219,,0,1,0
2220,,0,1,0
2221,,0,1,0
2222,,0,1,0
2223,,0,2,0
2224,,0,1,0
2225,,0,2,0
2226,,0,1,0
2227,,0,1,0
2228,,0,1,0
2229,,0,1,0
2230,,1,0,0
2231,,0,1,0
2232,,0,1,0
2233,148.0,0,4,0
2234,,0,1,0
2235,,0,1,0
2236,,0,1,0
2237,,0,2,0
2238,648.8,0,3,0
2239,148.2,0,0,1
2240,,0,1,0
2241,,0,1,0
2242,,0,1,0
2243,,0,1,0
2244,,0,1,0
2245,49.7,0,1,0
2246,,0,1,0
2247,,0,1,0
2248,,0,1,0
2249,,0,1,0
2250,,1,0,0
2251,,0,1,0
2252,,0,1,0
2253,,0,1,0
2254,,0,1,0
2255,,0,1,0
2256,,0,1,0
2257,,0,1,0
2258,,1,0,0
2259,,0,1,0
2260,,0,2,0
2261,,0,1,0
2262,146.778,0,1,0
2263,,0,1,0
2264,,0,1,0
2265,,1,0,0
2266,,0,1,0
2267,,0,1,0
2268,,0,1,0
2269,,0,1,0
2270,,0,1,0
2271,,0,1,0
2272,,0,1,0
2273,,0,1,0
2274,,0,1,0
2275,,0,1,0
2276,,1,0,0
2277,,0,2,0
2278,,0,1,0
2279,,0,1,0
2280,,0,1,0
2281,,0,1,0
2282,,2,1,0
2283,641.365,0,1,0
2284,,0,2,0
2285,,0,1,0
2286,,0,4,0
2287,,0,1,0
2288,,0,1,0
2289,,0,1,0
2290,652.75,0,1,0
2291,,0,1,0
2292,,0,1,0
2293,,0,1,0
2294,,0,1,0
2295,,0,1,0
2296,,0,1,0
2297,,0,1,0
2298,,0,1,0
2299,,0,2,0
2300,,0,1,0
2301,,0,1,0
2302,,0,1,0
2303,,0,1,0
2304,,0,1,0
2305,50.2,0,1,0
2306,,0,1,0
2307,,0,1,0
2308,,0,1,0
2309,45.6,0,1,0
2310,,0,1,0
2311,,0,1,0
2312,,0,1,0
2313,,1,0,0
2314,,1,0,0
2315,,0,1,0
2316,,0,1,0
2317,,0,1,0
2318,,1,0,0
2319,,0,1,0
2320,,0,1,0
2321,,0,1,0
2322,,0,1,0
2323,,0,1,0
2324,,0,1,0
2325,,0,1,0
2326,47.6,0,1,0
2327,49.5,0,1,0
2328,,0,1,0
2329,,0,2,0
2330,,0,1,0
2331,148.0,0,2,0
2332,,0,1,0
2333,,0,1,0
2334,,0,1,0
2335,,0,1,0
2336,,0,1,0
2337,,0,1,0
2338,,0,1,0
2339,,0,1,0
2340,,0,1,0
2341,,0,1,0
2342,,0,1,0
2343,,0,1,0
2344,,0,1,0
2345,,0,1,0
2346,,0,1,0
2347,,1,0,0
2348,,0,2,0
2349,,0,2,0
2350,,0,1,0
2351,,0,1,0
2352,,0,1,0
2353,,0,1,0
2354,49.1,0,1,0
2355,,0,2,0
2356,,0,2,0
2357,,0,2,0
2358,,0,2,0
2359,,0,1,0
2360,,0,1,0
2361,,1,0,0
2362,,0,1,0
2363,,0,1,0
2364,,0,2,0
2365,,0,2,0
2366,,0,1,0
2367,,0,1,0
2368,,0,1,0
2369,49.0,0,1,0
2370,,0,2,0
2371,,1,0,0
2372,,1,0,0
2373,,0,1,0
2374,,0,1,0
2375,,0,1,0
2376,,0,1,0
2377,,0,1,0
2378,,0,1,0
2379,,0,1,0
2380,,0,1,0
2381,,0,1,0
2382,2.5,0,1,0
2383,27.227,0,1,0
2384,12.052,0,1,0
2385,12.0,0,1,0
2386,745.0,0,1,0
2387,16.1,0,1,0
2388,13.5,0,1,0
2389,1.64,0,1,0
2390,6.15,0,1,0
2391,33.5,0,1,0
2392,8.2,0,1,0
2393,8.5,0,1,0
2394,0.1,0,1,0
2395,,0,4,0
2396,622.0,0,1,0
2397,175.9,0,1,0
2398,181.0,0,1,0
2399,174.6,0,1,0
2400,179.2,0,1,0
2401,0.5,0,1,0
2402,12.4,0,1,0
2403,8.196,0,2,0
2404,7.0,0,1,0
2405,178.8,0,1,0
2406,170.4,0,1,0
2407,180.0,0,1,0
2408,627.0,0,1,0
2409,173.272,0,2,0
2410,5.5,0,1,0
2411,624.4,0,2,0
2412,6.8,0,1,0
2413,3.944,0,1,0
2414,0.8,0,1,0
2415,4.6,0,1,0
2416,4.494,0,1,0
2417,4.8,0,1,0
2418,6.0,0,1,0
2419,47.5,0,1,0
2420,11.3,0,1,0
2421,5.0,0,1,0
2422,10.4,0,1,0
2423,1.7,0,1,0
2424,165.95,0,1,0
2425,170.7,1,0,0
2426,171.0,0,1,0
2427,165.2,1,0,0
2428,3.4,2,0,0
2429,164.45,0,1,0
2430,165.5,0,1,0
2431,1.22,0,1,0
2432,14.6,0,2,0
2433,15.7,1,0,0
2434,0.6,0,1,0
2435,0.2,0,1,0
2436,6.1,0,1,0
2437,7.95,0,1,0
2438,7.4,0,2,0
2439,1.3,0,2,0
2440,2.0,0,1,0
2441,0.5,0,1,0
2442,692.723,0,2,0
2443,3.4,0,1,0
2444,1.75,0,1,0
2445,12.1,0,1,0
2446,12.5,0,0,1
2447,0.6,0,2,0
2448,122.591,0,2,0
2449,676.2,0,1,0
2450,1.2,0,1,0
2451,0.5,0,1,0
2452,1.3,0,2,0
2453,668.3,0,1,0
2454,669.0,0,2,0
2455,675.2,0,1,0
2456,128.7,0,1,0
2457,122.5,0,2,0
2458,674.6,0,1,0
2459,3.471,0,1,0
2460,34.666,0,1,0
2461,474.0,1,1,0
2462,0.0,0,1,0
2463,3.0,0,1,0
2464,1.6,0,1,0
2465,5.0,0,3,0
2466,1.8,0,1,0
2467,0.05,0,1,0
2468,4.65,1,0,0
2469,485.0,0,1,0
2470,18.2,0,1,0
2471,7.5,1,0,0
2472,730.0,0,1,0
2473,,0,2,0
2474,0.0,0,2,0
2475,,0,1,0
2476,,0,1,0
2477,,0,1,0
2478,,0,2,0
2479,5.5,0,1,0
2480,734.0,1,0,0
2481,2.3,0,1,0
2482,736.1,0,3,0
2483,0.5,0,1,0
2484,736.5,0,1,0
2485,5.127,0,2,0
2486,0.9,0,2,0
2487,798.028,0,3,0
2488,797.1,0,3,0
2489,800.2,0,1,0
2490,2.043,0,2,0
2491,4.563,0,1,0
2492,4.3,0,1,0
2493,0.9,1,0,0
2494,3.3,0,1,0
2495,0.3,0,1,0
2496,442.5,0,1,0
2497,4.347,0,1,0
2498,4.5,0,1,0
2499,5.103,0,1,0
2500,3.3,0,2,0
2501,,2,0,0
2502,0.0,0,1,0
2503,693.9,0,2,0
2504,,0,1,0
2505,695.7,1,0,0
2506,693.9,0,3,0
2507,,0,2,0
2508,,0,2,0
2509,,0,1,0
2510,,0,1,0
2511,,0,1,0
2512,693.95,0,1,0
2513,,0,2,0
2514,,0,1,0
2515,,0,1,0
2516,,0,1,0
2517,,0,1,0
2518,,0,1,0
2519,,0,4,0
2520,523.105,0,0,1
2521,528.0,0,1,0
2522,706.1,0,2,0
2523,711.0,0,2,0
2524,527.2,0,1,0
2525,712.2,0,1,0
2526,10.4,0,2,0
2527,706.3,0,1,0
2528,10.0,0,1,0
2529,530.3,0,0,1
2530,526.0,0,1,0
2531,526.95,1,2,0
2532,16.095,0,1,0
2533,,0,1,0
2534,17.3,0,0,1
2535,17.7,0,1,0
2536,528.1,0,6,0
2537,,0,2,0
2538,0.1,0,1,0
2539,,0,1,0
2540,18.3,0,1,0
2541,525.2,1,0,0
2542,0.0,0,1,0
2543,528.2,0,3,0
2544,4.8,0,4,0
2545,3.4,0,1,0
2546,1.5,0,1,0
2547,2.0,0,1,0
2548,706.751,0,1,0
2549,706.7,0,2,0
2550,724.8,1,0,0
2551,728.13,1,3,0
2552,730.4,0,5,0
2553,2.511,0,1,0
2554,707.65,0,1,0
2555,524.1,1,1,0
2556,711.0,0,1,0
2557,711.0,0,1,0
2558,524.8,0,2,0
2559,712.3,0,1,0
2560,706.1,0,2,0
2561,14.02,0,1,0
2562,706.15,0,2,0
2563,2.0,0,1,0
2564,,0,1,0
2565,,0,1,0
2566,531.8,0,2,0
2567,528.3,1,0,0
2568,712.8,0,2,0
2569,728.789,0,2,0
2570,707.793,0,1,0
2571,1.5,1,0,0
2572,710.45,0,1,0
2573,10.156,0,1,0
2574,527.527,0,2,0
2575,712.36,0,1,0
2576,16.0,1,1,0
2577,738.5,0,1,0
2578,111.0,0,2,0
2579,3.9,0,2,0
2580,4.5,0,1,0
2581,185.0,0,1,0
2582,,0,2,0
2583,,1,0,0
2584,5.2,0,1,0
2585,5.65,4,0,0
2586,187.45,0,1,0
2587,,0,1,0
2588,,0,3,0
2589,3.3,0,1,0
2590,,0,1,0
2591,3.75,0,1,0
2592,,0,1,0
2593,,1,0,0
2594,,1,0,0
2595,8.722,0,2,0
2596,,0,2,0
2597,,0,1,0
2598,,0,1,0
2599,,0,1,0
2600,,1,0,0
2601,,0,1,0
2602,,0,1,0
2603,,0,1,0
2604,,0,1,0
2605,1.825,0,2,0
2606,,0,0,1
2607,2.4,0,1,0
2608,6.47,0,1,0
2609,3.4,0,2,0
2610,8.1,1,2,0
2611,5.15,0,1,0
2612,9.8,1,0,0
2613,3.3,1,1,0
2614,7.8,1,0,0
2615,9.7,0,1,0
2616,3.6,0,1,0
2617,,0,1,0
2618,4.771,0,1,0
2619,5.3,0,1,0
2620,1.5,0,1,0
2621,,1,1,0
2622,,1,1,0
2623,,0,1,0
2624,4.6,0,2,0
2625,,0,2,0
2626,,0,2,0
2627,7.0,0,1,0
2628,604.3,0,1,0
2629,,0,1,0
2630,,0,2,0
2631,,0,1,0
2632,,0,2,0
2633,,0,1,0
2634,5.4,0,2,0
2635,3.9,0,2,0
2636,,0,1,0
2637,,0,1,0
2638,,0,1,0
2639,,1,0,0
2640,3.6,0,1,0
2641,,1,0,0
2642,9.01,0,1,0
2643,0.5,0,2,0
2644,2.0,0,1,0
2645,514.0,0,1,0
2646,515.5,0,1,0
2647,7.25,0,1,0
2648,,0,0,1
2649,5.0,0,1,0
2650,729.8,0,1,0
2651,21.8,0,1,0
2652,14.1,0,1,0
2653,515.0,0,3,0
2654,3.1,0,1,0
2655,27.0,0,2,0
2656,8.8,0,1,0
2657,5.2,0,1,0
2658,2.95,0,3,0
2659,726.25,0,1,0
2660,1.3,0,1,0
2661,713.9,0,1,0
2662,733.386,1,0,0
2663,0.9,0,1,0
2664,9.3,0,1,0
2665,722.5,0,1,0
2666,729.4,0,1,0
2667,3.5,0,1,0
2668,7.6,0,1,0
2669,8.3,0,1,0
2670,7.4,0,1,0
2671,1.849,0,1,0
2672,14.3,0,2,0
2673,14.3,0,1,0
2674,2.5,0,1,0
2675,725.9,0,3,0
2676,5.5,0,1,0
2677,3.9,0,1,0
2678,516.6,0,1,0
2679,2.488,0,1,0
2680,523.292,0,1,0
2681,712.69,0,1,0
2682,7.1,0,1,0
2683,8.0,0,1,0
2684,4.0,1,0,0
2685,3.5,0,1,0
2686,3.8,0,2,0
2687,8.0,0,2,0
2688,0.1,0,1,0
2689,517.9,0,1,0
2690,523.299,0,1,0
2691,0.1,0,1,0
2692,14.4,0,1,0
2693,1.304,0,1,0
2694,13.2,1,0,0
2695,715.0,0,1,0
2696,22.0,0,1,0
2697,2.95,0,2,0
2698,11.0,0,1,0
2699,13.8,0,1,0
2700,729.0,0,1,0
2701,30.6,0,3,0
2702,3.3,0,1,0
2703,6.05,0,1,0
2704,515.0,0,1,0
2705,30.0,1,1,1
2706,1.0,0,3,0
2707,29.0,0,2,0
2708,7.426,0,1,0
2709,0.35,0,1,0
2710,0.0,0,0,1
2711,4.3,0,1,0
2712,732.0,0,2,0
2713,515.5,0,1,0
2714,95.0,0,1,0
2715,5.05,0,1,0
2716,520.35,0,0,1
2717,511.041,0,2,0
2718,516.6,0,1,0
2719,,1,0,0
2720,2.8,0,4,0
2721,81.0,0,3,0
2722,78.3,0,1,0
2723,22.65,0,1,0
2724,1.4,0,1,0
2725,5.35,0,1,0
2726,2.159,0,1,0
2727,509.3,0,5,0
2728,2.0,0,1,0
2729,513.7,0,2,0
2730,27.6,0,1,0
2731,722.6,0,1,0
2732,95.3,0,1,0
2733,80.57,0,2,0
2734,11.416,0,1,0
2735,2.9,0,2,0
2736,5.309,0,1,0
2737,97.7,0,1,0
2738,1.25,0,1,0
2739,4.35,0,1,0
2740,18.56,0,1,0
2741,722.65,0,1,0
2742,509.3,0,2,0
2743,94.0,1,1,0
2744,7.4,0,1,0
2745,5.5,0,3,0
2746,5.827,0,1,0
2747,23.5,0,3,0
2748,723.5,1,0,0
2749,11.35,3,2,1
2750,22.55,0,3,0
2751,5.9,0,1,0
2752,730.5,0,1,0
2753,14.4,0,1,0
2754,22.5,0,2,0
2755,3.5,0,1,0
2756,2.95,0,1,0
2757,2.2,0,1,0
2758,5.7,0,2,0
2759,6.5,0,1,0
2760,6.5,0,1,0
2761,6.6,0,1,0
2762,10.2,0,2,0
2763,11.5,0,1,0
2764,11.4,1,0,0
2765,4.45,1,1,0
2766,28.4,0,1,0
2767,12.771,0,1,0
2768,30.7,0,1,0
2769,511.2,0,1,0
2770,725.793,0,2,0
2771,4.6,0,1,0
2772,5.2,0,2,0
2773,25.0,0,2,0
2774,730.2,0,1,0
2775,7.0,0,1,0
2776,,0,0,1
2777,,1,0,0
2778,,1,2,0
2779,5.3,0,1,0
2780,,1,2,0
2781,97.6,1,1,0
2782,713.7,0,1,0
2783,2.1,0,1,0
2784,5.976,0,1,0
2785,23.9,0,1,0
2786,713.6,0,2,0
2787,1.5,0,1,0
2788,20.1,0,1,0
2789,0.01,0,1,0
2790,0.05,0,1,0
2791,206.9,0,1,0
2792,12.9,0,1,0
2793,209.9,0,1,0
2794,2.5,0,1,0
2795,,0,2,0
2796,3.5,0,1,0
2797,,0,1,0
2798,12.0,0,1,0
2799,,0,1,0
2800,,0,1,0
2801,,0,1,0
2802,,0,1,0
2803,,0,1,0
2804,,0,1,0
2805,0.6,0,3,0
2806,143.7,0,1,0
2807,4.7,0,2,0
2808,,0,1,0
2809,,0,1,0
2810,144.0,0,1,0
2811,,1,0,0
2812,,0,4,0
2813,9.8,0,2,0
2814,,0,1,0
2815,,0,1,0
2816,0.1,0,1,0
2817,,0,1,0
2818,,0,1,0
2819,,0,1,0
2820,,0,1,0
2821,,0,1,0
2822,,0,1,0
2823,,0,1,0
2824,0.0,0,1,0
2825,1.4,0,2,0
2826,,0,2,0
2827,,0,1,0
2828,,0,1,0
2829,,0,1,0
2830,1.7,0,1,0
2831,144.4,0,3,0
2832,,0,1,0
2833,,0,1,0
2834,,0,1,0
2835,4.9,0,1,0
2836,16.1,1,0,0
2837,2.1,0,4,0
2838,2.1,0,3,0
2839,,1,2,0
2840,17.0,0,1,0
2841,16.0,0,0,1
2842,,0,1,0
2843,15.8,0,1,0
2844,1.5,0,1,0
2845,2.3,0,1,0
2846,616.5,0,1,0
2847,616.3,1,2,0
2848,1.5,0,1,0
2849,24.0,0,1,0
2850,5.38,0,1,0
2851,70.1,0,1,0
2852,2.5,0,4,0
2853,69.75,0,2,0
2854,21.0,0,2,0
2855,23.95,0,1,0
2856,70.6,0,1,0
2857,72.725,0,6,0
2858,70.4,0,1,0
2859,72.8,1,0,0
2860,64.9,0,2,0
2861,,0,1,0
2862,,0,1,0
2863,,0,1,0
2864,,0,1,0
2865,,0,2,0
2866,,0,1,0
2867,,0,1,0
2868,,0,1,0
2869,,0,1,0
2870,,0,1,0
2871,,0,4,0
2872,,0,3,0
2873,4.8,0,1,0
2874,,0,1,0
2875,,0,1,0
2876,73.42,0,2,0
2877,70.658,0,1,0
2878,69.5,0,2,0
2879,0.7,0,1,0
2880,5.0,0,1,0
2881,9.6,0,2,0
2882,2.4,0,2,0
2883,5.483,0,2,0
2884,17.0,0,2,0
2885,460.1,0,1,0
2886,461.4,1,0,0
2887,18.8,0,1,0
2888,,0,1,0
2889,,0,1,0
2890,,0,2,0
2891,,0,1,0
2892,12.0,0,1,0
2893,5.9,0,1,0
2894,,0,1,0
2895,,0,1,0
2896,,0,1,0
2897,,0,1,0
2898,,0,1,0
2899,,0,1,0
2900,5.2,0,1,0
2901,2.66,1,0,0
2902,,0,2,0
2903,,0,1,0
2904,,1,0,0
2905,4.9,1,0,0
2906,,0,1,0
2907,,0,1,0
2908,,0,1,0
2909,,0,1,0
2910,459.917,0,1,0
2911,459.935,0,1,0
2912,10.9,0,2,0
2913,,0,1,0
2914,,0,1,0
2915,,0,2,0
2916,0.667,0,1,0
2917,226.7,0,1,0
2918,,0,1,0
2919,,0,1,0
2920,,0,1,0
2921,4.5,0,1,0
2922,457.416,0,1,0
2923,2.557,0,3,0
2924,4.9,0,1,0
2925,,0,1,0
2926,,0,2,0
2927,,0,2,0
2928,10.3,0,2,0
2929,11.4,0,2,0
2930,1.0,0,1,0
2931,11.28,1,0,0
2932,7.0,0,2,0
2933,1.7,0,2,0
2934,4.05,1,0,0
2935,1.195,0,1,0
2936,6.8,0,5,0
2937,3.4,0,1,0
2938,6.0,0,1,0
2939,,0,1,0
2940,,0,1,0
2941,3.6,0,1,0
2942,9.055,0,1,0
2943,8.391,0,2,0
2944,1.5,0,1,0
2945,3.2,0,1,0
2946,8.4,1,1,0
2947,2.5,0,1,0
2948,5.9,0,1,0
2949,2.1,0,1,0
2950,3.2,1,1,0
2951,6.437,0,3,0
2952,,0,1,0
2953,,0,1,0
2954,5.9,0,2,0
2955,6.4,3,0,1
2956,3.2,0,1,0
2957,1.8,0,3,0
2958,10.644,0,1,0
2959,4.2,0,1,0
2960,1.2,1,0,0
2961,20.0,0,1,0
2962,20.8,0,1,0
2963,20.5,0,1,0
2964,11.0,0,1,0
2965,5.0,0,1,0
2966,21.357,0,1,0
2967,4.939,0,1,0
2968,22.035,0,1,0
2969,9.5,0,1,0
2970,4.083,0,1,0
2971,22.5,0,1,0
2972,4.0,0,1,1
2973,11.9,0,2,0
2974,14.5,0,1,0
2975,1.5,0,1,0
2976,22.5,0,1,0
2977,30.0,0,1,0
2978,20.7,1,0,0
2979,506.55,0,1,0
2980,226.4,1,0,0
2981,224.2,0,1,0
2982,221.3,1,0,0
2983,224.5,0,1,0
2984,226.0,0,2,0
2985,221.0,0,2,0
2986,221.3,0,2,0
2987,218.45,1,0,0
2988,226.025,0,2,0
2989,221.1,0,10,0
2990,223.9,0,1,0
2991,221.0,0,1,0
2992,217.0,0,1,0
2993,219.2,0,2,0
2994,219.4,0,2,0
2995,222.95,0,1,0
2996,6.487,0,1,0
2997,2.256,0,1,0
2998,222.4,0,1,0
2999,212.755,0,1,0
3000,16.3,0,1,0
3001,218.5,0,6,0
3002,217.819,0,3,0
3003,220.0,0,1,0
3004,219.6,0,1,0
3005,219.6,0,1,0
3006,216.1,0,1,0
3007,13.275,1,0,0
3008,14.795,0,2,0
3009,6.3,0,1,0
3010,,1,0,0
3011,,0,1,0
3012,,0,1,0
3013,11.8,0,2,0
3014,,0,0,1
3015,6.9,0,1,0
3016,2.3,0,2,0
3017,1.75,0,1,0
3018,1.7,0,1,0
3019,3.827,0,1,0
3020,0.2,0,1,0
3021,,0,1,0
3022,4.819,0,1,0
3023,1.2,0,1,0
3024,685.45,0,1,0
3025,,0,2,0
3026,2.5,0,1,0
3027,0.0,0,1,0
3028,0.9,0,1,0
3029,0.9,0,1,0
3030,0.0,0,1,0
3031,3.5,0,1,0
3032,2.3,1,0,0
3033,1.5,0,5,0
3034,0.9,0,1,0
3035,4.64,0,1,0
3036,1.8,0,2,0
3037,3.5,0,2,0
3038,1.05,0,1,0
3039,,0,1,0
3040,,1,0,0
3041,0.0,0,2,0
3042,0.2,0,1,0
3043,3.2,0,1,0
3044,2.5,0,2,0
3045,4.0,0,1,0
3046,3.2,0,1,0
3047,1.7,0,1,0
3048,4.657,0,1,0
3049,,0,1,0
3050,0.0,0,1,0
3051,3.399,0,1,0
3052,805.0,0,1,0
3053,434.3,0,1,0
3054,439.3,0,1,0
3055,211.0,0,1,0
3056,0.7,0,1,0
3057,3.89,0,1,0
3058,1.0,1,0,0
3059,4.774,0,1,0
3060,211.5,0,2,0
3061,,0,1,0
3062,,0,1,0
3063,10.6,4,0,1
3064,212.192,0,1,0
3065,,0,1,0
3066,3.419,0,2,0
3067,,0,1,0
3068,,0,1,0
3069,212.702,0,3,0
3070,1.0,0,2,0
3071,216.336,0,1,0
3072,,0,0,4
3073,4.166,0,1,0
3074,5.506,0,1,0
3075,214.1,0,1,0
3076,212.8,1,0,0
3077,4.75,0,1,0
3078,13.8,0,1,0
3079,211.0,1,0,0
3080,2.5,1,0,0
3081,4.2,0,1,0
3082,14.472,0,1,0
3083,19.515,0,1,0
3084,,0,1,0
3085,2.4,0,1,0
3086,215.441,0,1,0
3087,3.943,0,1,0
3088,215.5,0,1,0
3089,19.655,0,1,0
3090,48.6,0,1,0
3091,5.3,0,1,0
3092,47.2,0,1,0
3093,44.8,0,1,0
3094,44.0,0,2,0
3095,46.5,1,0,0
3096,48.0,0,3,0
3097,48.7,0,1,0
3098,46.2,0,1,0
3099,4.8,0,1,0
3100,45.7,0,2,0
3101,47.0,1,0,0
3102,46.2,0,1,0
3103,45.0,0,1,0
3104,47.5,0,1,0
3105,48.2,0,1,0
3106,43.5,0,2,0
3107,608.042,0,1,0
3108,,0,1,0
3109,6.0,0,1,0
3110,197.7,0,1,0
3111,195.6,0,1,0
3112,8.85,0,2,0
3113,0.5,0,1,0
3114,0.3,0,1,0
3115,1.0,0,1,0
3116,0.5,0,4,0
3117,2.4,0,1,0
3118,3.1,0,1,0
3119,7.5,0,1,0
3120,0.11,0,1,0
3121,1.813,0,1,0
3122,4.822,0,1,0
3123,1.8,0,1,0
3124,3.2,0,1,0
3125,9.391,0,1,0
3126,0.8,0,1,0
3127,1.85,0,0,1
3128,2.3,0,1,0
3129,21.304,0,1,0
3130,13.3,0,1,0
3131,6.5,1,0,0
3132,6.3,1,1,0
3133,3.4,0,1,0
3134,1.6,0,2,0
3135,0.9,0,2,0
3136,0.0,0,1,0
3137,5.8,0,1,0
3138,1.2,2,3,0
3139,,0,1,0
3140,7.7,0,1,0
3141,0.0,0,1,0
3142,,0,1,0
3143,0.0,0,1,0
3144,,0,1,0
3145,686.7,0,2,0
3146,689.0,0,2,0
3147,,0,1,0
3148,0.2,0,2,0
3149,,0,1,0
3150,3.7,0,1,0
3151,4.78,2,1,0
3152,3.4,0,1,0
3153,3.4,1,0,0
3154,,0,1,0
3155,,0,1,0
3156,0.1,0,1,0
3157,,0,1,0
3158,,0,1,0
3159,,0,1,0
3160,,0,2,0
3161,1.5,0,1,0
3162,,0,1,0
3163,,0,1,0
3164,,0,1,0
3165,551.1,1,0,0
3166,,0,1,0
3167,6.8,0,1,0
3168,551.3,0,2,0
3169,6.0,0,2,0
3170,,1,0,0
3171,,0,4,0
3172,688.9,0,1,0
3173,5.0,0,1,0
3174,,0,1,0
3175,,0,1,0
3176,,0,2,0
3177,680.0,0,1,0
3178,50.0,0,1,0
3179,5.1,0,1,0
3180,0.1,0,2,0
3181,683.0,0,1,0
3182,5.2,0,2,0
3183,,0,1,0
3184,,0,1,0
3185,,0,1,0
3186,,0,1,0
3187,551.0,0,1,0
3188,,0,2,0
3189,,0,3,0
3190,,0,1,0
3191,0.75,0,1,0
3192,,0,2,0
3193,,0,2,0
3194,686.817,0,2,0
3195,1.3,0,4,0
3196,3.396,0,1,0
3197,,0,1,0
3198,,1,0,0
3199,547.0,0,4,0
3200,48.525,0,2,0
3201,3.5,0,2,0
3202,5.31,0,1,0
3203,1.8,0,1,0
3204,548.8,0,2,0
3205,,0,1,0
3206,,0,1,0
3207,681.25,0,2,0
3208,,0,1,0
3209,548.7,0,2,0
3210,47.9,0,3,0
3211,,1,0,0
3212,,0,1,0
3213,687.6,0,1,0
3214,50.2,0,1,0
3215,551.4,0,2,0
3216,,1,0,0
3217,,0,4,0
3218,,0,1,0
3219,4.1,0,1,0
3220,,0,1,0
3221,2.0,0,2,0
3222,,0,2,0
3223,3.73,0,1,0
3224,6.3,0,2,0
3225,2.5,0,1,0
3226,47.0,0,1,0
3227,50.665,0,3,0
3228,0.1,0,1,0
3229,2.5,3,6,0
3230,680.3,0,2,0
3231,5.945,0,1,0
3232,51.7,1,0,0
3233,15.5,0,1,0
3234,,0,2,0
3235,4.5,0,1,0
3236,10.421,0,1,0
3237,51.788,0,1,0
3238,1.0,0,1,0
3239,1.7,0,2,0
3240,,0,1,0
3241,1.0,0,1,0
3242,690.0,0,1,0
3243,48.7,0,1,0
3244,2.5,0,1,0
3245,50.35,1,0,0
3246,5.0,1,0,0
3247,5.6,1,0,0
3248,,0,1,0
3249,2.1,0,1,0
3250,,0,1,0
3251,0.85,0,1,0
3252,552.5,0,2,0
3253,0.4,1,0,0
3254,50.2,0,1,0
3255,768.0,0,1,0
3256,,0,1,0
3257,547.4,0,1,0
3258,2.0,0,1,0
3259,,1,0,0
3260,685.4,1,0,0
3261,546.3,0,2,0
3262,,0,1,0
3263,547.5,0,2,0
3264,680.37,0,2,0
3265,2.0,0,3,0
3266,5.3,0,1,0
3267,2.8,0,1,0
3268,4.2,0,1,0
3269,681.045,0,2,0
3270,,0,1,0
3271,,0,2,0
3272,545.0,0,3,0
3273,6.0,0,1,0
3274,4.2,1,1,0
3275,0.7,0,1,0
3276,5.2,0,0,1
3277,,0,1,0
3278,,1,0,0
3279,682.2,0,1,0
3280,4.6,0,1,0
3281,682.2,0,2,0
3282,,1,2,0
3283,681.8,1,0,0
3284,,0,1,0
3285,3.8,0,1,0
3286,,0,1,0
3287,687.0,0,2,0
3288,3.0,0,3,0
3289,1.85,0,1,0
3290,25.05,0,1,0
3291,612.9,0,3,0
3292,0.6,0,2,0
3293,6.8,0,1,0
3294,,0,1,0
3295,49.5,0,1,0
3296,47.1,0,1,0
3297,,0,1,0
3298,,0,1,0
3299,,0,1,0
3300,2.0,0,1,0
3301,,1,0,0
3302,4.8,0,1,0
3303,,0,1,0
3304,50.0,0,1,0
3305,191.3,0,2,0
3306,,0,2,0
3307,,0,1,0
3308,190.9,0,1,0
3309,4.7,0,1,0
3310,,0,1,0
3311,191.6,0,0,1
3312,1.0,0,1,0
3313,196.15,0,4,0
3314,58.7,0,1,0
3315,11.2,0,1,0
3316,26.3,0,1,0
3317,,1,0,0
3318,,0,2,0
3319,,0,1,0
3320,,0,1,0
3321,,0,1,0
3322,,0,2,0
3323,61.0,2,0,0
3324,4.2,0,2,0
3325,25.74,1,0,0
3326,4.2,0,1,0
3327,63.9,0,1,0
3328,25.5,0,2,0
3329,,0,0,1
3330,0.8,0,1,0
3331,15.2,0,1,0
3332,22.9,0,1,0
3333,1.8,1,0,1
3334,200.351,0,1,0
3335,,0,6,0
3336,,0,1,0
3337,206.05,0,4,0
3338,,0,1,0
3339,208.0,0,1,0
3340,208.9,0,2,0
3341,,0,1,0
3342,0.5,0,1,0
3343,,0,1,0
3344,,0,1,0
3345,200.65,0,1,0
3346,,0,1,0
3347,204.862,0,1,0
3348,2.0,0,1,0
3349,,0,1,0
3350,,0,1,0
3351,,0,1,0
3352,,0,1,0
3353,,1,0,0
3354,,0,1,0
3355,,1,0,0
3356,,0,1,0
3357,0.95,0,1,0
3358,,0,0,1
3359,,0,1,0
3360,,0,2,0
3361,,0,1,0
3362,5.08,0,1,0
3363,12.99,0,1,0
3364,21.6,4,0,2
3365,,0,1,0
3366,20.6,0,1,0
3367,33.9,1,0,0
3368,,0,1,0
3369,38.2,0,1,0
3370,37.1,0,1,0
3371,37.9,0,1,0
3372,38.7,0,1,0
3373,38.5,0,1,0
3374,54.5,1,5,0
3375,2.7,0,1,0
3376,3.5,0,1,0
3377,0.1,0,6,0
3378,1.8,0,1,0
3379,6.9,0,1,0
3380,692.7,0,1,0
3381,0.2,0,1,0
3382,2.8,0,1,0
3383,2.7,0,1,0
3384,1.1,1,0,0
3385,,0,1,0
3386,1.1,0,1,0
3387,3.0,0,1,0
3388,28.213,0,1,0
3389,20.3,0,1,1
3390,15.5,0,1,0
3391,20.0,0,2,0
3392,1.6,0,1,0
3393,3.9,1,0,0
3394,1.1,0,1,0
3395,1.087,0,1,0
3396,2.5,0,1,0
3397,1.05,0,1,0
3398,0.8,0,2,0
3399,1.035,0,1,0
3400,2.2,0,1,0
3401,2.0,0,1,0
3402,1.0,0,1,0
3403,2.538,0,1,0
3404,,0,1,0
3405,4.05,0,1,0
3406,13.0,0,2,0
3407,1.0,0,1,0
3408,0.1,0,1,0
3409,10.6,0,1,0
3410,,0,1,0
3411,1.3,0,1,0
3412,2.5,0,1,0
3413,73.7,0,2,0
3414,3.268,0,1,0
3415,,0,1,0
3416,,0,1,0
3417,,1,0,0
3418,6.2,0,2,0
3419,,1,0,0
3420,5.496,0,1,0
3421,4.9,0,1,0
3422,1.682,0,1,0
3423,5.0,0,2,0
3424,,1,0,0
3425,,0,1,0
3426,5.0,0,1,0
3427,,0,2,0
3428,,1,0,0
3429,,0,1,0
3430,4.1,0,1,0
3431,,0,1,0
3432,,0,1,0
3433,114.05,0,1,0
3434,,1,0,0
3435,116.2,1,0,0
3436,,1,0,0
3437,5.2,2,0,0
3438,,0,1,0
3439,115.5,1,1,0
3440,16.8,0,2,0
3441,0.5,0,1,0
3442,1.7,0,2,0
3443,8.5,0,1,0
3444,6.388,0,1,0
3445,10.8,0,2,0
3446,9.0,0,2,0
3447,0.5,0,1,0
3448,0.4,0,1,0
3449,22.813,0,1,0
3450,10.607,0,2,0
3451,6.0,1,0,0
3452,1.5,0,1,0
3453,,0,1,0
3454,,0,1,0
3455,88.4,0,2,0
3456,81.1,0,2,0
3457,88.115,0,2,0
3458,,0,4,0
3459,88.1,0,1,0
3460,10.83,0,1,0
3461,,0,1,0
3462,90.319,0,1,0
3463,,0,1,0
3464,89.5,2,1,1
3465,,0,1,0
3466,91.3,0,0,1
3467,91.2,0,3,0
3468,11.9,0,1,0
3469,,0,1,0
3470,,0,1,0
3471,,0,1,0
3472,,0,1,0
3473,,0,1,0
3474,,0,2,0
3475,,0,2,0
3476,,0,1,0
3477,9.0,0,1,0
3478,10.5,0,1,0
3479,,0,1,0
3480,,0,1,0
3481,,0,1,0
3482,,0,1,0
3483,92.2,0,2,0
3484,88.7,0,3,0
3485,,0,3,0
3486,,0,1,0
3487,,0,2,0
3488,88.288,0,1,0
3489,89.951,0,3,0
3490,10.8,0,1,0
3491,,0,1,0
3492,,0,1,0
3493,,0,1,0
3494,,0,1,0
3495,,0,1,0
3496,,1,0,0
3497,10.696,0,1,0
3498,,0,1,0
3499,12.0,0,1,0
3500,,0,2,0
3501,93.3,0,1,0
3502,82.0,0,4,0
3503,,0,1,0
3504,4.0,0,1,0
3505,,0,1,0
3506,90.5,0,1,0
3507,11.7,0,1,0
3508,91.25,0,1,0
3509,88.1,0,1,0
3510,92.3,0,3,0
3511,,0,1,0
3512,91.6,0,3,0
3513,83.938,0,1,0
3514,11.8,0,1,0
3515,,0,1,0
3516,,0,1,0
3517,11.8,0,1,0
3518,85.3,0,1,0
3519,11.8,0,1,0
3520,,0,4,0
3521,92.3,0,1,0
3522,4.8,0,1,0
3523,0.0,0,2,0
3524,490.0,0,1,0
3525,485.197,0,1,0
3526,487.749,0,1,0
3527,0.8,0,1,0
3528,11.997,0,3,0
3529,0.3,0,2,0
3530,0.8,0,1,0
3531,0.0,0,1,0
3532,0.0,0,2,0
3533,4.4,0,1,0
3534,0.0,0,3,0
3535,0.8,0,1,0
3536,3.3,0,1,0
3537,1.8,0,1,0
3538,2.2,0,1,0
3539,0.8,0,1,0
3540,195.752,0,2,0
3541,198.832,0,1,0
3542,195.0,0,1,0
3543,194.8,0,9,0
3544,,0,1,0
3545,,0,1,0
3546,197.1,0,3,0
3547,191.7,0,1,0
3548,41.7,0,1,0
3549,,0,2,0
3550,2.2,0,0,1
3551,2.2,0,1,0
3552,8.569,0,1,0
3553,1.9,0,1,0
3554,483.6,0,1,0
3555,483.0,0,1,0
3556,484.161,0,1,0
3557,480.2,0,1,0
3558,483.75,0,1,0
3559,484.7,1,3,0
3560,13.2,0,2,0
3561,482.223,0,1,0
3562,3.5,0,1,0
3563,4.1,0,1,0
3564,10.9,0,1,0
3565,13.96,3,0,0
3566,758.05,0,1,1
3567,54.1,0,1,0
3568,3.9,0,1,0
3569,,0,1,0
3570,,0,1,0
3571,54.45,0,1,0
3572,757.45,1,0,0
3573,9.4,0,1,0
3574,,0,1,0
3575,,0,1,0
3576,,0,2,0
3577,,0,1,0
3578,,0,2,0
3579,,0,1,0
3580,,0,2,0
3581,,0,1,0
3582,54.6,0,2,0
3583,6.5,0,6,0
3584,,0,0,1
3585,1.7,0,1,0
3586,7.7,0,2,0
3587,4.83,0,1,0
3588,56.0,1,0,0
3589,,0,1,0
3590,57.827,0,1,0
3591,,0,0,1
3592,4.0,0,0,1
3593,9.5,0,2,0
3594,52.9,0,1,0
3595,56.379,0,2,0
3596,54.145,0,1,0
3597,4.8,0,1,0
3598,7.77,0,1,0
3599,54.6,0,5,0
3600,62.269,0,2,0
3601,64.0,0,1,0
3602,64.0,0,1,0
3603,,0,0,2
3604,24.1,1,0,0
3605,56.2,0,1,0
3606,8.5,0,4,0
3607,53.0,0,1,0
3608,6.423,0,1,0
3609,6.5,1,0,0
3610,41.1,0,0,1
3611,54.1,0,4,0
3612,5.408,0,1,0
3613,58.1,0,3,0
3614,,0,0,1
3615,56.144,0,1,0
3616,8.9,0,1,0
3617,56.399,0,4,0
3618,7.85,0,1,0
3619,56.4,0,1,0
3620,62.4,0,1,0
3621,9.0,0,1,0
3622,,0,1,0
3623,,0,1,0
3624,,1,0,0
3625,,1,1,0
3626,,0,1,0
3627,1.0,1,0,0
3628,,0,1,0
3629,,0,1,0
3630,,0,2,0
3631,,0,1,0
3632,,1,0,0
3633,,1,2,0
3634,,1,1,0
3635,58.0,0,1,0
3636,,1,0,0
3637,,1,0,0
3638,,1,0,0
3639,,1,0,0
3640,,0,5,0
3641,,0,1,0
3642,,1,1,0
3643,,0,1,0
3644,,1,0,0
3645,,1,0,0
3646,,0,1,0
3647,,0,1,0
3648,,0,1,0
3649,,1,0,0
3650,,0,1,0
3651,,1,0,0
3652,,0,3,0
3653,9.0,0,1,0
3654,54.4,0,5,0
3655,,0,1,0
3656,,0,1,0
3657,,0,1,0
3658,,0,2,0
3659,,0,1,0
3660,,0,2,0
3661,,0,1,0
3662,,0,2,0
3663,,0,1,0
3664,,0,1,0
3665,,0,1,0
3666,,0,1,0
3667,,0,1,0
3668,,0,1,0
3669,7.5,0,1,0
3670,0.0,0,1,0
3671,38.3,0,1,0
3672,,0,1,0
3673,,0,1,0
3674,,0,1,0
3675,,0,2,0
3676,,0,1,0
3677,,0,1,0
3678,,0,2,0
3679,,0,1,0
3680,,0,1,0
3681,,0,1,0
3682,,0,1,0
3683,,0,1,0
3684,,0,1,0
3685,601.425,1,0,0
3686,137.818,0,1,0
3687,,0,1,0
3688,,1,0,0
3689,,0,1,0
3690,,0,1,0
3691,,1,0,0
3692,,0,1,0
3693,,1,0,0
3694,,0,1,0
3695,,0,2,0
3696,,0,1,0
3697,,0,1,0
3698,,0,1,0
3699,130.55,2,0,0
3700,657.192,0,2,0
3701,664.65,0,4,0
3702,,0,1,0
3703,,0,1,0
3704,,0,1,0
3705,,1,0,0
3706,,0,1,0
3707,,0,1,0
3708,,0,2,0
3709,,0,1,0
3710,,1,2,0
3711,,0,2,0
3712,,0,1,0
3713,,1,0,0
3714,,0,1,0
3715,2.1,0,1,0
3716,,0,1,0
3717,,0,3,0
3718,653.9,0,2,0
3719,665.0,0,7,0
3720,137.8,0,1,0
3721,663.2,0,1,0
3722,142.8,0,3,0
3723,138.0,0,1,0
3724,657.85,0,1,0
3725,2.925,0,1,0
3726,130.2,0,1,0
3727,130.9,0,1,0
3728,138.0,0,1,0
3729,,0,0,1
3730,660.2,0,3,0
3731,179.579,0,1,0
3732,180.554,0,4,0
3733,187.4,0,2,0
3734,,1,0,0
3735,1.525,0,1,0
3736,,1,0,0
3737,2.71,0,1,0
3738,,0,1,0
3739,,0,1,0
3740,168.8,0,1,0
3741,,1,0,0
3742,,0,1,0
3743,175.382,0,6,0
3744,118.717,0,1,0
3745,165.6,0,2,0
3746,191.0,0,3,0
3747,,0,4,0
3748,,0,1,0
3749,,1,0,0
3750,79.37,0,1,0
3751,42.279,0,1,0
3752,176.1,0,2,0
3753,176.4,0,1,0
3754,3.5,0,1,0
3755,,0,1,0
3756,,0,1,0
3757,,0,2,0
3758,0.2,0,1,0
3759,,0,1,0
3760,,0,2,0
3761,,1,0,0
3762,188.0,1,0,0
3763,4.0,0,0,1
3764,5.0,0,1,0
3765,177.55,0,2,1
3766,,0,1,0
3767,48.674,0,1,0
3768,,0,1,0
3769,,0,1,0
3770,,1,0,0
3771,83.85,1,1,0
3772,9.537,0,1,0
3773,,0,1,0
3774,5.485,0,1,0
3775,8.65,0,1,0
3776,7.9,0,2,0
3777,18.45,0,1,0
3778,0.1,0,1,0
3779,771.66,0,0,1
3780,,0,1,0
3781,42.8,0,1,1
3782,773.95,0,1,0
3783,42.7,0,1,0
3784,769.65,0,0,1
3785,41.3,1,0,0
3786,770.7,0,2,0
3787,39.5,0,1,0
3788,42.5,0,1,0
3789,41.27,0,1,0
3790,31.156,0,1,0
3791,30.5,0,2,0
3792,8.463,0,1,0
3793,2.8,1,0,0
3794,4.8,0,2,0
3795,0.1,0,2,0
3796,753.6,0,1,0
3797,5.5,0,2,0
3798,3.9,0,2,0
3799,2.2,0,1,0
3800,536.3,0,1,0
3801,536.55,1,1,0
3802,,0,1,0
3803,535.6,0,5,0
3804,535.0,0,1,0
3805,2.0,0,1,0
3806,534.6,0,2,0
3807,534.55,0,1,0
3808,1.2,0,0,1
86361,,0,1,0
86362,449.8,0,1,0
86363,2.3,1,0,0
86364,,1,1,0
86365,,1,0,0
86366,,1,0,0
86367,,0,1,0
86368,,0,1,0
86369,,0,5,0
86370,,0,1,0
86371,,0,3,0
86372,,0,1,0
86373,,0,2,0
86374,,0,1,0
86375,,0,2,0
86376,,0,1,0
86377,,0,2,0
86378,,0,1,0
86379,,0,1,0
86380,,0,2,0
86381,,0,1,0
86382,,0,1,0
86383,,0,1,0
86384,,0,1,0
86385,,0,1,0
86386,,0,2,0
86387,,0,2,0
86388,,0,1,0
86389,,0,1,0
86390,,0,1,0
86391,,0,1,0
86392,,0,2,0
86393,,0,1,0
86394,,2,0,0
86395,,0,1,0
86396,,0,2,0
86397,,1,0,0
86398,,0,2,0
86399,,0,1,0
86400,,0,1,0
86401,,0,1,0
86402,,0,1,0
86403,,0,1,0
86404,,0,1,0
86405,,0,1,0
86406,,0,1,0
86407,,0,2,0
86408,,0,1,0
86409,7.4,0,1,0
86410,25.5,0,1,0
86411,97.8,0,2,0
86412,,1,2,0
86413,,1,1,0
86414,,0,1,0
86415,,0,0,1
86416,,0,1,0
86417,,0,1,0
86418,,0,2,0
86419,,0,2,0
86420,,0,1,0
86421,,0,1,0
86422,,0,1,0
86423,,0,0,1
86424,208.2,0,2,0
86425,,0,1,0
86426,,0,1,0
86427,,0,1,0
86428,,0,1,0
86429,,1,0,0
86430,,0,1,0
86431,,0,2,0
86432,,0,1,0
86433,,0,1,0
86434,,0,1,0
86435,,0,1,0
86436,,0,2,0
86437,,0,1,0
86438,,1,0,0
86439,7.7,0,2,0
86440,,0,1,0
86441,,0,1,0
86442,,0,1,0
86443,,0,1,0
86444,,0,1,0
86445,,0,1,0
86446,4.0,0,1,0
86447,,0,1,0
86448,,0,1,0
86449,,0,1,0
86450,,0,1,0
86451,,0,1,0
86452,,0,1,0
86453,,0,1,0
86454,,0,1,0
86455,,0,2,0
86456,,0,1,0
86457,,0,1,0
86458,,0,1,0
86459,,0,1,0
86460,,0,1,0
86461,,0,1,0
86462,,0,1,0
86463,,0,1,0
86464,,0,1,0
86465,,0,1,0
86466,,0,1,0
86467,,0,3,0
86468,,0,1,0
86469,,0,1,0
86470,,0,1,0
86471,,0,1,0
86472,,0,1,0
86473,,0,1,0
86474,,0,1,0
86475,,0,1,0
86476,,0,1,0
86477,,0,1,0
86478,,0,1,0
86479,,0,1,0
86480,,0,1,0
86481,,0,1,0
86482,,0,1,0
86483,,0,1,0
86484,,0,1,0
86485,,0,1,0
86486,,0,1,0
86487,,0,1,0
86488,,0,1,0
86489,,0,1,0
86490,,0,2,0
86491,,0,1,0
86492,,0,1,0
86493,,0,1,0
86494,,0,1,0
86495,,0,1,0
86496,,0,1,0
86497,,1,0,0
86498,,1,0,0
86499,,0,1,0
86500,,0,2,0
86501,,0,1,0
86502,,0,2,0
86503,,0,1,0
86504,,0,1,0
86505,,0,1,0
86506,,0,1,0
86507,,0,1,0
86508,,0,1,0
86509,,0,1,0
86510,,0,1,0
86511,,0,2,0
86512,,1,0,0
86513,,0,2,0
86514,,0,1,0
86515,,0,1,0
86516,,0,1,0
86517,,0,1,0
86518,,0,1,0
86519,,1,1,0
86520,,0,1,0
86521,,0,1,0
86522,,0,1,0
86523,,0,1,0
86524,,0,2,0
86525,,0,2,0
86526,,0,2,0
86527,,0,2,0
86528,,0,1,0
86529,,1,1,0
86530,,0,2,0
86531,,1,0,0
86532,,0,1,0
86533,,0,1,0
86534,,0,3,0
86535,,0,1,0
86536,,0,2,0
86537,,0,2,0
86538,,0,1,0
86539,,0,1,0
86540,,0,1,0
86541,,0,1,0
86542,,0,1,0
86543,,0,2,0
86544,,0,1,0
86545,,0,1,0
86546,,0,1,0
86547,,0,1,0
86548,,0,1,0
86549,,0,1,0
86550,,0,1,0
86551,,0,1,0
86552,,0,1,0
86553,,0,1,0
86554,,0,1,0
86555,,0,1,0
1481,52.3,0,1,0
1482,54.296,0,2,0
1483,51.05,0,1,0
1484,12.75,1,1,0
1485,13.0,0,1,0
1486,11.9,0,1,0
1487,9.6,0,1,0
1488,7.0,0,1,0
1489,10.0,0,1,0
1490,0.0,0,1,0
1491,13.1,0,1,0
1492,10.0,0,1,0
1493,8.365,0,1,0
1494,698.499,0,3,0
1495,697.4,0,3,0
1496,698.375,0,10,0
1497,5.419,0,1,0
1498,9.6,1,0,0
1499,700.4,0,1,0
1500,5.5,1,1,0
1501,10.2,1,0,0
1502,534.653,0,1,0
1503,,0,2,0
1504,,0,4,0
1505,0.6,0,1,0
1506,10.5,0,1,0
1507,696.9,0,1,0
1508,696.655,0,1,0
1509,534.25,1,2,0
1510,696.895,0,2,0
1511,4.5,0,2,0
1512,,0,2,0
1513,4.2,0,1,0
1514,698.35,0,1,0
1515,41.2,0,1,0
1516,0.7,0,1,0
1517,,0,1,0
1518,,0,1,0
1519,12.7,0,1,0
1520,449.0,0,1,0
1521,445.7,0,1,1
1522,,0,2,0
1523,,1,0,0
1524,,2,0,0
1525,,0,1,0
1526,,1,0,0
1527,4.1,0,3,0
1528,,1,0,0
1529,2.6,0,1,0
1530,,0,1,0
1531,,0,1,0
1532,,0,1,0
1533,7.5,0,1,0
1534,4.3,0,1,0
1535,,0,1,0
1536,,0,1,0
1537,,0,1,0
1538,,1,0,0
1539,,0,1,0
1540,,0,2,0
1541,,1,0,0
1542,,0,1,0
1543,,0,1,0
1544,787.0,0,2,0
1545,,0,1,0
1546,,0,1,0
1547,,0,1,0
1548,,0,1,0
1549,,0,1,0
1550,7.9,0,1,0
1551,,0,1,0
1552,,0,1,0
1553,,0,1,0
1554,,0,1,0
1555,1.8,0,1,0
1556,,0,2,0
1557,,0,1,0
1558,12.8,0,2,0
1559,,0,1,0
1560,7.7,1,0,0
1561,,0,1,0
1562,,0,1,0
1563,,0,1,0
1564,,0,2,0
1565,,0,1,0
1566,0.45,0,1,0
1567,,0,3,0
1568,453.24,0,2,0
1569,16.4,1,2,0
1570,,0,1,0
1571,,0,1,0
1572,,0,1,0
1573,450.3,0,1,0
1574,1.4,0,1,0
1575,0.8,2,0,0
1576,,2,0,0
1577,,0,1,0
1578,,0,1,0
1579,,1,1,0
1580,,0,1,0
1581,,0,1,0
1582,0.9,0,1,0
1583,644.5,0,1,0
1584,,0,3,0
1585,,0,1,0
1586,,0,2,0
1587,,0,1,0
1588,,0,1,0
1589,,0,1,0
1590,,1,0,0
1591,,0,2,0
1592,,0,1,0
1593,0.01,0,2,0
1594,0.0,0,1,0
1595,745.6,0,1,0
1596,23.165,0,1,0
1597,22.9,0,1,0
1598,0.15,0,1,0
1599,230.458,0,1,0
1600,16.75,0,1,0
1601,,0,1,0
1602,,0,1,0
1603,1.9,0,1,0
1604,9.3,0,2,0
1605,,0,1,0
1606,,0,1,0
1607,7.9,0,1,0
1608,14.5,0,1,0
1609,491.0,0,1,0
1610,5.3,0,1,0
1611,22.3,1,3,0
1612,0.0,0,1,0
1613,235.0,0,2,0
1614,16.8,0,1,0
1615,,0,1,0
1616,238.7,0,1,0
1617,18.3,0,1,0
1618,0.0,0,5,0
1619,0.4,0,1,0
1620,238.5,0,4,0
1621,14.5,0,1,0
1622,,0,1,0
1623,8.533,0,2,0
1624,7.857,0,1,0
1625,4.9,0,2,0
1626,,1,0,0
1627,,1,0,0
1628,0.2,0,1,0
1629,,1,0,0
1630,236.61,0,1,0
1631,6.9,0,2,0
1632,16.9,0,1,0
1633,229.5,0,1,0
1634,20.7,0,2,0
1635,227.6,0,1,0
1636,4.85,0,1,0
1637,0.1,0,1,0
1638,12.5,0,1,0
1639,8.25,0,2,0
1640,,0,0,1
1641,,0,1,0
1642,9.4,1,2,0
1643,0.5,0,1,0
1644,11.4,0,1,0
1645,21.1,0,1,0
1646,0.15,0,2,0
1647,15.2,0,2,0
1648,6.0,0,2,0
1649,235.9,0,1,0
1650,6.0,0,1,0
1651,5.1,1,0,0
1652,231.55,0,2,0
1653,7.0,0,1,0
1654,5.4,0,5,0
1655,0.0,0,1,0
1656,,0,1,0
1657,,0,1,0
1658,,0,1,0
1659,16.6,0,2,0
1660,,1,0,0
1661,,0,1,0
1662,,0,1,0
1663,,0,2,0
1664,,1,0,0
1665,,1,0,0
1666,1.4,0,3,0
1667,236.5,0,1,0
1668,0.1,0,1,0
1669,0.0,0,2,0
1670,,0,2,0
1671,0.0,0,1,0
1672,9.6,0,7,0
1673,1.8,1,0,0
1674,,0,1,0
1675,,0,1,0
1676,,0,1,0
1677,16.35,0,2,0
1678,0.1,0,1,0
1679,,0,1,0
1680,13.1,0,1,0
1681,17.3,0,1,0
1682,17.5,0,2,0
1683,9.8,1,0,0
1684,16.3,0,1,0
1685,,0,0,1
1686,,0,1,0
1687,,0,1,0
1688,,0,1,0
1689,,0,2,0
1690,,0,1,0
1691,,0,1,0
1692,,0,1,0
1693,17.1,0,1,0
1694,,0,1,0
1695,,0,1,0
1696,,0,1,0
1697,,0,1,0
1698,,0,1,0
1699,,0,1,0
1700,,0,1,0
1701,19.0,0,2,0
1702,,0,1,0
1703,,0,1,0
1704,,0,1,0
1705,,0,1,0
1706,,0,1,0
1707,,0,1,0
1708,,0,2,0
1709,,0,1,0
1710,,1,0,0
1711,,0,1,0
1712,,0,1,0
1713,2.55,0,1,0
1714,,0,0,1
1715,,0,0,1
1716,,1,0,0
1717,,1,0,0
1718,2.2,0,1,0
1719,,0,1,0
1720,,0,1,0
1721,,0,1,0
1722,,0,1,0
1723,,0,1,0
1724,0.05,0,1,0
1725,16.5,0,1,0
1726,9.2,0,1,0
1727,235.0,0,3,0
1728,6.0,0,1,0
1729,0.0,0,1,0
1730,0.01,0,1,0
1731,16.1,1,1,0
1732,2.9,0,1,0
1733,14.0,0,3,0
1734,226.0,0,1,0
1735,14.0,0,2,0
1736,6.5,0,1,0
1737,226.4,0,1,0
1738,,1,0,0
1739,,1,0,0
1740,,1,0,0
1741,17.4,0,1,0
1742,14.1,0,2,0
1743,17.3,0,1,0
1744,1.1,0,1,0
1745,,0,1,0
1746,,0,0,1
1747,,1,0,0
1748,,0,1,0
1749,,0,2,0
1750,,0,1,0
1751,,0,1,0
1752,,0,2,0
1753,,0,3,0
1754,,0,1,0
1755,,0,1,0
1756,,0,1,0
1757,,0,1,0
1758,,0,1,0
1759,,0,0,1
1760,17.5,0,1,0
1761,16.0,0,1,0
1762,0.0,0,3,0
1763,1.8,0,1,0
1764,,1,0,0
1765,234.9,0,1,0
1766,8.2,0,1,0
1767,231.0,0,1,0
1768,15.3,0,1,0
1769,14.4,0,2,0
1770,12.5,0,0,1
1771,14.35,0,4,0
1772,,1,0,0
1773,,1,0,0
1774,13.2,0,1,0
1775,,0,2,0
1776,,0,2,0
1777,14.4,0,2,0
1778,,0,1,0
1779,0.1,0,1,0
1780,,0,1,0
1781,228.4,0,1,0
1782,,0,1,0
1783,,0,1,0
1784,,0,1,0
1785,,0,1,0
1786,,0,2,0
1787,13.994,0,1,0
1788,0.005,0,1,0
1789,6.1,0,1,0
1790,,0,1,0
1791,0.0,0,1,0
1792,6.5,0,1,0
1793,230.05,0,1,0
1794,1.724,0,1,0
1795,17.5,0,2,0
1796,,1,0,0
1797,,1,0,0
1798,,1,0,0
1799,,0,1,0
1800,4.85,0,1,0
1801,,0,1,0
1802,,0,2,0
1803,,0,2,0
1804,,0,1,0
1805,,0,1,0
1806,16.2,0,1,0
1807,8.1,0,1,0
1808,3.15,0,2,0
1809,,0,3,0
1810,235.7,0,1,0
1811,,0,1,0
1812,6.5,0,1,0
1813,,0,1,0
1814,,0,1,0
1815,0.001,0,1,0
1816,17.3,0,1,0
1817,16.0,0,11,0
1818,1.876,0,1,0
1819,,0,1,0
1820,,1,0,0
1821,,1,0,0
1822,,1,0,0
1823,,1,0,0
1824,,1,0,0
1825,,0,1,0
1826,,0,1,0
1827,,0,4,0
1828,,0,1,0
1829,2.6,0,1,0
1830,0.0,0,1,0
1831,,0,1,0
1832,226.6,0,1,0
1833,,0,1,0
1834,16.3,0,2,0
1835,0.5,0,1,0
1836,1.212,0,1,0
1837,8.4,0,3,0
1838,17.6,0,2,0
1839,9.569,0,1,0
1840,3.0,0,1,0
1841,0.0,0,1,0
1842,,0,2,0
1843,,0,1,0
1844,,1,0,0
1845,,1,0,0
1846,,1,0,0
1847,17.1,0,1,0
1848,236.114,0,1,0
1849,,1,0,0
1850,,1,0,0
1851,3.298,0,0,1
1852,5.4,0,1,0
1853,14.7,0,6,0
1854,14.3,0,1,0
1855,,0,2,0
1856,,0,1,0
1857,,0,2,0
1858,737.65,0,1,0
1859,,0,2,0
1860,8.2,0,1,0
1861,,0,1,0
1862,14.8,0,3,0
1863,,0,1,0
1864,,1,0,0
1865,,0,1,0
1866,1.5,0,2,0
1867,15.071,0,1,0
1868,739.2,0,1,0
1869,741.6,0,2,0
1870,11.1,0,1,0
1871,9.1,0,1,0
1872,3.457,0,1,0
1873,8.2,1,0,1
1874,8.7,1,1,0
1875,737.0,1,0,0
1876,,0,0,1
1877,13.2,0,1,0
1878,,1,0,0
1879,,0,1,0
1880,,1,1,0
1881,4.0,0,1,0
1882,57.9,0,1,0
1883,,0,2,0
1884,,0,1,0
1885,14.8,0,1,0
1886,,0,1,0
1887,1.7,0,1,0
1888,162.8,3,0,0
1889,168.7,1,0,0
1890,164.2,0,1,0
1891,164.0,3,2,0
1892,160.85,0,1,0
1893,2.526,0,1,0
1894,2.205,0,1,0
1895,164.0,0,1,0
1896,164.8,0,2,0
1897,,0,1,0
1898,,0,1,0
1899,,1,0,0
1900,161.3,0,1,0
1901,,0,1,0
1902,2.7,0,2,0
1903,,0,1,0
1904,,1,0,0
1905,639.5,0,2,0
1906,10.5,1,0,0
1907,6.5,0,1,0
1908,8.471,0,1,0
1909,5.0,0,1,0
1910,3.954,0,1,0
1911,5.5,0,2,0
1912,5.744,0,2,0
1913,5.0,0,1,0
1914,,0,1,0
1915,86.0,0,1,0
1916,7.5,1,0,0
1917,1.1,0,1,0
1918,1.651,0,2,0
1919,12.848,0,1,0
1920,,0,1,0
1921,,0,1,0
1922,,0,1,0
1923,,0,2,0
1924,,0,1,0
1925,,0,1,0
1926,4.05,0,1,0
1927,,0,1,0
1928,,0,1,0
1929,,0,1,0
1930,,0,1,0
1931,,0,2,0
1932,,1,0,0
1933,,1,0,0
1934,,0,1,0
1935,,0,1,0
1936,2.823,0,1,0
1937,4.1,0,1,0
1938,7.9,0,1,0
1939,,0,1,0
1940,,0,1,0
1941,,0,1,0
1942,1.743,0,1,0
1943,,0,1,0
1944,,0,1,0
1945,,0,1,0
1946,,0,2,0
1947,1.0,0,1,0
1948,12.7,0,1,0
1949,17.95,2,3,0
1950,23.475,0,0,1
1951,22.501,0,1,0
1952,,0,1,0
1953,,0,1,0
1954,36.0,0,1,0
1955,13.0,0,1,0
1956,24.8,0,1,0
1957,24.817,0,1,0
1958,7.9,0,1,0
1959,8.537,0,1,0
1960,4.3,0,1,0
1961,6.938,0,1,0
1962,5.5,0,1,0
1963,7.5,0,1,0
1964,5.5,0,1,0
1965,6.2,0,1,0
1966,6.7,0,1,0
1967,10.35,0,1,0
1968,,0,2,0
1969,11.6,0,1,0
1970,3.419,0,1,0
1971,3.065,0,1,0
1972,4.8,1,0,0
1973,,0,1,0
1974,,0,1,0
1975,,0,1,0
1976,,0,1,0
1977,,0,1,0
1978,,0,1,0
1979,49.1,0,1,0
1980,,1,0,0
1981,,0,1,0
1982,,0,1,0
1983,49.1,0,1,0
1984,,0,1,0
1985,,0,1,0
1986,49.1,0,1,0
1987,,0,1,0
1988,,0,2,0
1989,,0,1,0
1990,,0,1,0
1991,,0,1,0
1992,,0,2,0
1993,1.2,0,1,0
1994,,0,1,0
1995,,1,0,0
1996,648.0,1,0,0
1997,,0,1,0
1998,,0,1,0
1999,145.1,0,1,0
2000,7.4,0,1,0
2001,,0,1,0
2002,,0,1,0
2003,,1,0,0
2004,,0,2,0
2005,,0,1,0
2006,,0,1,0
2007,,0,1,0
2008,,0,1,0
2009,,0,1,0
2010,,0,1,0
2011,,0,1,0
2012,,1,0,0
2013,,1,0,0
2014,,0,1,0
2015,145.0,1,2,0
2016,,0,5,0
2017,,0,1,0
2018,,0,1,0
2019,,0,1,0
2020,,1,0,0
2021,1.75,0,1,0
2022,,0,1,0
2023,,0,1,0
2024,,0,1,0
2025,,0,1,0
2026,,1,0,0
2027,,0,1,0
2028,,0,1,0
2029,,0,1,0
2030,,0,1,0
2031,,0,1,0
2032,,1,0,0
2033,,0,1,0
2034,,0,1,0
2035,,0,1,0
2036,,0,2,0
2037,,0,1,0
2038,1.0,1,0,0
2039,,0,1,0
2040,,0,1,0
2041,,0,1,0
2042,648.1,0,1,0
2043,,0,1,0
2044,,0,1,0
2045,,0,2,0
2046,,1,0,0
2047,,0,1,0
2048,,0,1,0
2049,,0,1,0
2050,,0,1,0
2051,,0,1,0
2052,,0,1,0
2053,,0,1,0
2054,,0,1,0
2055,648.4,1,0,0
2056,,0,1,0
2057,,0,1,0
2058,,0,1,0
2059,,0,1,0
2060,,0,1,0
2061,50.3,0,1,0
2062,145.0,1,0,0
2063,,0,1,0
2064,,0,1,0
2065,,0,1,0
2066,,0,1,0
2067,,0,1,0
2068,,0,1,0
2069,,0,1,0
2070,,0,1,0
2071,,0,1,0
2072,,0,1,0
2073,,0,1,0
2074,,0,1,0
2075,49.75,0,1,0
2076,,0,1,0
2077,,0,1,0
2078,49.75,0,1,0
2079,151.9,0,2,0
2080,,0,1,0
2081,,0,1,0
2082,,0,1,0
2083,,0,2,0
2084,,0,2,0
2085,,0,1,0
2086,,0,1,0
2087,,0,1,0
2088,,0,1,0
2089,,0,1,0
2090,,0,1,0
2091,,0,1,0
2092,,0,1,0
2093,,0,1,0
2094,,0,1,0
2095,,0,1,0
2096,,0,1,0
2097,,0,1,0
2098,,0,1,0
2099,,0,1,0
2100,,0,1,0
2101,,0,2,0
2102,,0,1,0
2103,,0,1,0
2104,,0,1,0
2105,,0,1,0
2106,,0,1,0
2107,145.147,0,1,0
2108,,0,0,1
2109,,1,0,0
2110,,0,1,0
2111,,0,1,0
2112,,0,1,0
2113,,0,1,0
2114,,0,1,0
2115,48.9,0,1,0
2116,146.883,0,1,0
2117,,0,1,0
2118,,0,1,0
2119,,0,1,0
2120,,0,1,0
2121,,0,1,0
2122,,0,1,0
2123,,1,0,0
2124,,0,2,0
2125,,0,1,0
2126,,0,1,0
2127,,0,1,0
2128,,0,1,0
2129,,0,1,0
2130,,0,1,0
2131,,0,1,0
2132,,0,1,0
2133,,1,0,0
2134,,0,1,0
2135,,0,2,0
2136,,0,1,0
2137,,0,1,0
2138,,0,2,0
2139,,0,2,0
2140,,0,1,0
2141,,0,2,0
2142,,0,1,0
2143,,0,1,0
2144,,0,1,0
2145,,0,1,0
2146,,0,1,0
2147,,0,1,0
2148,,0,1,0
2149,,0,1,0
2150,,0,1,0
2151,,0,1,0
2152,,0,1,0
2153,,0,1,0
2154,,0,1,0
2155,,0,1,0
2156,,0,1,0
2157,,0,1,0
2158,,0,1,0
2159,,0,1,0
2160,,0,1,0
2161,,1,0,0
2162,,0,1,0
2163,,0,1,0
2164,,0,1,0
2165,,0,1,0
2166,,1,0,0
2167,49.5,0,1,0
2168,,0,3,0
2169,,0,1,0
2170,,0,1,0
2171,,0,1,0
2172,,0,1,0
2173,,0,1,0
2174,,0,1,0
2175,50.1,0,1,0
2176,,0,1,0
2177,,0,1,0
2178,,0,1,0
2179,148.0,0,2,0
2180,,0,1,0
2181,,0,1,0
2182,,1,0,0
2183,5.6,0,1,0
2184,29.4,0,1,0
2185,9.84,0,1,0
2186,744.8,0,1,0
2187,13.5,0,1,0
2188,0.5,0,1,0
2189,10.1,0,0,1
2190,2.3,0,1,0
2191,8.561,0,1,0
2192,0.7,0,2,0
2193,36.5,0,1,0
2194,36.3,0,1,0
2195,0.0,1,0,0
2196,179.83,0,2,0
2197,172.0,0,1,0
2198,6.9,0,1,0
2199,172.0,0,2,0
2200,171.4,0,1,0
2201,6.8,0,1,0
2202,6.8,0,1,0
2203,8.0,0,1,0
2204,16.2,0,1,0
2205,618.9,0,1,0
2206,10.492,0,1,0
2207,624.3,0,5,0
2208,619.45,1,3,0
2209,10.5,0,2,0
2210,618.942,0,1,0
2211,174.9,0,1,0
2212,2.6,0,1,0
2213,8.403,0,2,0
2214,170.6,1,0,0
2215,6.35,1,1,0
2216,625.2,2,0,1
2217,172.9,0,0,1
2218,2.5,0,1,0
2219,180.5,0,4,0
2220,177.7,1,3,0
2221,625.95,0,1,0
2222,6.95,1,0,0
2223,5.5,0,1,0
2224,178.7,0,1,0
2225,6.7,0,1,0
2226,4.308,0,1,0
2227,7.9,0,1,0
2228,,0,2,0
2229,,0,1,0
2230,,0,1,0
2231,,1,0,0
2232,,0,1,0
2233,,0,1,0
2234,,1,0,0
2235,0.5,0,3,0
2236,8.048,0,1,0
2237,11.506,0,1,0
2238,11.613,0,1,0
2239,11.7,0,1,0
2240,11.949,0,2,0
2241,4.5,1,0,0
2242,6.5,1,0,0
2243,4.922,0,1,0
2244,190.95,0,1,0
2245,8.2,0,2,0
2246,11.8,0,1,0
2247,6.5,0,1,0
2248,3.6,0,1,0
2249,632.4,0,1,0
2250,8.8,1,0,0
2251,1.3,0,1,0
2252,1.0,0,1,0
2253,3.8,0,1,0
2254,1.1,0,1,0
2255,0.0,0,1,0
2256,0.8,0,1,0
2257,7.9,0,1,0
2258,0.1,0,1,0
2259,0.9,0,1,0
2260,9.2,0,1,0
2261,0.147,0,1,0
2262,7.0,0,1,0
2263,7.6,0,1,0
2264,692.7,0,2,0
2265,674.0,0,1,0
2266,125.85,0,1,0
2267,128.45,1,0,0
2268,,1,0,0
2269,671.0,0,1,0
2270,672.0,0,2,0
2271,,1,0,0
2272,,0,1,0
2273,,0,1,0
2274,,0,1,0
2275,,1,0,0
2276,,0,1,0
2277,,0,1,0
2278,,1,0,0
2279,667.0,0,2,0
2280,1.6,0,1,0
2281,0.481,0,1,0
2282,7.0,0,2,0
2283,123.0,0,2,0
2284,120.4,0,2,0
2285,673.3,0,5,0
2286,,0,1,0
2287,,0,1,0
2288,,0,1,0
2289,,0,1,0
2290,673.3,1,3,0
2291,0.5,1,0,0
2292,,0,1,0
2293,,0,1,0
2294,,0,1,0
2295,,0,1,0
2296,,1,1,0
2297,,0,1,0
2298,5.0,0,1,0
2299,,0,1,0
2300,,0,1,0
2301,125.619,0,1,0
2302,,0,1,0
2303,,0,1,0
2304,,0,1,0
2305,1.2,0,1,0
2306,4.0,0,1,1
2307,471.5,0,1,0
2308,7.992,0,1,0
2309,2.3,0,1,0
2310,0.2,0,2,0
2311,2.8,0,1,0
2312,1.98,0,1,0
2313,6.148,0,1,0
2314,3.895,0,2,0
2315,2.15,0,2,0
2316,25.5,1,0,0
2317,5.2,0,1,0
2318,735.826,0,1,0
2319,6.4,0,1,0
2320,2.0,0,1,0
2321,,0,1,0
2322,,0,2,0
2323,,0,1,0
2324,3.439,0,1,0
2325,733.4,0,3,0
2326,,0,1,0
2327,,0,1,0
2328,733.4,0,1,0
2329,3.0,0,1,0
2330,733.0,0,1,0
2331,799.0,0,1,0
2332,4.561,0,1,0
2333,,0,1,0
2334,797.4,0,1,0
2335,,0,0,1
2336,799.0,0,2,0
2337,799.0,0,1,0
2338,,0,1,0
2339,440.4,0,1,0
2340,5.3,0,1,0
2341,6.433,0,1,0
2342,802.077,0,1,0
2343,2.424,0,1,0
2344,5.4,0,1,0
2345,441.5,0,1,0
2346,4.5,0,2,0
2347,4.9,0,1,0
2348,20.2,2,0,0
2349,,0,1,0
2350,694.0,0,5,0
2351,0.3,0,1,0
2352,693.75,0,1,0
2353,,0,1,0
2354,540.2,0,2,0
2355,542.2,0,2,0
2356,,1,0,0
2357,,0,1,0
2358,,0,1,0
2359,,0,1,0
2360,540.7,0,1,0
2361,10.017,0,4,0
2362,,0,1,0
2363,,0,1,0
2364,8.472,0,1,0
2365,526.8,0,0,1
2366,2.0,0,3,0
2367,18.5,0,1,0
2368,522.5,0,1,0
2369,3.0,0,0,1
2370,531.0,0,1,0
2371,528.122,0,1,0
2372,527.9,0,1,0
2373,524.5,0,1,0
2374,707.358,0,1,0
2375,712.154,0,1,0
2376,524.8,0,2,0
2377,15.038,0,1,0
2378,709.7,0,3,0
2379,,0,1,0
2380,5.6,0,1,0
2381,706.2,1,1,0
2382,707.6,0,3,0
2383,4.9,0,2,0
2384,528.7,0,3,0
2385,10.4,0,6,0
2386,707.3,0,5,0
2387,10.6,0,2,0
2388,527.9,0,1,0
2389,527.485,0,2,0
2390,,1,0,0
2391,524.75,3,1,1
2392,706.7,0,1,0
2393,528.9,0,2,0
2394,707.799,0,3,0
2395,710.0,0,1,0
2396,2.03,0,1,0
2397,0.2,0,4,0
2398,739.2,0,2,0
2399,738.7,0,2,0
2400,1.4,0,1,0
2401,2.1,0,5,0
2402,7.7,0,3,0
2403,6.05,0,1,0
2404,2.1,0,1,0
2405,5.501,1,0,0
2406,7.9,0,2,0
2407,2.042,0,1,0
2408,4.7,1,0,0
2409,6.1,0,1,0
2410,5.2,0,1,0
2411,,1,0,0
2412,,0,1,0
2413,5.9,0,2,0
2414,6.3,0,2,0
2415,,0,1,0
2416,,0,1,0
2417,,0,1,0
2418,,0,2,0
2419,4.161,0,2,0
2420,0.9,0,1,0
2421,,0,1,0
2422,,0,1,0
2423,,0,1,0
2424,,0,1,0
2425,,0,1,0
2426,3.5,0,1,0
2427,,0,1,0
2428,1.0,0,1,0
2429,,0,1,0
2430,,0,2,0
2431,1.0,0,1,0
2432,3.7,0,1,0
2433,2.0,0,1,0
2434,,1,0,0
2435,9.21,0,1,0
2436,10.2,0,2,0
2437,1.0,0,1,0
2438,,0,1,0
2439,204.0,0,2,0
2440,3.0,0,1,0
2441,,0,1,0
2442,,0,1,0
2443,,0,3,0
2444,,0,1,0
2445,,0,1,0
2446,3.8,1,0,0
2447,,0,1,0
2448,,0,1,0
2449,,0,1,0
2450,,0,1,0
2451,,0,1,0
2452,,1,0,0
2453,,0,1,0
2454,,0,1,0
2455,,0,1,0
2456,,0,2,0
2457,,0,1,0
2458,6.9,0,1,0
2459,,0,1,0
2460,,0,1,0
2461,2.7,1,0,0
2462,5.604,0,1,0
2463,,0,1,0
2464,12.0,0,1,0
2465,,0,1,0
2466,,1,0,0
2467,,1,1,0
2468,187.4,0,1,0
2469,4.5,0,2,0
2470,4.1,0,1,0
2471,,0,1,0
2472,,0,1,0
2473,,0,1,0
2474,2.0,0,1,0
2475,0.95,0,1,0
2476,2.0,0,1,0
2477,0.8,0,1,1
2478,0.1,0,1,0
2479,15.898,0,1,0
2480,,0,1,0
2481,,0,1,0
2482,,0,1,0
2483,0.4,1,0,0
2484,7.9,0,1,0
2485,512.5,0,2,0
2486,729.45,0,1,0
2487,7.9,0,1,0
2488,725.5,0,0,1
2489,722.5,0,2,0
2490,514.0,0,2,0
2491,31.3,0,2,0
2492,7.2,0,0,1
2493,4.5,0,1,0
2494,9.104,0,1,0
2495,14.45,0,2,0
2496,19.3,0,1,0
2497,26.4,0,2,0
2498,3.95,0,1,0
2499,521.13,0,3,0
2500,6.95,0,1,0
2501,725.85,0,2,0
2502,1.5,0,2,0
2503,23.228,0,1,0
2504,4.45,0,1,0
2505,30.55,0,3,0
2506,6.2,1,1,0
2507,4.3,0,2,0
2508,9.95,0,1,0
2509,4.5,0,1,0
2510,515.15,0,1,0
2511,511.4,0,2,0
2512,0.8,0,4,0
2513,5.4,0,1,0
2514,30.0,0,1,0
2515,517.7,0,2,0
2516,5.378,0,1,0
2517,18.85,0,2,0
2518,3.7,0,2,0
2519,0.1,0,1,0
2520,518.3,0,2,0
2521,16.2,0,3,0
2522,2.3,0,1,0
2523,3.8,0,2,0
2524,94.2,0,4,0
2525,730.5,0,1,0
2526,520.9,0,1,0
2527,14.196,0,1,0
2528,730.3,0,1,0
2529,12.5,0,1,0
2530,9.7,0,1,0
2531,8.05,0,1,0
2532,712.383,0,1,0
2533,1.401,1,0,0
2534,1.5,0,2,0
2535,,0,1,0
2536,,0,1,0
2537,,0,2,0
2538,,0,2,0
2539,,0,1,0
2540,,0,1,0
2541,,0,1,0
2542,,0,2,0
2543,,0,3,0
2544,,0,1,0
2545,,0,1,0
2546,,0,1,0
2547,,0,1,0
2548,,0,1,0
2549,,0,1,0
2550,,0,1,0
2551,,0,1,0
2552,,0,1,0
2553,,0,1,0
2554,,0,1,0
2555,,1,0,0
2556,,0,1,0
2557,,0,1,0
2558,,0,1,0
2559,,0,1,0
2560,,0,1,0
2561,,0,1,0
2562,,1,0,0
2563,,0,2,0
2564,,0,1,0
2565,,0,2,0
2566,,0,1,0
2567,,0,1,0
2568,,0,1,0
2569,,0,1,0
2570,,0,1,0
2571,,0,1,0
2572,,0,1,0
2573,,0,1,0
2574,,0,1,0
2575,,0,1,0
2576,,0,1,0
2577,,0,2,0
2578,,0,1,0
2579,,0,2,0
2580,,0,1,0
2581,,0,2,0
2582,,0,1,0
2583,,0,1,0
2584,,0,1,0
2585,,0,3,0
2586,,0,1,0
2587,,0,1,0
2588,,0,1,0
2589,,0,2,0
2590,,0,1,0
2591,,0,1,0
2592,,0,2,0
2593,,0,2,0
2594,,0,2,0
2595,,0,1,0
2596,,0,1,0
2597,,0,2,0
2598,,0,1,0
2599,,0,1,0
2600,,0,1,0
2601,,0,1,0
2602,,0,1,0
2603,,0,1,0
2604,,0,1,0
2605,,0,1,0
2606,,0,3,0
2607,,0,2,0
2608,,0,1,0
2609,,0,5,0
2610,,0,1,0
2611,,0,3,0
2612,,0,2,0
2613,,0,3,0
2614,,0,1,0
2615,,0,1,0
2616,,0,1,0
2617,,0,1,0
2618,,0,1,0
2619,,0,1,0
2620,,0,1,0
2621,,0,1,0
2622,,0,2,0
2623,,0,1,0
2624,,0,1,0
2625,,0,5,0
2626,,0,1,0
2627,,0,3,0
2628,,0,1,0
2629,,0,1,0
2630,,0,1,0
2631,,0,2,0
2632,,0,1,0
2633,,0,1,0
2634,,0,1,0
2635,,0,1,0
2636,,0,1,0
2637,,0,1,0
2638,,0,1,0
2639,,0,1,0
2640,,0,2,0
2641,,0,1,0
2642,,0,1,0
2643,,0,1,0
2644,,0,1,0
2645,,0,1,0
2646,,0,1,0
2647,,0,1,0
2648,,0,1,0
2649,,0,1,0
2650,,0,1,0
2651,,0,1,0
2652,,0,1,0
2653,,0,1,0
2654,,0,2,0
2655,,0,1,0
2656,,0,1,0
2657,,0,1,0
2658,,0,1,0
2659,,0,1,0
2660,,0,1,0
2661,,0,1,0
2662,,0,1,0
2663,,0,1,0
2664,,0,1,0
2665,,0,1,0
2666,,0,2,0
2667,,0,2,0
2668,,0,1,0
2669,,0,1,0
2670,,0,1,0
2671,,0,1,0
2672,,0,1,0
2673,,0,1,0
2674,,0,2,0
2675,,0,1,0
2676,,0,1,0
2677,,0,1,0
2678,,0,1,0
2679,,0,1,0
2680,,0,1,0
2681,,0,1,0
2682,,0,1,0
2683,,0,1,0
2684,,0,1,0
2685,,0,2,0
2686,,0,1,0
2687,,0,1,0
2688,,0,1,0
2689,,0,2,0
2690,,0,1,0
2691,,0,1,0
2692,,0,2,0
2693,,0,2,0
2694,,0,1,0
2695,,0,1,0
2696,,0,2,0
2697,,0,1,0
2698,,1,0,0
2699,,0,1,0
2700,,0,1,0
2701,,0,1,0
2702,,0,1,0
2703,,0,1,0
2704,,0,1,0
2705,,0,1,0
2706,,0,2,0
2707,,0,2,0
2708,,0,1,0
2709,,0,1,0
2710,,0,1,0
2711,,0,1,0
2712,,0,1,0
2713,,0,1,0
2714,,0,1,0
2715,,0,4,0
2716,,0,1,0
2717,,0,1,0
2718,,0,1,0
2719,,0,1,0
2720,,0,1,0
2721,,1,0,0
2722,,0,1,0
2723,,0,1,0
2724,,0,1,0
2725,,0,1,0
2726,,0,1,0
2727,,0,1,0
2728,,0,1,0
2729,,0,1,0
2730,,0,1,0
2731,,0,1,0
2732,,0,1,0
2733,,0,2,0
2734,,1,4,0
2735,,0,1,0
2736,,0,1,0
2737,,0,1,0
2738,,0,1,0
2739,,0,1,0
2740,,0,1,0
2741,,0,2,0
2742,,0,1,0
2743,,0,1,0
2744,,0,1,0
2745,,0,1,0
2746,,0,1,0
2747,,0,1,0
2748,,0,1,0
2749,,0,2,0
2750,,0,1,0
2751,,0,1,0
2752,,0,1,0
2753,,0,1,0
2754,,0,1,0
2755,,0,1,0
2756,,0,3,0
2757,,0,1,0
2758,,0,1,0
2759,,0,2,0
2760,,0,1,0
2761,,0,1,0
2762,,0,2,0
2763,,0,1,0
2764,,0,1,0
2765,,0,1,0
2766,,1,0,0
2767,,0,1,0
2768,,0,1,0
2769,,0,1,0
2770,,0,1,0
2771,,0,1,0
2772,,0,1,0
2773,,0,1,0
2774,,0,2,0
2775,,0,1,0
2776,,0,1,0
2777,,0,1,0
2778,,0,1,0
2779,,0,1,0
2780,,0,1,0
2781,,0,1,0
2782,,0,1,0
2783,,0,1,0
2784,,0,1,0
2785,,0,1,0
2786,,0,1,0
2787,,0,1,0
2788,,0,1,0
2789,,0,2,0
2790,,0,1,0
2791,,0,1,0
2792,,0,1,0
2793,,0,1,0
2794,,0,1,0
2795,,0,2,0
2796,,0,1,0
2797,,0,2,0
2798,,0,2,0
2799,,0,1,0
2800,,0,1,0
2801,,0,1,0
2802,,0,1,0
2803,,0,1,0
2804,,0,3,0
2805,,0,1,0
2806,,0,1,0
2807,,0,1,0
2808,,0,1,0
2809,,0,1,0
2810,,0,1,0
2811,,0,1,0
2812,,0,1,0
2813,,0,1,0
2814,,0,1,0
2815,,0,2,0
2816,,0,1,0
2817,,0,1,0
2818,,0,3,0
2819,,0,1,0
2820,,0,1,0
2821,,0,1,0
2822,,0,1,0
2823,,1,0,0
2824,,0,1,0
2825,,0,1,0
2826,,0,1,0
2827,,0,1,0
2828,,0,1,0
2829,,0,1,0
2830,,0,1,0
2831,,0,1,0
2832,,0,1,0
2833,,0,1,0
2834,,0,1,0
2835,,0,1,0
2836,,0,1,0
2837,,0,1,0
2838,515.223,0,3,0
2839,,0,1,0
2840,,0,1,0
2841,,0,1,0
2842,,1,0,0
2843,,0,1,0
2844,,0,1,0
2845,,0,1,0
2846,,0,1,0
2847,,0,1,0
2848,,0,1,0
2849,,0,1,0
2850,,0,2,0
2851,,0,1,0
2852,,0,1,0
2853,,0,1,0
2854,5.423,0,1,0
2855,4.1,0,3,0
2856,,0,1,0
2857,,0,2,0
2858,28.65,1,0,0
2859,14.2,0,1,0
2860,,0,1,0
2861,,0,1,0
2862,,0,2,0
2863,,0,1,0
2864,,0,1,0
2865,,1,1,0
2866,,0,1,0
2867,,0,1,0
2868,,0,1,0
2869,,0,1,0
2870,,0,1,0
2871,,0,2,0
2872,,0,1,0
2873,,0,1,0
2874,,0,1,0
2875,,0,1,0
2876,,0,1,0
2877,,0,1,0
2878,,0,1,0
2879,,0,1,0
2880,,0,1,0
2881,,0,1,0
2882,,0,1,0
2883,14.0,0,1,0
2884,,0,1,0
2885,,0,1,0
2886,,0,2,0
2887,,0,1,0
2888,,0,1,0
2889,,0,2,0
2890,,0,2,0
2891,,0,3,0
2892,,0,2,0
2893,,0,1,0
2894,,0,1,0
2895,,0,1,0
2896,,0,2,0
2897,,0,1,0
2898,,0,1,0
2899,,0,1,0
2900,,0,1,0
2901,,0,1,0
2902,10.6,0,1,0
2903,,0,1,0
2904,,0,1,0
2905,,0,1,0
2906,,0,1,0
2907,5.3,0,1,0
2908,,0,2,0
2909,,0,2,0
2910,,0,1,0
2911,0.0,0,2,0
2912,7.7,0,1,0
2913,,0,1,0
2914,,0,2,0
2915,5.418,0,1,0
2916,,0,1,0
2917,,0,1,0
2918,,0,1,0
2919,,0,1,0
2920,,0,1,0
2921,,0,1,0
2922,,0,1,0
2923,,0,2,0
2924,,0,1,0
2925,,0,1,0
2926,,0,1,0
2927,,0,1,0
2928,,0,1,0
2929,,0,2,0
2930,,0,1,0
2931,6.5,0,1,0
2932,,0,1,0
2933,,0,1,0
2934,,0,1,0
2935,,0,3,0
2936,,0,1,0
2937,,0,2,0
2938,,0,1,0
2939,,0,1,0
2940,,0,3,0
2941,14.2,0,1,0
2942,,0,2,0
2943,,0,2,0
2944,,0,1,0
2945,1.5,0,1,1
2946,,0,1,0
2947,,0,1,0
2948,,0,1,0
2949,,0,1,0
2950,,0,1,0
2951,5.345,0,1,0
2952,,0,1,0
2953,,0,1,0
2954,,0,2,0
2955,731.0,0,1,0
2956,,0,1,0
2957,,0,1,0
2958,6.7,0,1,0
2959,,0,1,0
2960,,0,2,0
2961,,0,1,0
2962,,0,1,0
2963,14.2,0,1,0
2964,6.3,0,1,0
2965,,0,1,0
2966,,0,1,0
2967,,0,1,0
2968,,0,1,0
2969,,0,1,0
2970,,0,1,0
2971,,0,1,0
2972,,0,1,0
2973,,0,1,0
2974,,0,1,0
2975,,0,4,0
2976,,0,1,0
2977,,0,2,0
2978,0.5,0,1,0
2979,10.5,0,2,0
2980,4.5,0,1,0
2981,,0,1,0
2982,2.8,0,1,0
2983,,0,1,0
2984,,0,1,0
2985,10.1,0,1,0
2986,,0,1,0
2987,,0,1,0
2988,,0,1,0
2989,520.5,1,3,0
2990,,0,1,0
2991,,0,1,0
2992,,0,1,0
2993,,0,1,0
2994,,0,2,0
2995,,0,5,0
2996,,0,1,0
2997,,0,1,0
2998,,0,1,0
2999,,0,1,0
3000,97.65,0,3,0
3001,,0,1,0
3002,,0,1,0
3003,,0,2,0
3004,7.25,0,1,0
3005,,0,1,0
3006,,0,1,0
3007,,0,1,0
3008,,0,2,0
3009,,0,1,0
3010,,0,3,0
3011,,0,2,0
3012,,0,1,0
3013,,0,1,0
3014,,0,3,0
3015,6.3,1,0,0
3016,11.9,1,0,0
3017,,1,1,0
3018,,0,4,0
3019,,0,1,0
3020,,0,1,0
3021,,0,1,0
3022,,0,1,0
3023,,0,1,0
3024,,0,1,0
3025,,0,1,0
3026,,0,1,0
3027,6.8,0,2,0
3028,,0,2,0
3029,,0,2,0
3030,,0,1,0
3031,,0,1,0
3032,,0,1,0
3033,,0,2,0
3034,,0,1,0
3035,,0,1,0
3036,,0,2,0
3037,,0,1,0
3038,3.5,0,1,0
3039,,0,1,0
3040,,2,3,0
3041,,1,0,0
3042,,0,1,0
3043,,0,1,0
3044,,0,1,0
3045,,0,1,0
3046,,0,1,0
3047,,0,1,0
3048,,0,2,0
3049,,0,1,0
3050,,0,1,0
3051,30.45,1,3,0
3052,,0,1,0
3053,,0,1,0
3054,,0,1,0
3055,,0,1,0
3056,,0,2,0
3057,,0,1,0
3058,,0,2,0
3059,,0,1,0
3060,,0,1,0
3061,730.496,0,1,0
3062,9.6,0,1,0
3063,94.4,0,2,0
3064,,0,2,0
3065,14.199,0,1,0
3066,,0,1,0
3067,,0,2,0
3068,,0,1,0
3069,,0,1,0
3070,6.4,0,1,0
3071,,0,1,0
3072,515.4,0,1,0
3073,,0,1,0
3074,,0,1,0
3075,,0,1,0
3076,513.5,0,1,0
3077,,0,1,0
3078,,0,1,0
3079,,0,1,0
3080,,0,1,0
3081,,0,3,0
3082,,0,3,0
3083,,0,1,0
3084,731.1,0,1,0
3085,,0,1,0
3086,,0,1,0
3087,,0,1,0
3088,,0,2,0
3089,,0,2,0
3090,,0,1,0
3091,,0,1,0
3092,,1,0,0
3093,,0,1,0
3094,,0,2,0
3095,,0,1,0
3096,,0,1,0
3097,,0,1,0
3098,,0,1,0
3099,,0,1,0
3100,,0,2,0
3101,,0,1,0
3102,,0,0,1
3103,,0,1,0
3104,,0,1,0
3105,,0,1,0
3106,,0,2,0
3107,,0,1,0
3108,,0,1,0
3109,,0,1,0
3110,,0,1,0
3111,,0,1,0
3112,,0,1,0
3113,,0,1,0
3114,,0,1,0
3115,,0,1,0
3116,,0,1,0
3117,9.3,0,1,0
3118,7.8,0,1,0
3119,,0,1,0
3120,,0,1,0
3121,,0,1,0
3122,,0,1,0
3123,,0,1,0
3124,,0,2,0
3125,,0,1,0
3126,4.3,0,1,0
3127,,0,1,0
3128,,0,1,0
3129,,0,2,0
3130,,0,1,0
3131,,0,1,0
3132,,1,0,0
3133,93.8,0,1,0
3134,0.9,0,6,0
3135,,0,1,0
3136,,0,1,0
3137,,0,1,0
3138,5.6,0,1,0
3139,,0,1,0
3140,4.25,0,0,1
3141,,0,2,0
3142,,0,1,0
3143,,0,1,0
3144,,0,1,0
3145,,0,1,0
3146,,0,1,0
3147,7.315,0,1,0
3148,,0,1,0
3149,,1,0,0
3150,,0,1,0
3151,519.2,0,2,0
3152,,0,1,0
3153,,0,1,0
3154,,0,1,0
3155,,0,4,0
3156,,0,1,0
3157,,0,1,0
3158,,0,1,0
3159,,1,0,0
3160,,0,1,0
3161,,0,1,0
3162,,0,1,0
3163,,0,0,1
3164,4.8,0,1,0
3165,,0,1,0
3166,,0,1,0
3167,,0,1,0
3168,,0,2,0
3169,2.0,0,1,0
3170,,0,1,0
3171,,1,0,0
3172,5.5,0,1,0
3173,,0,1,0
3174,,0,1,0
3175,,0,1,0
3176,4.3,0,2,0
3177,726.193,0,1,0
3178,,0,1,0
3179,,0,1,0
3180,,0,1,0
3181,,0,1,0
3182,,0,1,0
3183,,1,0,0
3184,26.7,0,2,0
3185,,0,1,0
3186,,0,1,0
3187,23.9,0,2,0
3188,,0,9,0
3189,,0,1,0
3190,,0,2,0
3191,3.2,0,5,0
3192,,0,1,0
3193,,0,1,0
3194,,0,1,0
3195,,0,1,0
3196,,0,1,0
3197,,0,1,0
3198,,0,1,0
3199,,1,0,0
3200,,0,1,0
3201,731.9,0,1,1
3202,,0,1,0
3203,8.5,0,1,0
3204,7.1,0,1,0
3205,,0,1,0
3206,0.6,0,1,0
3207,,0,1,0
3208,,0,1,0
3209,,0,1,0
3210,730.4,0,3,0
3211,,0,1,0
3212,,0,1,0
3213,,0,1,0
3214,14.5,0,1,0
3215,515.75,0,3,0
3216,,0,1,0
3217,,0,1,0
3218,,0,2,0
3219,,0,1,0
3220,,0,1,0
3221,,0,1,0
3222,,0,1,0
3223,,0,1,0
3224,,0,1,0
3225,,0,1,0
3226,,0,1,0
3227,,0,2,0
3228,,0,1,0
3229,,0,1,0
3230,1.7,1,0,0
3231,,0,4,0
3232,712.3,0,2,0
3233,22.994,0,1,0
3234,,0,1,0
3235,,0,1,0
3236,,0,1,0
3237,7.391,0,1,0
3238,,0,1,0
3239,,0,1,0
3240,5.4,0,1,0
3241,516.962,0,1,0
3242,,0,3,0
3243,,0,1,0
3244,,0,1,0
3245,2.325,0,1,0
3246,,0,1,0
3247,,0,2,0
3248,,0,2,0
3249,,0,1,0
3250,,0,1,0
3251,,0,1,0
3252,,0,2,0
3253,,0,1,0
3254,,0,1,0
3255,,0,1,0
3256,,0,1,0
3257,,0,1,0
3258,,0,1,0
3259,,0,1,0
3260,14.1,0,2,0
3261,16.9,0,1,0
3262,,0,1,0
3263,6.3,0,2,0
3264,,0,1,0
3265,,0,3,0
3266,,0,14,0
3267,,0,1,0
3268,514.0,0,2,0
3269,,0,1,0
3270,,0,1,0
3271,,0,1,0
3272,,0,1,0
3273,,0,1,0
3274,,0,1,0
3275,725.8,0,1,0
3276,,0,1,0
3277,,0,2,0
3278,,0,1,0
3279,,2,2,0
3280,,0,1,0
3281,,0,5,0
3282,,0,1,0
3283,,0,2,0
3284,25.7,0,2,0
3285,,0,1,0
3286,,0,1,0
3287,1.0,0,1,0
3288,,0,1,0
3289,,0,1,0
3290,,0,1,0
3291,,0,1,0
3292,723.0,0,1,0
3293,,0,1,0
3294,,0,1,0
3295,,0,1,0
3296,,0,1,0
3297,,0,1,0
3298,,0,1,0
3299,,0,1,0
3300,,0,5,0
3301,,0,1,0
3302,,0,1,0
3303,,0,1,0
3304,730.5,0,1,0
3305,,0,1,0
3306,,0,1,0
3307,,0,1,0
3308,,0,1,0
3309,,0,2,0
3310,,0,1,0
3311,,0,2,0
3312,,0,1,0
3313,,0,1,0
3314,,1,0,0
3315,,0,1,0
3316,,0,2,0
3317,,0,2,0
3318,3.15,0,1,0
3319,17.5,0,2,0
3320,,1,1,0
3321,653.0,0,3,0
3322,652.3,0,1,0
3323,144.3,0,3,0
3324,,0,1,0
3325,,0,1,0
3326,3.7,0,1,0
3327,143.8,0,1,0
3328,,0,0,1
3329,,0,1,0
3330,,1,0,0
3331,,0,1,0
3332,143.8,0,1,0
3333,144.0,0,1,0
3334,144.4,0,1,0
3335,,0,2,0
3336,,0,1,0
3337,,0,1,0
3338,,0,1,0
3339,144.0,0,2,0
3340,5.95,0,1,0
3341,,0,1,0
3342,,0,3,0
3343,,0,1,0
3344,,0,1,0
3345,,0,1,0
3346,,0,1,0
3347,,1,1,0
3348,,0,1,0
3349,,0,1,0
3350,5.5,0,1,0
3351,,0,1,0
3352,13.5,0,1,0
3353,,0,1,0
3354,,0,2,0
3355,,0,2,0
3356,5.5,0,1,0
3357,,0,1,0
3358,3.0,0,1,0
3359,17.0,0,2,0
3360,191.1,0,3,0
3361,1.9,0,1,0
3362,615.8,0,4,0
3363,4.0,0,1,0
3364,0.1,0,1,0
3365,2.507,0,1,0
3366,5.223,0,1,0
3367,1.0,0,1,0
3368,543.0,0,20,0
3369,11.1,0,2,0
3370,2.553,0,1,0
3371,,0,0,1
3372,,0,1,0
3373,,1,0,0
3374,,0,2,0
3375,66.5,0,2,0
3376,,0,1,0
3377,6.262,0,1,0
3378,,0,1,0
3379,3.31,0,1,0
3380,69.5,0,1,0
3381,,0,2,0
3382,,0,3,0
3383,69.486,0,1,0
3384,72.5,0,1,0
3385,,0,1,0
3386,64.9,0,1,0
3387,72.707,0,2,0
3388,,0,1,0
3389,,0,1,0
3390,10.0,0,1,0
3391,12.3,0,1,0
3392,16.563,0,2,0
3393,16.75,0,1,0
3394,15.8,1,0,0
3395,,0,1,0
3396,,0,1,0
3397,,0,1,0
3398,466.5,0,1,0
3399,463.3,2,3,0
3400,,0,1,0
3401,,0,1,0
3402,,0,2,0
3403,,0,1,0
3404,458.65,1,0,0
3405,460.0,0,3,0
3406,,1,0,0
3407,,0,1,0
3408,,0,1,0
3409,,0,1,0
3410,5.213,0,2,0
3411,,0,1,0
3412,,0,1,0
3413,,0,1,0
3414,2.5,0,3,0
3415,,0,2,0
3416,476.735,0,1,0
3417,0.5,0,1,0
3418,457.0,0,1,0
3419,,0,1,0
3420,,0,1,0
3421,0.0,0,2,0
3422,4.0,0,1,0
3423,4.183,0,1,0
3424,11.557,0,1,0
3425,8.0,0,1,0
3426,7.1,0,1,0
3427,6.5,0,1,0
3428,5.5,0,1,0
3429,3.932,0,2,0
3430,2.5,0,1,0
3431,2.153,0,1,0
3432,7.1,0,1,0
3433,1.1,0,1,0
3434,3.5,0,2,0
3435,5.5,0,1,0
3436,3.6,0,1,0
3437,6.6,0,1,0
3438,8.0,0,2,0
3439,3.95,0,2,0
3440,9.346,0,3,0
3441,3.0,0,4,0
3442,33.467,0,1,0
3443,20.7,1,0,1
3444,22.554,0,1,0
3445,0.6,0,1,0
3446,11.1,0,1,0
3447,13.748,0,1,0
3448,,1,0,0
3449,,0,1,0
3450,11.0,0,1,0
3451,11.2,0,0,1
3452,11.1,0,1,0
3453,23.7,1,0,0
3454,9.328,0,1,0
3455,27.2,0,0,1
3456,27.26,0,0,1
3457,4.0,0,1,0
3458,6.5,0,1,0
3459,,0,1,0
3460,7.5,0,1,0
3461,1.9,0,1,0
3462,221.75,0,2,1
3463,216.7,1,1,0
3464,219.0,0,1,0
3465,222.1,0,2,0
3466,219.0,0,1,0
3467,220.018,0,2,0
3468,220.34,0,1,0
3469,224.6,0,1,0
3470,216.75,0,3,0
3471,221.05,0,1,0
3472,216.522,0,2,0
3473,4.8,0,1,0
3474,9.1,0,1,0
3475,223.0,0,4,0
3476,218.0,0,6,0
3477,14.986,0,0,1
3478,222.2,0,1,0
3479,216.7,0,1,0
3480,,0,0,1
3481,1.677,0,1,0
3482,226.3,0,1,0
3483,222.2,0,7,0
3484,0.5,0,3,0
3485,10.481,0,2,0
3486,10.731,0,1,0
3487,7.1,1,1,0
3488,4.0,1,0,0
3489,3.866,0,1,0
3490,4.1,0,2,0
3491,9.356,0,1,0
3492,4.2,0,1,0
3493,18.936,0,2,0
3494,5.808,0,1,0
3495,,0,1,0
3496,,0,1,0
3497,1.793,0,1,0
3498,8.521,0,1,0
3499,1.2,0,1,0
3500,3.0,0,4,0
3501,0.4,0,2,0
3502,,0,1,0
3503,1.3,0,1,0
3504,0.3,0,1,0
3505,3.8,0,2,0
3506,2.2,0,1,0
3507,1.275,0,1,0
3508,3.5,0,2,0
3509,0.9,0,1,0
3510,0.75,0,1,0
3511,,0,1,0
3512,679.1,0,1,0
3513,,0,1,0
3514,1.3,0,1,0
3515,3.4,0,0,1
3516,0.0,0,10,0
3517,,1,0,0
3518,2.66,0,1,0
3519,0.1,0,1,0
3520,,1,0,0
3521,,0,1,0
3522,1.0,0,1,0
3523,,0,2,0
3524,,0,2,0
3525,23.5,0,1,0
3526,432.268,0,1,0
3527,435.7,0,2,0
3528,437.8,0,2,0
3529,431.195,0,2,0
3530,431.0,1,0,0
3531,803.0,0,1,0
3532,12.2,0,2,0
3533,431.6,0,1,0
3534,19.528,0,1,0
3535,209.0,1,0,0
3536,14.05,0,1,0
3537,216.6,1,2,0
3538,2.528,0,1,0
3539,0.5,0,1,0
3540,215.3,0,4,0
3541,14.7,0,1,0
3542,210.1,0,1,0
3543,208.85,0,3,0
3544,2.5,1,1,0
3545,215.4,0,2,0
3546,,0,3,0
3547,,1,0,0
3548,2.5,0,1,0
3549,,0,2,0
3550,,1,0,0
3551,,0,1,0
3552,,1,0,0
3553,,1,0,0
3554,209.0,0,6,0
3555,,0,1,0
3556,,1,0,0
3557,212.023,0,1,0
3558,4.3,0,2,0
3559,,0,1,0
3560,2.8,0,1,0
3561,0.35,0,1,0
3562,,0,1,0
3563,,0,1,0
3564,,0,1,0
3565,,0,1,0
3566,,0,1,0
3567,,0,0,1
3568,,0,1,0
3569,,0,1,0
3570,0.1,0,1,0
3571,,0,1,0
3572,,0,1,0
3573,3.8,1,0,0
3574,,1,0,0
3575,,0,1,0
3576,,0,1,0
3577,,1,0,0
3578,,0,1,0
3579,,0,1,0
3580,,0,1,0
3581,0.2,0,2,0
3582,,0,1,0
3583,,0,1,0
3584,,0,1,0
3585,,0,1,0
3586,47.1,0,1,0
3587,47.6,0,1,0
3588,46.3,0,1,0
3589,46.6,0,1,0
3590,45.7,0,1,0
3591,49.0,0,3,0
3592,,0,1,0
3593,47.1,1,0,0
3594,44.45,1,0,0
3595,5.5,1,0,0
3596,48.0,0,1,0
3597,44.381,0,1,0
3598,48.0,0,1,0
3599,45.8,0,1,0
3600,6.147,0,1,0
3601,4.2,1,0,0
3602,48.0,0,1,0
3603,46.8,1,0,0
3604,,0,1,0
3605,47.05,0,1,0
3606,0.311,1,1,0
3607,,1,0,0
3608,8.5,0,2,0
3609,609.996,0,1,0
3610,0.1,0,1,0
3611,196.799,0,1,0
3612,196.256,0,1,0
3613,0.2,0,1,0
3614,197.7,0,1,0
3615,606.3,0,1,0
3616,7.5,0,1,0
3617,8.35,1,0,0
3618,610.2,3,0,0
3619,199.5,0,1,1
3620,3.5,0,1,0
3621,6.1,0,2,0
3622,0.6,0,1,0
3623,0.8,0,1,0
3624,20.5,0,1,0
3625,21.6,0,1,0
3626,6.3,0,1,0
3627,0.0,2,0,0
3628,,0,1,0
3629,,0,1,0
3630,0.4,0,1,0
3631,763.7,0,1,0
3632,4.8,0,1,0
3633,4.7,0,1,0
3634,8.3,0,1,0
3635,3.394,0,2,0
3636,7.432,0,1,0
3637,2.0,1,1,0
3638,2.5,0,1,0
3639,4.3,0,1,0
3640,48.802,0,1,0
3641,,0,3,0
3642,49.935,0,1,0
3643,1.3,0,1,0
3644,,1,0,0
3645,,1,0,0
3646,12.9,0,2,0
3647,1.91,1,1,0
3648,688.5,0,3,0
3649,4.1,0,1,0
3650,2.5,0,2,0
3651,3.0,0,1,0
3652,,0,3,0
3653,1.506,0,1,0
3654,0.4,0,3,0
3655,,0,1,0
3656,2.95,0,1,0
3657,4.2,0,1,0
3658,549.0,0,2,0
3659,,0,1,0
3660,,0,1,0
3661,8.145,0,2,0
3662,6.55,1,0,0
3663,5.038,0,2,0
3664,3.5,0,1,0
3665,0.1,1,3,0
3666,,0,1,0
3667,689.0,0,3,0
3668,8.9,0,4,0
3669,688.596,0,1,0
3670,,0,1,0
3671,,0,1,0
3672,,0,1,0
3673,2.133,0,1,0
3674,,0,1,0
3675,8.8,0,1,0
3676,4.1,2,2,0
3677,,0,1,0
3678,768.509,0,1,0
3679,2.975,0,1,0
3680,47.6,0,1,0
3681,4.38,0,2,0
3682,,0,1,0
3683,,0,1,0
3684,0.8,1,8,0
3685,,0,2,0
3686,1.8,0,3,0
3687,16.0,0,4,0
3688,550.8,0,2,0
3689,,0,1,0
3690,546.0,0,2,0
3691,,0,3,0
3692,1.3,0,1,0
3693,1.5,0,1,0
3694,547.9,0,2,0
3695,6.8,0,1,0
3696,,0,4,0
3697,6.3,0,4,0
3698,552.0,0,1,1
3699,682.8,0,1,0
3700,0.1,0,1,0
3701,688.2,0,1,0
3702,7.61,0,2,0
3703,49.9,0,1,0
3704,,0,1,0
3705,0.35,0,1,0
3706,0.1,0,1,0
3707,50.5,0,2,0
3708,,0,1,0
3709,3.8,0,1,0
3710,50.5,1,0,0
3711,48.3,0,1,0
3712,,0,1,0
3713,,0,2,0
3714,,0,1,0
3715,,0,1,0
3716,,0,1,0
3717,,0,2,0
3718,4.3,0,1,0
3719,3.8,0,1,0
3720,,0,1,0
3721,,0,1,0
3722,1.226,0,1,0
3723,0.4,0,1,0
3724,17.492,0,1,0
3725,,0,1,0
3726,10.143,0,1,0
3727,51.3,0,1,0
3728,2.2,0,1,0
3729,0.1,0,1,0
3730,2.74,1,0,0
3731,,0,2,0
3732,6.1,0,1,0
3733,51.4,0,1,0
3734,51.457,0,1,0
3735,2.9,0,1,0
3736,4.375,0,1,0
3737,,0,1,0
3738,4.884,0,1,0
3739,3.0,2,1,0
3740,1.5,0,2,0
3741,,0,1,0
3742,0.25,0,1,0
3743,7.6,0,2,0
3744,0.2,0,1,0
3745,684.5,0,1,0
3746,12.6,0,1,0
3747,8.7,0,1,0
3748,548.5,1,0,0
3749,,0,1,0
3750,685.885,0,1,0
3751,0.2,0,1,0
3752,1.5,0,1,0
3753,,0,1,0
3754,690.5,0,3,0
3755,5.8,1,1,0
3756,,0,1,0
3757,550.6,0,2,0
3758,549.072,0,1,0
3759,,2,2,0
3760,,0,1,0
3761,,0,1,0
3762,,0,1,0
3763,1.0,0,1,0
3764,,0,1,0
3765,,1,0,0
3766,549.0,0,1,0
3767,1.5,0,1,0
3768,,0,3,0
3769,,0,2,0
3770,,0,1,0
3771,5.05,0,2,0
3772,,0,1,0
3773,2.0,0,1,0
3774,689.0,0,2,0
3775,,0,1,0
3776,,0,1,0
3777,,0,2,0
3778,,0,1,0
3779,,0,1,0
3780,,0,3,0
3781,5.5,0,3,0
3782,,0,1,0
3783,,0,1,0
3784,,0,1,0
3785,0.4,0,1,0
3786,,0,2,0
3787,,0,1,0
3788,,0,1,0
3789,49.2,1,0,0
3790,3.824,0,1,0
3791,0.5,0,1,0
3792,0.1,0,2,0
3793,,0,1,0
3794,,0,1,0
3795,,0,1,0
3796,689.95,0,1,0
3797,4.95,1,0,0
3798,0.5,0,1,0
3799,681.9,0,1,0
3800,0.0,0,2,0
3801,,0,1,0
3802,,0,1,0
3803,,0,1,0
3804,,0,1,0
3805,25.12,0,1,0
3806,48.4,0,1,0
3807,,1,0,0
3808,196.1,0,1,0
3809,196.0,0,1,0
3810,195.115,0,2,0
3811,,0,3,0
3812,191.7,0,1,0
3813,0.5,0,1,0
3814,6.772,0,1,0
3815,,0,1,0
3816,4.5,0,1,0
3817,193.0,0,1,0
3818,613.3,0,2,0
3819,,1,0,0
3820,,0,1,0
3821,1.8,0,1,0
3822,1.789,0,1,0
3823,,0,1,0
3824,,0,1,0
3825,3.104,0,1,0
3826,,0,1,0
3827,48.5,0,0,1
3828,194.52,1,0,1
3829,,1,1,0
3830,48.3,0,2,0
3831,,0,1,0
3832,6.1,0,2,0
3833,60.8,0,1,0
3834,59.4,1,0,0
3835,0.8,0,1,0
3836,5.297,0,1,0
3837,13.5,0,1,0
3838,5.94,0,1,0
3839,4.0,0,1,0
3840,5.491,0,1,0
3841,54.6,0,1,0
3842,61.5,0,1,0
3843,61.0,0,1,0
3844,61.6,1,0,0
3845,13.2,1,0,0
3846,1.5,0,1,0
3847,200.5,0,3,0
3848,204.775,0,1,0
3849,207.9,0,1,0
3850,207.07,0,1,0
3851,200.65,0,2,0
3852,20.8,0,1,0
3853,,0,1,0
3854,,0,1,0
3855,,0,1,0
3856,,0,1,0
3857,,1,0,0
3858,205.65,0,3,0
3859,204.7,0,2,0
3860,202.5,0,1,0
3861,,0,1,0
3862,,0,1,0
3863,,0,2,0
3864,,0,1,0
3865,,0,1,0
3866,,0,1,0
3867,,0,1,0
3868,,0,1,0
3869,,0,2,0
3870,,0,1,0
3871,,0,1,0
3872,,0,2,0
3873,,0,1,0
3874,,0,1,0
3875,,0,1,0
3876,,0,1,0
3877,0.0,0,1,0
3878,,0,1,0
3879,,0,1,0
3880,,0,1,0
3881,,0,1,0
3882,,0,1,0
3883,,0,2,0
3884,,1,0,0
3885,,0,1,0
3886,,0,1,0
3887,,0,1,0
3888,207.15,0,0,1
3889,,0,1,0
3890,,0,1,0
3891,,0,2,0
3892,,0,2,0
3893,23.8,0,1,0
3894,11.8,0,1,0
3895,14.1,0,1,0
3896,,1,0,0
3897,19.5,0,1,0
3898,24.7,1,0,0
3899,27.5,1,0,0
3900,38.0,0,1,0
3901,38.0,1,0,0
3902,54.9,0,1,0
3903,41.0,1,0,0
3904,43.3,0,1,0
3905,55.1,0,1,0
3906,3.0,0,1,0
3907,3.65,0,2,0
3908,693.58,0,3,0
3909,9.6,0,1,0
3910,,0,1,0
3911,,0,1,0
3912,,0,1,0
3913,,0,2,0
3914,,0,1,0
3915,0.3,0,2,0
3916,1.8,0,2,0
3917,26.602,0,1,0
3918,26.9,0,1,0
3919,2.75,0,2,0
3920,15.6,1,0,0
3921,16.0,0,1,0
3922,0.5,0,3,0
3923,12.1,1,2,0
3924,18.2,1,1,0
3925,1.1,0,1,0
3926,1.67,0,1,0
3927,1.1,0,1,0
3928,2.2,0,1,0
3929,1.6,0,3,0
3930,1.8,0,1,0
3931,0.9,1,0,0
3932,9.504,1,2,0
3933,,0,1,0
3934,15.188,0,1,0
3935,4.9,0,1,0
3936,13.5,0,3,0
3937,5.4,0,0,1
3938,12.403,0,1,0
3939,12.38,1,0,0
3940,,0,1,0
3941,4.5,0,1,0
3942,1.5,0,1,0
3943,74.68,0,1,0
3944,74.647,0,1,0
3945,,0,1,0
3946,74.7,0,1,0
3947,,0,2,0
3948,6.0,0,1,0
3949,,0,1,0
3950,73.785,0,1,0
3951,3.5,0,1,0
3952,,0,1,0
3953,,0,1,0
3954,,0,1,0
3955,,0,1,0
3956,4.9,0,1,0
3957,,0,1,0
3958,,0,1,0
3959,,0,1,0
3960,,0,1,0
3961,,0,1,0
3962,,0,1,0
3963,,0,1,0
3964,,0,1,0
3965,,0,1,0
3966,,1,0,0
3967,,1,0,0
3968,,1,0,0
3969,,1,0,0
3970,,0,1,0
3971,,0,1,0
3972,,0,1,0
3973,,0,1,0
3974,1.751,0,1,0
3975,,0,2,0
3976,,0,2,0
3977,3.4,0,1,0
3978,9.998,0,1,0
3979,17.05,0,2,0
3980,8.226,0,2,0
3981,15.2,0,1,0
3982,10.54,0,1,0
3983,1.6,0,10,0
3984,,0,1,0
3985,,0,1,0
3986,88.1,0,1,0
3987,10.3,0,1,0
3988,87.8,0,2,0
3989,,0,1,0
3990,,0,1,0
3991,,0,1,0
3992,82.5,0,1,0
3993,2.5,1,0,0
3994,88.15,0,1,0
3995,,0,1,0
3996,92.5,0,1,0
3997,19.0,0,1,0
3998,8.8,0,1,0
3999,11.4,0,2,0
4000,1.3,0,2,0
4001,88.1,0,2,0
4002,86.0,0,2,1
4003,11.3,0,1,0
4004,88.073,0,2,0
4005,88.321,0,1,0
4006,84.6,0,1,0
4007,11.8,0,6,0
4008,87.3,0,1,0
4009,88.7,0,2,0
4010,11.8,0,1,0
4011,85.2,0,3,0
4012,0.8,0,1,0
4013,86.0,0,2,0
4014,92.4,0,4,0
4015,9.0,0,2,0
4016,92.0,0,1,0
4017,88.1,0,1,0
4018,9.8,0,2,0
4019,86.4,0,2,0
4020,,1,0,0
4021,,0,1,0
4022,,0,1,0
4023,,1,0,0
4024,,0,1,0
4025,,0,1,0
4026,,0,1,0
4027,,1,0,0
4028,,0,1,0
4029,,0,1,0
4030,,0,1,0
4031,,0,1,0
4032,,0,1,0
4033,,0,1,0
4034,,0,1,0
4035,92.5,0,2,0
4036,,0,2,0
4037,,0,1,0
4038,,0,1,0
4039,,1,0,0
4040,,0,1,0
4041,,0,2,0
4042,,0,1,0
4043,,0,1,0
4044,,0,1,0
4045,,0,1,0
4046,,0,2,0
4047,8.7,0,1,0
4048,88.1,0,2,0
4049,,0,1,0
4050,,0,1,0
4051,,0,1,0
4052,,0,2,0
4053,,1,0,0
4054,,0,1,0
4055,,1,0,0
4056,,0,1,0
4057,,0,1,0
4058,,0,1,0
4059,,1,1,0
4060,,0,1,0
4061,,0,1,0
4062,,0,1,0
4063,,0,1,0
4064,,0,2,0
4065,,1,0,0
4066,,0,2,0
4067,,1,0,0
4068,,0,1,0
4069,92.6,0,1,0
4070,,0,1,0
4071,88.3,0,2,0
4072,,0,1,0
4073,,1,1,0
4074,486.5,0,1,0
4075,486.2,0,2,0
4076,0.1,0,1,0
4077,0.8,0,1,0
4078,1.5,1,0,0
4079,0.8,0,2,0
4080,489.6,0,4,0
4081,486.0,0,1,0
4082,0.001,0,1,0
4083,0.1,0,1,0
4084,0.0,0,1,0
4085,3.6,0,2,0
4086,484.6,0,1,0
4087,3.3,0,1,0
4088,10.5,0,2,0
4089,0.8,0,1,0
4090,,0,1,0
4091,0.1,0,2,0
4092,,0,1,0
4093,1.5,0,1,0
4094,,0,1,0
4095,,0,1,0
4096,,0,1,0
4097,,0,1,0
4098,1.0,0,1,0
4099,,1,0,0
4100,0.001,1,0,0
4101,,0,1,0
4102,,1,0,0
4103,,0,1,0
4104,,0,1,0
4105,,1,0,0
4106,,0,1,0
4107,,1,0,0
4108,,0,1,0
4109,,0,2,0
4110,5.8,0,1,0
4111,0.7,0,1,0
4112,,0,1,0
4113,,0,1,0
4114,0.1,0,5,0
4115,,0,1,0
4116,0.8,0,1,0
4117,,0,1,0
4118,,0,1,0
4119,,0,2,0
4120,195.19,0,2,0
4121,17.258,0,1,0
4122,6.705,0,1,0
4123,,1,0,0
4124,,0,1,0
4125,,0,1,0
4126,192.0,0,3,0
4127,,0,1,0
4128,,0,1,0
4129,2.3,0,1,0
4130,197.267,0,1,0
4131,193.594,0,6,0
4132,195.95,0,1,0
4133,197.4,0,1,0
4134,23.623,0,1,0
4135,23.7,0,1,0
4136,5.3,0,1,0
4137,206.095,0,1,0
4138,5.5,0,1,0
4139,10.0,0,1,0
4140,0.5,0,1,0
4141,0.25,0,1,0
4142,11.4,0,1,0
4143,,0,1,0
4144,2.8,0,2,0
4145,1.9,0,3,0
4146,0.3,0,1,1
4147,4.7,0,1,0
4148,4.1,0,1,0
4149,1.0,0,1,0
4150,3.0,0,1,0
4151,181.0,0,1,0
4152,0.8,1,0,0
4153,1.8,0,2,0
4154,480.7,0,1,0
4155,10.5,0,1,0
4156,484.0,0,1,0
4157,9.3,0,2,0
4158,482.8,1,1,0
4159,0.963,0,1,0
4160,15.315,0,2,0
4161,4.1,0,1,0
4162,,0,1,0
4163,0.1,1,0,0
4164,11.176,0,2,0
4165,8.8,1,0,0
4166,7.761,0,1,0
4167,4.8,0,1,0
4168,,0,1,0
4169,,0,1,0
4170,,0,2,0
4171,,0,1,0
4172,,0,1,0
4173,,0,1,0
4174,,0,2,0
4175,62.302,0,3,0
4176,62.041,0,1,0
4177,,0,2,0
4178,,0,2,0
4179,,0,1,0
4180,,0,1,0
4181,,0,1,0
4182,,0,1,0
4183,52.772,0,1,0
4184,22.803,0,1,0
4185,53.5,1,0,0
4186,56.1,0,1,0
4187,55.5,0,1,0
4188,57.1,0,2,0
4189,56.655,0,2,0
4190,60.9,0,1,0
4191,52.9,1,5,0
4192,7.9,0,3,0
4193,9.0,0,1,0
4194,,1,0,0
4195,,1,0,0
4196,,0,1,0
4197,,1,0,0
4198,,0,1,0
4199,,0,1,0
4200,,0,1,0
4201,,0,1,0
4202,,0,2,0
4203,,0,1,0
4204,,0,1,0
4205,,0,1,0
4206,,0,1,0
4207,,0,1,0
4208,,0,3,0
4209,,0,1,0
4210,,0,1,0
4211,,0,1,0
4212,,0,1,0
4213,,0,1,0
4214,,0,1,0
4215,,0,1,0
4216,,0,1,0
4217,,0,1,0
4218,,0,1,0
4219,,0,0,1
4220,57.7,0,2,0
4221,7.8,0,1,0
4222,56.502,0,1,0
4223,5.2,0,1,0
4224,55.0,0,1,0
4225,64.9,0,1,0
4226,53.0,0,1,0
4227,3.0,0,1,0
4228,55.0,0,3,0
4229,7.686,0,1,0
4230,4.9,0,1,0
4231,55.5,0,1,0
4232,56.0,0,1,0
4233,7.7,0,1,0
4234,,0,0,1
4235,54.1,0,1,0
4236,7.8,0,1,0
4237,61.1,0,1,0
4238,57.818,0,1,0
4239,,0,4,0
4240,,2,1,0
4241,58.3,0,1,0
4242,5.016,0,2,0
4243,57.0,0,1,0
4244,5.8,0,1,0
4245,54.42,0,4,0
4246,52.8,0,1,0
4247,7.0,0,1,0
4248,56.065,0,1,0
4249,8.0,0,2,0
4250,,0,2,0
4251,,0,1,0
4252,,0,3,0
4253,,0,1,0
4254,9.095,0,1,0
4255,,0,1,0
4256,,0,1,0
4257,,0,1,0
4258,,0,1,0
4259,,0,2,0
4260,0.0,0,1,0
4261,,0,1,0
4262,,0,1,0
4263,,0,1,0
4264,,0,1,0
4265,,0,2,0
4266,,0,2,0
4267,,0,1,0
4268,,0,1,0
4269,,0,1,0
4270,,0,1,0
4271,,0,1,0
4272,,0,1,0
4273,,0,1,0
4274,,0,1,0
4275,,0,1,0
4276,,0,1,0
4277,,0,1,0
4278,,0,2,0
4279,,0,1,0
4280,,0,1,0
4281,,0,1,0
4282,9.8,0,1,0
4283,,0,1,0
4284,,0,1,0
4285,,0,1,0
4286,,0,1,0
4287,,0,1,0
4288,,0,2,0
4289,,0,1,0
4290,,0,1,0
4291,,1,0,0
4292,,1,0,0
4293,,1,0,0
4294,,0,3,0
4295,,1,0,0
4296,,0,2,0
4297,,0,3,0
4298,,0,1,0
4299,,0,1,0
4300,,0,1,0
4301,,0,1,0
4302,,0,1,0
4303,,0,1,0
4304,,1,0,0
4305,,1,0,0
4306,,1,0,0
4307,,1,0,0
4308,,0,1,0
4309,,0,1,0
4310,,0,1,0
4311,,0,1,0
4312,,0,1,0
4313,,0,1,0
4314,,0,3,0
4315,,1,0,0
4316,,1,0,0
4317,,0,1,0
4318,,0,1,0
4319,,0,1,0
4320,,0,1,0
4321,,0,1,0
4322,,0,1,0
4323,,0,1,0
4324,,1,1,0
4325,,0,1,0
4326,,0,1,0
4327,,0,1,0
4328,,0,1,0
4329,,0,1,0
4330,,0,2,0
4331,,0,1,0
4332,,0,1,0
4333,,0,1,0
4334,56.0,0,1,0
4335,,0,1,0
4336,,1,0,0
4337,,1,0,0
4338,,0,1,0
4339,,0,1,0
4340,,0,1,0
4341,,0,1,0
4342,,0,1,0
4343,,0,1,0
4344,,0,1,0
4345,,0,1,0
4346,,0,2,0
4347,,0,1,0
4348,,0,1,0
4349,,0,1,0
4350,2.6,0,1,0
4351,1.5,1,0,0
4352,45.0,1,0,0
4353,0.2,0,1,0
4354,0.9,0,1,0
4355,1.0,0,2,0
4356,7.05,0,1,0
4357,7.0,1,0,0
4358,,0,1,0
4359,,0,1,0
4360,203.9,0,1,0
4361,,0,1,0
4362,201.9,0,1,0
4363,141.54,0,2,0
4364,4.692,0,1,0
4365,,0,0,1
4366,654.9,0,3,0
4367,1.7,0,1,0
4368,2.317,0,3,0
4369,,0,2,0
4370,,0,1,0
4371,,0,1,0
4372,,0,1,0
4373,,0,4,0
4374,,0,1,0
4375,657.65,0,7,0
4376,,0,2,0
4377,,0,1,0
4378,,0,1,0
4379,,0,1,0
4380,,1,0,0
4381,,0,1,0
4382,,0,1,0
4383,663.8,0,1,0
4384,2.8,0,1,0
4385,2.792,0,1,0
4386,656.0,0,2,0
4387,,0,1,0
4388,,0,4,0
4389,,0,1,0
4390,,0,4,0
4391,143.35,0,1,0
4392,655.0,0,1,0
4393,,0,1,0
4394,,0,1,0
4395,,0,1,0
4396,,0,1,0
4397,,0,1,0
4398,,0,2,0
4399,,0,1,0
4400,,0,1,0
4401,,1,0,0
4402,,0,1,0
4403,1.0,0,1,0
4404,,1,0,0
4405,654.7,0,2,0
4406,6.869,0,1,0
4407,140.2,0,1,0
4408,138.0,0,1,0
4409,138.2,1,0,0
4410,,0,1,0
4411,,0,1,0
4412,,0,1,0
4413,661.6,0,2,0
4414,,0,1,0
4415,,0,1,0
4416,,0,1,0
4417,,1,0,0
4418,,0,1,0
4419,1.95,0,1,0
4420,,1,0,0
4421,,1,0,0
4422,,0,1,0
4423,,0,2,0
4424,,0,1,0
4425,,0,1,0
4426,,0,1,0
4427,,0,2,0
4428,,0,1,0
4429,,0,1,0
4430,,0,1,0
4431,,0,2,0
4432,,0,1,0
4433,,0,1,0
4434,,0,1,0
4435,,0,1,0
4436,,0,1,0
4437,,0,1,0
4438,,1,1,0
4439,,0,1,0
4440,,0,1,0
4441,,1,0,0
4442,,0,1,0
4443,,0,1,0
4444,,0,1,0
4445,185.416,0,1,0
4446,2.0,0,2,0
4447,,1,0,0
4448,180.12,0,1,0
4449,,0,2,0
4450,,0,1,0
4451,2.139,0,1,0
4452,,0,1,0
4453,186.9,0,1,0
4454,,1,0,0
4455,,0,1,0
4456,0.5,0,1,0
4457,,1,0,0
4458,0.3,0,1,0
4459,185.738,0,1,0
4460,185.4,0,1,0
4461,190.489,0,1,0
4462,186.819,0,1,0
4463,12.0,0,1,0
4464,1.6,0,1,0
4465,187.0,0,1,0
4466,186.918,0,1,0
4467,171.4,0,1,0
4468,118.741,0,3,0
4469,,0,1,0
4470,0.25,0,1,0
4471,50.7,0,2,0
4472,82.966,0,1,0
4473,,1,0,0
4474,,0,1,0
4475,,0,1,0
4476,179.9,0,1,0
4477,,0,1,0
4478,84.115,0,1,0
4479,182.483,0,1,0
4480,173.7,0,1,0
4481,,1,0,0
4482,,0,1,0
4483,28.5,0,1,0
4484,24.461,1,0,0
4485,,0,1,0
4486,,0,1,0
4487,,0,1,0
4488,,0,1,0
4489,,0,1,0
4490,,0,1,0
4491,,0,1,0
4492,,0,1,0
4493,,0,1,0
4494,,0,1,0
4495,,0,1,0
4496,,0,1,0
4497,,0,1,0
4498,,0,1,0
4499,,0,1,0
4500,,0,1,0
4501,4.0,0,1,0
4502,,0,1,0
4503,,0,1,0
4504,,0,1,0
4505,,0,1,0
4506,,0,1,0
4507,,0,1,0
4508,,0,1,0
4509,43.3,1,0,0
4510,,1,0,0
4511,,0,1,0
4512,,0,1,0
4513,,0,1,0
4514,,0,4,0
4515,,0,1,0
4516,0.0,0,1,0
4517,21.0,0,1,0
4518,,0,2,0
4519,,0,1,0
4520,,1,0,0
4521,,0,1,0
4522,,0,1,0
4523,,0,1,0
4524,,0,1,0
4525,,0,1,0
4526,39.5,0,1,0
4527,,0,1,0
4528,,0,1,0
4529,,0,1,0
4530,,0,1,0
4531,,0,1,0
4532,,0,2,0
4533,,0,1,0
4534,,0,1,0
4535,,0,1,0
4536,,0,1,0
4537,,0,1,0
4538,,0,2,0
4539,,0,1,0
4540,,0,2,0
4541,,0,1,0
4542,,0,1,0
4543,,0,1,0
4544,0.1,0,2,0
4545,,0,1,0
4546,,0,1,0
4547,,0,2,0
4548,,0,1,0
4549,,0,2,0
4550,,0,1,0
4551,,0,1,0
4552,31.55,1,1,0
4553,,0,1,0
4554,,1,0,0
4555,,0,3,0
4556,,0,2,0
4557,,0,1,0
4558,,0,2,0
4559,,0,1,0
4560,764.9,0,3,0
4561,,0,1,0
4562,,0,1,0
4563,,0,1,0
4564,,0,1,0
4565,,0,2,0
4566,,0,1,0
4567,,0,1,0
4568,,0,1,0
4569,40.5,1,0,0
4570,,0,3,0
4571,,0,2,0
4572,,0,1,0
4573,5.0,0,1,0
4574,1.545,0,1,0
4575,0.1,0,2,0
4576,5.573,1,0,0
4577,6.313,0,1,0
4578,5.1,0,1,0
4579,535.0,0,5,0
4580,537.15,0,0,1
4581,1.3,0,2,0
4582,536.3,0,1,0
95952,7.8,0,1,0
95953,,0,1,0
95954,,1,0,0
95955,,0,1,0
95956,,0,1,0
95957,,0,1,0
95958,,0,1,0
95959,,0,1,0
95960,,0,1,0
95961,,0,1,0
95962,,0,1,0
95963,,0,1,0
95964,,1,0,0
95965,,1,0,0
95966,,1,0,0
95967,,1,0,0
95968,,1,0,0
95969,,0,0,1
95970,,1,0,0
95971,,1,0,0
95972,,1,0,0
95973,,1,0,0
95974,239.0,0,1,0
95975,,0,1,0
95976,,0,1,0
95977,,0,1,0
95978,,0,1,0
95979,,0,2,0
95980,,0,1,0
95981,,0,1,0
95982,,0,1,0
95983,,0,3,0
95984,,0,5,0
95985,,1,0,0
95986,,0,1,0
95987,,1,0,0
95988,,1,0,0
95989,,0,1,0
95990,,0,1,0
95991,,0,1,0
95992,,0,1,0
95993,,1,0,0
95994,,0,1,0
95995,,1,1,0
95996,524.65,0,2,0
95997,,1,0,0
95998,,0,2,0
95999,,0,1,0
96000,,0,1,0
96001,,0,1,0
96002,8.3,0,1,0
96003,,0,3,0
96004,,0,1,0
96005,,0,2,0
96006,,0,2,0
96007,,0,1,0
96008,,0,2,0
96009,,0,1,0
96010,,0,3,0
96011,,0,1,0
96012,,0,1,0
96013,,0,1,0
96014,,0,1,0
96015,,0,1,0
96016,,0,1,0
96017,,0,1,0
96018,,0,1,0
96019,6.0,0,1,0
96020,,0,2,0
96021,,0,1,0
96022,,0,1,0
96023,,0,1,0
96024,,0,1,0
96025,,0,1,0
96026,,0,1,0
96027,,0,2,0
96028,,0,1,0
96029,,0,1,0
96030,,0,1,0
96031,,0,1,0
96032,,0,1,0
96033,,0,1,0
96034,,0,1,0
96035,,0,2,0
96036,,0,1,0
96037,,0,2,0
96038,,0,1,0
96039,,0,1,0
96040,,0,1,0
96041,97.5,0,1,0
96042,,0,1,0
96043,,0,2,0
96044,,0,1,0
96045,,0,1,0
96046,,0,2,0
96047,,0,1,0
96048,,0,1,0
96049,,0,1,0
96050,,0,1,0
96051,,0,1,0
96052,,0,1,0
96053,,0,1,0
96054,,0,1,0
96055,,0,2,0
96056,,0,1,0
96057,,0,1,0
96058,,0,1,0
96059,,0,1,0
96060,,0,4,0
96061,,0,1,0
96062,,0,1,0
96063,,0,1,0
96064,,0,2,0
96065,,0,1,0
96066,,0,1,0
96067,,0,2,0
96068,,0,1,0
96069,,0,1,0
96070,,0,1,0
96071,0.0,0,1,0
96072,,0,4,0
96073,,0,1,0
96074,,0,1,0
96075,,0,1,0
96076,,0,1,0
96077,,0,1,0
96078,,0,1,0
96079,,0,1,0
96080,,0,1,0
96081,,0,1,0
96082,,0,1,0
96083,1.0,0,1,0
96084,,0,1,0
96085,,0,1,0
96086,,0,1,0
96087,88.1,0,2,0
96088,,0,1,0
96089,,0,2,0
96090,,1,0,0
96091,,0,1,0
96092,,0,1,0
96093,,0,1,0
96094,,0,1,0
96095,,0,2,0
96096,,0,1,0
96097,,0,1,0
96098,,0,1,0
96099,,1,0,0
96100,,0,1,0
96101,,0,2,0
96102,,0,2,0
96103,,0,1,0
96104,,0,1,0
96105,,0,1,0
96106,,0,2,0
96107,,0,2,0
96108,,0,3,0
96109,,0,1,0
96110,,0,1,0
96111,,0,1,0
96112,,0,1,0
96113,,0,1,0
96114,,0,1,0
96115,,0,1,0
96116,,0,1,0
96117,,0,2,0
96118,,0,1,0
96119,,0,1,0
96120,,0,1,0
96121,,0,1,0
96122,,0,1,0
96123,,0,1,0
96124,,0,2,0
96125,,0,1,0
96126,,0,2,0
96127,,0,1,0
96128,,0,1,0
96129,,0,1,0
96130,,0,1,0
96131,,0,1,0
96132,,0,1,0
96133,,0,1,0
96134,,0,1,0
96135,,0,1,0
96136,,0,1,0
96137,,0,1,0
96138,,0,1,0
96139,,0,1,0
96140,,0,1,0
96141,,0,1,0
96142,,0,1,0
96143,,0,1,0
96144,,0,1,0
96145,,0,1,0
96146,,0,2,0
96147,,0,1,0
96148,,0,1,0
96149,,0,1,0
96150,,0,1,0
96151,,0,1,0
96152,,0,1,0
96153,,0,1,0
96154,,0,1,0
96155,,0,1,0
96156,,0,1,0
96157,,0,1,0
96158,,0,1,0
96159,,1,0,0
96160,,0,1,0
96161,,1,0,0
96162,,1,0,0
96163,,1,0,0
96164,,0,1,0
96165,,1,0,0
96166,,0,1,0
96167,,0,1,0
96168,,1,0,0
96169,,1,0,0
96170,,1,2,0
96171,,0,4,0
96172,,1,0,0
1641,55.058,0,1,0
1642,5.902,0,1,0
1643,,0,1,0
1644,3.8,0,1,0
1645,5.8,0,1,0
1646,4.045,0,1,0
1647,,0,1,0
1648,,0,1,0
1649,3.229,0,1,0
1650,10.0,0,1,0
1651,11.25,0,1,0
1652,8.0,0,1,0
1653,9.5,0,1,0
1654,13.336,0,1,0
1655,12.0,0,1,0
1656,10.3,1,0,0
1657,10.05,0,1,0
1658,10.7,0,2,0
1659,,0,1,0
1660,696.9,0,1,0
1661,,0,2,0
1662,10.789,0,1,0
1663,,0,1,0
1664,,0,1,0
1665,,0,1,0
1666,,0,2,0
1667,532.2,0,1,0
1668,534.96,0,1,0
1669,,0,2,0
1670,533.702,0,1,0
1671,702.35,0,2,0
1672,,0,4,0
1673,4.673,0,4,0
1674,697.464,0,3,0
1675,700.2,0,1,0
1676,698.3,0,1,0
1677,698.35,0,2,0
1678,,0,1,0
1679,,0,1,0
1680,,0,1,0
1681,698.45,0,1,0
1682,40.434,0,2,0
1683,42.182,0,1,0
1684,39.95,1,0,0
1685,40.5,0,2,0
1686,41.726,0,1,0
1687,3.0,0,1,0
1688,30.0,0,1,0
1689,,0,1,0
1690,,0,1,0
1691,,0,1,0
1692,,0,1,0
1693,,0,1,0
1694,,0,2,0
1695,4.327,0,1,0
1696,,0,1,0
1697,,2,0,0
1698,,0,3,0
1699,,0,1,0
1700,,0,1,0
1701,,0,1,0
1702,1.399,0,1,0
1703,,0,1,0
1704,,0,1,0
1705,790.4,0,1,0
1706,,0,1,0
1707,,0,2,0
1708,448.0,0,3,0
1709,,0,1,0
1710,2.7,0,1,0
1711,,0,1,0
1712,,0,1,0
1713,,0,1,0
1714,,0,1,0
1715,,0,1,0
1716,,0,1,0
1717,,0,0,1
1718,,0,1,0
1719,,0,1,0
1720,,0,1,0
1721,447.8,0,1,0
1722,,0,2,0
1723,,0,2,0
1724,,0,2,0
1725,12.8,0,1,0
1726,,0,1,0
1727,791.85,0,1,0
1728,,0,1,0
1729,,0,1,0
1730,455.0,0,1,0
1731,,0,1,0
1732,1.0,0,1,0
1733,,0,1,0
1734,5.65,0,1,0
1735,449.082,0,1,0
1736,1.0,0,1,0
1737,,0,1,0
1738,454.604,0,1,0
1739,,0,1,0
1740,3.032,0,1,0
1741,,0,1,0
1742,,0,1,0
1743,,0,1,0
1744,,0,1,0
1745,,0,1,0
1746,449.079,0,1,0
1747,,0,1,0
1748,,0,1,0
1749,,0,1,0
1750,454.15,0,4,0
1751,2.8,2,1,0
1752,2.1,0,1,0
1753,791.973,0,1,0
1754,,1,0,1
1755,2.33,0,0,1
1756,1.643,0,1,0
1757,,0,1,0
1758,,1,1,0
1759,,0,1,0
1760,,0,1,0
1761,,0,1,0
1762,,1,0,0
1763,,0,1,0
1764,,0,1,0
1765,,0,1,0
1766,,0,1,0
1767,,0,2,0
1768,,0,2,0
1769,,0,2,0
1770,,1,1,0
1771,,1,0,0
1772,,0,1,0
1773,,0,1,0
1774,,0,1,0
1775,,0,1,0
1776,,0,1,0
1777,,0,1,0
1778,,0,1,0
1779,1.5,0,1,0
1780,,1,0,0
1781,,0,1,0
1782,,0,3,0
1783,,1,0,0
1784,,0,1,0
1785,,1,0,0
1786,,0,1,0
1787,,0,1,0
1788,,0,1,0
1789,1.4,0,1,0
1790,,0,2,0
1791,,0,1,0
1792,,0,1,0
1793,,0,1,0
1794,,0,1,0
1795,,0,1,0
1796,,0,1,0
1797,,0,1,0
1798,,0,1,0
1799,,0,1,0
1800,,0,1,0
1801,,0,1,0
1802,,0,1,0
1803,,0,1,0
1804,,0,1,0
1805,,0,1,0
1806,,0,1,0
1807,,0,2,0
1808,,1,0,0
1809,644.7,0,1,0
1810,,0,0,1
1811,,0,2,0
1812,,1,0,0
1813,,0,1,0
1814,,0,4,0
1815,,0,1,0
1816,,0,1,0
1817,,0,1,0
1818,,0,1,0
1819,,0,3,0
1820,,0,1,0
1821,,0,1,0
1822,,0,1,0
1823,,0,1,0
1824,,0,1,0
1825,,0,1,0
1826,,0,1,0
1827,,0,1,0
1828,,0,1,0
1829,,0,1,0
1830,,0,1,0
1831,,0,1,0
1832,,0,1,0
1833,,0,1,0
1834,,1,0,0
1835,,0,1,0
1836,,0,1,0
1837,,0,1,0
1838,,0,1,0
1839,,0,2,0
1840,0.01,0,1,0
1841,745.85,0,5,1
1842,3.5,0,1,0
1843,745.7,0,2,0
1844,3.7,0,2,0
1845,742.0,0,6,0
1846,745.0,0,1,0
1847,9.407,0,1,0
1848,745.0,0,1,0
1849,,1,1,0
1850,1.6,0,1,0
1851,0.0,0,1,0
1852,13.2,0,1,0
1853,0.1,0,1,0
1854,232.9,0,1,0
1855,,1,0,0
1856,,1,0,1
1857,,0,1,0
1858,17.1,0,3,0
1859,,0,1,0
1860,,0,1,0
1861,,0,0,2
1862,,0,1,0
1863,,0,3,0
1864,19.7,0,1,0
1865,,0,2,0
1866,,0,2,0
1867,,0,1,0
1868,,0,1,0
1869,,0,1,0
1870,3.725,0,1,0
1871,18.5,0,1,0
1872,0.199,0,1,0
1873,,0,3,0
1874,,0,1,0
1875,,0,1,0
1876,20.0,0,1,0
1877,,0,1,0
1878,21.1,0,1,0
1879,,0,1,0
1880,,0,1,0
1881,18.6,0,1,0
1882,16.0,0,1,0
1883,,0,1,0
1884,15.5,0,1,0
1885,,0,1,0
1886,,0,1,0
1887,,0,1,0
1888,1.2,1,0,0
1889,,0,1,0
1890,,0,1,0
1891,,0,1,0
1892,0.2,0,1,0
1893,,0,1,0
1894,,0,1,0
1895,,0,1,0
1896,17.0,0,1,0
1897,,0,1,0
1898,,0,1,0
1899,4.417,1,0,0
1900,21.8,0,2,0
1901,0.0,0,1,0
1902,16.8,0,2,0
1903,0.499,0,1,0
1904,,0,1,0
1905,,0,1,0
1906,,0,1,0
1907,,0,1,0
1908,,0,1,0
1909,19.827,0,2,0
1910,,0,1,0
1911,,0,1,0
1912,,0,1,0
1913,,0,1,0
1914,20.43,0,1,0
1915,1.38,0,1,0
1916,11.3,0,1,0
1917,,0,1,0
1918,19.888,0,1,0
1919,,0,3,0
1920,,0,2,0
1921,,0,1,0
1922,1.1,0,2,0
1923,,0,3,0
1924,0.0,0,2,0
1925,2.0,0,1,0
1926,0.0,0,2,0
1927,,1,0,0
1928,,1,0,0
1929,,1,0,0
1930,,0,1,0
1931,,0,1,0
1932,,0,1,0
1933,,0,2,0
1934,0.2,0,1,0
1935,,1,0,0
1936,238.8,0,1,0
1937,,0,1,0
1938,18.5,0,2,0
1939,2.028,0,1,0
1940,21.348,0,2,0
1941,234.6,0,3,0
1942,17.1,1,1,0
1943,20.9,0,1,0
1944,16.5,0,4,0
1945,12.0,0,1,0
1946,1.0,2,0,0
1947,,1,0,0
1948,,1,0,0
1949,3.0,0,1,0
1950,,0,1,0
1951,,0,1,0
1952,1.05,0,1,0
1953,,0,1,0
1954,,0,1,0
1955,,0,1,0
1956,5.1,0,1,0
1957,,0,3,0
1958,,0,1,0
1959,,0,1,0
1960,,0,1,0
1961,1.053,0,2,0
1962,,0,2,0
1963,,0,1,0
1964,,0,1,0
1965,,0,1,0
1966,,0,1,0
1967,,0,1,0
1968,,0,1,0
1969,0.0,0,2,0
1970,24.3,0,2,0
1971,16.0,0,1,0
1972,,0,1,0
1973,,0,1,0
1974,,0,1,0
1975,,0,1,0
1976,,0,2,0
1977,,0,1,0
1978,,1,0,0
1979,,1,0,0
1980,,0,1,0
1981,,0,1,0
1982,,0,1,0
1983,,0,1,0
1984,13.0,0,1,0
1985,,0,1,0
1986,,0,1,0
1987,,0,1,0
1988,1.9,0,1,0
1989,14.4,0,1,0
1990,,1,0,0
1991,,0,3,0
1992,,0,1,0
1993,,0,1,0
1994,,0,3,0
1995,16.8,0,2,0
1996,235.5,0,3,0
1997,,0,1,0
1998,20.0,0,1,0
1999,230.7,0,1,0
2000,11.0,0,1,0
2001,,0,1,0
2002,,0,1,0
2003,0.45,0,2,0
2004,,0,1,0
2005,,0,2,0
2006,,0,2,0
2007,0.0,0,1,0
2008,15.85,0,2,0
2009,10.7,0,1,0
2010,,0,1,0
2011,,0,2,0
2012,,0,1,0
2013,490.6,0,2,0
2014,,0,1,0
2015,,0,1,0
2016,,0,1,0
2017,,0,2,0
2018,,0,1,0
2019,,0,1,0
2020,,0,1,0
2021,0.36,0,1,0
2022,,1,0,0
2023,10.4,0,1,0
2024,,1,0,0
2025,,1,0,0
2026,16.5,0,2,0
2027,,1,0,0
2028,,0,1,0
2029,,0,1,0
2030,,0,3,0
2031,,0,1,0
2032,,0,1,0
2033,,0,1,0
2034,6.15,0,1,0
2035,,0,1,0
2036,,0,2,0
2037,,0,1,0
2038,,1,0,0
2039,,0,6,0
2040,,1,0,0
2041,,0,1,0
2042,,0,1,0
2043,1.3,0,1,0
2044,0.2,0,1,0
2045,12.0,0,1,0
2046,,0,2,0
2047,,0,1,0
2048,,0,1,0
2049,,0,2,0
2050,,0,1,0
2051,,0,1,0
2052,18.0,0,1,0
2053,,0,1,0
2054,14.332,0,2,0
2055,17.4,0,1,0
2056,20.8,0,2,0
2057,0.0,1,0,0
2058,2.294,0,1,0
2059,14.0,0,1,0
2060,231.054,1,2,0
2061,231.0,2,0,0
2062,,0,1,0
2063,14.0,0,1,0
2064,17.9,0,1,0
2065,7.6,0,2,0
2066,0.47,0,1,0
2067,22.2,0,1,0
2068,,1,0,0
2069,,1,0,0
2070,0.0,0,1,0
2071,,1,0,0
2072,20.6,0,1,0
2073,0.001,0,1,0
2074,16.0,0,1,0
2075,23.25,0,1,0
2076,,1,0,0
2077,12.2,0,1,0
2078,235.0,0,1,0
2079,16.2,0,1,0
2080,13.527,0,3,0
2081,20.609,0,1,0
2082,,0,1,0
2083,,0,1,0
2084,,0,1,0
2085,,0,2,0
2086,,0,1,0
2087,0.45,0,0,1
2088,11.96,0,1,0
2089,13.6,0,2,0
2090,1.08,0,1,0
2091,12.2,0,1,0
2092,21.4,0,4,0
2093,0.001,0,1,0
2094,,1,0,0
2095,,1,0,0
2096,,1,0,0
2097,,1,0,0
2098,14.631,0,2,0
2099,238.5,0,1,0
2100,231.8,0,3,0
2101,17.6,0,1,0
2102,,0,1,0
2103,,1,0,0
2104,2.716,0,1,0
2105,,0,2,0
2106,0.0,0,1,0
2107,24.102,0,1,0
2108,0.1,0,2,0
2109,230.7,0,3,0
2110,232.0,0,2,0
2111,0.3,0,3,0
2112,226.746,0,2,0
2113,,0,2,0
2114,16.0,0,2,0
2115,,1,0,0
2116,21.163,0,1,0
2117,0.0,0,1,0
2118,6.634,0,1,0
2119,10.39,0,2,0
2120,237.5,1,0,0
2121,26.157,0,1,0
2122,20.0,0,1,0
2123,,0,3,0
2124,,0,1,0
2125,13.35,0,2,0
2126,236.9,0,2,0
2127,,0,1,0
2128,,0,1,0
2129,5.1,0,1,0
2130,,0,1,0
2131,1.358,0,1,0
2132,23.0,0,1,0
2133,5.0,0,1,0
2134,14.8,0,2,0
2135,0.1,0,2,0
2136,3.8,0,1,0
2137,20.542,0,8,0
2138,233.66,1,0,0
2139,,1,0,0
2140,,1,0,0
2141,236.221,0,3,0
2142,,0,1,0
2143,,1,0,1
2144,19.8,0,2,0
2145,,0,1,0
2146,,0,2,0
2147,4.9,0,1,0
2148,1.0,0,2,0
2149,238.395,0,3,0
2150,12.39,0,2,0
2151,,1,0,0
2152,6.0,0,1,0
2153,490.161,1,0,0
2154,0.001,0,1,0
2155,9.6,0,3,0
2156,21.0,0,2,0
2157,19.3,0,2,0
2158,20.1,0,1,0
2159,18.45,0,4,0
2160,19.7,0,1,0
2161,93.56,0,1,0
2162,25.1,0,1,0
2163,,1,0,0
2164,,1,0,0
2165,,1,0,0
2166,,1,0,0
2167,,1,0,0
2168,,1,0,0
2169,,0,0,1
2170,,1,0,0
2171,14.599,0,1,0
2172,1.5,0,2,0
2173,0.5,0,1,0
2174,8.7,0,1,0
2175,13.0,1,0,0
2176,2.8,0,2,0
2177,,1,0,0
2178,7.7,0,2,0
2179,14.8,0,1,0
2180,0.0,0,2,0
2181,,0,1,0
2182,740.9,0,1,0
2183,5.3,0,3,0
2184,7.422,0,1,0
2185,8.5,0,2,0
2186,741.0,0,1,0
2187,10.8,0,4,0
2188,740.75,0,2,0
2189,2.23,0,2,0
2190,3.251,0,1,0
2191,164.8,2,0,0
2192,639.0,0,2,0
2193,19.8,0,1,0
2194,638.0,1,0,0
2195,,0,1,0
2196,,0,1,0
2197,,0,1,0
2198,164.2,0,2,0
2199,,0,1,0
2200,,0,1,0
2201,,0,1,0
2202,,0,2,0
2203,,0,1,0
2204,,0,1,0
2205,,0,1,0
2206,,0,1,0
2207,20.15,0,0,1
2208,2.3,0,1,0
2209,,0,2,0
2210,,0,1,0
2211,635.54,1,3,0
2212,,0,1,0
2213,,0,1,0
2214,,0,1,0
2215,154.982,0,2,0
2216,636.544,0,1,0
2217,640.2,0,1,0
2218,635.1,0,2,0
2219,162.5,0,2,0
2220,638.6,0,3,0
2221,161.25,0,1,0
2222,,0,1,0
2223,,0,1,0
2224,,0,1,0
2225,,0,1,0
2226,,0,1,0
2227,,0,2,0
2228,,0,1,0
2229,,0,2,0
2230,,0,1,0
2231,,0,1,0
2232,,0,1,0
2233,,0,1,0
2234,,0,3,0
2235,,0,1,0
2236,,0,1,0
2237,,0,1,0
2238,,0,1,0
2239,,0,2,0
2240,,0,1,0
2241,,0,1,0
2242,,0,1,0
2243,,0,1,0
2244,,1,0,0
2245,,0,4,0
2246,,0,1,0
2247,,0,1,0
2248,,0,1,0
2249,13.1,1,0,0
2250,8.3,0,1,0
2251,,1,1,0
2252,12.6,0,1,0
2253,,0,1,0
2254,,0,1,0
2255,12.925,0,1,0
2256,7.86,0,0,1
2257,,0,1,0
2258,,0,1,0
2259,4.084,0,2,0
2260,,0,1,0
2261,,0,1,0
2262,8.75,0,1,0
2263,13.8,0,1,0
2264,5.3,0,1,0
2265,11.5,0,1,0
2266,3.25,0,1,0
2267,,0,1,0
2268,11.5,0,1,0
2269,5.5,0,1,0
2270,6.5,0,1,0
2271,5.5,0,1,0
2272,1.957,0,1,0
2273,12.758,0,1,0
2274,1.2,2,1,0
2275,0.5,0,2,0
2276,1.873,0,2,0
2277,0.8,0,1,0
2278,14.039,0,5,0
2279,,1,0,0
2280,,0,1,0
2281,,0,1,0
2282,,1,3,0
2283,6.2,0,2,0
2284,,0,1,0
2285,,0,1,0
2286,,0,1,0
2287,,0,1,0
2288,,0,1,0
2289,,0,1,0
2290,,1,1,0
2291,,0,1,0
2292,,0,1,0
2293,,1,0,0
2294,3.393,0,1,0
2295,12.8,0,1,0
2296,22.7,0,1,0
2297,,0,1,0
2298,,0,1,0
2299,23.0,0,1,0
2300,18.9,0,1,0
2301,,0,1,0
2302,0.3,0,0,1
2303,13.255,0,1,0
2304,27.2,0,4,0
2305,1.2,0,1,0
2306,8.4,0,2,0
2307,7.8,0,4,0
2308,6.356,0,1,0
2309,8.31,0,2,0
2310,0.001,0,1,0
2311,2.0,0,1,0
2312,2.8,0,1,0
2313,7.525,0,1,0
2314,8.078,0,2,0
2315,7.5,0,1,0
2316,8.334,0,1,0
2317,7.7,0,1,0
2318,5.112,0,1,0
2319,10.127,0,1,0
2320,4.6,0,1,0
2321,34.7,0,2,0
2322,4.1,0,1,0
2323,,0,1,0
2324,,0,1,0
2325,,0,1,0
2326,,0,1,0
2327,,0,1,0
2328,146.2,0,1,0
2329,49.1,0,2,0
2330,,0,1,0
2331,,0,2,0
2332,144.8,0,1,0
2333,,0,1,0
2334,,0,1,0
2335,,1,0,0
2336,,0,1,0
2337,,0,1,0
2338,,0,1,0
2339,,0,1,0
2340,,0,1,0
2341,152.2,0,2,0
2342,,0,2,0
2343,,0,1,0
2344,,0,1,0
2345,,0,1,0
2346,,0,2,0
2347,,1,0,0
2348,148.0,0,1,0
2349,,0,1,0
2350,,0,1,0
2351,,1,0,0
2352,,0,1,0
2353,,0,3,0
2354,,0,1,0
2355,,0,1,0
2356,,1,0,0
2357,,0,1,0
2358,,0,1,0
2359,,0,1,0
2360,,0,1,0
2361,,0,1,0
2362,,0,1,0
2363,,0,1,0
2364,,0,1,0
2365,,0,1,0
2366,49.0,0,1,0
2367,,0,1,0
2368,,0,1,0
2369,,0,1,0
2370,,0,1,0
2371,,0,1,0
2372,0.1,0,1,0
2373,149.0,0,1,0
2374,,0,1,0
2375,,0,2,0
2376,,0,1,0
2377,,0,2,0
2378,,0,1,0
2379,,0,1,0
2380,,0,1,0
2381,146.0,0,1,0
2382,,2,0,0
2383,,0,1,0
2384,,0,1,0
2385,,0,2,0
2386,,0,1,0
2387,,0,1,0
2388,,0,2,0
2389,,0,2,0
2390,,0,1,0
2391,,0,1,0
2392,,0,1,0
2393,,0,1,0
2394,,1,0,0
2395,,0,1,0
2396,,1,0,0
2397,,0,1,0
2398,,0,1,0
2399,,0,1,0
2400,,0,1,0
2401,,0,2,0
2402,,0,1,0
2403,,0,1,0
2404,,0,1,0
2405,,0,1,0
2406,148.3,0,1,0
2407,,0,2,0
2408,,0,1,0
2409,,0,1,0
2410,50.3,0,2,0
2411,,0,2,0
2412,,0,1,0
2413,,0,2,0
2414,48.3,0,1,0
2415,,0,1,0
2416,,0,2,0
2417,145.1,0,3,0
2418,,0,2,0
2419,,0,1,0
2420,,0,1,0
2421,,0,1,0
2422,,0,1,0
2423,,0,1,0
2424,145.9,0,1,0
2425,,0,1,0
2426,,0,1,0
2427,,0,1,0
2428,,0,1,0
2429,,0,1,0
2430,,1,0,0
2431,49.8,0,2,0
2432,,0,1,0
2433,,1,0,1
2434,,0,1,0
2435,50.0,0,1,0
2436,,0,1,0
2437,648.0,2,1,0
2438,,0,1,0
2439,,0,1,0
2440,,0,1,0
2441,,0,1,0
2442,,0,1,0
2443,,0,1,0
2444,,0,2,0
2445,,0,1,0
2446,,0,1,0
2447,,0,1,0
2448,,0,1,0
2449,,0,1,0
2450,,0,2,0
2451,144.285,0,1,0
2452,,0,1,0
2453,,1,0,0
2454,,0,1,0
2455,,0,2,0
2456,144.5,0,1,1
2457,,0,1,0
2458,,0,1,0
2459,,0,1,0
2460,,0,1,0
2461,,0,1,0
2462,,0,1,0
2463,,0,1,0
2464,,0,1,0
2465,,0,1,0
2466,,0,1,0
2467,,0,1,0
2468,,0,1,0
2469,,0,2,0
2470,,0,1,0
2471,,0,2,0
2472,,0,1,0
2473,,0,1,0
2474,,0,1,0
2475,,0,1,0
2476,,0,1,0
2477,,0,1,0
2478,,1,0,0
2479,,0,1,0
2480,,1,0,0
2481,49.2,0,1,0
2482,,0,1,0
2483,,0,1,0
2484,,0,1,0
2485,,0,1,0
2486,,0,1,0
2487,,1,0,0
2488,,0,1,0
2489,151.4,0,3,0
2490,,0,1,0
2491,,0,1,0
2492,,0,1,0
2493,149.4,0,1,0
2494,,0,2,0
2495,,0,1,0
2496,,0,1,0
2497,,0,1,0
2498,,0,1,0
2499,,0,1,0
2500,,0,1,0
2501,50.0,0,1,0
2502,,0,1,0
2503,,0,1,0
2504,,0,1,0
2505,,0,1,0
2506,,0,1,0
2507,48.3,0,1,0
2508,,0,1,0
2509,,1,0,0
2510,,0,1,0
2511,,0,1,0
2512,,0,2,0
2513,,0,1,0
2514,,0,1,0
2515,,0,1,0
2516,,1,0,0
2517,,0,1,0
2518,,0,1,0
2519,,0,1,0
2520,,0,1,0
2521,,0,1,0
2522,651.1,0,2,0
2523,,0,1,0
2524,,0,1,0
2525,,0,2,0
2526,,0,2,0
2527,,0,1,0
2528,,0,1,0
2529,,0,1,0
2530,,0,1,0
2531,,0,1,0
2532,,0,1,0
2533,,0,1,0
2534,,0,3,0
2535,,0,2,0
2536,,0,1,0
2537,,0,1,0
2538,,0,1,0
2539,,1,0,0
2540,151.3,0,1,0
2541,,0,1,0
2542,1.848,0,1,0
2543,,0,1,0
2544,,0,1,0
2545,,0,1,0
2546,,0,1,0
2547,,0,1,0
2548,,0,2,0
2549,,0,1,0
2550,148.7,0,1,0
2551,,0,1,0
2552,,1,0,0
2553,,0,1,0
2554,,0,1,0
2555,,0,1,0
2556,,0,1,0
2557,,1,0,0
2558,,0,1,0
2559,,1,0,0
2560,,0,1,0
2561,,0,1,0
2562,,0,1,0
2563,,0,1,0
2564,,0,1,0
2565,,0,1,0
2566,,1,0,0
2567,,0,1,0
2568,,0,1,0
2569,,0,1,0
2570,,0,1,0
2571,,0,1,0
2572,,0,1,0
2573,,0,1,0
2574,,0,1,0
2575,,1,0,0
2576,,0,2,0
2577,49.35,0,1,0
2578,18.2,0,1,0
2579,27.9,1,0,0
2580,10.0,0,1,0
2581,745.0,0,1,0
2582,745.0,0,1,0
2583,20.0,1,0,0
2584,10.1,0,2,0
2585,177.05,0,1,0
2586,178.7,0,1,0
2587,174.5,0,1,0
2588,630.0,0,1,0
2589,10.011,0,1,0
2590,174.35,0,1,0
2591,10.0,0,1,0
2592,624.7,0,1,0
2593,171.55,0,1,0
2594,172.3,0,2,0
2595,2.7,1,0,0
2596,1.631,0,1,0
2597,621.0,0,3,0
2598,176.6,0,2,0
2599,177.1,0,1,0
2600,,0,1,0
2601,177.3,0,1,0
2602,177.0,2,3,0
2603,,0,1,0
2604,179.8,0,1,0
2605,172.422,0,2,0
2606,7.2,0,1,0
2607,174.4,0,3,0
2608,172.1,0,1,0
2609,1.2,0,1,0
2610,170.559,0,1,0
2611,9.2,0,1,0
2612,1.2,0,1,0
2613,179.0,0,2,0
2614,627.436,0,1,0
2615,2.8,0,2,0
2616,0.8,0,1,0
2617,4.0,0,1,0
2618,6.86,0,1,0
2619,8.422,0,1,0
2620,4.5,0,1,0
2621,5.1,0,2,0
2622,5.517,0,2,0
2623,6.92,0,2,0
2624,,0,1,0
2625,4.582,0,1,0
2626,4.4,0,1,0
2627,5.2,0,3,0
2628,45.2,0,1,0
2629,11.367,0,1,0
2630,6.26,0,1,0
2631,6.05,1,0,0
2632,6.244,0,1,0
2633,4.88,0,1,0
2634,11.3,0,1,0
2635,,0,2,0
2636,,0,1,0
2637,,1,0,0
2638,,0,4,0
2639,,0,1,0
2640,630.555,0,1,0
2641,165.85,0,1,0
2642,165.5,0,1,0
2643,53.35,1,3,0
2644,14.5,0,1,0
2645,52.8,0,1,0
2646,14.85,0,1,0
2647,50.893,0,1,0
2648,53.3,0,1,0
2649,53.0,0,1,0
2650,12.5,0,1,0
2651,692.7,0,5,0
2652,0.8,1,0,0
2653,8.598,0,1,0
2654,53.5,1,0,0
2655,5.3,0,2,0
2656,7.95,0,2,0
2657,0.13,1,0,0
2658,6.0,0,1,0
2659,7.6,0,1,0
2660,3.308,0,1,0
2661,0.8,0,1,0
2662,,1,0,0
2663,,0,2,0
2664,,0,2,0
2665,,0,1,0
2666,,1,0,0
2667,670.5,0,1,0
2668,,0,3,0
2669,,0,1,0
2670,,0,1,0
2671,,1,1,0
2672,129.47,0,1,0
2673,120.1,0,1,0
2674,126.92,1,1,0
2675,,0,1,0
2676,4.8,0,1,0
2677,2.761,0,1,0
2678,3.058,0,1,0
2679,670.0,1,5,0
2680,122.9,0,3,0
2681,124.45,1,0,0
2682,1.4,0,1,0
2683,672.687,0,2,0
2684,,1,0,0
2685,,0,1,0
2686,,1,0,0
2687,,0,1,0
2688,,0,1,0
2689,,0,1,0
2690,124.0,0,0,1
2691,,0,1,0
2692,0.3,0,1,0
2693,,0,1,0
2694,,0,1,0
2695,,0,4,0
2696,,0,0,1
2697,128.5,0,1,0
2698,122.6,1,1,0
2699,0.6,0,3,0
2700,33.8,0,1,0
2701,16.5,0,1,0
2702,475.2,0,1,0
2703,3.0,0,2,0
2704,3.4,0,1,0
2705,5.0,0,1,0
2706,472.0,0,1,0
2707,3.0,0,2,0
2708,4.0,0,2,0
2709,5.4,0,1,0
2710,4.904,0,1,0
2711,473.9,1,8,0
2712,0.2,0,2,0
2713,2.7,0,1,0
2714,19.5,0,1,0
2715,29.0,1,0,0
2716,0.1,0,1,0
2717,733.56,0,2,0
2718,734.739,1,1,0
2719,,0,1,0
2720,,0,2,0
2721,,1,0,0
2722,,0,2,0
2723,0.1,0,2,0
2724,735.034,1,0,0
2725,734.7,0,1,0
2726,4.715,0,1,0
2727,0.5,0,1,0
2728,5.19,0,1,0
2729,0.5,0,2,0
2730,799.0,1,0,0
2731,798.5,0,1,0
2732,442.9,0,1,0
2733,4.5,0,1,0
2734,0.3,0,2,0
2735,799.4,0,2,0
2736,797.4,0,1,0
2737,,0,2,0
2738,442.8,0,1,0
2739,4.202,0,1,0
2740,800.7,0,1,0
2741,442.716,0,3,0
2742,800.5,0,3,0
2743,442.995,0,1,0
2744,799.6,0,1,0
2745,6.173,0,1,0
2746,,0,1,0
2747,,0,1,0
2748,,1,0,0
2749,443.0,0,1,0
2750,26.0,0,1,0
2751,18.3,0,1,0
2752,,0,1,0
2753,,0,1,0
2754,,0,1,0
2755,,0,1,0
2756,12.622,0,1,0
2757,,0,1,0
2758,,0,1,0
2759,,0,1,0
2760,,0,1,0
2761,540.8,1,1,0
2762,693.45,0,1,0
2763,10.11,0,1,0
2764,,0,0,1
2765,693.9,0,1,0
2766,0.9,0,2,0
2767,0.4,0,1,0
2768,696.0,0,2,0
2769,695.75,1,0,0
2770,0.4,0,1,0
2771,0.1,0,2,0
2772,1.305,0,1,0
2773,531.8,0,2,0
2774,526.628,0,1,0
2775,529.0,0,3,0
2776,711.8,0,1,0
2777,706.7,0,1,0
2778,528.5,0,2,0
2779,712.4,0,1,0
2780,531.15,0,1,0
2781,,0,1,0
2782,,0,1,0
2783,,0,1,0
2784,,0,1,0
2785,530.7,0,1,0
2786,,0,1,0
2787,9.4,0,3,0
2788,10.6,0,1,0
2789,6.8,0,1,0
2790,526.5,0,1,0
2791,529.4,0,1,0
2792,527.7,0,1,0
2793,528.2,0,2,0
2794,710.366,0,1,0
2795,710.9,0,1,0
2796,523.821,0,2,0
2797,706.2,0,1,0
2798,0.9,0,1,0
2799,707.5,0,2,0
2800,18.0,0,1,0
2801,524.967,0,1,0
2802,730.1,0,1,0
2803,10.4,0,1,0
2804,530.598,0,1,0
2805,707.3,0,1,0
2806,528.0,0,1,0
2807,740.2,0,1,0
2808,14.8,0,1,0
2809,,0,1,0
2810,,0,1,0
2811,738.75,0,2,0
2812,6.931,0,1,0
2813,2.1,1,0,0
2814,,1,0,0
2815,2.05,0,1,0
2816,16.77,1,1,0
2817,2.05,0,4,0
2818,18.45,0,1,0
2819,,0,1,0
2820,4.2,0,1,0
2821,,0,1,0
2822,,0,1,0
2823,,0,1,0
2824,5.0,0,1,0
2825,,0,1,0
2826,,2,0,0
2827,,0,1,0
2828,4.0,0,1,0
2829,3.8,0,1,0
2830,,1,1,0
2831,1.8,0,5,0
2832,,1,0,0
2833,6.8,1,1,0
2834,,1,0,0
2835,,1,0,0
2836,2.5,0,1,0
2837,5.747,1,1,0
2838,,0,1,0
2839,3.2,0,2,0
2840,5.192,0,1,0
2841,0.5,1,0,0
2842,2.0,1,1,0
2843,8.4,0,1,0
2844,6.2,0,1,0
2845,4.161,0,1,0
2846,3.695,0,1,0
2847,,0,2,0
2848,1.0,1,0,0
2849,6.5,0,1,0
2850,7.0,0,1,0
2851,3.287,0,1,0
2852,,0,1,0
2853,3.5,0,2,0
2854,,1,0,0
2855,7.5,1,0,0
2856,2.3,0,0,1
2857,2.49,0,1,0
2858,,0,1,0
2859,,1,0,0
2860,,0,1,0
2861,,0,1,0
2862,,1,0,0
2863,,0,2,0
2864,,1,0,0
2865,6.7,1,3,0
2866,,1,0,0
2867,1.6,1,0,0
2868,3.45,0,1,0
2869,600.8,0,1,0
2870,,1,0,0
2871,,1,0,0
2872,,1,0,0
2873,7.2,1,0,0
2874,7.572,0,1,0
2875,,0,1,0
2876,5.06,1,2,0
2877,,0,2,0
2878,6.5,0,1,0
2879,3.1,0,1,0
2880,6.149,0,1,0
2881,,0,1,0
2882,,0,2,0
2883,,0,1,0
2884,4.5,0,1,0
2885,,1,0,0
2886,,0,1,0
2887,2.0,0,1,0
2888,16.28,1,0,0
2889,0.3,0,1,0
2890,,0,1,0
2891,2.2,0,0,1
2892,17.5,0,1,0
2893,0.8,0,1,0
2894,,0,1,0
2895,,0,1,0
2896,,0,1,0
2897,14.2,1,0,0
2898,730.51,0,1,0
2899,26.5,0,3,0
2900,712.3,0,3,0
2901,,0,1,0
2902,,0,1,0
2903,,0,1,0
2904,,0,1,0
2905,,0,1,0
2906,,0,1,0
2907,,0,1,0
2908,,0,1,0
2909,,0,1,0
2910,,0,1,0
2911,,1,0,0
2912,,1,0,0
2913,8.5,0,1,0
2914,14.2,0,1,0
2915,,0,1,0
2916,,0,1,0
2917,,0,1,0
2918,,0,1,0
2919,,0,1,0
2920,,0,1,0
2921,,0,1,0
2922,,0,1,0
2923,,0,1,0
2924,,0,1,0
2925,,0,1,0
2926,,0,2,0
2927,,0,1,0
2928,,0,1,0
2929,28.3,0,1,0
2930,,0,1,0
2931,,0,1,0
2932,,0,1,0
2933,3.4,0,2,0
2934,,0,1,0
2935,,0,1,0
2936,,0,1,0
2937,,0,1,0
2938,,0,1,0
2939,,0,2,0
2940,513.5,0,4,0
2941,,0,1,0
2942,,0,1,0
2943,,0,2,0
2944,,0,4,0
2945,,0,1,0
2946,,0,1,0
2947,,0,1,0
2948,,0,1,0
2949,724.125,0,3,0
2950,,0,2,0
2951,,0,4,0
2952,,0,1,0
2953,5.9,0,1,0
2954,18.85,0,1,0
2955,,1,1,0
2956,1.8,0,2,0
2957,,0,1,0
2958,,0,1,0
2959,,0,2,0
2960,,0,1,0
2961,,0,1,0
2962,,0,1,0
2963,,0,1,0
2964,730.3,0,1,0
2965,,0,1,0
2966,,0,1,0
2967,,0,2,0
2968,,0,5,0
2969,,0,1,0
2970,,0,1,0
2971,,0,2,0
2972,,1,0,0
2973,,0,1,0
2974,,0,1,0
2975,,0,1,0
2976,,0,1,0
2977,4.1,0,1,0
2978,,0,1,0
2979,,0,1,0
2980,,0,1,0
2981,,0,1,0
2982,,0,1,0
2983,,0,1,0
2984,,1,0,0
2985,713.2,1,0,0
2986,,0,1,0
2987,,0,1,0
2988,,0,1,0
2989,,0,1,0
2990,,0,1,0
2991,,0,2,0
2992,14.2,0,1,0
2993,,0,1,0
2994,,0,1,0
2995,,0,1,0
2996,,0,1,0
2997,,0,1,0
2998,,0,1,0
2999,,1,0,0
3000,,0,1,0
3001,,0,4,0
3002,,0,1,0
3003,,0,1,0
3004,,0,2,0
3005,,0,1,0
3006,,0,1,0
3007,,0,1,0
3008,,0,1,0
3009,,0,1,0
3010,,0,1,0
3011,,0,2,0
3012,,1,0,0
3013,,0,1,0
3014,,0,3,0
3015,,0,1,0
3016,,0,2,0
3017,33.75,0,2,0
3018,,0,1,0
3019,,0,1,0
3020,,0,1,0
3021,,0,1,0
3022,722.601,0,1,0
3023,,0,1,0
3024,,0,1,0
3025,3.8,0,2,0
3026,,0,1,0
3027,14.2,0,1,0
3028,0.75,0,1,0
3029,2.3,0,1,0
3030,2.662,0,1,0
3031,,0,1,0
3032,,0,1,0
3033,,0,1,0
3034,,0,1,0
3035,,0,1,0
3036,,0,1,0
3037,,1,0,0
3038,,0,2,0
3039,,0,1,0
3040,,0,3,0
3041,,0,1,0
3042,,0,2,0
3043,,0,1,0
3044,,0,1,0
3045,,0,1,0
3046,,0,1,0
3047,,0,1,0
3048,,0,1,0
3049,,0,1,0
3050,,0,1,0
3051,,0,1,0
3052,,0,1,0
3053,,0,2,0
3054,,0,1,0
3055,,0,1,0
3056,,0,1,0
3057,,0,1,0
3058,,0,1,0
3059,,0,1,0
3060,,0,1,0
3061,,0,1,0
3062,,0,1,0
3063,522.1,0,3,0
3064,,0,1,0
3065,,0,1,0
3066,,0,1,0
3067,,0,1,0
3068,,0,1,0
3069,,0,3,0
3070,,0,1,0
3071,,0,1,0
3072,,0,1,0
3073,,0,1,0
3074,,0,2,0
3075,,0,1,0
3076,,0,1,0
3077,,0,1,0
3078,,0,1,0
3079,,0,2,0
3080,,0,1,0
3081,,0,1,0
3082,,0,1,0
3083,,0,1,0
3084,,0,1,0
3085,,0,3,0
3086,,0,2,0
3087,,0,1,0
3088,,0,1,0
3089,,0,1,0
3090,,0,1,0
3091,,0,1,0
3092,,0,1,0
3093,,0,1,0
3094,,0,1,0
3095,,0,1,0
3096,,0,1,0
3097,,0,1,0
3098,,0,1,0
3099,517.0,0,1,0
3100,,0,2,0
3101,24.801,1,2,0
3102,,0,1,0
3103,,0,1,0
3104,,0,1,0
3105,,0,2,0
3106,,0,1,0
3107,,0,1,0
3108,,0,1,0
3109,,0,1,0
3110,,0,1,0
3111,725.783,0,1,0
3112,,0,1,0
3113,,0,1,0
3114,,0,1,0
3115,,0,2,0
3116,,0,1,0
3117,8.19,0,1,0
3118,,0,1,0
3119,34.3,0,1,0
3120,517.9,1,0,0
3121,14.194,0,3,0
3122,,0,1,0
3123,,0,2,0
3124,,0,1,0
3125,,0,1,0
3126,,0,1,0
3127,,0,1,0
3128,0.362,0,1,0
3129,,0,1,0
3130,,0,1,0
3131,,0,1,0
3132,,0,1,0
3133,2.478,0,2,0
3134,,0,1,0
3135,1.0,0,1,0
3136,,0,1,0
3137,,0,1,0
3138,,0,2,0
3139,,1,0,0
3140,1.47,1,0,0
3141,1.0,1,1,0
3142,,0,1,0
3143,,0,1,0
3144,,0,1,0
3145,,0,1,0
3146,,0,1,0
3147,,0,1,0
3148,,0,1,0
3149,,0,1,0
3150,,0,1,0
3151,,0,2,0
3152,,0,1,0
3153,,0,1,0
3154,,0,1,0
3155,,0,1,0
3156,26.403,0,2,0
3157,,0,1,0
3158,,0,1,0
3159,513.0,0,1,0
3160,,0,2,0
3161,34.7,0,1,0
3162,,0,4,0
3163,,0,4,0
3164,13.9,0,1,0
3165,,0,1,0
3166,,0,1,0
3167,,0,1,0
3168,,0,1,0
3169,,0,1,0
3170,,0,1,0
3171,,0,1,0
3172,14.2,0,1,0
3173,,0,2,0
3174,,0,1,0
3175,,0,1,0
3176,,0,2,0
3177,,0,1,0
3178,,0,1,0
3179,,0,1,0
3180,,0,1,0
3181,,0,2,0
3182,,0,1,0
3183,,0,1,0
3184,,0,1,0
3185,,0,1,0
3186,,0,2,0
3187,,0,1,0
3188,,0,1,0
3189,,0,1,0
3190,,0,1,0
3191,,0,1,0
3192,5.0,0,1,0
3193,,0,1,0
3194,,0,1,0
3195,8.0,0,1,0
3196,510.575,0,1,0
3197,,0,2,0
3198,,0,2,0
3199,,0,1,0
3200,,0,2,0
3201,,0,1,0
3202,,0,1,0
3203,,0,1,0
3204,,0,2,0
3205,2.0,0,2,0
3206,,0,4,0
3207,,0,1,0
3208,,0,1,0
3209,,0,2,0
3210,,0,1,0
3211,517.6,1,0,0
3212,,0,2,0
3213,,0,2,0
3214,,0,1,0
3215,,0,1,0
3216,,0,1,0
3217,,0,1,0
3218,,0,1,0
3219,,0,1,0
3220,713.2,0,3,0
3221,,0,2,0
3222,,0,1,0
3223,,0,1,0
3224,,0,1,0
3225,,0,1,0
3226,,0,1,0
3227,,0,1,0
3228,,0,1,0
3229,,1,0,0
3230,,0,1,0
3231,0.5,0,1,0
3232,,0,2,0
3233,,0,1,0
3234,,0,1,0
3235,,0,1,0
3236,,0,1,0
3237,,0,1,0
3238,,0,1,0
3239,,0,1,0
3240,,0,1,0
3241,,0,1,0
3242,,0,1,0
3243,,0,1,0
3244,,0,1,0
3245,,0,1,0
3246,,0,1,0
3247,,0,1,0
3248,,0,1,0
3249,,0,2,0
3250,,0,2,0
3251,,0,1,0
3252,,0,1,0
3253,,0,1,0
3254,,0,2,0
3255,,0,1,0
3256,,0,1,0
3257,,0,1,0
3258,,0,1,0
3259,,0,1,0
3260,,0,1,0
3261,,0,1,0
3262,5.323,0,1,0
3263,,0,1,0
3264,,0,1,0
3265,730.504,0,2,0
3266,,0,1,0
3267,,0,1,0
3268,,0,1,0
3269,,0,1,0
3270,,0,1,0
3271,,0,1,0
3272,,0,1,0
3273,,0,1,0
3274,,0,2,0
3275,,0,1,0
3276,,0,1,0
3277,5.4,0,1,0
3278,6.4,0,1,0
3279,,0,1,0
3280,,0,1,0
3281,,0,1,0
3282,,0,1,0
3283,,0,1,0
3284,,0,2,0
3285,,0,2,0
3286,,0,1,0
3287,,0,1,0
3288,,0,1,0
3289,,0,2,0
3290,,0,1,0
3291,,0,1,0
3292,,1,0,0
3293,,0,1,0
3294,,0,1,0
3295,,0,1,0
3296,,0,2,0
3297,31.1,0,1,0
3298,,0,1,0
3299,,0,2,0
3300,0.7,0,1,0
3301,,0,1,0
3302,,0,1,0
3303,,0,1,0
3304,723.8,0,2,0
3305,,0,1,0
3306,5.0,0,1,0
3307,,0,1,0
3308,2.4,1,0,0
3309,,0,1,0
3310,,0,2,0
3311,,0,1,0
3312,,0,1,0
3313,4.0,0,2,0
3314,,0,1,0
3315,,0,1,0
3316,,1,0,0
3317,,0,4,0
3318,,0,1,0
3319,,1,0,0
3320,,1,0,0
3321,,0,1,0
3322,,0,1,0
3323,,0,1,0
3324,,0,1,0
3325,,0,1,0
3326,2.0,0,1,0
3327,,0,1,0
3328,,0,2,0
3329,,0,2,0
3330,28.28,0,3,0
3331,,0,1,0
3332,510.9,0,2,0
3333,,0,1,0
3334,,0,1,0
3335,,0,1,0
3336,5.396,0,1,0
3337,,0,1,0
3338,1.3,0,1,0
3339,,0,1,0
3340,,0,3,0
3341,,0,2,0
3342,,0,1,0
3343,,0,1,0
3344,,0,1,0
3345,,0,1,0
3346,4.95,1,0,0
3347,,0,1,0
3348,,0,4,0
3349,,0,1,0
3350,,0,1,0
3351,,0,8,0
3352,,0,1,0
3353,,0,1,0
3354,,0,1,0
3355,,0,1,0
3356,,0,1,0
3357,,0,1,0
3358,,0,1,0
3359,,0,1,0
3360,,0,1,0
3361,,0,1,0
3362,,0,1,0
3363,,0,2,0
3364,,0,1,0
3365,,0,1,0
3366,,0,1,0
3367,,0,1,0
3368,,0,1,0
3369,0.6,0,3,0
3370,,0,1,0
3371,,0,1,0
3372,,0,1,0
3373,,0,1,0
3374,14.136,0,1,0
3375,35.2,2,2,0
3376,,0,1,0
3377,,0,2,0
3378,,0,1,0
3379,,0,2,0
3380,,0,1,0
3381,,0,2,0
3382,516.8,0,2,0
3383,516.6,0,1,0
3384,,0,1,0
3385,,0,1,0
3386,,0,1,0
3387,,0,2,0
3388,,0,1,0
3389,,0,1,0
3390,,0,3,0
3391,,0,1,0
3392,,0,1,0
3393,,0,1,0
3394,25.9,0,1,0
3395,,0,1,0
3396,,0,1,0
3397,,0,1,0
3398,,0,1,0
3399,,0,1,0
3400,,0,1,0
3401,,0,1,0
3402,,0,2,0
3403,,0,1,0
3404,,0,3,0
3405,,0,1,0
3406,,0,1,0
3407,,0,1,0
3408,18.85,0,1,0
3409,1.5,1,0,0
3410,,0,1,0
3411,,0,2,0
3412,,0,1,0
3413,,0,2,0
3414,,0,1,0
3415,,0,1,0
3416,,0,1,0
3417,,0,1,0
3418,,0,1,0
3419,,0,1,0
3420,,0,1,0
3421,,0,1,0
3422,,0,1,0
3423,97.5,0,2,0
3424,,0,1,0
3425,,0,1,0
3426,5.5,1,0,0
3427,30.5,0,2,0
3428,8.3,0,1,0
3429,513.9,0,1,0
3430,,0,1,0
3431,,0,1,0
3432,,0,1,0
3433,,0,2,0
3434,524.78,0,2,0
3435,,0,1,0
3436,,0,1,0
3437,,1,0,0
3438,6.704,0,1,0
3439,,0,1,0
3440,6.16,0,1,0
3441,,0,1,0
3442,,0,2,0
3443,,0,2,0
3444,,0,2,0
3445,,0,1,0
3446,,0,1,0
3447,,0,1,0
3448,94.5,0,1,0
3449,,0,1,0
3450,,1,0,0
3451,,0,1,0
3452,,0,1,0
3453,,0,1,0
3454,,0,1,0
3455,1.3,0,2,0
3456,,0,1,0
3457,,0,5,0
3458,,0,1,0
3459,,0,1,0
3460,,0,1,0
3461,,0,1,0
3462,,0,1,0
3463,,0,2,0
3464,,0,1,0
3465,,0,1,0
3466,,0,1,0
3467,,0,1,0
3468,,0,1,0
3469,,0,1,0
3470,19.5,0,0,1
3471,,0,1,0
3472,8.4,0,2,0
3473,,0,1,0
3474,0.234,0,1,0
3475,,0,1,0
3476,2.1,0,1,0
3477,723.1,0,1,0
3478,6.504,0,1,0
3479,,0,1,0
3480,,0,1,0
3481,,0,1,0
3482,,0,1,0
3483,,0,1,0
3484,,0,1,0
3485,,0,2,0
3486,9.0,0,1,0
3487,,0,1,0
3488,,0,2,0
3489,,0,1,0
3490,,0,1,0
3491,3.0,2,0,0
3492,,0,1,0
3493,713.4,0,1,0
3494,,0,1,0
3495,,0,1,0
3496,722.3,0,1,0
3497,,0,1,0
3498,,0,1,0
3499,,0,1,0
3500,,0,1,0
3501,1.439,0,1,0
3502,,0,2,0
3503,,0,1,0
3504,,0,1,0
3505,,0,3,0
3506,,0,1,0
3507,7.2,0,2,0
3508,,0,1,0
3509,,0,1,0
3510,730.28,0,1,0
3511,,0,1,0
3512,,0,1,0
3513,9.0,0,2,0
3514,8.9,0,2,0
3515,,0,1,0
3516,1.866,0,1,0
3517,,0,1,0
3518,,0,1,0
3519,4.372,0,2,0
3520,,0,1,0
3521,,0,1,0
3522,7.4,0,2,0
3523,,0,1,0
3524,,0,1,0
3525,,0,2,0
3526,,0,1,0
3527,,0,1,0
3528,,0,2,0
3529,,0,1,0
3530,,0,1,0
3531,,0,1,0
3532,,0,1,0
3533,,0,1,0
3534,713.0,0,1,0
3535,,0,1,0
3536,,0,1,0
3537,,0,1,0
3538,95.9,0,4,0
3539,97.625,0,2,0
3540,,0,1,0
3541,,0,1,0
3542,,0,1,0
3543,,0,1,0
3544,,0,1,0
3545,,0,1,0
3546,10.651,0,1,0
3547,,0,2,0
3548,,0,1,0
3549,,0,1,0
3550,8.753,0,1,0
3551,34.7,1,0,0
3552,,0,1,0
3553,,0,1,0
3554,,0,2,0
3555,,0,1,0
3556,,0,1,0
3557,,0,1,0
3558,,0,1,0
3559,,0,1,0
3560,,0,1,0
3561,,0,1,0
3562,,0,1,0
3563,,0,1,0
3564,,0,1,0
3565,95.8,0,1,0
3566,,0,1,0
3567,730.4,1,0,0
3568,,0,1,0
3569,726.805,0,1,0
3570,,0,1,0
3571,,0,1,0
3572,10.247,0,1,0
3573,,0,1,0
3574,4.5,0,1,0
3575,,0,1,0
3576,,0,1,0
3577,0.2,0,1,0
3578,8.8,0,1,0
3579,,0,1,0
3580,,0,1,0
3581,25.3,0,1,0
3582,,0,1,0
3583,,0,2,0
3584,,0,1,0
3585,,0,1,0
3586,,0,1,0
3587,517.3,0,4,0
3588,,0,2,0
3589,,0,1,0
3590,,0,1,0
3591,,0,1,0
3592,35.0,0,1,0
3593,,0,1,0
3594,,0,1,0
3595,,0,1,0
3596,,0,1,0
3597,,0,1,0
3598,,0,2,0
3599,5.95,0,2,0
3600,,0,1,0
3601,,0,1,0
3602,,0,1,0
3603,,0,1,0
3604,,0,1,0
3605,,0,2,0
3606,,0,1,0
3607,,0,3,0
3608,,0,1,0
3609,6.434,0,1,0
3610,,0,4,0
3611,,0,1,0
3612,9.3,0,1,0
3613,,0,1,0
3614,,0,1,0
3615,,0,1,0
3616,,0,1,0
3617,,0,1,0
3618,,0,1,0
3619,,0,1,0
3620,,0,1,0
3621,,0,1,0
3622,,0,1,0
3623,,0,1,0
3624,,0,1,0
3625,,0,1,0
3626,,0,1,0
3627,,0,1,0
3628,,0,1,0
3629,,0,1,0
3630,730.4,0,1,0
3631,,0,1,0
3632,,0,1,0
3633,,0,1,0
3634,,0,1,0
3635,,0,2,0
3636,,0,1,0
3637,,0,3,0
3638,,0,1,0
3639,4.639,0,1,0
3640,,0,2,0
3641,,0,1,0
3642,14.2,0,3,0
3643,,0,1,0
3644,,0,1,0
3645,,0,1,0
3646,,0,1,0
3647,,0,1,0
3648,,0,1,0
3649,,0,1,0
3650,7.456,0,1,0
3651,,0,3,0
3652,,0,1,0
3653,,0,1,0
3654,,0,1,0
3655,,0,1,0
3656,,0,2,0
3657,,0,1,0
3658,,0,1,0
3659,,0,2,0
3660,,0,1,0
3661,9.198,0,2,0
3662,,0,1,0
3663,,0,1,0
3664,,0,1,0
3665,9.45,0,2,0
3666,,0,1,0
3667,,0,1,0
3668,4.27,0,2,0
3669,,0,1,0
3670,6.524,0,2,0
3671,,0,1,0
3672,,0,1,0
3673,723.4,0,1,0
3674,,0,1,0
3675,,0,2,0
3676,0.3,0,1,0
3677,,0,2,0
3678,,0,1,0
3679,,0,2,0
3680,,1,0,0
3681,,0,1,0
3682,,0,2,0
3683,,0,1,0
3684,,0,1,0
3685,,0,1,0
3686,,0,1,0
3687,,0,1,0
3688,,0,1,0
3689,,0,1,0
3690,7.5,0,2,0
3691,,0,1,0
3692,4.591,0,1,0
3693,3.2,0,1,0
3694,,0,1,0
3695,,0,1,0
3696,1.21,0,2,0
3697,,0,1,0
3698,,0,1,0
3699,,0,1,0
3700,25.3,0,2,0
3701,,0,2,0
3702,10.5,0,1,0
3703,,0,1,0
3704,,0,1,0
3705,,0,1,0
3706,,0,1,0
3707,,1,0,0
3708,,0,1,0
3709,,0,4,0
3710,,0,1,0
3711,,0,1,0
3712,,0,1,0
3713,,0,1,0
3714,,0,1,0
3715,,0,1,0
3716,,0,1,0
3717,,0,1,0
3718,,0,1,0
3719,,0,1,0
3720,,0,1,0
3721,,0,1,0
3722,8.0,0,1,0
3723,,0,1,0
3724,,0,2,0
3725,,0,1,0
3726,,0,1,0
3727,0.3,0,1,0
3728,,0,3,0
3729,,0,1,0
3730,14.2,0,1,0
3731,,1,0,0
3732,,0,2,0
3733,,0,1,0
3734,,0,1,0
3735,1.055,0,1,0
3736,,0,1,0
3737,,0,1,0
3738,,0,1,0
3739,,0,1,0
3740,,0,1,0
3741,,0,1,0
3742,,0,1,0
3743,,0,1,0
3744,,0,1,0
3745,,0,1,0
3746,,0,1,0
3747,1.1,0,1,0
3748,,0,1,0
3749,,0,6,0
3750,,0,2,0
3751,,0,1,0
3752,,0,1,0
3753,,0,1,0
3754,,0,2,0
3755,,0,2,0
3756,,0,1,0
3757,,0,1,0
3758,,0,1,0
3759,7.3,0,1,0
3760,,0,1,0
3761,,0,1,0
3762,,0,1,0
3763,,0,2,0
3764,,0,1,0
3765,,0,1,0
3766,9.5,0,1,0
3767,,0,1,0
3768,,0,3,0
3769,,0,1,0
3770,,0,1,0
3771,,0,1,0
3772,,0,1,0
3773,,0,1,0
3774,,0,2,0
3775,0.35,1,3,0
3776,,0,2,0
3777,,0,1,0
3778,,0,1,0
3779,94.0,0,1,0
3780,,0,1,0
3781,,0,1,0
3782,,0,4,0
3783,723.42,1,0,0
3784,,0,1,0
3785,,0,1,0
3786,,0,2,0
3787,,0,1,0
3788,,0,3,0
3789,,0,1,0
3790,730.333,0,1,0
3791,,0,1,0
3792,,0,1,0
3793,,0,1,0
3794,,0,1,0
3795,,0,1,0
3796,516.9,0,2,0
3797,3.6,0,2,0
3798,,0,1,0
3799,,0,2,0
3800,,0,1,0
3801,,0,1,0
3802,,0,1,0
3803,,1,3,0
3804,,0,0,1
3805,,0,2,0
3806,,0,1,0
3807,,0,2,0
3808,,0,1,0
3809,,1,0,0
3810,,0,2,0
3811,,0,1,0
3812,,0,1,0
3813,,0,1,0
3814,,0,2,0
3815,,1,0,0
3816,,1,0,0
3817,,0,2,0
3818,,0,4,0
3819,,0,1,0
3820,,0,1,0
3821,,0,1,0
3822,,0,1,0
3823,,0,1,0
3824,,0,1,0
3825,,0,1,0
3826,,0,2,0
3827,,0,1,0
3828,2.828,0,2,0
3829,,0,1,0
3830,,0,1,0
3831,,1,0,0
3832,,0,2,0
3833,205.827,1,1,0
3834,,0,2,0
3835,,0,2,0
3836,,0,1,0
3837,,0,1,0
3838,,0,3,0
3839,,0,1,0
3840,13.2,0,1,0
3841,,0,1,0
3842,,0,1,0
3843,,0,1,0
3844,,0,1,0
3845,,0,2,0
3846,,0,1,0
3847,,0,1,0
3848,,0,1,0
3849,,0,1,0
3850,,0,1,0
3851,,0,1,0
3852,,0,1,0
3853,,0,1,0
3854,208.5,0,2,0
3855,,0,1,0
3856,,0,1,0
3857,,0,1,0
3858,,0,1,0
3859,,0,1,0
3860,,0,1,0
3861,,1,0,0
3862,,0,1,0
3863,207.0,0,2,0
3864,,0,1,0
3865,,0,1,0
3866,,0,1,0
3867,142.3,0,1,0
3868,144.2,0,1,0
3869,,0,1,0
3870,,0,1,0
3871,,0,2,0
3872,,0,1,0
3873,,0,1,0
3874,,0,1,0
3875,,0,1,0
3876,,0,2,0
3877,,0,1,0
3878,,0,1,0
3879,4.65,0,4,0
3880,143.385,0,1,0
3881,,0,1,0
3882,5.0,0,1,0
3883,,0,1,0
3884,5.0,0,1,0
3885,,0,1,0
3886,10.351,0,3,0
3887,142.4,2,0,0
3888,,0,1,0
3889,,0,1,0
3890,5.0,0,1,0
3891,,0,1,0
3892,4.0,0,1,0
3893,,1,0,0
3894,652.7,0,1,0
3895,144.25,0,2,0
3896,,0,1,0
3897,,0,2,0
3898,,1,0,0
3899,,0,2,0
3900,,0,1,0
3901,3.4,0,1,0
3902,143.8,0,1,0
3903,16.0,1,1,0
3904,16.111,0,1,0
3905,742.731,0,1,0
3906,2.85,0,1,0
3907,0.1,0,1,0
3908,186.779,0,1,0
3909,2.3,0,2,0
3910,190.4,0,1,0
3911,1.1,0,1,0
3912,186.45,1,0,0
3913,0.5,0,1,0
3914,,0,1,0
3915,,0,1,0
3916,,0,1,0
3917,,1,3,0
3918,191.3,0,1,0
3919,,0,1,0
3920,,0,1,0
3921,,0,1,0
3922,190.7,0,1,0
3923,614.8,0,1,0
3924,0.1,0,1,0
3925,5.08,1,0,0
3926,5.7,1,0,0
3927,1.2,0,1,0
3928,539.544,0,2,0
3929,12.5,0,1,0
3930,538.5,0,1,0
3931,8.7,0,2,0
3932,6.5,0,1,0
3933,70.2,0,3,0
3934,75.8,0,3,0
3935,,1,0,0
3936,6.345,0,3,0
3937,23.4,0,1,0
3938,23.172,0,1,0
3939,67.9,0,1,0
3940,1.0,0,1,0
3941,68.704,0,1,0
3942,24.0,0,1,0
3943,70.8,0,1,0
3944,69.8,0,1,0
3945,5.2,0,1,0
3946,70.139,0,1,0
3947,69.524,0,2,0
3948,5.6,0,2,0
3949,5.38,0,0,1
3950,73.5,0,1,0
3951,68.5,0,3,0
3952,4.0,0,1,0
3953,,0,1,0
3954,,0,1,0
3955,,0,1,0
3956,6.5,0,1,0
3957,24.0,0,1,0
3958,,0,1,0
3959,,0,1,0
3960,,1,0,0
3961,,0,1,0
3962,,0,1,0
3963,,0,1,0
3964,,0,1,0
3965,,0,1,0
3966,,0,1,0
3967,,0,1,0
3968,1.0,0,2,0
3969,5.5,1,4,0
3970,5.3,0,1,0
3971,5.478,0,1,0
3972,10.5,0,1,0
3973,18.9,0,0,1
3974,0.8,0,1,0
3975,,1,0,0
3976,,0,1,0
3977,458.234,0,1,0
3978,,0,1,0
3979,,0,1,0
3980,,0,2,0
3981,,0,1,0
3982,459.776,0,1,0
3983,1.95,0,1,0
3984,458.65,0,1,0
3985,,0,1,0
3986,2.8,0,1,0
3987,,0,1,0
3988,,0,2,0
3989,,0,1,0
3990,,0,1,0
3991,,0,1,0
3992,13.3,0,1,0
3993,2.7,0,1,0
3994,,0,1,0
3995,,0,1,0
3996,,0,1,0
3997,,1,0,0
3998,,0,1,0
3999,465.5,0,1,0
4000,459.902,0,2,0
4001,3.4,0,2,0
4002,0.95,0,1,0
4003,0.3,0,1,0
4004,10.4,0,1,0
4005,12.312,0,2,0
4006,4.0,0,1,0
4007,9.9,0,1,0
4008,5.0,0,1,0
4009,1.1,1,0,0
4010,,0,1,0
4011,9.7,0,1,0
4012,,0,1,0
4013,,0,1,0
4014,,0,1,0
4015,7.093,0,2,1
4016,2.1,0,1,0
4017,1.1,0,4,0
4018,,0,1,0
4019,6.85,1,0,0
4020,3.8,0,1,0
4021,7.1,0,1,0
4022,,1,0,0
4023,,0,1,0
4024,7.0,0,1,0
4025,4.5,0,1,0
4026,3.0,1,0,0
4027,5.2,0,6,0
4028,9.91,0,2,0
4029,,0,1,0
4030,,0,1,0
4031,4.0,0,1,0
4032,7.8,0,1,0
4033,8.1,0,1,0
4034,1.029,0,1,0
4035,8.8,0,1,0
4036,5.1,0,1,0
4037,30.648,0,1,0
4038,18.21,0,1,0
4039,,0,1,0
4040,30.823,0,1,0
4041,,1,0,0
4042,5.385,0,1,0
4043,13.9,1,0,0
4044,28.08,0,0,1
4045,31.2,0,2,0
4046,10.3,0,1,0
4047,13.9,0,1,0
4048,10.3,0,1,0
4049,,0,1,0
4050,30.808,0,1,0
4051,,0,1,0
4052,5.4,0,2,0
4053,3.1,0,1,0
4054,7.2,0,1,0
4055,7.2,0,4,0
4056,225.0,0,2,0
4057,225.9,0,1,0
4058,225.55,0,1,0
4059,221.0,0,1,0
4060,219.257,0,2,0
4061,9.676,0,1,0
4062,0.1,1,0,0
4063,506.908,0,1,0
4064,224.194,0,3,0
4065,217.9,0,1,0
4066,218.8,0,1,0
4067,218.0,0,4,0
4068,217.955,0,3,0
4069,220.284,0,2,0
4070,216.505,0,1,0
4071,221.0,0,3,0
4072,224.195,0,1,0
4073,220.0,0,2,0
4074,216.8,0,1,0
4075,222.4,0,2,0
4076,4.746,0,1,0
4077,0.4,0,1,0
4078,219.2,0,1,0
4079,219.473,0,1,0
4080,508.1,0,1,0
4081,8.899,0,1,0
4082,219.431,0,1,0
4083,506.9,0,1,0
4084,226.05,1,0,0
4085,220.8,0,6,0
4086,0.0,0,1,0
4087,217.566,0,2,0
4088,0.6,1,0,0
4089,12.118,1,0,0
4090,9.973,0,1,0
4091,6.492,0,1,0
4092,,0,1,0
4093,,0,1,0
4094,0.1,0,2,0
4095,,0,1,0
4096,11.1,0,1,0
4097,14.0,0,3,1
4098,5.9,1,0,0
4099,12.755,0,1,0
4100,,0,1,0
4101,8.1,0,1,0
4102,1.297,0,1,0
4103,6.5,0,2,0
4104,35.0,0,1,0
4105,4.4,0,1,0
4106,1.935,0,1,0
4107,,1,0,0
4108,,1,0,0
4109,,0,1,0
4110,1.247,0,1,0
4111,3.663,0,1,0
4112,3.5,0,1,0
4113,,0,0,1
4114,3.6,0,2,0
4115,,0,1,0
4116,,0,1,0
4117,1.57,0,1,0
4118,0.5,0,1,0
4119,,0,1,0
4120,1.5,0,1,0
4121,1.3,0,1,0
4122,4.5,0,1,0
4123,1.0,0,2,0
4124,3.6,0,1,0
4125,,1,0,0
4126,8.491,0,1,0
4127,2.848,1,0,0
4128,5.224,0,1,0
4129,,0,1,0
4130,,0,1,0
4131,,0,1,0
4132,,0,1,0
4133,0.5,0,1,0
4134,,0,1,0
4135,,0,1,0
4136,,0,1,0
4137,2.09,0,1,0
4138,5.5,0,2,0
4139,1.0,0,4,0
4140,805.3,0,1,0
4141,,0,3,0
4142,17.05,0,2,0
4143,429.6,0,1,0
4144,,0,2,0
4145,,1,0,0
4146,,0,1,0
4147,,0,2,0
4148,,0,1,0
4149,,0,1,0
4150,,0,1,0
4151,3.843,0,1,0
4152,,0,1,0
4153,208.9,0,2,0
4154,2.017,0,2,0
4155,,0,1,0
4156,,0,1,0
4157,5.8,0,1,0
4158,211.3,0,1,0
4159,,0,1,0
4160,,0,1,0
4161,20.3,1,0,0
4162,,0,4,0
4163,212.0,0,3,0
4164,,0,1,0
4165,,0,1,0
4166,,0,1,0
4167,209.3,0,1,0
4168,,0,1,0
4169,211.75,0,4,0
4170,,1,1,0
4171,211.2,0,1,0
4172,18.489,0,2,0
4173,214.7,0,1,0
4174,5.428,0,2,0
4175,215.4,0,1,0
4176,,0,1,0
4177,,0,1,0
4178,4.5,0,1,0
4179,,0,2,0
4180,,0,1,0
4181,,0,3,0
4182,4.6,0,1,0
4183,4.207,0,1,0
4184,,0,1,0
4185,,1,0,0
4186,,0,1,0
4187,,0,2,0
4188,,0,1,0
4189,0.8,0,1,0
4190,0.5,0,1,0
4191,215.0,0,0,1
4192,212.5,0,2,0
4193,,0,1,0
4194,,0,1,0
4195,,0,2,0
4196,,0,2,0
4197,0.198,0,5,0
4198,,0,1,0
4199,19.464,0,1,0
4200,211.68,0,2,0
4201,215.448,0,2,0
4202,214.293,0,3,0
4203,,0,1,0
4204,49.0,0,2,0
4205,44.0,0,1,0
4206,46.5,0,1,0
4207,44.4,0,2,0
4208,1.0,0,1,0
4209,46.0,0,2,0
4210,45.3,1,0,0
4211,3.0,0,2,0
4212,47.128,1,0,0
4213,44.591,0,1,0
4214,45.8,0,1,0
4215,48.5,0,1,0
4216,5.3,0,1,0
4217,,0,1,0
4218,48.9,0,1,0
4219,48.2,1,0,0
4220,44.44,1,1,0
4221,5.8,0,1,0
4222,6.1,1,1,0
4223,,1,1,0
4224,0.1,0,1,0
4225,1.3,0,1,0
4226,608.1,0,1,0
4227,,0,0,1
4228,609.0,0,3,0
4229,199.4,0,1,0
4230,,0,2,0
4231,,0,1,0
4232,8.9,0,1,0
4233,,0,2,0
4234,,0,4,0
4235,,0,1,0
4236,,0,1,0
4237,,0,1,0
4238,8.5,0,2,0
4239,0.5,0,1,0
4240,1.5,0,1,0
4241,,0,1,0
4242,,0,1,0
4243,,1,0,0
4244,,0,2,0
4245,0.5,0,4,0
4246,,0,1,0
4247,,0,1,0
4248,,0,1,0
4249,8.0,0,1,0
4250,1.8,0,1,0
4251,0.1,0,1,0
4252,,0,1,0
4253,,0,1,0
4254,1.403,0,1,0
4255,22.2,0,1,0
4256,1.8,0,2,0
4257,6.0,0,1,0
4258,7.5,0,2,0
4259,0.4,0,3,0
4260,4.35,0,3,0
4261,51.457,0,1,0
4262,,0,1,0
4263,,0,1,0
4264,0.8,0,4,0
4265,0.8,0,1,0
4266,0.6,0,1,0
4267,,0,1,0
4268,1.5,0,1,0
4269,50.0,0,1,0
4270,0.1,0,1,0
4271,,0,2,0
4272,2.75,0,1,0
4273,,0,1,0
4274,1.3,3,2,0
4275,,0,2,0
4276,,1,0,0
4277,689.1,0,1,0
4278,,0,1,0
4279,684.9,0,1,0
4280,4.1,1,0,0
4281,45.55,0,1,0
4282,2.1,0,3,0
4283,,0,1,0
4284,,0,1,0
4285,,0,2,0
4286,,0,1,0
4287,685.45,0,1,0
4288,,0,1,0
4289,4.8,0,1,0
4290,,0,2,0
4291,,0,1,0
4292,,0,1,0
4293,,0,2,0
4294,,0,1,0
4295,0.5,0,1,0
4296,4.2,0,1,0
4297,685.979,0,2,0
4298,2.5,0,5,0
4299,,0,1,0
4300,,0,1,0
4301,,0,1,0
4302,,0,1,0
4303,,0,2,0
4304,,0,1,0
4305,4.3,0,1,0
4306,0.2,0,2,0
4307,3.4,0,2,0
4308,,1,0,0
4309,3.3,0,4,0
4310,,0,3,0
4311,,0,1,0
4312,,0,1,0
4313,,0,1,0
4314,7.2,0,1,0
4315,,0,1,0
4316,1.7,0,1,0
4317,0.1,0,1,0
4318,,0,1,0
4319,,0,1,0
4320,,0,1,0
4321,,0,1,0
4322,682.75,0,1,0
4323,5.5,0,1,0
4324,687.8,0,1,0
4325,,0,1,0
4326,,0,1,0
4327,,0,1,0
4328,,0,1,0
4329,686.0,0,3,0
4330,0.1,0,2,0
4331,688.3,0,1,0
4332,5.3,0,1,0
4333,2.9,0,1,0
4334,,0,1,0
4335,6.9,0,2,0
4336,,0,2,0
4337,48.0,0,1,0
4338,1.8,0,1,0
4339,52.342,0,1,0
4340,,1,0,0
4341,4.9,1,2,0
4342,,0,1,0
4343,9.221,0,1,0
4344,,0,1,0
4345,16.4,1,0,0
4346,,0,1,0
4347,4.32,0,1,0
4348,7.6,1,0,0
4349,,0,1,0
4350,0.0,0,3,0
4351,12.4,0,5,0
4352,,0,1,0
4353,1.05,0,1,0
4354,6.782,0,1,0
4355,52.8,0,1,0
4356,,0,1,0
4357,,0,1,0
4358,52.5,0,3,0
4359,6.0,0,1,0
4360,691.23,0,0,1
4361,4.163,0,1,0
4362,4.0,1,0,0
4363,48.6,0,1,0
4364,4.155,0,1,0
4365,10.068,0,3,0
4366,544.5,0,6,0
4367,,0,1,0
4368,547.3,0,1,0
4369,690.7,0,1,0
4370,2.5,0,3,0
4371,5.1,0,1,0
4372,,0,1,0
4373,2.85,1,0,0
4374,0.7,0,1,0
4375,542.513,0,1,0
4376,5.5,0,1,0
4377,,0,1,0
4378,6.0,0,4,0
4379,,0,2,0
4380,,0,1,0
4381,2.2,0,1,0
4382,,0,2,0
4383,,0,1,0
4384,551.0,0,4,0
4385,551.0,0,2,0
4386,3.911,0,1,0
4387,48.5,0,1,0
4388,550.6,0,5,0
4389,0.0,0,1,0
4390,,0,1,0
4391,550.0,0,1,0
4392,,0,2,1
4393,,0,1,0
4394,52.0,0,1,0
4395,2.9,0,2,0
4396,684.884,0,1,0
4397,50.0,0,1,0
4398,16.5,0,1,0
4399,5.081,0,1,0
4400,7.3,1,0,0
4401,,0,3,0
4402,3.4,1,0,0
4403,5.8,0,2,0
4404,,0,1,0
4405,,0,6,0
4406,690.3,0,3,0
4407,,0,1,0
4408,0.5,0,0,1
4409,26.7,0,1,0
4410,32.2,0,2,0
4411,40.0,0,1,0
4412,,0,2,0
4413,48.8,0,1,0
4414,,0,1,0
4415,191.7,0,2,0
4416,,0,1,0
4417,49.3,0,1,0
4418,49.3,0,1,0
4419,1.7,0,1,0
4420,195.8,0,1,0
4421,,0,1,0
4422,0.05,0,1,0
4423,195.9,0,1,0
4424,2.3,1,2,0
4425,,0,1,0
4426,,0,1,0
4427,6.767,0,1,0
4428,1.2,0,1,0
4429,,0,1,0
4430,,0,1,0
4431,195.687,0,1,0
4432,4.4,0,1,0
4433,49.9,0,1,0
4434,190.3,0,4,0
4435,191.4,0,1,0
4436,613.449,0,1,0
4437,2.45,1,0,0
4438,,0,1,0
4439,,0,1,0
4440,,0,1,0
4441,196.0,0,1,0
4442,611.9,0,2,0
4443,187.82,0,1,0
4444,2.1,0,1,0
4445,2.6,1,0,0
4446,,0,1,0
4447,,0,2,0
4448,,0,1,0
4449,198.496,0,2,0
4450,0.81,0,1,0
4451,5.1,0,1,0
4452,63.4,0,0,1
4453,62.0,0,0,1
4454,5.025,0,1,0
4455,7.2,0,1,0
4456,5.05,0,1,0
4457,58.2,0,1,0
4458,66.0,0,1,0
4459,13.3,0,2,0
4460,58.0,0,4,0
4461,1.4,1,0,0
4462,203.3,1,0,0
4463,202.203,0,2,0
4464,200.57,0,3,0
4465,205.069,0,1,0
4466,207.5,0,1,0
4467,202.0,0,1,0
4468,,0,1,0
4469,,0,1,0
4470,,0,1,0
4471,,0,1,0
4472,,0,1,0
4473,,0,1,0
4474,,0,1,0
4475,,0,1,0
4476,200.1,0,1,0
4477,208.65,0,1,0
4478,0.7,0,2,0
4479,1.273,2,0,0
4480,1.0,0,1,0
4481,0.8,0,1,0
4482,0.6,0,1,0
4483,,0,1,0
4484,5.4,1,3,0
4485,,1,0,0
4486,22.976,0,1,0
4487,0.802,0,1,0
4488,1.6,0,1,0
4489,41.0,0,1,0
4490,,0,1,0
4491,38.0,1,0,0
4492,53.6,0,1,0
4493,54.0,0,1,0
4494,54.768,0,1,0
4495,42.206,0,2,0
4496,0.1,0,1,0
4497,2.0,0,2,0
4498,7.8,0,2,0
4499,,0,1,0
4500,,0,1,0
4501,2.0,0,1,0
4502,2.0,0,1,0
4503,,0,2,0
4504,,0,1,0
4505,,0,1,0
4506,,0,1,0
4507,,0,2,0
4508,,0,1,0
4509,3.0,0,2,0
4510,,0,1,0
4511,,0,1,0
4512,,0,1,0
4513,,0,1,0
4514,692.2,0,4,0
4515,691.85,0,1,0
4516,,0,4,0
4517,691.8,0,2,0
4518,544.0,0,1,0
4519,1.48,0,1,0
4520,29.3,0,1,0
4521,0.95,1,0,0
4522,18.6,2,0,0
4523,2.5,0,3,0
4524,17.2,0,1,0
4525,15.8,0,1,0
4526,2.532,0,1,0
4527,2.5,0,2,0
4528,1.0,0,1,0
4529,3.7,0,2,0
4530,743.55,0,1,0
4531,744.1,0,8,0
4532,18.9,1,1,1
4533,16.1,0,1,0
4534,,0,3,0
4535,2.0,0,1,0
4536,10.297,0,1,0
4537,0.2,0,1,0
4538,12.585,0,3,0
4539,3.5,0,1,0
4540,3.5,0,1,0
4541,3.7,1,0,0
4542,,0,1,0
4543,3.272,0,2,0
4544,5.0,0,1,0
4545,,0,2,0
4546,,0,1,0
4547,2.636,1,0,0
4548,,0,1,0
4549,,0,2,0
4550,,0,2,0
4551,,0,1,0
4552,,0,1,0
4553,4.96,0,1,0
4554,,0,1,0
4555,7.125,0,3,0
4556,,0,1,0
4557,,0,1,0
4558,663.252,0,3,0
4559,4.975,0,1,0
4560,,0,1,0
4561,,1,0,0
4562,116.684,0,2,0
4563,4.991,0,2,0
4564,,0,1,0
4565,,0,1,0
4566,,0,1,0
4567,,0,1,0
4568,,0,0,1
4569,,1,0,0
4570,,0,6,0
4571,1.0,0,2,0
4572,0.322,1,0,0
4573,0.05,0,1,0
4574,6.5,1,0,0
4575,21.5,0,2,0
4576,4.335,0,3,0
4577,5.0,0,5,0
4578,8.0,0,6,0
4579,17.466,0,1,0
4580,18.445,0,2,0
4581,9.5,0,1,0
4582,15.5,0,0,1
4583,10.531,0,2,0
4584,19.112,0,1,0
4585,83.4,0,1,0
4586,,0,2,0
4587,,0,2,0
4588,,0,1,0
4589,93.1,0,3,0
4590,91.1,0,2,0
4591,,0,1,0
4592,,0,2,0
4593,91.25,0,2,0
4594,,0,1,0
4595,10.1,0,2,0
4596,,0,1,0
4597,,0,1,0
4598,,0,1,0
4599,,0,1,0
4600,,0,1,0
4601,,0,1,0
4602,,0,2,0
4603,,0,1,0
4604,85.35,0,1,0
4605,,1,0,0
4606,,0,1,0
4607,,0,1,0
4608,,0,1,0
4609,,0,1,0
4610,,0,2,0
4611,,0,1,0
4612,88.2,0,1,0
4613,,0,1,0
4614,88.442,0,1,0
4615,,0,1,0
4616,9.0,0,1,0
4617,88.13,0,1,0
4618,,0,1,0
4619,,0,1,0
4620,,0,1,0
4621,,0,1,0
4622,8.8,0,2,0
4623,11.414,0,1,0
4624,85.829,0,4,0
4625,,0,1,0
4626,11.7,0,1,0
4627,,0,2,0
4628,81.39,0,1,0
4629,81.0,0,5,0
4630,82.8,0,1,0
4631,,0,1,0
4632,84.0,0,1,0
4633,91.9,0,7,0
4634,9.9,0,2,0
4635,,0,1,0
4636,,0,1,0
4637,,0,1,0
4638,,0,1,0
4639,82.7,0,2,0
4640,11.8,0,1,0
4641,,0,1,0
4642,,0,1,0
4643,,0,1,0
4644,,1,0,0
4645,,0,2,0
4646,,0,1,0
4647,83.024,0,4,0
4648,,0,2,0
4649,,0,1,0
4650,,0,1,0
4651,,0,1,0
4652,9.603,0,1,0
4653,8.6,0,1,0
4654,,0,1,0
4655,,0,2,0
4656,,0,1,0
4657,,0,0,1
4658,,0,1,0
4659,87.7,0,1,0
4660,82.959,0,1,0
4661,88.0,0,1,0
4662,11.7,0,2,0
4663,93.0,0,1,0
4664,88.0,0,1,0
4665,,0,1,0
4666,,0,1,0
4667,11.8,0,1,0
4668,,0,1,0
4669,,0,1,0
4670,81.1,0,3,1
4671,11.8,0,1,0
4672,88.097,1,0,0
4673,,0,1,0
4674,,0,1,0
4675,,0,2,0
4676,,0,1,0
4677,,0,1,0
4678,,0,2,0
4679,,0,2,0
4680,,0,2,0
4681,,1,0,0
4682,,0,1,0
4683,92.5,0,1,0
4684,,0,2,0
4685,,1,0,0
4686,,0,1,0
4687,9.6,1,0,0
4688,,0,1,0
4689,,0,1,0
4690,,0,1,0
4691,,2,0,0
4692,,0,1,0
4693,,0,1,0
4694,,0,1,0
4695,,0,3,0
4696,,0,2,0
4697,,0,1,0
4698,,0,1,0
4699,,0,1,0
4700,86.4,0,1,0
4701,,0,0,1
4702,,0,1,0
4703,,0,1,0
4704,,0,1,0
4705,,1,0,0
4706,,0,1,0
4707,,0,1,0
4708,,0,1,0
4709,,0,1,0
4710,,0,1,0
4711,,0,1,0
4712,,0,2,0
4713,,0,1,0
4714,,0,1,0
4715,,0,1,0
4716,0.01,0,1,0
4717,1.795,0,1,0
4718,,1,0,0
4719,,0,1,0
4720,1.251,0,1,0
4721,,1,1,0
4722,,0,1,0
4723,,0,1,0
4724,,0,1,0
4725,,0,3,0
4726,,0,1,0
4727,,0,1,0
4728,,0,1,0
4729,,0,2,0
4730,,1,0,0
4731,,0,1,0
4732,3.7,0,6,0
4733,,0,1,0
4734,,0,1,0
4735,0.7,0,2,0
4736,5.05,0,1,0
4737,,0,2,0
4738,,1,0,0
4739,0.8,0,1,0
4740,,1,0,0
4741,,0,1,0
4742,3.7,0,1,0
4743,,0,2,0
4744,6.5,0,1,0
4745,,0,1,0
4746,,0,1,0
4747,0.8,0,1,0
4748,0.835,0,1,0
4749,0.3,0,4,0
4750,4.465,0,1,0
4751,,0,1,0
4752,,0,1,0
4753,,1,0,0
4754,491.0,0,3,0
4755,0.0,0,1,0
4756,,0,1,0
4757,,0,3,0
4758,4.1,0,1,0
4759,,0,1,0
4760,484.8,0,1,0
4761,,0,1,0
4762,,0,1,0
4763,,0,1,0
4764,,0,1,0
4765,,0,1,0
4766,,0,1,0
4767,,0,1,0
4768,6.1,0,0,1
4769,,0,1,0
4770,,0,1,0
4771,,0,1,0
4772,,0,1,0
4773,,0,1,0
4774,,0,1,0
4775,0.7,0,2,0
4776,,0,1,0
4777,,0,1,0
4778,0.2,0,1,0
4779,,1,0,0
4780,,0,3,0
4781,15.7,0,2,0
4782,193.165,0,1,0
4783,191.5,0,3,0
4784,5.5,0,1,0
4785,195.2,0,1,0
4786,196.9,0,1,0
4787,4.1,0,1,0
4788,192.0,0,3,0
4789,194.8,0,1,0
4790,197.992,0,1,0
4791,198.0,0,1,0
4792,191.0,1,0,0
4793,196.1,1,0,0
4794,3.532,0,3,0
4795,4.0,0,2,0
4796,191.1,0,1,0
4797,196.0,0,1,0
4798,193.005,0,4,0
4799,1.73,0,1,0
4800,196.959,0,2,0
4801,194.2,0,1,0
4802,197.541,0,2,0
4803,194.701,0,1,0
4804,22.5,0,0,1
4805,23.6,1,0,0
4806,621.3,0,2,0
4807,0.1,0,3,0
4808,43.5,0,1,0
4809,0.7,0,1,0
4810,42.3,0,1,0
4811,32.4,0,1,0
4812,11.0,0,1,0
4813,0.6,0,1,0
4814,11.8,0,0,1
4815,,0,1,0
4816,2.7,0,1,0
4817,,0,1,0
4818,10.52,0,1,0
4819,10.41,0,1,0
4820,5.27,0,1,0
4821,8.834,0,1,0
4822,,1,0,0
4823,,0,1,0
4824,5.25,0,1,0
4825,,0,1,0
4826,2.734,0,2,0
4827,1.571,0,5,0
4828,9.2,0,1,0
4829,2.6,0,1,0
4830,9.7,0,1,0
4831,,0,1,0
4832,0.2,0,1,0
4833,1.95,0,4,0
4834,9.8,0,1,0
4835,2.034,0,1,0
4836,484.5,1,0,0
4837,484.0,0,1,0
4838,8.096,0,1,0
4839,11.0,0,1,0
4840,7.0,0,1,0
4841,0.8,0,2,0
4842,6.9,0,1,0
4843,5.158,0,2,0
4844,,0,1,0
4845,,0,1,0
4846,,0,1,0
4847,,0,1,0
4848,,0,2,0
4849,,0,1,0
4850,,0,1,0
4851,,1,0,0
4852,56.0,0,4,0
4853,,0,1,0
4854,,1,0,0
4855,62.591,0,1,0
4856,58.0,0,2,0
4857,,1,0,0
4858,,0,1,0
4859,,1,0,0
4860,,1,0,0
4861,,0,1,0
4862,,0,1,0
4863,,0,1,0
4864,,1,0,0
4865,,0,1,0
4866,8.3,0,0,1
4867,,0,1,0
4868,,0,1,0
4869,,0,1,0
4870,,0,1,0
4871,,0,1,0
4872,,0,2,0
4873,9.0,1,0,0
4874,,0,1,0
4875,,0,1,0
4876,,2,0,0
4877,,1,0,0
4878,,0,3,0
4879,,1,0,0
4880,54.65,0,2,0
4881,,0,2,0
4882,,0,1,0
4883,54.365,0,3,0
4884,,0,1,0
4885,,0,1,0
4886,,0,1,0
4887,,0,1,0
4888,52.7,0,1,0
4889,,1,0,0
4890,,0,1,0
4891,,0,1,0
4892,,0,1,0
4893,,0,1,0
4894,9.093,0,1,0
4895,,0,3,0
4896,,1,0,0
4897,,0,1,0
4898,,0,2,0
4899,,0,1,0
4900,1.0,1,0,0
4901,56.5,0,1,0
4902,,0,1,0
4903,,0,1,0
4904,,0,1,0
4905,,0,1,0
4906,,1,0,0
4907,,0,1,0
4908,,0,5,0
4909,,0,1,0
4910,,0,1,0
4911,52.773,0,1,0
4912,,0,1,0
4913,,0,1,0
4914,,1,0,0
4915,,0,1,0
4916,,0,1,0
4917,6.5,0,1,0
4918,54.894,0,1,0
4919,,0,1,0
4920,,0,1,0
4921,,0,1,0
4922,,0,1,0
4923,,1,0,0
4924,,1,0,0
4925,,0,1,0
4926,,0,1,0
4927,,0,1,0
4928,,0,1,0
4929,,0,1,0
4930,9.0,0,5,0
4931,,0,1,0
4932,,0,1,0
4933,,0,1,0
4934,,0,1,0
4935,,0,1,0
4936,,0,1,0
4937,,0,1,0
4938,,0,1,0
4939,,1,0,0
4940,,0,1,0
4941,,0,2,0
4942,,1,0,0
4943,7.793,0,1,0
4944,56.4,0,1,0
4945,9.399,0,1,0
4946,,0,1,0
4947,,0,1,0
4948,,0,1,0
4949,,0,2,0
4950,,0,1,0
4951,,1,0,0
4952,62.0,0,1,0
4953,,0,1,0
4954,,0,1,0
4955,,0,2,0
4956,,0,1,0
4957,,1,0,0
4958,,1,1,0
4959,,0,1,0
4960,,0,1,0
4961,54.488,0,3,0
4962,23.2,0,1,0
4963,,0,1,0
4964,,0,1,0
4965,,0,1,0
4966,,0,1,0
4967,,0,1,0
4968,,0,1,0
4969,,0,1,0
4970,,0,2,0
4971,,1,0,0
4972,,0,1,0
4973,,0,2,0
4974,,0,1,0
4975,,0,1,0
4976,,0,1,0
4977,,0,1,0
4978,,0,1,0
4979,,0,1,0
4980,58.0,0,3,0
4981,7.801,0,1,0
4982,,0,1,0
4983,,1,0,0
4984,,0,1,0
4985,,0,1,0
4986,55.791,0,2,0
4987,,0,1,0
4988,,0,2,0
4989,,0,2,0
4990,,0,1,0
4991,57.45,0,0,1
4992,,0,1,0
4993,,0,1,0
4994,,0,1,0
4995,,0,1,0
4996,,0,1,0
4997,,0,1,0
4998,,0,1,0
4999,,0,1,0
5000,,0,1,0
5001,,0,1,0
5002,,0,1,0
5003,,0,1,0
5004,,0,1,0
5005,,0,1,0
5006,7.801,0,1,0
5007,8.85,0,1,0
5008,,0,1,0
5009,,0,2,0
5010,58.1,0,4,0
5011,6.4,0,1,0
5012,,0,1,0
5013,,0,1,0
5014,,0,1,0
5015,,0,1,0
5016,,0,1,0
5017,,0,1,0
5018,,0,2,0
5019,,0,1,0
5020,,0,1,0
5021,,0,1,0
5022,,0,1,0
5023,,0,1,0
5024,,0,2,0
5025,,0,1,0
5026,,1,0,0
5027,,0,1,0
5028,,0,1,0
5029,55.638,0,1,0
5030,22.848,0,1,0
5031,57.0,3,3,0
5032,9.3,0,2,0
5033,,0,3,0
5034,,0,1,0
5035,,0,1,0
5036,,0,1,0
5037,,0,1,0
5038,56.4,0,1,0
5039,55.3,0,1,0
5040,,0,1,0
5041,,0,1,0
5042,,0,1,0
5043,,0,1,0
5044,57.6,4,0,0
5045,52.891,0,1,0
5046,,0,1,0
5047,,0,1,0
5048,,0,1,0
5049,,0,1,0
5050,,0,1,0
5051,4.8,0,1,0
5052,56.0,0,2,0
5053,52.8,0,1,0
5054,,0,1,0
5055,758.5,0,4,0
5056,6.4,0,1,0
5057,4.5,0,2,0
5058,9.095,0,1,0
5059,6.362,0,2,0
5060,3.5,0,1,0
5061,43.9,0,1,0
5062,8.4,1,0,0
5063,51.0,0,1,0
5064,36.619,0,2,0
5065,9.4,0,1,0
5066,8.172,0,1,0
5067,201.648,0,1,0
5068,204.0,0,1,0
5069,602.7,1,0,0
5070,8.516,0,2,0
5071,,0,1,0
5072,,0,1,0
5073,,0,1,0
5074,,0,1,0
5075,140.7,2,0,0
5076,658.5,1,2,0
5077,,0,1,0
5078,,0,1,0
5079,657.2,0,3,0
5080,,0,2,0
5081,,0,1,0
5082,,1,0,0
5083,659.3,0,6,0
5084,,0,1,0
5085,,0,1,0
5086,,0,1,0
5087,,0,1,0
5088,,1,0,0
5089,,0,1,0
5090,,0,1,0
5091,,1,0,0
5092,,0,1,0
5093,,0,1,0
5094,,0,2,0
5095,4.9,0,1,0
5096,,0,1,0
5097,132.3,0,1,0
5098,,0,1,0
5099,,0,3,0
5100,658.5,0,2,0
5101,,0,1,0
5102,,1,0,0
5103,,0,1,0
5104,,0,1,0
5105,,0,1,0
5106,,0,1,0
5107,,0,1,0
5108,,0,1,0
5109,,1,0,0
5110,,0,1,0
5111,,1,0,0
5112,,0,2,0
5113,,0,1,0
5114,,0,1,0
5115,658.5,1,0,0
5116,,0,1,0
5117,,0,1,0
5118,,0,2,0
5119,,0,1,0
5120,,0,1,0
5121,,0,1,0
5122,,0,1,0
5123,,0,1,0
5124,143.0,1,2,0
5125,,0,1,0
5126,,0,1,0
5127,,0,1,0
5128,654.8,0,1,0
5129,,0,0,1
5130,,0,1,0
5131,,1,0,0
5132,666.27,0,1,0
5133,,0,1,0
5134,,0,1,0
5135,,0,1,0
5136,,0,1,0
5137,,0,2,0
5138,,0,1,0
5139,,0,1,0
5140,143.0,0,1,0
5141,654.6,0,2,0
5142,2.15,0,3,0
5143,,0,0,1
5144,,0,1,0
5145,,0,1,0
5146,4.48,0,2,0
5147,178.0,0,1,0
5148,,0,1,0
5149,,0,1,0
5150,,0,1,0
5151,,0,1,0
5152,53.164,0,2,0
5153,51.1,2,0,0
5154,179.6,0,1,0
5155,,1,0,0
5156,,0,1,0
5157,190.778,0,1,0
5158,3.314,0,1,0
5159,8.047,0,1,0
5160,190.5,0,1,0
5161,42.105,0,1,0
5162,,0,1,0
5163,,1,0,0
5164,3.4,1,0,0
5165,181.8,0,2,0
5166,80.9,0,2,0
5167,,0,1,0
5168,173.7,0,2,0
5169,50.5,0,2,0
5170,187.999,0,2,0
5171,185.476,0,2,0
5172,,0,1,0
5173,83.666,0,3,0
5174,,0,1,0
5175,4.603,0,1,0
5176,179.3,0,2,0
5177,187.0,0,1,0
5178,,0,1,0
5179,53.9,0,1,0
5180,187.0,0,1,0
5181,,0,2,0
5182,,0,1,0
5183,52.476,0,2,0
5184,,0,1,0
5185,,1,0,0
5186,,1,1,0
5187,176.957,0,3,0
5188,5.029,2,0,0
5189,181.568,0,1,0
5190,3.649,0,1,0
5191,185.375,0,1,0
5192,50.0,0,2,0
5193,170.5,0,1,0
5194,,0,1,0
5195,,0,1,0
5196,,0,1,0
5197,,0,1,0
5198,,0,1,0
5199,,0,1,0
5200,30.166,1,0,0
5201,,0,1,0
5202,,0,1,0
5203,,0,1,0
5204,,0,4,0
5205,,0,1,0
5206,,0,1,0
5207,,0,3,0
5208,768.6,0,8,1
5209,,0,1,0
5210,,0,3,0
5211,,0,2,0
5212,773.45,1,0,1
5213,27.318,0,2,0
5214,771.777,0,1,0
5215,770.124,0,2,0
5216,,0,1,0
5217,,1,2,0
5218,30.194,0,1,0
5219,28.33,0,1,0
5220,42.7,0,1,0
5221,,0,1,0
5222,,0,1,0
5223,,0,1,0
5224,,0,1,0
5225,,0,1,0
5226,,0,1,0
5227,30.895,0,1,0
5228,,0,1,0
5229,,0,1,0
5230,,0,1,0
5231,771.9,0,2,0
5232,,0,1,0
5233,,0,1,0
5234,,1,0,0
5235,,0,1,0
5236,,0,1,0
5237,,0,1,0
5238,,0,1,0
5239,,0,1,0
5240,,0,1,0
5241,,0,1,0
5242,,0,1,0
5243,,0,1,0
5244,,0,1,0
5245,,0,1,0
5246,,0,1,0
5247,,0,1,0
5248,,1,0,0
5249,,0,1,0
5250,,0,3,0
5251,,0,1,0
5252,,0,1,0
5253,,0,2,0
5254,,0,1,0
5255,,1,0,0
5256,,0,1,0
5257,,0,1,0
5258,,0,1,0
5259,39.6,0,1,0
5260,,0,1,0
5261,39.2,0,2,0
5262,,0,1,0
5263,,0,1,0
5264,,0,1,0
5265,,0,1,0
5266,,0,5,0
5267,1.461,0,1,0
5268,24.4,0,1,0
5269,,0,1,0
5270,,0,1,0
5271,4.498,1,0,0
5272,3.5,0,1,0
5273,3.8,0,1,0
5274,4.842,0,1,0
5275,6.347,1,0,0
5276,3.484,0,3,0
5277,5.856,0,1,0
5278,2.5,0,1,0
5279,4.0,0,1,0
5280,2.8,0,1,0
5281,1.8,0,1,0
5282,4.0,0,1,0
5283,535.25,0,2,0
5284,4.7,0,2,0
5285,1.0,0,1,0
5286,534.0,0,2,0
5287,2.0,0,1,0
5288,3.0,0,1,0
5289,533.85,0,1,0
5290,533.7,0,1,0
99370,,0,1,0
99371,,0,2,0
99372,,0,1,0
99373,,0,1,0
99374,,0,2,0
99375,,0,1,0
99376,,0,1,0
99377,,0,1,0
99378,,0,1,0
99379,,0,1,0
99380,,0,1,0
99381,,0,1,0
99382,,0,2,0
99383,,0,1,0
99384,,0,4,0
99385,,0,1,0
99386,,0,1,0
99387,,0,1,0
99388,,2,0,0
99389,,1,0,0
99390,,0,1,0
99391,,0,2,0
99392,,1,0,0
99393,,1,0,0
99394,,1,0,0
99395,,1,0,0
99396,,0,1,0
99397,,0,1,0
99398,,0,1,0
99399,8.15,0,1,0
99400,,1,0,0
99401,,0,1,0
99402,,0,1,0
99403,,0,1,0
99404,,0,1,0
99405,,0,1,0
99406,,0,2,0
99407,,0,1,0
99408,,0,1,0
99409,,0,1,0
99410,,0,1,0
99411,,2,0,0
99412,,1,0,0
99413,,1,0,0
99414,,1,0,0
99415,,1,0,0
99416,,1,0,0
99417,,1,0,0
99418,,1,0,0
99419,,1,0,0
99420,,1,0,0
99421,,1,0,0
99422,,1,1,0
99423,,0,1,0
99424,,1,0,0
99425,,0,1,0
99426,,0,1,0
99427,,0,1,0
99428,,0,1,0
99429,,1,0,0
99430,,0,1,0
99431,,0,1,0
99432,,0,1,0
99433,,0,1,0
99434,,0,1,0
99435,6.8,2,0,0
99436,,1,0,0
99437,,0,0,1
99438,1.0,2,0,0
99439,,0,1,0
99440,,0,2,0
99441,,0,2,0
99442,,0,1,0
99443,,0,1,0
99444,,0,1,0
99445,,0,1,0
99446,,0,2,0
99447,,0,1,0
99448,,1,0,0
99449,,0,2,0
99450,,0,1,0
99451,,0,1,0
99452,,0,1,0
99453,,0,1,0
99454,,0,1,0
99455,,0,1,0
99456,,0,2,0
99457,,0,1,0
99458,,0,1,0
99459,,0,1,0
99460,,0,2,0
99461,,0,1,0
99462,,0,1,0
99463,,0,1,0
99464,,0,1,0
99465,,0,1,0
99466,,0,1,0
99467,,0,2,0
99468,,0,1,0
99469,,0,4,0
99470,,0,2,0
99471,,0,1,0
99472,,0,0,1
99473,,0,1,0
99474,,0,1,0
99475,,0,2,0
99476,,0,2,0
99477,,0,1,0
99478,,0,1,0
99479,,0,1,0
99480,,0,1,0
99481,,0,1,0
99482,,0,2,0
99483,,0,1,0
99484,,0,1,0
99485,,0,1,0
99486,,0,1,0
99487,,0,1,0
99488,,0,5,0
99489,,0,1,0
99490,,0,1,0
99491,,0,2,0
99492,,0,2,0
99493,,0,3,0
99494,5.0,0,1,0
99495,,0,1,0
99496,,0,1,0
99497,,0,2,0
99498,,0,1,0
99499,,0,1,0
99500,,0,1,0
99501,,0,4,0
99502,,0,1,0
99503,,1,0,0
99504,2.5,0,1,0
99505,,0,1,0
99506,,1,0,0
99507,,0,1,0
99508,,0,1,0
99509,5.15,0,1,0
99510,,0,2,0
99511,,0,1,0
99512,,0,1,0
99513,,0,1,0
99514,,0,1,0
99515,,0,1,0
99516,,0,1,0
99517,,0,1,0
99518,,0,1,0
99519,,0,1,0
99520,,0,1,0
99521,,0,1,0
99522,,0,1,0
99523,,0,1,0
99524,,0,1,0
99525,,0,1,0
99526,,0,1,0
99527,,0,1,0
99528,,0,1,0
99529,,0,1,0
99530,,0,1,0
99531,,0,1,0
99532,,0,1,0
99533,,0,1,0
99534,,0,1,0
99535,,0,1,0
99536,,0,1,0
99537,,0,1,0
99538,,0,1,0
99539,,0,1,0
99540,,0,2,0
99541,,0,1,0
99542,,0,2,0
99543,,1,0,0
99544,,0,0,1
99545,,0,1,0
99546,,1,0,0
99547,,0,1,0
99548,,0,1,0
99549,,0,1,0
99550,,1,0,0
99551,,0,1,0
99552,,0,1,0
99553,,1,0,0
99554,,0,1,0
99555,,0,1,0
99556,,0,1,0
99557,,0,1,0
99558,,0,1,0
99559,,0,1,0
99560,,0,2,0
99561,,0,5,0
99562,,0,1,0
99563,,0,1,0
99564,,0,1,0
99565,,0,2,0
99566,,0,4,0
99567,,0,1,0
99568,,0,1,0
99569,,0,3,0
99570,,1,0,0
99571,,0,1,0
99572,,1,0,0
99573,,1,0,0
99574,,0,1,0
99575,,0,1,0
99576,,1,0,0
99577,,0,1,0
99578,,0,1,0
99579,,0,1,0
99580,,0,1,0
99581,,0,1,0
99582,,0,1,0
99583,,0,1,0
99584,,0,1,0
99585,,0,1,0
99586,,0,2,0
99587,,0,1,0
99588,,0,1,0
99589,,0,1,0
99590,,0,1,0
99591,,0,1,0
99592,,0,1,0
99593,,0,1,0
99594,,0,1,0
99595,,0,2,0
99596,,0,1,0
99597,,0,1,0
99598,,0,0,1
99599,,0,1,0
99600,,1,0,0
99601,,0,1,0
99602,,0,2,0
99603,,0,2,0
99604,,0,1,0
99605,26.6,0,2,0
99606,,0,1,0
1704,5.95,0,1,0
1705,8.1,1,0,0
1706,3.6,0,1,0
1707,10.0,2,0,0
1708,11.371,1,0,0
1709,5.5,0,1,0
1710,11.124,0,1,0
1711,5.4,0,1,0
1712,1.0,1,0,0
1713,11.0,0,1,0
1714,12.576,0,1,0
1715,10.507,0,1,0
1716,0.0,0,2,0
1717,10.977,0,1,0
1718,9.8,0,1,0
1719,12.5,0,1,0
1720,698.358,0,1,0
1721,1.1,0,1,0
1722,1.5,0,1,0
1723,,0,1,0
1724,,0,1,0
1725,9.7,0,1,0
1726,700.3,1,0,0
1727,702.85,0,1,0
1728,10.5,0,1,0
1729,697.472,0,1,0
1730,698.3,0,2,0
1731,0.4,0,2,0
1732,,0,1,0
1733,,0,1,0
1734,,0,1,0
1735,,0,1,0
1736,17.0,0,1,0
1737,3.5,0,3,0
1738,696.922,0,3,0
1739,,0,2,0
1740,700.8,0,1,0
1741,9.445,0,1,0
1742,10.67,0,1,0
1743,,0,1,0
1744,,0,1,0
1745,697.455,0,1,0
1746,45.6,0,1,0
1747,43.05,0,1,0
1748,41.688,0,1,0
1749,41.673,0,1,0
1750,44.5,1,0,0
1751,43.0,0,1,0
1752,41.0,0,1,0
1753,4.455,0,1,0
1754,0.5,0,1,0
1755,,0,1,0
1756,,0,2,0
1757,,0,0,1
1758,,0,1,0
1759,792.3,0,3,0
1760,,0,1,0
1761,449.0,0,1,0
1762,,0,1,0
1763,0.6,0,2,0
1764,3.66,0,1,0
1765,2.332,0,3,0
1766,,0,1,0
1767,786.9,0,1,0
1768,,0,1,0
1769,,0,1,0
1770,,1,0,0
1771,,0,2,0
1772,,0,1,0
1773,,1,0,0
1774,,0,2,0
1775,,1,0,0
1776,,0,1,0
1777,,0,1,0
1778,,0,1,0
1779,,0,1,0
1780,,1,0,0
1781,,0,1,0
1782,,0,1,0
1783,,0,1,0
1784,,0,1,0
1785,,0,1,0
1786,,0,2,0
1787,,1,0,0
1788,,0,1,0
1789,,0,1,0
1790,2.65,1,0,0
1791,,0,1,0
1792,,0,1,0
1793,,0,1,0
1794,,0,1,0
1795,,0,1,0
1796,791.928,0,1,0
1797,,1,1,0
1798,,1,0,0
1799,,0,1,0
1800,448.972,0,2,0
1801,,0,1,0
1802,,0,1,0
1803,,0,1,0
1804,790.3,0,1,0
1805,450.5,0,3,0
1806,449.094,0,1,0
1807,11.915,0,1,0
1808,,0,1,0
1809,,0,1,0
1810,,0,1,0
1811,,0,1,0
1812,13.0,0,1,0
1813,449.0,0,1,0
1814,,0,1,0
1815,,0,1,0
1816,,1,0,0
1817,,0,1,0
1818,,0,1,0
1819,,0,1,0
1820,,0,1,0
1821,,0,1,0
1822,,0,2,0
1823,,0,1,0
1824,,0,1,0
1825,5.3,0,2,0
1826,,0,1,0
1827,,1,0,0
1828,,0,1,0
1829,,0,1,0
1830,,0,1,0
1831,,1,0,0
1832,,0,1,0
1833,,1,0,0
1834,,0,1,0
1835,,0,1,0
1836,,0,1,0
1837,,0,1,0
1838,,0,1,0
1839,,0,2,0
1840,,0,1,0
1841,,0,2,0
1842,,0,1,0
1843,,0,1,0
1844,,0,1,0
1845,,1,0,0
1846,,0,1,0
1847,152.2,0,1,0
1848,,0,1,0
1849,646.0,0,5,0
1850,,0,1,0
1851,,0,1,0
1852,,0,3,0
1853,,0,1,0
1854,,1,0,0
1855,1.0,0,1,0
1856,1.558,1,0,0
1857,,0,1,0
1858,,0,1,0
1859,,0,1,0
1860,1.7,0,1,0
1861,,0,1,0
1862,,0,1,0
1863,1.0,0,2,0
1864,1.3,0,1,0
1865,,0,1,0
1866,0.551,0,3,0
1867,,0,1,0
1868,1.6,0,1,0
1869,,1,0,0
1870,,0,1,0
1871,,0,1,0
1872,,0,1,0
1873,,1,0,0
1874,,0,1,0
1875,,0,1,0
1876,,0,2,0
1877,,0,1,0
1878,,0,1,0
1879,,0,1,0
1880,,0,1,0
1881,,1,0,0
1882,,0,1,0
1883,,1,0,0
1884,,1,0,0
1885,,0,1,0
1886,,0,1,0
1887,,0,1,0
1888,,0,1,0
1889,,0,3,0
1890,,0,1,0
1891,,0,1,0
1892,,0,1,0
1893,,0,1,0
1894,,0,4,0
1895,,1,1,0
1896,,0,1,0
1897,,0,1,0
1898,,1,0,0
1899,,1,1,0
1900,,0,1,0
1901,,0,1,0
1902,,0,2,0
1903,,0,1,0
1904,1.86,0,1,0
1905,,0,1,0
1906,,0,1,0
1907,,0,2,0
1908,,0,1,0
1909,,0,1,0
1910,,0,1,0
1911,,1,0,0
1912,8.3,0,3,0
1913,1.6,0,2,0
1914,3.5,0,2,0
1915,744.8,0,1,0
1916,3.5,0,3,0
1917,745.6,0,1,0
1918,745.6,0,2,0
1919,8.9,0,1,0
1920,745.6,0,1,0
1921,742.6,0,3,0
1922,0.6,0,1,0
1923,745.0,0,1,0
1924,,0,1,0
1925,,0,1,0
1926,,1,0,0
1927,7.5,0,1,0
1928,0.4,0,1,0
1929,17.15,0,3,0
1930,20.4,0,5,0
1931,20.35,0,2,0
1932,2.3,0,1,0
1933,12.3,0,1,0
1934,235.1,0,2,0
1935,10.7,0,1,0
1936,21.621,0,3,0
1937,229.664,0,1,0
1938,233.0,0,2,0
1939,693.653,0,1,0
1940,,0,1,0
1941,11.7,0,1,0
1942,,1,0,0
1943,18.2,0,4,0
1944,20.37,1,2,0
1945,0.6,0,2,0
1946,0.0,0,1,0
1947,,1,0,0
1948,9.9,0,1,0
1949,,1,0,0
1950,10.8,0,2,0
1951,,0,1,0
1952,,1,0,0
1953,,0,2,0
1954,0.001,0,1,0
1955,,0,1,0
1956,,0,1,0
1957,,0,1,0
1958,,0,1,0
1959,,0,1,0
1960,,0,3,0
1961,236.893,0,1,0
1962,,0,1,0
1963,,0,1,0
1964,,0,1,0
1965,,0,1,0
1966,,0,2,0
1967,,0,1,0
1968,19.955,0,2,0
1969,,0,1,0
1970,,0,1,0
1971,1.9,0,1,0
1972,,0,2,0
1973,,0,2,0
1974,,0,3,0
1975,,1,0,0
1976,,0,1,0
1977,5.311,0,3,0
1978,10.7,0,1,0
1979,,0,1,0
1980,,0,3,0
1981,,0,1,0
1982,,0,1,0
1983,,0,1,0
1984,,0,1,0
1985,,0,1,0
1986,,0,1,0
1987,,0,1,0
1988,,0,2,0
1989,,0,1,0
1990,,0,1,0
1991,,0,1,0
1992,,0,2,0
1993,,0,2,0
1994,,0,1,0
1995,7.533,0,1,0
1996,236.6,1,4,0
1997,,0,1,0
1998,,0,1,0
1999,,0,1,0
2000,,0,1,0
2001,,0,2,0
2002,11.8,0,2,0
2003,,0,1,0
2004,,0,1,0
2005,,0,1,0
2006,,0,1,0
2007,21.3,0,1,0
2008,,0,1,0
2009,,0,1,0
2010,1.132,0,1,0
2011,231.15,0,4,0
2012,2.624,0,1,0
2013,,0,2,0
2014,,0,2,0
2015,,0,0,1
2016,,1,0,0
2017,,0,0,1
2018,,1,0,0
2019,,1,0,0
2020,0.01,0,1,0
2021,,0,4,0
2022,,0,2,0
2023,20.3,0,3,0
2024,,0,1,0
2025,,0,1,0
2026,10.7,0,5,0
2027,,1,0,0
2028,4.7,0,1,0
2029,,0,1,0
2030,,0,2,0
2031,19.5,0,1,0
2032,12.87,0,0,1
2033,,0,1,0
2034,12.1,0,1,0
2035,1.0,0,1,0
2036,10.275,0,1,0
2037,,0,1,0
2038,11.4,0,2,0
2039,,0,1,0
2040,13.073,0,2,0
2041,25.1,0,1,0
2042,,0,1,0
2043,7.75,0,1,0
2044,233.0,0,1,0
2045,,0,1,0
2046,,0,3,0
2047,,0,1,0
2048,,0,1,0
2049,,0,1,0
2050,,0,1,0
2051,,0,1,0
2052,,0,1,0
2053,,0,1,0
2054,,0,1,0
2055,,0,1,0
2056,,0,1,0
2057,,0,1,0
2058,,0,1,0
2059,,0,1,0
2060,,0,1,0
2061,,0,1,0
2062,,0,1,0
2063,,0,1,0
2064,,0,1,0
2065,,0,1,0
2066,,0,1,0
2067,,0,1,0
2068,,0,1,0
2069,,0,1,0
2070,,0,1,0
2071,,0,1,0
2072,,0,1,0
2073,,0,1,0
2074,,0,1,0
2075,,0,1,0
2076,,0,1,0
2077,,0,1,0
2078,,0,1,0
2079,,0,1,0
2080,,0,1,0
2081,,0,1,0
2082,,0,1,0
2083,,0,1,0
2084,,0,1,0
2085,,0,1,0
2086,,0,1,0
2087,,0,1,0
2088,,0,1,0
2089,,0,1,0
2090,,0,1,0
2091,,0,1,0
2092,,0,1,0
2093,,0,2,0
2094,,0,1,0
2095,,0,1,0
2096,,0,1,0
2097,,0,1,0
2098,,0,1,0
2099,,0,1,0
2100,,0,2,0
2101,,0,1,0
2102,,0,1,0
2103,,0,1,0
2104,,0,1,0
2105,,0,2,0
2106,,0,1,0
2107,,0,1,0
2108,,0,1,0
2109,,0,1,0
2110,,0,1,0
2111,,0,2,0
2112,,0,1,0
2113,,0,2,0
2114,,0,1,0
2115,,0,1,0
2116,,0,1,0
2117,,0,1,0
2118,,0,1,0
2119,,0,1,0
2120,,0,1,0
2121,,0,1,0
2122,,0,1,0
2123,,0,2,0
2124,,0,1,0
2125,,0,1,0
2126,,0,1,0
2127,,0,1,0
2128,,0,2,0
2129,,0,2,0
2130,,0,1,0
2131,,0,1,0
2132,,0,1,0
2133,,0,1,0
2134,,0,1,0
2135,,0,2,0
2136,15.424,0,1,0
2137,,0,1,0
2138,,0,1,0
2139,,0,2,0
2140,,0,1,0
2141,,0,1,0
2142,8.45,0,1,0
2143,,1,0,0
2144,19.6,0,1,0
2145,1.1,0,1,0
2146,235.5,0,1,0
2147,3.0,1,0,0
2148,98.3,0,1,0
2149,,0,1,0
2150,,0,1,0
2151,,0,1,0
2152,,0,1,0
2153,,0,2,0
2154,,0,1,0
2155,,0,2,0
2156,,0,1,0
2157,,0,1,0
2158,,0,2,0
2159,,0,2,0
2160,,0,1,0
2161,,0,2,0
2162,,0,1,0
2163,234.8,0,1,0
2164,,0,1,0
2165,16.162,0,1,0
2166,,0,1,0
2167,,0,1,0
2168,,0,1,0
2169,,0,1,0
2170,,0,4,0
2171,,0,1,0
2172,,0,1,0
2173,,0,1,0
2174,,0,1,0
2175,,0,1,0
2176,,0,1,0
2177,,0,1,0
2178,,0,1,0
2179,,0,2,0
2180,,0,1,0
2181,,0,1,0
2182,235.5,1,0,0
2183,,0,1,0
2184,,0,2,0
2185,,0,1,0
2186,,0,1,0
2187,,0,1,0
2188,,0,1,0
2189,,0,2,0
2190,,0,1,0
2191,,0,1,0
2192,,0,1,0
2193,,0,1,0
2194,,0,1,0
2195,,0,2,0
2196,,0,1,0
2197,,0,1,0
2198,,0,1,0
2199,,0,1,0
2200,,0,1,0
2201,,0,1,0
2202,,0,1,0
2203,,0,1,0
2204,,0,1,0
2205,,0,1,0
2206,13.215,0,3,0
2207,,0,1,0
2208,,0,1,0
2209,,0,1,0
2210,,0,1,0
2211,,0,1,0
2212,,1,0,0
2213,,1,0,0
2214,,1,0,0
2215,231.0,0,3,0
2216,0.0,0,1,0
2217,0.3,0,4,0
2218,489.8,0,1,0
2219,,0,1,0
2220,,0,1,0
2221,18.0,0,1,0
2222,,0,1,0
2223,,0,1,0
2224,,0,1,0
2225,,0,1,0
2226,,0,1,0
2227,20.5,0,5,0
2228,,0,2,0
2229,,0,1,0
2230,,0,1,0
2231,,0,2,0
2232,,0,2,0
2233,,0,1,0
2234,,0,1,0
2235,,0,1,0
2236,,0,1,0
2237,20.028,0,6,0
2238,,0,1,0
2239,,0,1,0
2240,,0,1,0
2241,,0,1,0
2242,21.6,0,2,0
2243,,0,1,0
2244,,0,1,0
2245,,0,1,0
2246,,0,1,0
2247,,0,1,0
2248,14.349,0,1,0
2249,10.7,0,3,0
2250,,0,2,0
2251,,0,1,0
2252,2.3,0,2,0
2253,,0,1,0
2254,,0,3,0
2255,,0,1,0
2256,238.0,0,3,0
2257,,0,1,0
2258,1.136,0,1,0
2259,,0,1,0
2260,,0,1,0
2261,20.15,0,2,0
2262,,0,1,0
2263,,0,2,0
2264,10.7,0,1,0
2265,,0,1,0
2266,,0,1,0
2267,,0,1,0
2268,,1,0,0
2269,,0,1,0
2270,,0,1,0
2271,,0,1,0
2272,,0,1,0
2273,,0,1,0
2274,,0,1,0
2275,21.0,0,1,0
2276,20.364,0,2,0
2277,9.9,0,3,0
2278,235.9,0,3,0
2279,,0,2,0
2280,,1,0,0
2281,,1,0,0
2282,,1,0,0
2283,,1,0,0
2284,10.0,0,1,0
2285,21.5,0,1,0
2286,231.5,0,3,0
2287,20.923,0,1,0
2288,,0,1,0
2289,,0,1,0
2290,0.8,0,3,0
2291,6.629,0,1,0
2292,,0,1,0
2293,0.05,0,1,0
2294,3.5,0,2,0
2295,,0,1,0
2296,21.711,0,5,0
2297,1.0,0,1,0
2298,,0,1,0
2299,,0,2,0
2300,,0,1,0
2301,22.137,0,1,0
2302,,0,2,0
2303,21.5,0,2,0
2304,,0,1,0
2305,,0,1,0
2306,235.1,0,1,0
2307,231.556,0,1,0
2308,16.154,0,1,0
2309,12.5,0,2,0
2310,16.156,0,5,0
2311,0.01,0,2,0
2312,,2,0,0
2313,,0,1,0
2314,,1,0,0
2315,,1,0,0
2316,,1,0,0
2317,,1,0,0
2318,,1,1,0
2319,,1,0,0
2320,16.111,0,1,0
2321,22.0,0,1,0
2322,0.799,0,3,0
2323,14.0,0,1,0
2324,13.639,0,1,0
2325,,0,1,0
2326,235.195,0,1,0
2327,,0,1,0
2328,,0,1,0
2329,238.1,0,2,0
2330,238.795,0,1,0
2331,2.0,1,0,0
2332,,0,1,0
2333,,0,2,0
2334,0.256,0,1,0
2335,0.279,0,1,0
2336,19.75,0,1,0
2337,1.1,0,1,0
2338,20.8,0,4,0
2339,,0,2,0
2340,,0,1,0
2341,19.92,0,1,0
2342,18.8,0,1,0
2343,18.8,0,1,0
2344,235.0,0,1,0
2345,187.9,0,3,0
2346,238.62,0,1,0
2347,25.2,0,1,0
2348,23.083,0,1,0
2349,4.0,0,2,0
2350,229.692,0,1,0
2351,,0,0,1
2352,228.031,0,1,0
2353,,0,2,0
2354,23.401,0,2,0
2355,4.572,0,2,0
2356,235.4,1,0,0
2357,0.1,0,1,0
2358,,0,1,0
2359,20.48,0,3,0
2360,25.1,0,2,0
2361,226.6,0,2,0
2362,0.1,0,1,0
2363,,0,0,1
2364,,0,2,0
2365,11.7,0,1,0
2366,21.5,0,1,0
2367,19.1,0,0,1
2368,23.5,0,2,0
2369,1.264,0,1,0
2370,,0,2,0
2371,22.261,0,1,0
2372,22.3,1,3,0
2373,,0,1,0
2374,19.4,1,0,0
2375,,0,1,0
2376,,0,5,0
2377,,0,1,0
2378,236.0,0,4,0
2379,21.764,0,1,0
2380,,0,1,0
2381,10.4,0,2,0
2382,,0,1,0
2383,,0,1,0
2384,,0,1,0
2385,19.35,0,1,0
2386,,0,1,0
2387,,0,2,0
2388,,0,1,0
2389,,0,1,0
2390,13.0,0,1,0
2391,21.6,0,1,0
2392,,0,1,0
2393,26.2,0,1,0
2394,53.0,0,2,0
2395,,0,1,0
2396,,0,1,0
2397,,1,0,0
2398,,1,0,0
2399,,1,0,0
2400,,1,0,0
2401,9.9,0,2,0
2402,7.3,0,2,0
2403,737.0,0,3,0
2404,12.7,1,0,0
2405,5.6,0,0,1
2406,742.3,0,2,0
2407,5.9,1,1,1
2408,0.0,0,1,0
2409,3.3,0,1,0
2410,15.0,1,0,0
2411,737.8,1,1,0
2412,736.7,0,1,0
2413,737.0,2,1,0
2414,13.7,0,2,0
2415,,0,3,0
2416,2.23,0,1,0
2417,2.2,2,1,0
2418,160.6,0,1,0
2419,639.0,0,1,0
2420,21.885,0,3,0
2421,160.0,0,1,0
2422,,0,1,0
2423,,0,1,0
2424,,0,1,0
2425,155.2,0,1,0
2426,165.55,0,1,0
2427,162.2,0,4,0
2428,637.74,0,3,0
2429,,0,1,0
2430,,1,0,0
2431,162.859,0,1,0
2432,,0,1,0
2433,641.9,0,1,0
2434,161.2,0,5,0
2435,21.885,0,1,0
2436,,0,3,0
2437,,0,1,0
2438,,0,1,0
2439,,0,1,0
2440,162.0,0,2,0
2441,,2,0,0
2442,160.65,0,1,0
2443,,0,1,0
2444,,0,1,0
2445,,0,1,0
2446,,0,1,0
2447,,0,1,0
2448,,0,1,0
2449,,0,2,0
2450,,0,1,0
2451,,0,1,0
2452,,0,2,0
2453,,0,2,0
2454,,0,1,0
2455,,0,1,0
2456,,0,1,0
2457,,0,2,0
2458,,0,1,0
2459,,0,1,0
2460,,2,1,0
2461,,0,1,0
2462,,0,1,0
2463,,0,1,0
2464,,0,1,0
2465,,0,1,0
2466,,0,1,0
2467,,0,1,0
2468,,0,1,0
2469,,0,1,0
2470,,0,1,0
2471,,2,0,0
2472,,0,1,0
2473,,0,1,0
2474,156.1,0,1,0
2475,,0,1,0
2476,,1,0,0
2477,17.907,1,1,0
2478,21.8,0,2,0
2479,162.3,0,2,0
2480,0.5,0,0,1
2481,0.325,0,1,0
2482,5.7,0,1,0
2483,10.3,0,0,2
2484,9.178,0,4,0
2485,3.873,0,1,0
2486,1.11,0,1,0
2487,5.8,0,1,0
2488,1.7,0,2,0
2489,5.5,0,1,0
2490,13.0,1,1,0
2491,10.911,0,1,0
2492,2.7,0,1,0
2493,8.777,0,1,0
2494,4.7,0,1,0
2495,6.346,0,1,0
2496,1.684,0,1,0
2497,1.9,0,0,1
2498,,0,2,0
2499,7.495,0,1,0
2500,,0,0,1
2501,,0,1,0
2502,,1,1,0
2503,9.145,0,1,0
2504,,0,1,0
2505,0.8,0,2,0
2506,,0,1,0
2507,7.5,0,1,0
2508,11.653,0,1,0
2509,,0,1,0
2510,26.387,0,1,0
2511,7.971,0,2,0
2512,4.304,0,1,0
2513,3.7,0,1,0
2514,,0,2,0
2515,,0,1,0
2516,0.1,0,2,0
2517,8.0,0,1,0
2518,1.4,0,1,0
2519,11.478,0,1,0
2520,32.205,0,1,0
2521,,0,1,0
2522,3.665,0,1,0
2523,2.6,0,1,0
2524,148.0,0,1,0
2525,,0,1,0
2526,,0,3,0
2527,,0,1,0
2528,,0,1,0
2529,,0,1,0
2530,,0,1,0
2531,,0,1,0
2532,50.2,1,0,0
2533,,0,1,0
2534,,0,1,0
2535,,0,1,0
2536,,1,0,0
2537,,0,1,0
2538,,0,2,0
2539,,0,1,0
2540,145.2,0,1,0
2541,,0,1,0
2542,,0,2,0
2543,,0,1,0
2544,,0,2,0
2545,,0,1,0
2546,,0,1,0
2547,,0,0,1
2548,,0,2,0
2549,,0,1,0
2550,,0,1,0
2551,,0,1,0
2552,,0,1,0
2553,,0,1,0
2554,,0,1,0
2555,,0,1,0
2556,147.5,0,2,0
2557,,0,1,0
2558,,0,1,0
2559,,0,1,0
2560,,1,0,0
2561,,0,1,0
2562,,0,2,0
2563,,0,2,0
2564,,0,1,0
2565,,0,1,0
2566,,0,1,0
2567,,0,1,0
2568,,0,1,0
2569,,0,1,0
2570,,1,0,0
2571,,0,1,0
2572,,0,1,0
2573,,0,1,0
2574,,0,1,0
2575,,0,1,0
2576,,0,1,0
2577,147.0,0,1,0
2578,,0,1,0
2579,,1,0,0
2580,,0,1,0
2581,,0,1,0
2582,,0,1,0
2583,,0,2,0
2584,643.6,0,1,0
2585,,0,1,0
2586,,0,1,0
2587,,0,1,0
2588,,0,1,0
2589,,0,1,0
2590,,0,1,0
2591,,0,1,0
2592,,0,1,0
2593,,0,1,0
2594,,0,1,0
2595,,0,1,0
2596,,0,1,0
2597,,0,1,0
2598,,0,1,0
2599,,0,2,0
2600,,0,1,0
2601,,0,1,0
2602,,1,0,0
2603,,0,1,0
2604,,0,2,0
2605,,0,1,0
2606,,0,1,0
2607,,0,1,0
2608,,0,1,0
2609,,0,1,0
2610,,0,1,0
2611,,0,1,0
2612,,0,1,0
2613,,0,2,0
2614,,1,0,0
2615,,0,1,0
2616,,0,1,0
2617,,0,1,0
2618,146.919,0,1,0
2619,,0,1,0
2620,150.15,2,5,0
2621,,0,1,0
2622,145.0,1,1,0
2623,,1,0,0
2624,,0,1,0
2625,,1,0,0
2626,,0,1,0
2627,,0,1,0
2628,,0,1,0
2629,,0,1,0
2630,,0,2,0
2631,,0,1,0
2632,147.0,1,1,0
2633,,0,1,0
2634,50.2,0,1,0
2635,,0,1,0
2636,,0,2,0
2637,,0,1,0
2638,147.5,0,1,0
2639,,0,1,0
2640,,0,1,0
2641,,0,1,0
2642,,0,1,0
2643,,0,1,0
2644,,1,0,0
2645,,0,1,0
2646,,0,1,0
2647,148.2,1,0,0
2648,,1,0,0
2649,,0,1,0
2650,,1,0,0
2651,48.8,0,2,0
2652,,0,1,0
2653,,0,1,0
2654,,0,2,0
2655,143.546,0,1,0
2656,,0,1,0
2657,,0,1,0
2658,,0,1,0
2659,,0,0,1
2660,,0,1,0
2661,,0,1,0
2662,,0,1,0
2663,,0,1,0
2664,,0,1,0
2665,151.4,0,2,0
2666,,0,1,0
2667,,0,1,0
2668,,0,1,0
2669,,0,1,0
2670,,0,1,0
2671,50.5,0,1,0
2672,,0,2,0
2673,,0,1,0
2674,,0,1,0
2675,148.1,0,1,0
2676,,0,1,0
2677,,0,1,0
2678,,0,1,0
2679,,0,1,0
2680,,0,2,0
2681,,0,1,0
2682,,0,2,0
2683,,0,1,0
2684,,0,1,0
2685,,0,1,0
2686,,0,1,0
2687,148.0,0,1,0
2688,,0,1,0
2689,,1,0,0
2690,,0,1,0
2691,,0,1,0
2692,,0,1,0
2693,,0,1,0
2694,,0,1,0
2695,,0,1,0
2696,,0,1,0
2697,,1,0,0
2698,,0,1,0
2699,,0,2,0
2700,,0,1,0
2701,,0,1,0
2702,,0,1,0
2703,,0,2,0
2704,,0,1,0
2705,,0,1,0
2706,,0,2,0
2707,,0,1,0
2708,,0,1,0
2709,,0,1,0
2710,,0,1,0
2711,,0,1,0
2712,,0,1,0
2713,,0,1,0
2714,,1,1,0
2715,50.0,0,1,0
2716,3.0,0,1,0
2717,,0,1,0
2718,,0,2,0
2719,145.0,0,0,1
2720,,0,1,0
2721,,0,1,0
2722,,0,1,0
2723,,0,1,0
2724,,0,1,0
2725,,0,1,0
2726,,0,1,0
2727,,0,1,0
2728,,0,1,0
2729,,0,4,0
2730,,0,1,0
2731,,0,2,0
2732,,1,0,0
2733,647.0,0,2,0
2734,,0,1,0
2735,,0,1,0
2736,,0,2,0
2737,,1,0,0
2738,,0,1,0
2739,,0,1,0
2740,,0,1,0
2741,,0,1,0
2742,,0,2,0
2743,,0,1,0
2744,,0,1,0
2745,148.9,0,1,0
2746,,0,1,0
2747,,0,1,0
2748,1.0,0,1,0
2749,,0,1,0
2750,,1,0,0
2751,,0,1,0
2752,145.0,1,0,0
2753,49.0,0,2,0
2754,149.687,0,1,0
2755,,0,1,0
2756,,0,1,0
2757,,0,1,0
2758,148.636,0,1,0
2759,,0,1,0
2760,,0,1,0
2761,,0,3,0
2762,,0,1,0
2763,,0,2,0
2764,,0,1,0
2765,,0,1,0
2766,,0,2,0
2767,,0,1,0
2768,,0,1,0
2769,1.0,0,1,0
2770,,0,1,0
2771,,0,1,0
2772,,0,1,0
2773,146.95,0,0,1
2774,,0,2,0
2775,,0,1,0
2776,,0,1,0
2777,50.7,0,2,0
2778,,0,0,1
2779,,0,1,0
2780,,1,0,0
2781,148.65,1,0,0
2782,,0,1,0
2783,,0,1,0
2784,,0,1,0
2785,,0,1,0
2786,,0,1,0
2787,,0,2,0
2788,,0,1,0
2789,50.0,0,1,0
2790,,0,1,0
2791,,0,1,0
2792,4.6,0,1,0
2793,,0,1,0
2794,,0,1,0
2795,,0,1,0
2796,5.401,0,1,0
2797,,0,1,0
2798,,1,0,0
2799,,0,1,0
2800,,0,1,0
2801,,0,1,0
2802,,0,1,0
2803,,0,1,0
2804,,0,1,0
2805,,0,1,0
2806,648.5,3,0,0
2807,,0,1,0
2808,,0,1,0
2809,,0,1,0
2810,,0,1,0
2811,,0,1,0
2812,,0,1,0
2813,,1,0,0
2814,,0,1,0
2815,,0,1,0
2816,148.799,0,1,0
2817,,0,1,0
2818,,0,1,0
2819,1.6,1,0,0
2820,9.104,1,0,0
2821,18.69,0,1,0
2822,28.2,0,2,0
2823,13.675,0,1,0
2824,0.1,0,1,0
2825,10.54,0,2,0
2826,,0,1,0
2827,0.0,0,1,0
2828,,0,1,0
2829,,0,1,0
2830,,0,1,0
2831,,0,1,0
2832,1.239,0,1,0
2833,8.5,0,1,0
2834,6.8,0,0,2
2835,2.967,0,2,0
2836,174.671,0,1,0
2837,11.05,0,1,0
2838,,0,1,0
2839,175.275,2,3,0
2840,8.469,0,1,0
2841,12.2,0,1,0
2842,0.8,0,2,0
2843,621.331,0,1,0
2844,,0,1,0
2845,,0,1,0
2846,,0,1,0
2847,0.3,0,1,0
2848,,0,1,0
2849,622.3,0,1,0
2850,,0,1,0
2851,,1,0,0
2852,,0,1,0
2853,,0,1,0
2854,9.5,0,1,0
2855,26.7,1,0,0
2856,178.35,1,0,0
2857,,0,1,0
2858,,0,1,0
2859,6.82,0,1,0
2860,171.718,0,1,0
2861,180.6,0,3,0
2862,620.2,0,2,0
2863,,0,1,0
2864,173.573,0,1,0
2865,173.7,0,1,0
2866,0.1,0,2,0
2867,621.215,0,1,0
2868,622.99,0,1,0
2869,6.7,1,0,0
2870,2.689,0,1,0
2871,0.2,1,0,0
2872,2.138,0,1,0
2873,6.847,0,1,0
2874,,0,1,0
2875,,1,0,0
2876,,0,1,0
2877,,0,1,0
2878,,0,2,0
2879,7.0,0,1,0
2880,,1,0,0
2881,,1,0,0
2882,9.5,0,1,0
2883,0.9,0,0,1
2884,8.8,0,2,0
2885,10.843,1,0,0
2886,1.0,0,2,0
2887,4.5,0,3,0
2888,3.911,0,1,0
2889,,0,1,0
2890,,0,1,0
2891,4.5,0,1,0
2892,,0,1,0
2893,5.0,0,2,0
2894,4.621,0,1,0
2895,45.211,0,1,0
2896,46.0,0,1,0
2897,1.6,0,2,0
2898,0.71,0,1,0
2899,5.7,0,2,0
2900,10.5,0,1,0
2901,4.595,0,1,0
2902,9.2,0,1,0
2903,166.1,0,1,0
2904,,0,1,0
2905,,0,1,0
2906,1.029,0,2,0
2907,631.823,0,2,0
2908,631.2,0,4,0
2909,165.4,0,2,0
2910,170.973,0,2,0
2911,1.0,0,1,0
2912,166.664,0,1,0
2913,170.521,0,1,0
2914,631.4,0,2,0
2915,54.7,0,2,0
2916,49.6,1,0,0
2917,13.8,0,1,0
2918,13.8,0,1,0
2919,16.5,0,1,0
2920,,0,0,1
2921,16.579,0,2,0
2922,48.85,0,1,0
2923,52.831,0,1,0
2924,16.15,0,1,0
2925,,1,0,0
2926,,0,1,0
2927,,0,1,0
2928,53.261,0,1,0
2929,,0,1,0
2930,2.2,0,2,0
2931,2.0,0,1,0
2932,0.2,1,1,0
2933,7.8,0,1,0
2934,1.3,0,1,0
2935,1.8,0,2,0
2936,,0,3,0
2937,,0,1,0
2938,,0,1,0
2939,,0,1,0
2940,,0,1,0
2941,,0,2,0
2942,,1,0,0
2943,6.9,0,1,0
2944,,0,1,0
2945,,0,1,0
2946,,0,3,0
2947,,0,1,0
2948,,0,1,0
2949,,0,2,0
2950,,0,1,0
2951,,0,1,0
2952,,0,1,0
2953,,0,1,0
2954,,0,1,0
2955,,0,1,0
2956,,0,1,0
2957,,0,1,0
2958,,0,1,0
2959,,0,4,0
2960,,0,1,0
2961,6.4,1,3,0
2962,,0,1,0
2963,,0,1,0
2964,,0,1,0
2965,0.001,0,1,0
2966,7.8,0,1,0
2967,0.5,0,3,0
2968,5.44,0,1,0
2969,125.6,0,1,0
2970,126.0,0,1,0
2971,5.02,1,0,0
2972,127.7,0,0,1
2973,665.5,0,1,0
2974,,0,1,0
2975,18.5,0,1,0
2976,666.2,0,1,0
2977,,0,1,0
2978,,0,1,0
2979,,0,1,0
2980,,0,2,0
2981,,0,1,0
2982,,0,1,0
2983,,0,1,0
2984,5.716,0,1,0
2985,,0,1,0
2986,6.512,0,1,0
2987,122.9,0,1,0
2988,,0,1,0
2989,,0,1,0
2990,130.4,0,2,0
2991,,0,1,0
2992,,0,1,0
2993,130.25,0,2,0
2994,123.0,0,4,0
2995,670.7,0,1,0
2996,,1,1,0
2997,,0,2,0
2998,673.4,0,1,0
2999,,0,1,0
3000,,2,0,0
3001,668.1,0,1,0
3002,,0,1,0
3003,,0,1,0
3004,,0,1,0
3005,3.6,1,0,0
3006,,0,1,0
3007,,0,1,0
3008,,0,1,0
3009,,0,1,0
3010,,0,1,0
3011,,0,1,0
3012,4.898,0,1,0
3013,666.5,0,3,0
3014,,0,1,0
3015,,1,0,0
3016,,0,1,0
3017,,0,1,0
3018,,1,0,0
3019,,0,1,0
3020,,0,1,0
3021,,0,1,0
3022,,0,1,0
3023,,0,1,0
3024,670.0,0,2,0
3025,,0,1,0
3026,32.778,0,2,0
3027,7.5,0,1,0
3028,2.311,0,1,0
3029,,0,1,0
3030,1.904,0,1,0
3031,,1,0,0
3032,,0,1,0
3033,18.75,0,1,0
3034,2.95,0,0,1
3035,,0,1,0
3036,473.83,0,3,0
3037,2.0,0,1,0
3038,6.2,0,1,0
3039,11.0,0,1,0
3040,9.345,0,1,0
3041,10.5,1,0,0
3042,10.058,0,1,0
3043,18.9,0,1,0
3044,732.426,0,1,0
3045,1.4,0,3,0
3046,20.0,0,2,0
3047,0.3,0,5,0
3048,0.1,0,1,0
3049,5.212,0,1,0
3050,3.0,0,1,0
3051,,0,1,0
3052,,0,1,0
3053,,0,1,0
3054,,0,1,0
3055,,0,1,0
3056,,0,1,0
3057,2.5,0,1,0
3058,4.5,0,1,0
3059,0.0,0,4,0
3060,5.021,0,1,0
3061,439.3,0,1,0
3062,804.0,0,2,0
3063,798.022,0,1,0
3064,,0,1,0
3065,,0,1,0
3066,447.221,0,1,0
3067,4.4,0,1,0
3068,6.6,0,1,0
3069,800.5,0,2,0
3070,800.849,0,1,0
3071,6.16,0,2,0
3072,18.826,0,1,0
3073,27.8,0,1,0
3074,18.27,0,1,0
3075,27.0,0,1,0
3076,22.5,1,1,0
3077,26.2,0,1,0
3078,1.15,0,0,1
3079,695.0,0,1,0
3080,12.1,0,1,0
3081,695.0,0,2,0
3082,693.1,1,0,0
3083,1.0,0,1,0
3084,693.2,0,0,1
3085,541.0,0,2,0
3086,,1,0,0
3087,,0,1,0
3088,,0,1,0
3089,528.0,0,1,0
3090,528.0,0,1,0
3091,0.025,0,1,0
3092,20.0,0,1,0
3093,711.0,0,1,0
3094,712.5,0,1,0
3095,10.67,0,1,0
3096,527.8,0,1,0
3097,16.2,0,1,0
3098,524.35,0,9,0
3099,0.3,0,2,0
3100,,0,1,0
3101,,0,1,0
3102,711.0,0,2,0
3103,,0,1,0
3104,,0,2,0
3105,,0,1,0
3106,,0,1,0
3107,,0,1,0
3108,,0,1,0
3109,,0,1,0
3110,711.5,0,2,0
3111,,0,1,0
3112,6.9,0,1,0
3113,,0,1,0
3114,,0,1,0
3115,,0,2,0
3116,0.0,0,1,0
3117,,0,1,0
3118,1.55,0,1,0
3119,16.7,0,1,0
3120,,0,3,0
3121,,0,1,0
3122,726.0,0,1,0
3123,17.6,0,1,0
3124,728.8,0,1,0
3125,528.3,0,1,0
3126,1.3,0,1,0
3127,,0,1,0
3128,,1,0,0
3129,,0,1,0
3130,,0,1,0
3131,,0,1,0
3132,,0,1,0
3133,,0,1,0
3134,,1,0,0
3135,10.0,0,2,0
3136,739.9,0,1,0
3137,740.7,0,1,0
3138,0.7,0,1,0
3139,2.0,0,2,0
3140,16.5,0,4,0
3141,1.0,0,1,0
3142,6.8,0,1,0
3143,4.5,0,1,0
3144,,1,2,0
3145,,0,1,0
3146,63.9,0,1,0
3147,4.0,0,1,0
3148,,0,1,0
3149,,1,0,0
3150,,1,1,0
3151,4.6,0,1,0
3152,,0,1,0
3153,6.35,1,0,0
3154,,0,2,0
3155,,0,1,0
3156,,0,1,0
3157,,1,0,0
3158,,1,0,0
3159,4.5,0,1,0
3160,,0,1,0
3161,,0,2,0
3162,5.64,0,2,0
3163,3.9,0,1,0
3164,,0,1,0
3165,4.75,1,0,0
3166,,0,4,0
3167,5.639,0,1,0
3168,,1,0,0
3169,1.0,1,0,0
3170,,0,2,0
3171,5.0,0,1,0
3172,3.9,0,1,0
3173,1.2,0,1,0
3174,10.0,0,1,0
3175,,1,1,0
3176,,0,1,0
3177,9.9,0,1,0
3178,5.7,0,1,0
3179,5.727,0,2,0
3180,186.6,0,1,0
3181,3.449,0,1,0
3182,1.5,0,1,0
3183,5.2,0,1,0
3184,5.069,0,1,0
3185,6.2,0,4,0
3186,7.5,1,1,0
3187,191.22,0,1,0
3188,1.0,1,1,0
3189,,0,1,0
3190,,1,0,0
3191,0.1,0,1,0
3192,,0,1,0
3193,2.4,0,1,0
3194,4.5,0,1,0
3195,,0,1,0
3196,,1,0,0
3197,2.75,0,1,0
3198,,1,1,0
3199,17.9,0,1,0
3200,13.5,0,1,0
3201,0.5,0,3,0
3202,17.416,0,1,0
3203,16.779,0,1,0
3204,,0,1,0
3205,,0,1,0
3206,,1,0,0
3207,,0,1,0
3208,,0,1,0
3209,,0,1,0
3210,,0,1,0
3211,2.424,0,1,0
3212,17.446,0,1,0
3213,,0,1,0
3214,0.5,0,1,0
3215,,0,1,0
3216,,0,1,0
3217,97.516,0,1,0
3218,7.6,0,1,0
3219,0.35,0,1,0
3220,,0,1,0
3221,,0,1,0
3222,,0,1,0
3223,,0,1,0
3224,7.611,0,1,0
3225,,0,2,0
3226,,0,2,0
3227,516.8,0,2,0
3228,517.1,0,3,0
3229,,0,1,0
3230,,0,2,0
3231,,0,2,0
3232,,0,1,0
3233,,0,1,0
3234,,0,1,0
3235,,0,1,0
3236,,0,1,0
3237,,0,2,0
3238,,0,1,0
3239,9.6,0,1,0
3240,,0,1,0
3241,,0,2,0
3242,,0,2,0
3243,,0,1,0
3244,,0,1,0
3245,,0,1,0
3246,,0,3,0
3247,731.5,0,2,0
3248,7.5,0,1,0
3249,,0,1,0
3250,,0,1,0
3251,,0,1,0
3252,,0,2,0
3253,,0,1,0
3254,,0,2,0
3255,26.449,0,1,0
3256,,0,1,0
3257,,0,1,0
3258,,0,1,0
3259,,0,1,0
3260,,0,1,0
3261,,0,1,0
3262,,0,1,0
3263,,0,1,0
3264,,0,1,0
3265,,0,1,0
3266,,0,1,0
3267,,0,1,0
3268,,0,1,0
3269,,0,1,0
3270,4.505,0,1,0
3271,,0,1,0
3272,,0,1,0
3273,26.449,0,2,0
3274,93.9,1,2,0
3275,,0,1,0
3276,,0,1,0
3277,,0,1,0
3278,,0,1,0
3279,,0,1,0
3280,,0,1,0
3281,,0,2,0
3282,,0,1,0
3283,,0,1,0
3284,,0,1,0
3285,,0,2,0
3286,,0,1,0
3287,,0,1,0
3288,,0,1,0
3289,,0,1,0
3290,,0,1,0
3291,,0,1,0
3292,,0,1,0
3293,,0,1,0
3294,,0,1,0
3295,,0,1,0
3296,9.85,0,1,0
3297,7.0,0,1,0
3298,,0,1,0
3299,,0,1,0
3300,,0,2,0
3301,94.1,1,2,0
3302,,0,1,0
3303,,0,1,0
3304,,0,1,0
3305,1.089,0,1,0
3306,,0,2,0
3307,,1,1,0
3308,,0,1,0
3309,,0,1,0
3310,,0,1,0
3311,,0,1,0
3312,,0,1,0
3313,,0,1,0
3314,,0,1,0
3315,,0,1,0
3316,,0,1,0
3317,,0,3,0
3318,,0,1,0
3319,,0,1,0
3320,11.03,0,1,0
3321,,1,0,0
3322,,0,1,0
3323,,0,2,0
3324,2.147,0,1,0
3325,,0,1,0
3326,,0,1,0
3327,723.004,0,2,0
3328,,0,1,0
3329,,0,1,0
3330,,0,2,0
3331,3.0,1,0,0
3332,,0,1,0
3333,,0,1,0
3334,,0,1,0
3335,,0,1,0
3336,6.64,0,1,0
3337,,0,1,0
3338,5.726,0,1,0
3339,95.7,0,3,0
3340,726.25,0,1,0
3341,5.0,0,2,0
3342,,0,1,0
3343,18.4,2,2,0
3344,,0,1,0
3345,,0,1,0
3346,13.8,0,1,0
3347,8.4,0,1,0
3348,,0,1,0
3349,30.48,0,1,0
3350,,0,1,0
3351,508.5,0,1,0
3352,,0,1,0
3353,,0,1,0
3354,27.6,0,3,0
3355,,0,3,0
3356,4.1,0,1,0
3357,,0,1,0
3358,,0,1,0
3359,,0,1,0
3360,9.8,0,5,0
3361,,0,1,0
3362,0.4,0,1,0
3363,3.2,0,1,0
3364,5.151,0,1,0
3365,7.965,0,2,0
3366,,0,1,0
3367,,0,1,0
3368,,0,1,0
3369,,1,1,0
3370,97.3,0,1,0
3371,,0,2,0
3372,518.0,0,1,0
3373,,0,2,0
3374,,0,1,0
3375,,0,1,0
3376,27.69,0,0,1
3377,,0,1,0
3378,,0,4,0
3379,,0,1,0
3380,,0,1,0
3381,,0,1,0
3382,,0,1,0
3383,,0,1,0
3384,6.631,0,1,0
3385,,0,1,0
3386,,0,1,0
3387,,0,1,0
3388,7.3,0,2,0
3389,,0,1,0
3390,,0,1,0
3391,,0,1,0
3392,,0,1,0
3393,,0,1,0
3394,,0,1,0
3395,,0,1,0
3396,,0,1,0
3397,,0,1,0
3398,11.0,0,1,0
3399,5.1,0,1,0
3400,,0,1,0
3401,9.519,0,1,0
3402,,0,1,0
3403,,0,1,0
3404,6.55,0,1,0
3405,,0,1,0
3406,,0,1,0
3407,,0,1,0
3408,,0,1,0
3409,7.4,0,2,0
3410,27.4,0,1,0
3411,,0,1,0
3412,,0,1,0
3413,,0,1,0
3414,,0,1,0
3415,,0,1,0
3416,,0,1,0
3417,,0,1,0
3418,27.147,0,1,0
3419,6.8,0,3,0
3420,,0,1,0
3421,519.8,0,2,0
3422,95.4,0,2,0
3423,,0,1,0
3424,,0,1,0
3425,517.95,0,2,0
3426,,0,1,0
3427,9.6,0,1,0
3428,12.301,0,1,0
3429,,0,1,0
3430,,0,1,0
3431,722.9,0,1,0
3432,,1,0,0
3433,2.4,0,2,0
3434,,0,1,0
3435,,0,1,0
3436,,0,1,0
3437,,0,1,0
3438,,0,1,0
3439,,0,1,0
3440,95.204,0,3,0
3441,,0,1,0
3442,,1,3,0
3443,,0,2,0
3444,,0,1,0
3445,,0,1,0
3446,,0,2,0
3447,,1,0,0
3448,518.458,0,1,0
3449,20.226,0,2,0
3450,,0,1,0
3451,,0,1,0
3452,,0,1,0
3453,4.4,0,1,0
3454,,0,1,0
3455,,0,1,0
3456,7.916,0,1,0
3457,,0,1,0
3458,,0,1,0
3459,7.879,0,1,0
3460,,0,1,0
3461,4.95,0,2,0
3462,,0,1,0
3463,6.0,0,5,0
3464,,0,1,0
3465,,0,1,0
3466,,0,1,0
3467,,0,1,0
3468,,0,1,0
3469,,0,1,0
3470,,0,1,0
3471,,0,1,0
3472,,0,1,0
3473,,0,1,0
3474,724.15,0,1,0
3475,,0,2,0
3476,,0,1,0
3477,,0,1,1
3478,,0,1,0
3479,730.283,0,1,0
3480,,0,1,0
3481,,0,1,0
3482,,0,1,0
3483,,0,1,0
3484,5.3,0,1,0
3485,8.0,0,2,0
3486,,0,4,0
3487,,0,1,0
3488,512.2,0,1,0
3489,,0,1,0
3490,,0,1,0
3491,,0,1,0
3492,5.12,0,1,0
3493,14.2,2,0,0
3494,,0,1,0
3495,,0,2,0
3496,,0,1,0
3497,,0,2,0
3498,,0,1,0
3499,,0,1,0
3500,2.28,0,3,0
3501,4.4,0,2,0
3502,,0,1,0
3503,,0,1,0
3504,,0,1,0
3505,,0,1,0
3506,,0,1,0
3507,,0,1,0
3508,,0,1,0
3509,,0,1,0
3510,723.81,1,0,0
3511,26.118,0,3,0
3512,,0,2,0
3513,,0,3,0
3514,97.8,0,0,1
3515,,0,1,0
3516,,0,1,0
3517,,0,1,0
3518,95.1,0,1,0
3519,27.7,0,1,0
3520,,1,0,0
3521,,0,1,0
3522,,0,2,0
3523,7.41,0,1,0
3524,,0,1,0
3525,,1,0,0
3526,,0,1,0
3527,,0,1,0
3528,,0,2,0
3529,9.528,0,3,0
3530,96.05,0,1,0
3531,,0,2,0
3532,,0,1,0
3533,6.597,0,1,0
3534,,0,1,0
3535,14.198,0,1,0
3536,,0,1,0
3537,,0,1,0
3538,3.116,0,3,0
3539,,0,1,0
3540,,0,1,0
3541,96.4,0,1,0
3542,,0,1,0
3543,2.0,1,0,0
3544,4.388,0,2,0
3545,,0,1,0
3546,,0,1,0
3547,,0,1,0
3548,6.402,0,6,0
3549,,0,2,0
3550,,0,1,0
3551,7.413,0,1,0
3552,7.27,0,4,0
3553,,0,1,0
3554,,0,1,0
3555,,1,0,0
3556,12.864,0,1,0
3557,,0,1,0
3558,,0,3,0
3559,,0,1,0
3560,95.0,0,2,0
3561,2.1,0,1,0
3562,,0,1,0
3563,,0,1,0
3564,,0,1,0
3565,,0,1,0
3566,,0,1,0
3567,5.353,0,1,0
3568,,0,1,0
3569,,0,1,0
3570,,1,0,0
3571,,0,1,0
3572,,0,1,0
3573,7.615,0,1,0
3574,,0,4,0
3575,,0,1,0
3576,,0,1,0
3577,,0,1,0
3578,729.5,0,1,0
3579,5.656,0,3,0
3580,523.6,2,1,0
3581,,0,1,0
3582,,0,1,0
3583,,0,1,0
3584,,0,1,0
3585,,0,1,0
3586,,0,1,0
3587,,0,2,0
3588,,0,2,0
3589,,0,1,0
3590,,0,1,0
3591,726.177,0,1,0
3592,730.964,0,1,0
3593,,0,1,0
3594,8.78,0,1,0
3595,3.909,0,1,0
3596,,0,3,0
3597,726.162,0,1,0
3598,8.58,0,1,0
3599,,0,1,0
3600,,0,1,0
3601,,0,1,0
3602,,0,1,0
3603,,0,1,0
3604,,0,1,0
3605,,0,1,0
3606,,0,1,0
3607,,0,1,0
3608,,0,1,0
3609,514.15,0,1,0
3610,,1,0,0
3611,4.639,0,2,0
3612,513.5,0,4,0
3613,9.2,0,1,0
3614,6.0,0,1,0
3615,,0,1,0
3616,,0,1,0
3617,,0,1,0
3618,12.284,0,1,0
3619,,0,1,0
3620,712.7,0,1,0
3621,517.0,0,1,0
3622,,0,1,0
3623,,0,1,0
3624,,0,1,0
3625,,1,0,0
3626,727.628,0,1,0
3627,723.2,0,1,0
3628,34.527,0,1,0
3629,94.45,0,2,0
3630,3.057,0,2,0
3631,0.5,0,1,0
3632,,0,1,0
3633,14.2,0,1,0
3634,0.904,0,1,0
3635,0.5,1,0,0
3636,1.218,0,2,0
3637,521.7,0,1,0
3638,,0,4,0
3639,5.145,1,0,0
3640,28.8,0,1,0
3641,5.15,0,2,0
3642,5.15,0,2,0
3643,,0,1,0
3644,,0,1,0
3645,,0,1,0
3646,,0,1,0
3647,32.0,0,1,0
3648,,0,3,0
3649,,0,1,0
3650,,0,1,0
3651,4.392,0,1,0
3652,,0,1,0
3653,,0,1,0
3654,,0,1,0
3655,,0,1,0
3656,10.907,0,1,0
3657,,0,1,0
3658,,0,1,0
3659,80.182,0,0,1
3660,,0,1,0
3661,,0,1,0
3662,,0,1,0
3663,,0,1,0
3664,,0,3,0
3665,,0,1,0
3666,514.1,0,1,0
3667,,0,1,0
3668,,0,1,0
3669,,0,1,0
3670,3.8,1,2,0
3671,2.5,0,2,0
3672,726.117,0,1,0
3673,5.546,0,1,0
3674,1.227,0,2,0
3675,,0,1,0
3676,1.1,0,1,0
3677,26.2,0,4,0
3678,6.957,0,3,0
3679,730.274,0,1,0
3680,731.0,0,2,0
3681,24.3,1,1,0
3682,722.9,0,1,0
3683,,0,1,0
3684,94.95,0,1,1
3685,1.219,0,1,0
3686,0.3,0,1,0
3687,,0,1,0
3688,,0,1,0
3689,,0,1,0
3690,14.2,0,2,0
3691,8.4,0,1,0
3692,4.365,0,1,0
3693,2.1,0,1,0
3694,730.7,0,1,0
3695,3.9,0,1,0
3696,2.9,0,3,0
3697,511.4,0,2,0
3698,6.1,0,1,0
3699,,0,1,0
3700,,0,1,0
3701,,0,1,0
3702,4.0,0,1,0
3703,4.626,0,1,0
3704,,0,1,0
3705,,0,1,0
3706,1.4,1,0,0
3707,,0,2,0
3708,,0,1,0
3709,,0,1,0
3710,,0,1,0
3711,,0,1,0
3712,,0,1,0
3713,,0,1,0
3714,20.1,0,2,0
3715,,0,1,0
3716,,0,1,0
3717,,0,1,0
3718,,0,1,0
3719,,0,1,0
3720,,0,1,0
3721,,0,1,0
3722,2.422,0,1,0
3723,3.9,0,2,0
3724,,0,2,0
3725,197.98,0,1,0
3726,,0,1,0
3727,,1,1,0
3728,,0,1,0
3729,,0,1,0
3730,,0,2,0
3731,,0,3,0
3732,,0,1,0
3733,,0,1,0
3734,3.446,0,1,0
3735,,0,1,0
3736,,0,1,0
3737,,0,1,0
3738,,1,0,0
3739,,0,1,0
3740,,1,0,0
3741,,0,1,0
3742,,0,1,0
3743,,0,1,0
3744,,1,0,0
3745,207.1,0,1,0
3746,,1,0,0
3747,,0,2,0
3748,4.666,0,1,0
3749,1.677,0,1,0
3750,,0,1,0
3751,6.8,1,0,0
3752,,0,1,0
3753,143.333,0,1,0
3754,144.1,0,2,0
3755,,0,2,0
3756,,0,1,0
3757,9.7,2,0,0
3758,6.6,0,1,0
3759,144.4,0,1,0
3760,143.9,0,3,0
3761,,1,0,0
3762,,0,2,0
3763,,0,1,0
3764,144.1,0,2,0
3765,,0,2,0
3766,,0,1,0
3767,,0,1,0
3768,144.209,0,1,0
3769,,0,1,0
3770,,0,1,0
3771,144.218,0,1,0
3772,5.835,0,2,0
3773,143.7,0,1,0
3774,,0,4,0
3775,,0,1,0
3776,,0,1,0
3777,,0,1,0
3778,,0,1,0
3779,,0,1,0
3780,,0,1,0
3781,,0,1,0
3782,,1,0,0
3783,3.201,0,1,0
3784,5.8,0,1,0
3785,,0,2,0
3786,,0,2,0
3787,,0,1,0
3788,18.4,1,0,0
3789,2.0,1,0,0
3790,2.0,0,2,0
3791,16.0,0,1,0
3792,2.1,0,1,0
3793,,0,1,0
3794,,1,0,0
3795,191.021,0,2,0
3796,190.6,0,3,0
3797,191.7,0,1,0
3798,2.11,0,1,0
3799,617.3,0,0,1
3800,1.0,0,1,0
3801,187.5,0,2,0
3802,,1,0,0
3803,,0,1,0
3804,5.473,0,1,0
3805,1.5,0,2,0
3806,1.712,0,1,0
3807,11.8,0,2,0
3808,2.5,0,2,0
3809,0.1,1,0,0
3810,1.0,0,1,0
3811,5.6,0,2,0
3812,,0,1,0
3813,,0,1,0
3814,,0,1,0
3815,67.074,0,1,0
3816,,0,3,0
3817,75.9,0,3,0
3818,71.35,1,0,1
3819,23.0,0,1,0
3820,65.35,0,4,0
3821,67.882,0,1,0
3822,23.96,0,1,0
3823,73.4,0,3,0
3824,69.1,0,1,0
3825,6.35,0,2,0
3826,3.0,0,1,0
3827,5.481,0,1,0
3828,0.1,0,1,0
3829,0.2,0,2,0
3830,13.9,0,1,0
3831,,0,1,0
3832,459.4,0,1,0
3833,,0,1,0
3834,,0,1,0
3835,,0,1,0
3836,460.3,0,1,0
3837,,0,2,0
3838,4.454,0,1,0
3839,,0,1,0
3840,,0,1,0
3841,458.2,0,1,0
3842,1.955,0,2,0
3843,,0,1,0
3844,,0,3,0
3845,459.697,0,1,0
3846,2.6,0,1,0
3847,10.3,0,1,0
3848,0.3,0,1,0
3849,2.6,0,3,0
3850,2.65,0,1,0
3851,5.2,0,1,0
3852,5.3,0,1,0
3853,,0,1,0
3854,6.3,0,0,1
3855,7.0,0,1,0
3856,,1,0,0
3857,7.952,0,1,0
3858,9.415,0,1,0
3859,,0,1,0
3860,,0,1,0
3861,,2,0,0
3862,2.0,0,1,0
3863,3.5,0,1,0
3864,9.9,0,1,0
3865,0.85,1,0,0
3866,,1,0,0
3867,3.5,1,1,0
3868,4.0,0,1,0
3869,9.417,1,0,0
3870,2.44,0,1,0
3871,1.4,0,2,0
3872,5.077,0,2,0
3873,3.5,0,1,0
3874,2.79,0,1,0
3875,2.5,0,2,0
3876,,0,1,0
3877,,0,1,0
3878,,0,3,0
3879,,0,1,0
3880,,0,1,0
3881,,1,0,0
3882,,0,1,0
3883,,0,1,0
3884,,0,1,0
3885,,0,1,0
3886,9.0,1,0,0
3887,,1,0,0
3888,10.1,0,1,0
3889,9.7,0,1,0
3890,1.0,0,1,0
3891,1.396,0,1,0
3892,1.755,0,1,0
3893,,0,2,0
3894,,0,1,0
3895,7.5,0,1,0
3896,9.071,0,1,0
3897,11.371,0,1,0
3898,,0,1,0
3899,11.3,1,0,0
3900,14.2,0,1,0
3901,2.1,0,2,0
3902,2.4,0,1,0
3903,11.301,0,1,0
3904,14.395,0,1,0
3905,10.826,0,1,0
3906,22.8,0,1,0
3907,12.0,0,1,0
3908,29.57,0,1,0
3909,22.6,0,1,0
3910,22.4,0,0,1
3911,4.8,0,2,0
3912,7.181,0,1,0
3913,8.033,0,1,0
3914,6.5,1,1,0
3915,224.25,0,1,0
3916,222.021,0,1,0
3917,217.077,0,1,0
3918,0.3,4,0,0
3919,220.7,0,1,0
3920,219.1,0,5,0
3921,221.8,0,0,1
3922,0.3,0,1,0
3923,225.0,0,2,0
3924,9.701,0,1,0
3925,217.3,0,1,0
3926,223.3,0,5,0
3927,,1,0,0
3928,8.79,0,1,0
3929,8.3,0,4,0
3930,220.286,0,2,0
3931,218.207,0,1,0
3932,224.15,0,1,0
3933,225.6,1,2,0
3934,219.7,0,1,0
3935,223.3,0,1,0
3936,8.772,0,1,0
3937,218.5,0,1,0
3938,216.4,0,0,1
3939,217.946,0,1,0
3940,6.212,0,1,0
3941,218.2,0,1,0
3942,,0,1,0
3943,217.446,0,1,0
3944,508.033,0,2,0
3945,221.3,0,1,0
3946,221.3,0,2,0
3947,16.0,0,1,0
3948,4.113,0,3,0
3949,8.9,0,1,0
3950,17.358,0,2,0
3951,10.907,0,1,0
3952,,0,1,0
3953,9.2,1,1,1
3954,17.3,0,2,0
3955,8.9,1,0,0
3956,,1,0,0
3957,,0,1,0
3958,,0,1,0
3959,,0,1,0
3960,5.1,0,1,0
3961,0.1,2,0,0
3962,,0,1,0
3963,,0,1,0
3964,,0,1,0
3965,,0,1,0
3966,2.361,0,1,0
3967,,0,2,0
3968,,0,1,0
3969,,0,1,0
3970,4.2,0,1,0
3971,,0,1,0
3972,1.2,0,1,0
3973,5.5,1,0,0
3974,0.8,0,1,0
3975,,0,1,0
3976,2.336,0,2,0
3977,0.5,0,1,0
3978,3.5,0,3,0
3979,3.575,0,1,0
3980,5.964,0,1,0
3981,3.6,0,1,0
3982,,0,2,0
3983,,0,1,0
3984,,0,2,0
3985,,0,1,0
3986,,0,1,0
3987,,0,1,0
3988,,0,1,0
3989,,0,1,0
3990,,0,1,0
3991,,0,2,0
3992,,0,1,0
3993,,0,2,0
3994,,0,1,0
3995,,0,1,0
3996,0.95,0,1,0
3997,,0,2,0
3998,5.35,1,0,0
3999,,0,1,0
4000,2.705,0,1,0
4001,1.0,0,1,0
4002,,0,1,0
4003,,0,1,0
4004,3.591,0,2,0
4005,,0,1,0
4006,4.4,0,1,0
4007,20.0,1,0,0
4008,3.7,0,2,0
4009,,0,1,0
4010,,0,1,0
4011,,0,1,0
4012,,0,1,0
4013,,0,1,0
4014,,0,1,0
4015,6.404,0,1,0
4016,,0,1,0
4017,,0,1,0
4018,1.0,0,1,0
4019,685.115,0,2,0
4020,8.0,1,0,0
4021,686.629,0,1,0
4022,,0,1,0
4023,,0,2,0
4024,,0,1,0
4025,,0,2,0
4026,,0,1,0
4027,,0,1,0
4028,,0,1,0
4029,,0,1,0
4030,,0,1,0
4031,,0,1,0
4032,,0,1,0
4033,,0,1,0
4034,0.8,0,1,0
4035,,0,1,0
4036,,0,1,0
4037,3.463,0,1,0
4038,,0,1,0
4039,,0,1,0
4040,,0,1,0
4041,2.59,0,1,0
4042,3.5,0,1,0
4043,3.38,0,2,0
4044,0.01,0,1,0
4045,3.0,1,0,0
4046,,0,1,0
4047,2.486,0,1,0
4048,,1,0,0
4049,24.116,0,1,0
4050,,0,1,0
4051,,0,1,0
4052,210.4,0,1,0
4053,216.0,0,1,0
4054,1.776,0,2,0
4055,214.803,0,1,0
4056,,0,2,0
4057,209.5,0,1,0
4058,0.1,0,2,0
4059,,0,1,0
4060,13.9,0,1,0
4061,3.14,0,1,0
4062,,0,1,0
4063,,0,1,0
4064,,0,1,0
4065,216.487,0,1,0
4066,,0,1,0
4067,,0,1,0
4068,12.9,1,0,1
4069,,1,1,0
4070,,0,1,0
4071,,0,1,0
4072,,0,1,0
4073,216.8,0,1,0
4074,,0,1,0
4075,,0,1,0
4076,,0,1,0
4077,211.1,0,1,0
4078,,0,1,0
4079,,0,1,0
4080,,0,1,0
4081,,0,1,0
4082,2.9,0,2,0
4083,,0,1,0
4084,0.0,0,1,0
4085,,1,0,0
4086,,0,1,0
4087,,0,3,0
4088,,0,1,0
4089,217.844,0,2,0
4090,,0,3,0
4091,,0,1,0
4092,,0,2,0
4093,,0,1,0
4094,,0,1,0
4095,1.5,0,4,0
4096,,0,1,0
4097,,0,1,0
4098,17.0,2,0,0
4099,213.0,0,1,0
4100,,0,1,0
4101,,0,1,0
4102,209.6,0,1,0
4103,,0,3,0
4104,4.4,0,1,0
4105,0.3,1,0,0
4106,3.15,1,5,0
4107,48.3,0,1,0
4108,6.8,2,0,0
4109,56.0,1,0,0
4110,47.2,0,2,0
4111,46.6,0,1,0
4112,46.1,0,1,0
4113,56.0,1,1,0
4114,46.673,0,2,0
4115,,0,1,0
4116,46.95,0,1,0
4117,44.1,0,1,0
4118,,0,1,0
4119,47.485,0,1,0
4120,49.5,0,1,0
4121,6.8,0,1,0
4122,43.196,0,1,0
4123,46.0,0,1,0
4124,44.9,0,1,0
4125,,0,1,0
4126,48.35,0,1,0
4127,43.38,0,1,0
4128,43.31,0,1,0
4129,44.95,0,1,0
4130,,0,1,0
4131,,0,1,0
4132,,1,0,0
4133,56.0,1,2,0
4134,43.9,0,1,0
4135,46.5,0,2,0
4136,196.3,0,2,0
4137,,0,1,0
4138,,0,2,0
4139,,0,1,0
4140,2.0,0,2,0
4141,198.0,0,1,0
4142,196.1,0,2,0
4143,0.9,0,1,0
4144,608.0,1,5,0
4145,607.147,0,1,0
4146,609.3,0,1,0
4147,615.408,0,6,0
4148,608.628,0,3,0
4149,197.3,0,2,0
4150,196.12,0,1,0
4151,,0,2,0
4152,,0,2,0
4153,,0,2,0
4154,,0,2,0
4155,,0,1,0
4156,,1,0,0
4157,,0,1,0
4158,0.719,0,1,0
4159,4.793,0,1,0
4160,0.5,0,1,0
4161,0.35,0,1,0
4162,10.95,1,0,0
4163,4.7,0,1,0
4164,3.904,0,1,0
4165,,0,1,0
4166,3.5,0,1,0
4167,6.3,0,1,0
4168,3.5,0,2,0
4169,10.3,0,1,0
4170,1.816,0,1,0
4171,,0,1,0
4172,0.75,0,1,0
4173,19.8,0,1,0
4174,21.898,0,1,0
4175,1.006,0,2,0
4176,11.3,0,1,0
4177,12.85,0,0,1
4178,13.0,0,1,0
4179,9.59,0,1,0
4180,9.633,0,1,0
4181,17.7,0,1,0
4182,1.2,0,2,0
4183,0.05,0,3,0
4184,1.6,0,4,0
4185,,0,1,0
4186,8.9,0,1,0
4187,53.0,0,1,0
4188,,0,1,0
4189,3.5,0,1,0
4190,6.8,0,2,0
4191,,0,1,0
4192,689.4,0,3,0
4193,2.5,0,3,0
4194,,0,2,0
4195,683.0,0,1,0
4196,,0,2,0
4197,11.0,0,2,0
4198,48.0,0,2,0
4199,547.5,0,1,0
4200,5.8,0,1,0
4201,0.1,0,3,0
4202,,0,1,0
4203,,0,1,0
4204,2.3,0,1,0
4205,,0,1,0
4206,5.7,0,1,0
4207,,1,1,0
4208,1.0,0,2,0
4209,,0,1,0
4210,,0,1,0
4211,,0,1,0
4212,,0,2,0
4213,3.1,0,5,0
4214,,0,3,0
4215,,0,1,0
4216,,0,1,0
4217,,0,4,0
4218,7.45,1,0,0
4219,4.2,0,1,0
4220,8.306,0,1,0
4221,,0,1,0
4222,5.0,0,2,0
4223,,0,1,0
4224,7.15,1,0,0
4225,4.306,0,4,0
4226,,0,1,0
4227,,0,1,0
4228,4.2,1,0,0
4229,4.1,0,1,0
4230,680.392,0,3,0
4231,,0,1,0
4232,4.2,0,1,0
4233,,0,1,0
4234,,0,1,0
4235,,1,0,0
4236,9.2,0,4,0
4237,,0,1,0
4238,1.5,0,1,0
4239,,0,1,0
4240,,0,1,0
4241,,0,2,0
4242,,0,1,0
4243,,0,3,0
4244,,0,2,0
4245,,0,1,0
4246,,0,2,0
4247,,0,1,0
4248,,0,1,0
4249,,0,2,0
4250,,0,1,0
4251,,0,2,0
4252,,0,6,0
4253,,0,1,0
4254,,0,1,0
4255,0.5,1,0,0
4256,,0,1,0
4257,,0,2,0
4258,0.4,0,1,0
4259,3.4,0,4,0
4260,0.2,0,1,0
4261,1.0,0,1,0
4262,1.545,0,1,0
4263,,0,2,0
4264,,0,1,0
4265,,0,1,0
4266,,0,1,0
4267,3.1,0,1,0
4268,,0,1,0
4269,4.9,0,2,0
4270,,0,1,0
4271,,0,2,0
4272,,0,2,0
4273,,0,1,0
4274,,0,1,0
4275,,1,1,0
4276,,0,2,0
4277,,0,1,0
4278,,0,1,0
4279,,0,1,0
4280,,0,2,0
4281,,0,2,0
4282,,0,2,0
4283,,0,1,0
4284,546.6,0,1,0
4285,5.0,0,1,0
4286,4.8,0,5,0
4287,,0,1,0
4288,,0,2,0
4289,49.95,0,1,0
4290,1.3,0,2,0
4291,687.4,0,2,0
4292,,0,1,0
4293,,0,1,0
4294,,0,1,0
4295,,0,1,0
4296,14.4,0,1,0
4297,,0,1,0
4298,,0,1,0
4299,,0,2,0
4300,1.3,0,2,0
4301,47.655,1,1,0
4302,,0,2,0
4303,48.607,0,1,0
4304,,0,1,0
4305,,0,1,0
4306,,0,1,0
4307,,0,1,0
4308,5.325,0,1,0
4309,51.6,0,3,0
4310,0.5,0,1,0
4311,,0,1,0
4312,,0,1,0
4313,,0,1,0
4314,,0,1,0
4315,,0,1,0
4316,2.594,0,4,0
4317,681.9,0,0,1
4318,4.3,0,1,0
4319,0.2,0,1,0
4320,542.2,0,1,0
4321,3.4,0,1,0
4322,1.2,0,3,0
4323,,0,1,0
4324,,0,1,0
4325,,0,1,0
4326,,0,3,0
4327,3.45,0,0,1
4328,,0,1,0
4329,5.1,0,1,0
4330,3.8,0,2,0
4331,4.1,0,0,1
4332,,0,1,0
4333,,0,1,0
4334,,0,1,0
4335,1.8,0,1,0
4336,,0,1,0
4337,,0,1,0
4338,,0,1,0
4339,2.908,0,4,0
4340,1.83,0,1,0
4341,2.7,0,1,0
4342,,1,0,0
4343,,0,2,0
4344,683.0,0,1,0
4345,,0,1,0
4346,0.5,0,1,0
4347,,0,1,0
4348,5.34,0,1,0
4349,,0,1,0
4350,47.9,0,2,0
4351,5.2,1,0,0
4352,2.4,0,2,0
4353,,0,1,0
4354,,0,1,0
4355,550.6,0,1,0
4356,17.5,0,2,0
4357,,0,2,0
4358,0.2,0,1,0
4359,49.932,0,1,0
4360,,0,5,0
4361,547.0,0,1,0
4362,3.2,0,1,0
4363,2.0,0,3,0
4364,680.3,0,1,0
4365,,0,1,0
4366,,0,1,0
4367,,0,2,0
4368,,0,1,0
4369,1.8,0,2,0
4370,3.942,0,2,0
4371,1.5,0,1,0
4372,,0,1,0
4373,,0,9,0
4374,,0,1,0
4375,,0,1,0
4376,11.677,0,1,0
4377,541.0,0,1,0
4378,,0,2,0
4379,,0,1,0
4380,,0,2,0
4381,,0,3,0
4382,24.4,0,1,0
4383,39.052,0,3,0
4384,34.5,0,1,0
4385,0.5,1,0,0
4386,194.3,1,1,0
4387,,0,1,0
4388,2.206,0,1,0
4389,191.4,0,2,0
4390,4.6,0,1,0
4391,4.2,0,1,0
4392,,0,1,0
4393,49.7,0,1,0
4394,191.65,0,2,0
4395,,0,1,0
4396,,0,1,0
4397,1.1,0,2,0
4398,,1,0,0
4399,49.4,0,1,0
4400,,0,1,0
4401,48.6,0,1,0
4402,196.0,0,4,0
4403,6.759,0,1,0
4404,,0,1,0
4405,,0,1,0
4406,,0,1,0
4407,3.7,0,0,1
4408,193.0,0,2,0
4409,,0,1,0
4410,49.3,0,1,0
4411,194.4,1,0,0
4412,48.4,0,1,0
4413,,0,1,0
4414,,0,1,0
4415,0.65,0,0,1
4416,21.0,0,1,0
4417,12.3,0,1,0
4418,0.022,0,1,0
4419,0.1,0,2,0
4420,40.22,1,0,0
4421,4.038,0,1,0
4422,62.713,0,2,0
4423,62.0,0,1,0
4424,61.9,1,0,0
4425,3.0,0,1,0
4426,,0,1,0
4427,,0,1,0
4428,6.0,0,1,0
4429,,0,1,0
4430,,0,1,0
4431,,0,1,0
4432,,0,1,0
4433,4.5,0,2,0
4434,202.521,0,2,0
4435,205.8,0,1,0
4436,204.3,0,3,0
4437,205.1,0,4,0
4438,,0,1,0
4439,,0,1,0
4440,20.3,0,2,0
4441,206.367,0,3,0
4442,0.01,0,1,0
4443,3.5,0,1,0
4444,199.65,0,2,0
4445,205.0,0,2,0
4446,205.191,0,5,0
4447,0.01,0,1,0
4448,1.288,0,2,0
4449,205.4,0,1,0
4450,206.35,1,1,1
4451,205.0,0,1,0
4452,208.3,0,1,0
4453,0.736,0,1,0
4454,,0,1,0
4455,,0,1,0
4456,,0,1,0
4457,19.049,0,1,0
4458,,0,2,0
4459,24.878,0,1,0
4460,0.8,0,1,0
4461,3.4,0,1,0
4462,0.001,0,1,0
4463,42.1,0,1,0
4464,39.807,1,0,0
4465,36.83,0,1,0
4466,38.6,1,0,0
4467,43.1,1,1,0
4468,54.875,0,2,0
4469,,0,1,0
4470,,0,1,0
4471,,0,1,0
4472,,0,1,0
4473,,0,1,0
4474,,0,1,0
4475,,0,1,0
4476,,0,1,0
4477,,0,1,0
4478,,0,1,0
4479,,0,1,0
4480,,0,4,0
4481,692.5,2,0,0
4482,,0,2,0
4483,2.0,0,2,0
4484,,0,1,0
4485,,0,3,0
4486,,0,2,0
4487,,0,1,0
4488,,0,1,0
4489,,0,1,0
4490,,0,1,0
4491,0.9,0,2,0
4492,0.2,1,0,0
4493,,0,1,0
4494,708.0,0,1,0
4495,,0,3,0
4496,,0,1,0
4497,690.321,0,4,0
4498,28.3,1,0,0
4499,1.0,0,1,0
4500,2.0,0,1,0
4501,18.242,0,1,0
4502,1.05,0,0,1
4503,7.4,0,1,0
4504,18.0,0,1,0
4505,4.0,0,1,0
4506,2.537,0,1,0
4507,1.013,0,2,0
4508,12.3,0,1,0
4509,1.03,0,1,0
4510,2.0,0,1,0
4511,1.0,0,1,0
4512,,0,1,0
4513,3.3,0,1,0
4514,1.15,0,1,0
4515,1.0,0,1,0
4516,1.04,0,1,0
4517,1.1,0,1,0
4518,2.5,0,1,0
4519,,1,0,0
4520,,0,1,0
4521,14.5,0,1,0
4522,3.258,0,2,0
4523,,0,1,0
4524,1.1,0,2,0
4525,11.5,0,1,0
4526,2.0,0,1,0
4527,6.1,0,1,0
4528,8.023,0,1,0
4529,5.5,0,1,0
4530,15.223,0,1,0
4531,,0,1,0
4532,74.15,0,1,0
4533,,0,2,0
4534,10.0,1,0,0
4535,6.682,0,1,0
4536,76.4,0,1,0
4537,,0,1,0
4538,,0,1,0
4539,10.1,1,0,0
4540,,0,1,0
4541,,0,1,0
4542,,0,1,0
4543,,0,1,0
4544,,0,1,0
4545,74.1,1,1,0
4546,1.98,0,3,0
4547,,0,2,0
4548,2.6,0,1,0
4549,,0,2,0
4550,,0,2,0
4551,,0,1,0
4552,9.336,0,2,0
4553,6.955,0,1,0
4554,,0,2,0
4555,7.1,0,3,0
4556,,0,1,0
4557,,0,1,0
4558,6.4,0,1,0
4559,,0,1,0
4560,,0,1,0
4561,,0,1,0
4562,6.7,0,1,0
4563,6.1,0,6,0
4564,,0,1,0
4565,8.2,0,1,0
4566,6.402,0,1,0
4567,4.98,0,1,0
4568,,0,2,0
4569,,0,1,0
4570,,0,1,0
4571,,0,1,0
4572,,0,1,0
4573,5.5,1,0,0
4574,,0,1,0
4575,,0,1,0
4576,,0,1,0
4577,6.2,0,1,0
4578,8.3,0,1,0
4579,4.322,0,2,0
4580,16.0,0,2,0
4581,7.036,0,1,0
4582,1.0,1,0,0
4583,,0,3,0
4584,7.8,0,2,0
4585,5.2,0,1,0
4586,22.5,0,2,0
4587,17.594,0,3,0
4588,7.0,0,1,0
4589,3.0,0,2,0
4590,18.0,1,1,0
4591,7.5,0,1,0
4592,88.1,0,1,0
4593,8.721,0,1,0
4594,19.506,0,4,0
4595,,0,1,0
4596,,0,1,0
4597,80.233,0,2,0
4598,93.3,0,2,0
4599,,0,3,0
4600,88.092,0,1,0
4601,88.1,0,3,0
4602,10.621,0,1,0
4603,88.28,0,1,0
4604,,0,1,0
4605,,0,2,0
4606,8.8,0,1,0
4607,,0,1,0
4608,,0,1,0
4609,92.5,0,2,0
4610,,0,1,0
4611,,0,1,0
4612,,0,1,0
4613,86.282,0,2,0
4614,,0,1,0
4615,91.5,0,1,0
4616,,0,1,0
4617,,1,0,0
4618,86.2,0,1,0
4619,88.1,0,1,0
4620,,0,1,0
4621,,0,2,0
4622,,0,1,0
4623,11.8,0,1,0
4624,,0,1,0
4625,,0,1,0
4626,,0,1,0
4627,,0,1,0
4628,,0,2,0
4629,,0,1,0
4630,,0,1,0
4631,,0,1,0
4632,,0,1,0
4633,88.075,0,2,0
4634,88.25,0,2,0
4635,88.1,0,3,0
4636,,0,1,0
4637,88.0,0,1,0
4638,,0,1,0
4639,,0,2,0
4640,,0,2,0
4641,,0,1,0
4642,,0,1,0
4643,,0,1,0
4644,,0,1,0
4645,,0,1,0
4646,,1,0,0
4647,,0,1,0
4648,,0,1,0
4649,,0,1,0
4650,,0,1,0
4651,,1,0,0
4652,,0,1,0
4653,90.092,0,4,0
4654,,0,1,0
4655,2.0,0,1,0
4656,91.254,0,1,0
4657,,0,1,0
4658,,0,1,0
4659,92.616,0,1,0
4660,,0,1,0
4661,,0,1,0
4662,,0,2,0
4663,,0,2,0
4664,,0,1,0
4665,,0,1,0
4666,,0,3,0
4667,,0,1,0
4668,1.0,1,0,0
4669,,0,1,0
4670,,1,0,0
4671,92.133,0,1,0
4672,,0,1,0
4673,,0,1,0
4674,,0,1,0
4675,91.506,0,1,0
4676,,0,1,0
4677,,0,1,0
4678,,0,1,0
4679,,0,1,0
4680,88.0,0,1,0
4681,,0,1,0
4682,,0,2,0
4683,,0,3,0
4684,,0,1,0
4685,11.0,1,0,0
4686,,0,1,0
4687,88.086,0,1,0
4688,,0,1,0
4689,,0,1,0
4690,,0,2,0
4691,,0,1,0
4692,,0,1,0
4693,,0,1,0
4694,,0,2,0
4695,,0,1,0
4696,,0,2,0
4697,,0,1,0
4698,,0,1,0
4699,,0,1,0
4700,,0,1,0
4701,86.2,1,0,0
4702,,1,0,0
4703,81.4,1,1,0
4704,,0,1,0
4705,,0,1,0
4706,,0,1,0
4707,,1,0,0
4708,,0,1,0
4709,,0,1,0
4710,85.25,0,0,1
4711,90.171,0,2,0
4712,0.837,0,1,0
4713,,0,1,0
4714,,0,1,0
4715,0.01,0,1,0
4716,6.638,0,1,0
4717,,1,0,0
4718,,0,1,0
4719,0.001,0,4,0
4720,,0,2,0
4721,,1,0,0
4722,,0,1,0
4723,,0,1,0
4724,,0,1,0
4725,,0,1,0
4726,,0,1,0
4727,6.5,0,1,0
4728,4.5,1,0,0
4729,0.1,0,1,0
4730,,0,1,0
4731,,0,1,0
4732,,0,1,0
4733,,0,1,0
4734,,1,0,0
4735,,0,1,0
4736,,0,2,0
4737,,0,2,0
4738,,0,2,0
4739,,0,1,0
4740,,0,1,0
4741,,0,1,0
4742,,0,1,0
4743,,1,0,0
4744,,0,1,0
4745,,0,2,0
4746,,0,1,0
4747,,0,1,0
4748,,0,1,0
4749,,0,1,0
4750,,1,0,0
4751,,0,1,0
4752,,0,1,0
4753,,0,1,0
4754,,0,1,0
4755,,0,1,0
4756,,0,1,0
4757,,1,0,0
4758,,0,1,0
4759,,0,1,0
4760,,0,2,0
4761,,1,0,0
4762,,0,1,0
4763,,0,1,0
4764,,0,1,0
4765,,0,1,0
4766,,0,1,0
4767,,0,1,0
4768,,0,1,0
4769,,0,1,0
4770,,0,1,0
4771,,0,1,0
4772,,0,2,0
4773,,0,1,0
4774,,0,1,0
4775,,0,1,0
4776,,0,2,0
4777,0.5,0,1,0
4778,0.856,0,1,0
4779,0.8,0,1,0
4780,0.8,0,5,0
4781,,0,1,0
4782,,0,1,0
4783,,0,1,0
4784,,0,1,0
4785,,0,1,0
4786,,0,1,0
4787,,0,1,0
4788,,0,2,0
4789,,2,0,0
4790,,0,1,0
4791,,0,1,0
4792,,0,1,0
4793,,0,1,0
4794,,1,1,0
4795,,0,1,0
4796,,0,2,0
4797,,0,1,0
4798,,0,2,0
4799,,0,1,0
4800,,0,1,0
4801,,0,1,0
4802,,1,0,0
4803,,0,1,0
4804,,0,2,0
4805,,0,1,0
4806,,0,1,0
4807,,0,1,0
4808,,1,0,0
4809,,1,0,0
4810,,1,0,0
4811,,0,2,0
4812,,1,0,0
4813,195.6,0,1,0
4814,0.5,0,1,0
4815,191.5,0,1,0
4816,195.05,0,1,0
4817,197.663,0,1,0
4818,1.263,0,1,0
4819,193.718,0,1,0
4820,5.28,0,2,0
4821,195.552,0,2,0
4822,,0,2,0
4823,,1,1,0
4824,,0,1,0
4825,,0,3,0
4826,,0,1,0
4827,,0,1,0
4828,,0,1,0
4829,,0,1,0
4830,,0,1,0
4831,,0,1,0
4832,,0,1,0
4833,,0,1,0
4834,195.792,0,1,0
4835,13.3,0,1,0
4836,621.5,0,2,2
4837,2.3,0,1,0
4838,2.0,0,1,0
4839,0.75,1,0,0
4840,1.9,0,1,0
4841,3.03,1,0,0
4842,8.3,0,1,0
4843,3.254,0,1,0
4844,,0,1,0
4845,,0,1,0
4846,,0,1,0
4847,,0,1,0
4848,,0,1,0
4849,,0,1,0
4850,1.8,0,2,0
4851,2.3,0,1,0
4852,8.0,0,1,0
4853,480.0,1,2,0
4854,3.0,0,1,0
4855,4.162,0,1,0
4856,6.5,0,1,0
4857,9.884,0,1,0
4858,479.0,0,2,0
4859,10.6,1,0,0
4860,10.5,1,0,0
4861,16.221,0,2,0
4862,12.35,0,1,0
4863,12.8,0,1,0
4864,54.489,0,5,0
4865,56.447,0,1,0
4866,53.0,0,1,0
4867,56.106,0,2,0
4868,57.744,0,1,0
4869,6.5,0,1,0
4870,52.874,1,0,0
4871,5.2,1,0,0
4872,,0,2,0
4873,,0,1,0
4874,,0,1,0
4875,,0,1,0
4876,,0,1,0
4877,,0,1,0
4878,,0,1,0
4879,,0,1,0
4880,,0,1,0
4881,9.6,0,2,0
4882,,1,0,0
4883,,0,1,0
4884,,0,1,0
4885,,0,1,0
4886,,0,1,0
4887,,0,1,0
4888,,0,1,0
4889,52.025,0,1,0
4890,,0,1,0
4891,53.2,0,1,0
4892,,0,1,0
4893,,0,1,0
4894,,0,1,0
4895,,0,1,0
4896,52.771,0,1,0
4897,,0,1,0
4898,,0,1,0
4899,,0,1,0
4900,,0,1,0
4901,,0,1,0
4902,,0,1,0
4903,59.957,0,1,0
4904,56.2,0,1,0
4905,54.0,0,1,0
4906,56.9,0,2,0
4907,23.0,0,4,0
4908,,0,1,0
4909,,0,1,0
4910,,0,1,0
4911,,0,1,0
4912,,0,1,0
4913,,0,1,0
4914,,0,1,0
4915,,0,1,0
4916,,0,1,0
4917,,0,1,0
4918,,0,1,0
4919,,0,1,0
4920,,0,1,0
4921,,0,1,0
4922,,0,1,0
4923,,0,1,0
4924,,0,1,0
4925,,0,1,0
4926,,0,1,0
4927,4.8,0,1,0
4928,,0,1,0
4929,7.727,0,1,0
4930,73.112,0,2,0
4931,,0,1,0
4932,,0,1,0
4933,,0,1,0
4934,,0,1,0
4935,,0,1,0
4936,,0,1,0
4937,,0,1,0
4938,,0,1,0
4939,,0,1,0
4940,52.774,0,2,0
4941,,0,1,0
4942,,0,1,0
4943,52.791,0,1,0
4944,,0,1,0
4945,,0,1,0
4946,52.8,0,1,0
4947,,0,1,0
4948,,0,1,0
4949,,0,2,0
4950,,0,1,0
4951,,0,1,0
4952,,0,2,0
4953,,0,1,0
4954,,0,1,0
4955,,0,1,0
4956,54.0,0,1,0
4957,,0,1,0
4958,,0,1,0
4959,,0,1,0
4960,,0,1,0
4961,,0,1,0
4962,,0,1,0
4963,53.9,0,3,0
4964,,0,1,0
4965,,0,1,0
4966,,0,1,0
4967,,0,1,0
4968,,0,1,0
4969,52.9,0,1,0
4970,,1,1,0
4971,56.075,0,2,0
4972,,0,1,0
4973,9.559,0,1,0
4974,9.0,0,1,0
4975,61.0,0,1,0
4976,,0,1,0
4977,,0,1,0
4978,57.454,0,1,0
4979,,0,1,0
4980,,0,1,0
4981,,0,1,0
4982,,0,1,0
4983,,0,1,0
4984,8.632,0,3,0
4985,50.164,0,1,0
4986,6.5,1,0,0
4987,58.5,0,2,0
4988,,0,1,0
4989,,0,1,0
4990,50.0,0,3,0
4991,52.783,0,1,0
4992,0.0,0,1,0
4993,7.9,0,1,0
4994,6.415,0,2,0
4995,60.5,0,1,0
4996,1.0,0,0,1
4997,49.935,0,2,0
4998,9.095,0,1,0
4999,57.765,0,1,0
5000,55.8,0,1,0
5001,6.5,0,1,0
5002,,0,1,0
5003,,0,1,0
5004,,0,1,0
5005,,0,4,0
5006,,0,1,0
5007,,0,1,0
5008,,0,1,0
5009,,0,1,0
5010,,0,1,0
5011,,0,1,0
5012,,0,1,0
5013,,0,1,0
5014,,0,1,0
5015,,0,1,0
5016,,0,1,0
5017,,0,1,0
5018,,0,1,0
5019,,0,1,0
5020,,0,1,0
5021,,0,1,0
5022,,0,1,0
5023,,0,1,0
5024,57.612,0,1,0
5025,,0,1,0
5026,,0,1,0
5027,,0,1,0
5028,,0,1,0
5029,56.291,0,1,0
5030,,0,1,0
5031,,0,1,0
5032,0.3,0,1,0
5033,36.9,0,1,0
5034,6.9,0,0,1
5035,48.8,0,1,0
5036,1.0,0,1,0
5037,0.0,0,1,0
5038,6.0,0,0,1
5039,,0,1,0
5040,603.177,0,1,0
5041,602.0,0,1,0
5042,8.5,0,3,0
5043,604.826,0,1,0
5044,65.993,0,1,0
5045,,0,1,0
5046,,0,1,0
5047,656.9,0,1,0
5048,,0,1,0
5049,663.1,0,1,0
5050,655.272,0,1,0
5051,661.4,0,6,0
5052,,0,1,0
5053,654.786,0,1,0
5054,,0,1,0
5055,,0,1,0
5056,,0,1,0
5057,55.3,0,1,0
5058,,0,1,0
5059,138.5,0,2,0
5060,,1,0,0
5061,,0,2,0
5062,662.735,0,1,0
5063,658.5,0,1,0
5064,,0,1,0
5065,,0,1,0
5066,,0,1,0
5067,,0,1,0
5068,,1,1,0
5069,1.858,0,1,0
5070,,1,0,0
5071,1.9,0,0,1
5072,658.0,0,1,0
5073,,0,2,0
5074,,0,1,0
5075,,0,1,0
5076,,0,3,0
5077,,0,1,0
5078,658.826,0,1,0
5079,,0,1,0
5080,663.845,0,1,0
5081,138.0,0,2,0
5082,,0,1,0
5083,664.021,0,1,0
5084,,0,1,0
5085,662.3,0,2,0
5086,,1,0,0
5087,,0,1,0
5088,,0,1,0
5089,,0,1,0
5090,4.0,1,0,0
5091,,0,1,0
5092,,0,1,0
5093,,1,0,0
5094,,0,1,0
5095,,1,0,0
5096,,0,1,0
5097,142.493,1,3,0
5098,,0,2,0
5099,1.0,0,1,0
5100,182.333,0,1,0
5101,37.9,1,0,0
5102,,0,1,0
5103,,0,1,0
5104,0.7,0,1,0
5105,,0,1,0
5106,188.5,0,1,0
5107,179.1,0,1,0
5108,50.472,0,2,0
5109,175.773,0,1,0
5110,173.2,0,2,0
5111,2.0,0,1,0
5112,,0,1,0
5113,,0,1,0
5114,,0,2,0
5115,191.684,0,1,0
5116,,0,2,0
5117,79.253,0,1,0
5118,184.7,0,9,0
5119,118.64,0,2,0
5120,184.655,0,5,0
5121,185.3,0,8,0
5122,41.8,0,2,0
5123,41.246,0,1,0
5124,,0,1,0
5125,,0,1,0
5126,5.15,0,1,0
5127,,0,2,0
5128,6.848,0,1,0
5129,,0,1,0
5130,,1,0,0
5131,2.0,0,1,0
5132,39.8,0,1,0
5133,,1,0,0
5134,,0,1,0
5135,,1,0,0
5136,48.0,0,1,0
5137,178.033,0,1,0
5138,,0,1,0
5139,,1,0,0
5140,9.9,0,1,0
5141,,0,1,0
5142,,1,0,0
5143,4.1,0,2,0
5144,4.7,0,3,0
5145,2.6,0,1,0
5146,,0,1,0
5147,,0,1,0
5148,,0,1,0
5149,,0,1,0
5150,,0,1,0
5151,,0,1,0
5152,,0,0,1
5153,,0,1,0
5154,,0,1,0
5155,,0,1,0
5156,,0,1,0
5157,,0,1,0
5158,21.9,0,1,0
5159,,0,2,0
5160,19.75,0,1,0
5161,,0,1,0
5162,,0,1,0
5163,,0,1,0
5164,,0,1,0
5165,,0,1,0
5166,39.6,0,1,0
5167,,0,1,0
5168,,0,1,0
5169,,0,1,0
5170,772.5,0,1,0
5171,0.1,0,1,0
5172,,0,1,0
5173,,0,1,0
5174,774.0,0,1,0
5175,,0,1,0
5176,,0,1,0
5177,,0,2,0
5178,767.6,0,0,1
5179,,0,2,0
5180,,0,1,0
5181,,0,2,0
5182,,0,1,0
5183,4.173,0,4,0
5184,,0,1,0
5185,,0,1,0
5186,42.7,0,1,0
5187,,0,2,0
5188,,0,2,0
5189,1.3,1,0,0
5190,,1,0,0
5191,,0,1,0
5192,,0,2,0
5193,,0,2,0
5194,,0,1,0
5195,,0,1,0
5196,,0,3,0
5197,769.0,0,5,0
5198,,0,1,0
5199,42.7,0,3,0
5200,1.0,0,1,0
5201,,0,2,0
5202,,0,1,0
5203,,0,1,0
5204,41.22,1,1,0
5205,,0,1,0
5206,,0,1,0
5207,,0,1,0
5208,,0,2,0
5209,,0,1,0
5210,771.9,0,1,0
5211,,0,4,0
5212,,0,1,0
5213,,0,1,0
5214,1.0,1,0,0
5215,,0,1,0
5216,,0,1,0
5217,,0,1,0
5218,,0,1,0
5219,1.894,0,1,0
5220,,1,0,0
5221,29.9,0,1,0
5222,,0,1,0
5223,43.3,0,1,0
5224,45.8,0,2,0
5225,,0,1,0
5226,,0,1,0
5227,,0,1,0
5228,,0,1,0
5229,,0,1,0
5230,,0,1,0
5231,,0,1,0
5232,3.6,0,1,0
5233,1.0,0,2,0
5234,5.615,0,1,0
5235,1.1,0,1,0
5236,753.5,1,0,0
5237,5.0,1,1,0
5238,,0,1,0
5239,4.0,0,1,0
5240,4.861,0,1,0
5241,3.8,0,1,0
5242,,0,1,0
5243,533.976,0,1,0
5244,535.2,0,3,0
5245,4.7,0,1,0
5246,535.4,0,4,0
5247,,0,1,0
100051,,0,0,1
100052,,0,1,0
100053,,0,3,0
100054,,0,1,0
100055,,0,1,0
100056,,0,2,0
100057,,1,0,0
100058,,0,1,0
100059,,0,1,0
100060,,0,1,0
100061,,1,0,0
100062,,0,1,0
100063,,1,1,0
100064,,0,1,0
100065,,0,1,0
100066,,0,1,0
100067,,0,1,0
100068,,0,1,0
100069,,1,0,0
100070,,0,2,0
100071,,0,1,0
100072,,0,1,0
100073,,0,1,0
100074,,0,2,0
100075,,0,1,0
100076,,0,1,0
100077,,0,1,0
100078,,0,1,0
100079,,0,2,0
100080,,0,1,0
100081,,0,1,0
100082,,2,0,0
100083,,0,1,0
100084,,0,1,0
100085,,0,1,0
100086,,0,1,0
100087,,0,1,0
100088,,0,2,0
100089,,0,1,0
100090,,0,2,0
100091,,0,1,0
100092,,0,1,0
100093,,0,1,0
100094,,0,1,0
100095,,0,1,0
100096,,0,1,0
100097,,0,1,0
100098,,0,1,0
100099,,0,2,0
100100,,0,3,0
100101,,1,0,0
100102,,0,4,0
100103,,0,1,0
100104,,0,1,0
100105,,1,0,0
100106,,1,0,0
100107,,0,1,0
100108,,1,0,0
100109,,1,0,0
100110,,1,0,0
100111,,1,0,0
100112,,1,0,0
100113,,1,0,0
100114,,1,0,0
100115,,1,0,0
100116,,1,0,0
100117,,1,0,0
100118,,1,0,0
100119,,1,0,0
100120,,1,0,0
100121,,1,0,0
100122,,1,0,0
100123,,1,0,0
100124,,1,0,0
100125,,1,0,0
100126,,1,0,0
100127,,1,0,0
100128,,1,0,0
100129,,1,0,0
100130,,1,0,0
100131,,1,0,0
100132,,1,0,0
100133,,1,0,0
100134,,1,0,0
100135,,1,0,0
100136,,1,0,0
100137,,0,1,0
100138,,0,1,0
100139,,0,2,0
100140,,0,1,0
100141,,0,2,0
100142,,0,1,0
100143,,0,1,0
100144,,0,1,0
100145,,0,1,0
100146,,1,0,0
100147,,0,1,0
100148,,0,1,0
100149,,1,0,0
100150,,1,0,0
100151,,0,1,0
100152,,0,1,0
100153,,0,1,0
100154,,0,1,0
100155,,0,1,0
100156,,0,1,0
100157,,0,1,0
100158,,1,0,0
100159,,0,1,0
100160,,1,0,0
100161,,1,0,0
100162,,0,1,0
100163,,0,1,0
100164,,0,1,0
100165,9.5,0,1,0
100166,,1,0,0
100167,3.0,0,1,0
100168,,0,2,0
100169,,1,0,0
100170,,0,1,0
100171,,0,1,0
100172,,0,1,0
100173,,0,1,0
100174,,0,2,0
100175,,0,1,0
100176,1.0,0,1,0
100177,,0,1,0
100178,,0,1,0
100179,,0,1,0
100180,,0,1,0
100181,,0,1,0
100182,,0,1,0
100183,,0,1,0
100184,,1,0,0
100185,,0,1,0
100186,,0,1,0
100187,,0,1,0
100188,144.2,0,1,0
100189,,0,1,0
100190,,1,0,0
100191,,0,1,0
100192,,0,2,0
100193,,0,1,0
100194,,0,1,0
100195,,0,1,0
100196,,1,0,0
100197,,0,1,0
100198,,0,1,0
100199,,0,1,0
100200,,0,1,0
100201,,0,1,0
100202,2.7,1,0,0
100203,3.5,0,1,0
100204,,0,1,0
100205,,0,5,0
100206,,0,2,0
100207,,0,1,0
100208,,0,1,0
100209,,0,1,0
100210,,1,1,0
100211,,0,1,0
100212,,0,1,0
100213,,0,2,0
100214,,0,1,0
100215,,0,1,0
100216,,1,0,0
100217,,1,0,0
100218,,0,1,0
100219,,1,0,0
100220,,0,1,0
100221,,0,1,0
100222,,0,1,0
100223,,0,1,0
100224,,0,1,0
100225,,0,1,0
100226,,0,1,0
100227,,0,1,0
100228,,0,2,0
100229,,1,0,0
100230,,0,1,0
100231,,0,1,0
100232,,0,1,0
100233,,1,0,0
100234,,1,1,0
100235,,0,1,0
100236,,2,0,0
100237,,0,1,0
100238,,1,0,0
100239,,0,1,0
100240,,1,0,0
100241,,1,0,0
100242,,1,0,0
100243,,1,2,0
100244,,0,1,0
100245,,0,1,0
100246,,0,1,0
100247,,0,1,0
100248,,0,1,0
100249,,1,0,0
100250,,0,1,0
100251,,0,1,0
100252,,0,1,0
100253,,1,0,0
100254,,0,1,0
100255,,1,0,0
100256,,0,1,0
100257,,0,1,0
100258,,0,1,0
100259,,0,2,0
100260,,0,1,0
100261,83.1,1,0,0
100262,1.9,0,1,0
100263,,0,1,0
100264,6.3,0,1,0
